排名,學校代碼,學校名稱,公私立,招生區,學制分類,男女校,縣市,區,地址,官網,電話,科系與名額,簡章招生名額,招生名額,分數來源備註,資優班/特色班,排序分數,課程方向,實習／專題,交通方式,通勤資訊,住宿資訊,生活資料來源,交通資料來源,住宿資料來源,Google地圖,地址資料來源,課程資料來源,實習專題資料來源
,170404,國立基隆商工,公立,基北區,高職,男女兼收,基隆市,七堵區,基隆市七堵區東新街22號,https://www.klcivs.kl.edu.tw/home,(02)24567126,航空電子科:1；商業經營科:1；國際貿易科:1；會計事務科:2；資料處理科:1；美工科:6；廣告設計科:6；商業經營科:11；國際貿易科:11；資料處理科:11；機械科:9,60,60,教育部115學年度高中職名錄；招生與科系依115學年度基北區免試入學簡章整理。未填最低錄取分數，避免引用未經官方統一核定的估算值。；115學年度基北區免試入學核定招生名額（使用者提供 PDF；一般生招生名額，含科別與性別欄位）,資優/特色班請依各校及基北區官方公告查詢,,115學年度本表招生科別可確認包含：航空電子科、商業經營科、國際貿易科、會計事務科、資料處理科、美工科、廣告設計科、機械科。學校官網首頁未標示更完整的全校課程方向摘要；詳細課程內容以校方115學年度課程計畫為準。,學校官網首頁未標示115學年度全校統一實習／專題內容；實際實作、專題或成果要求以各科、實習處或課程計畫公告為準。,學校官網首頁未標示完整固定大眾運輸到校路線或115學年度固定學生專車班次；本表不自行補寫路線。,網站首頁未標示固定通勤時間；Google地圖欄已依官方校址建立查詢入口，可依實際出發地查詢即時大眾運輸。,學校官網首頁未標示115學年度校內學生宿舍申請資訊。,https://www.google.com/maps/search/?api=1&query=%E5%9F%BA%E9%9A%86%E5%B8%82%E4%B8%83%E5%A0%B5%E5%8D%80%E6%9D%B1%E6%96%B0%E8%A1%9722%E8%99%9F; https://www.klcivs.kl.edu.tw/home,https://www.klcivs.kl.edu.tw/home,https://www.klcivs.kl.edu.tw/home,https://www.google.com/maps/search/?api=1&query=%E5%9F%BA%E9%9A%86%E5%B8%82%E4%B8%83%E5%A0%B5%E5%8D%80%E6%9D%B1%E6%96%B0%E8%A1%9722%E8%99%9F,https://www.klcivs.kl.edu.tw/home,https://www.klcivs.kl.edu.tw/home,https://www.klcivs.kl.edu.tw/home
,170301,國立基隆女中,公立,基北區,高中,女校,基隆市,信義區,201013 基隆市信義區東信路324號,https://www.klgsh.kl.edu.tw/,(02)24278274,普通科(女):202,202,202,教育部115學年度高中職名錄；招生與科系依115學年度基北區免試入學簡章整理。未填最低錄取分數，避免引用未經官方統一核定的估算值。；115學年度基北區免試入學核定招生名額（使用者提供 PDF；一般生招生名額，含科別與性別欄位）,資優/特色班請依各校及基北區官方公告查詢,,115學年度本表招生科別可確認包含：普通科。學校官網首頁未標示更完整的全校課程方向摘要；詳細課程內容以校方115學年度課程計畫為準。,學校官網首頁未標示115學年度全校統一實習／專題內容；實際實作、專題或成果要求以各科、實習處或課程計畫公告為準。,官網明列市區公車201、202、203、204至「基隆女中」站；2088可在「基隆女中／月眉路口」下車後步行約5分鐘；臺鐵至基隆站後可轉201–204到校。,主要節點為臺鐵基隆站與基隆市區公車；2088由臺北市府轉運站方向可直接至基隆女中／月眉路口。以上依校方地理交通頁。,學校官網首頁未標示115學年度校內學生宿舍申請資訊。,https://www.google.com/maps/search/?api=1&query=201013+%E5%9F%BA%E9%9A%86%E5%B8%82%E4%BF%A1%E7%BE%A9%E5%8D%80%E6%9D%B1%E4%BF%A1%E8%B7%AF324%E8%99%9F; https://www.klgsh.kl.edu.tw/,https://www.klgsh.kl.edu.tw/%E9%97%9C%E6%96%BC%E5%9F%BA%E5%A5%B3/%E5%9C%B0%E7%90%86%E4%BA%A4%E9%80%9A/,https://www.klgsh.kl.edu.tw/,https://www.google.com/maps/search/?api=1&query=201013+%E5%9F%BA%E9%9A%86%E5%B8%82%E4%BF%A1%E7%BE%A9%E5%8D%80%E6%9D%B1%E4%BF%A1%E8%B7%AF324%E8%99%9F,https://www.klgsh.kl.edu.tw/,https://www.klgsh.kl.edu.tw/,https://www.klgsh.kl.edu.tw/
,170302,國立基隆高中,公立,基北區,高中,男女兼收,基隆市,暖暖區,205 基隆市暖暖區源遠路20號,https://www.klsh.kl.edu.tw/,(02)24582052,普通科(女):30,30,30,教育部115學年度高中職名錄；招生與科系依115學年度基北區免試入學簡章整理。未填最低錄取分數，避免引用未經官方統一核定的估算值。；115學年度基北區免試入學核定招生名額（使用者提供 PDF；一般生招生名額，含科別與性別欄位）,資優/特色班請依各校及基北區官方公告查詢,,115學年度本表招生科別可確認包含：普通科。學校官網首頁未標示更完整的全校課程方向摘要；詳細課程內容以校方115學年度課程計畫為準。,學校官網首頁未標示115學年度全校統一實習／專題內容；實際實作、專題或成果要求以各科、實習處或課程計畫公告為準。,官網交通頁明列臺鐵八堵站，出站後步行約10分鐘；公車601、605可使用「八堵國小」或「礦工醫院」站位。,鐵路通勤以八堵站最直接，校方交通頁標示步行約10分鐘；公車以601、605及校方提供之基隆市公車查詢為準。,學校官網首頁未標示115學年度校內學生宿舍申請資訊。,https://www.google.com/maps/search/?api=1&query=205+%E5%9F%BA%E9%9A%86%E5%B8%82%E6%9A%96%E6%9A%96%E5%8D%80%E6%BA%90%E9%81%A0%E8%B7%AF20%E8%99%9F; https://www.klsh.kl.edu.tw/,https://www.klsh.kl.edu.tw/about/traffic/,https://www.klsh.kl.edu.tw/,https://www.google.com/maps/search/?api=1&query=205+%E5%9F%BA%E9%9A%86%E5%B8%82%E6%9A%96%E6%9A%96%E5%8D%80%E6%BA%90%E9%81%A0%E8%B7%AF20%E8%99%9F,https://www.klsh.kl.edu.tw/,https://www.klsh.kl.edu.tw/,https://www.klsh.kl.edu.tw/
,170403,國立海洋大學附屬基隆海事,公立,基北區,高職,男女兼收,基隆市,中正區,基隆市中正區祥豐街246號,https://www.klms.ntou.edu.tw/,(02)24633655,食品科:8,8,8,教育部115學年度高中職名錄；招生與科系依115學年度基北區免試入學簡章整理。未填最低錄取分數，避免引用未經官方統一核定的估算值。；115學年度基北區免試入學核定招生名額（使用者提供 PDF；一般生招生名額，含科別與性別欄位）,資優/特色班請依各校及基北區官方公告查詢,,115學年度本表招生科別可確認包含：食品科。學校官網首頁未標示更完整的全校課程方向摘要；詳細課程內容以校方115學年度課程計畫為準。,學校官網首頁未標示115學年度全校統一實習／專題內容；實際實作、專題或成果要求以各科、實習處或課程計畫公告為準。,學校官網首頁未標示完整固定大眾運輸到校路線或115學年度固定學生專車班次；本表不自行補寫路線。,網站首頁未標示固定通勤時間；Google地圖欄已依官方校址建立查詢入口，可依實際出發地查詢即時大眾運輸。,115學年度校方代辦租借國立臺灣海洋大學男生學生宿舍；115-1校方已公告核准名單額滿。男生申請依生輔組公告；女生住宿資訊網站未標示。,https://www.google.com/maps/search/?api=1&query=%E5%9F%BA%E9%9A%86%E5%B8%82%E4%B8%AD%E6%AD%A3%E5%8D%80%E7%A5%A5%E8%B1%90%E8%A1%97246%E8%99%9F; https://www.klms.ntou.edu.tw/,https://www.klms.ntou.edu.tw/,https://www.klms.ntou.edu.tw/%E5%85%AC%E5%91%8A115%E5%AD%B8%E5%B9%B4%E5%BA%A6%E6%9C%AC%E6%A0%A1%E4%BB%A3%E8%BE%A6%E7%A7%9F%E5%80%9F%E5%9C%8B%E7%AB%8B%E8%87%BA%E7%81%A3%E6%B5%B7%E6%B4%8B%E5%A4%A7%E5%AD%B8%E7%94%B7%E7%94%9F/,https://www.google.com/maps/search/?api=1&query=%E5%9F%BA%E9%9A%86%E5%B8%82%E4%B8%AD%E6%AD%A3%E5%8D%80%E7%A5%A5%E8%B1%90%E8%A1%97246%E8%99%9F,https://www.klms.ntou.edu.tw/,https://www.klms.ntou.edu.tw/,https://www.klms.ntou.edu.tw/
,173304,市立中山高中,公立,基北區,高中,男女兼收,基隆市,中山區,基隆市中山區文化路162號,https://csjh.kl.edu.tw/,(02)24248191,普通科:9,9,9,教育部115學年度高中職名錄；招生與科系依115學年度基北區免試入學簡章整理。未填最低錄取分數，避免引用未經官方統一核定的估算值。；115學年度基北區免試入學核定招生名額（使用者提供 PDF；一般生招生名額，含科別與性別欄位）,資優/特色班請依各校及基北區官方公告查詢,,115學年度本表招生科別可確認包含：普通科。學校官網首頁未標示更完整的全校課程方向摘要；詳細課程內容以校方115學年度課程計畫為準。,學校官網首頁未標示115學年度全校統一實習／專題內容；實際實作、專題或成果要求以各科、實習處或課程計畫公告為準。,學校官網首頁未標示完整固定大眾運輸到校路線或115學年度固定學生專車班次；本表不自行補寫路線。,網站首頁未標示固定通勤時間；Google地圖欄已依官方校址建立查詢入口，可依實際出發地查詢即時大眾運輸。,學校官網首頁未標示115學年度校內學生宿舍申請資訊。,https://www.google.com/maps/search/?api=1&query=%E5%9F%BA%E9%9A%86%E5%B8%82%E4%B8%AD%E5%B1%B1%E5%8D%80%E6%96%87%E5%8C%96%E8%B7%AF162%E8%99%9F; https://csjh.kl.edu.tw/,https://csjh.kl.edu.tw/,https://csjh.kl.edu.tw/,https://www.google.com/maps/search/?api=1&query=%E5%9F%BA%E9%9A%86%E5%B8%82%E4%B8%AD%E5%B1%B1%E5%8D%80%E6%96%87%E5%8C%96%E8%B7%AF162%E8%99%9F,https://csjh.kl.edu.tw/,https://csjh.kl.edu.tw/,https://csjh.kl.edu.tw/
,173314,市立八斗高中,公立,基北區,高中,男女兼收,基隆市,中正區,基隆市中正區新豐街100號,https://bdjh.kl.edu.tw/,(02)24692366,普通科:12,12,12,教育部115學年度高中職名錄；招生與科系依115學年度基北區免試入學簡章整理。未填最低錄取分數，避免引用未經官方統一核定的估算值。；115學年度基北區免試入學核定招生名額（使用者提供 PDF；一般生招生名額，含科別與性別欄位）,資優/特色班請依各校及基北區官方公告查詢,,115學年度本表招生科別可確認包含：普通科。學校官網首頁未標示更完整的全校課程方向摘要；詳細課程內容以校方115學年度課程計畫為準。,學校官網首頁未標示115學年度全校統一實習／專題內容；實際實作、專題或成果要求以各科、實習處或課程計畫公告為準。,學校官網首頁未標示完整固定大眾運輸到校路線或115學年度固定學生專車班次；本表不自行補寫路線。,網站首頁未標示固定通勤時間；Google地圖欄已依官方校址建立查詢入口，可依實際出發地查詢即時大眾運輸。,學校官網首頁未標示115學年度校內學生宿舍申請資訊。,https://www.google.com/maps/search/?api=1&query=%E5%9F%BA%E9%9A%86%E5%B8%82%E4%B8%AD%E6%AD%A3%E5%8D%80%E6%96%B0%E8%B1%90%E8%A1%97100%E8%99%9F; https://bdjh.kl.edu.tw/,https://bdjh.kl.edu.tw/,https://bdjh.kl.edu.tw/,https://www.google.com/maps/search/?api=1&query=%E5%9F%BA%E9%9A%86%E5%B8%82%E4%B8%AD%E6%AD%A3%E5%8D%80%E6%96%B0%E8%B1%90%E8%A1%97100%E8%99%9F,https://bdjh.kl.edu.tw/,https://bdjh.kl.edu.tw/,https://bdjh.kl.edu.tw/
,173306,市立安樂高中,公立,基北區,高中,男女兼收,基隆市,安樂區,基隆市安樂區安一路360號,https://aljh.kl.edu.tw/,(02)24236600,普通科:24,24,24,教育部115學年度高中職名錄；招生與科系依115學年度基北區免試入學簡章整理。未填最低錄取分數，避免引用未經官方統一核定的估算值。；115學年度基北區免試入學核定招生名額（使用者提供 PDF；一般生招生名額，含科別與性別欄位）,資優/特色班請依各校及基北區官方公告查詢,,115學年度本表招生科別可確認包含：普通科。學校官網首頁未標示更完整的全校課程方向摘要；詳細課程內容以校方115學年度課程計畫為準。,學校官網首頁未標示115學年度全校統一實習／專題內容；實際實作、專題或成果要求以各科、實習處或課程計畫公告為準。,學校官網首頁未標示完整固定大眾運輸到校路線或115學年度固定學生專車班次；本表不自行補寫路線。,網站首頁未標示固定通勤時間；Google地圖欄已依官方校址建立查詢入口，可依實際出發地查詢即時大眾運輸。,學校官網首頁未標示115學年度校內學生宿舍申請資訊。,https://www.google.com/maps/search/?api=1&query=%E5%9F%BA%E9%9A%86%E5%B8%82%E5%AE%89%E6%A8%82%E5%8D%80%E5%AE%89%E4%B8%80%E8%B7%AF360%E8%99%9F; https://aljh.kl.edu.tw/,https://aljh.kl.edu.tw/,https://aljh.kl.edu.tw/,https://www.google.com/maps/search/?api=1&query=%E5%9F%BA%E9%9A%86%E5%B8%82%E5%AE%89%E6%A8%82%E5%8D%80%E5%AE%89%E4%B8%80%E8%B7%AF360%E8%99%9F,https://aljh.kl.edu.tw/,https://aljh.kl.edu.tw/,https://aljh.kl.edu.tw/
,173307,市立暖暖高中,公立,基北區,高中,男女兼收,基隆市,暖暖區,基隆市暖暖區暖中路112號,https://nnjh.kl.edu.tw/,(02)24575534,普通科:6,6,6,教育部115學年度高中職名錄；招生與科系依115學年度基北區免試入學簡章整理。未填最低錄取分數，避免引用未經官方統一核定的估算值。；115學年度基北區免試入學核定招生名額（使用者提供 PDF；一般生招生名額，含科別與性別欄位）,資優/特色班請依各校及基北區官方公告查詢,,115學年度本表招生科別可確認包含：普通科。學校官網首頁未標示更完整的全校課程方向摘要；詳細課程內容以校方115學年度課程計畫為準。,學校官網首頁未標示115學年度全校統一實習／專題內容；實際實作、專題或成果要求以各科、實習處或課程計畫公告為準。,校方交通頁明列：八堵站步行約15分鐘、暖暖站步行約10分鐘；602至「暖暖高中」站步行約5分鐘；402、403、406、407、503、601、602、603、605、787、1011、1031、1032可至「海會寺」站後步行約5分鐘。,校方明確標示無學生專車；主要使用臺鐵暖暖／八堵站及公車「暖暖高中」「海會寺」等站點。,學校官網首頁未標示115學年度校內學生宿舍申請資訊。,https://www.google.com/maps/search/?api=1&query=%E5%9F%BA%E9%9A%86%E5%B8%82%E6%9A%96%E6%9A%96%E5%8D%80%E6%9A%96%E4%B8%AD%E8%B7%AF112%E8%99%9F; https://nnjh.kl.edu.tw/,https://nnjh.kl.edu.tw/%E5%AD%B8%E6%A0%A1%E7%B0%A1%E4%BB%8B/%E4%BA%A4%E9%80%9A%E8%B7%AF%E7%B7%9A,https://nnjh.kl.edu.tw/,https://www.google.com/maps/search/?api=1&query=%E5%9F%BA%E9%9A%86%E5%B8%82%E6%9A%96%E6%9A%96%E5%8D%80%E6%9A%96%E4%B8%AD%E8%B7%AF112%E8%99%9F,https://nnjh.kl.edu.tw/,https://nnjh.kl.edu.tw/,https://nnjh.kl.edu.tw/
,171306,私立二信高中,私立,基北區,高職,男女兼收,基隆市,中正區,基隆市中正區立德路243號,https://www.essh.kl.edu.tw/,(02)24623131,電機科:9；商業經營科:10；資料處理科:15；廣告設計科:8,42,42,教育部115學年度高中職名錄；招生與科系依115學年度基北區免試入學簡章整理。未填最低錄取分數，避免引用未經官方統一核定的估算值。；115學年度基北區免試入學核定招生名額（使用者提供 PDF；一般生招生名額，含科別與性別欄位）,資優/特色班請依各校及基北區官方公告查詢,,115學年度本表招生科別可確認包含：電機科、商業經營科、資料處理科、廣告設計科。學校官網首頁未標示更完整的全校課程方向摘要；詳細課程內容以校方115學年度課程計畫為準。,學校官網首頁未標示115學年度全校統一實習／專題內容；實際實作、專題或成果要求以各科、實習處或課程計畫公告為準。,學校官網首頁未標示完整固定大眾運輸到校路線或115學年度固定學生專車班次；本表不自行補寫路線。,網站首頁未標示固定通勤時間；Google地圖欄已依官方校址建立查詢入口，可依實際出發地查詢即時大眾運輸。,學校官網首頁未標示115學年度校內學生宿舍申請資訊。,https://www.google.com/maps/search/?api=1&query=%E5%9F%BA%E9%9A%86%E5%B8%82%E4%B8%AD%E6%AD%A3%E5%8D%80%E7%AB%8B%E5%BE%B7%E8%B7%AF243%E8%99%9F; https://www.essh.kl.edu.tw/,https://www.essh.kl.edu.tw/,https://www.essh.kl.edu.tw/,https://www.google.com/maps/search/?api=1&query=%E5%9F%BA%E9%9A%86%E5%B8%82%E4%B8%AD%E6%AD%A3%E5%8D%80%E7%AB%8B%E5%BE%B7%E8%B7%AF243%E8%99%9F,https://www.essh.kl.edu.tw/,https://www.essh.kl.edu.tw/,https://www.essh.kl.edu.tw/
,171407,私立培德工家,私立,基北區,綜高,男女兼收,基隆市,信義區,201004 基隆市信義區培德路73號,https://www.ptvs.kl.edu.tw/,(02)24652121,汽車科:6；餐飲管理科:18；普通科:44；多媒體設計科:178,246,246,教育部115學年度高中職名錄；招生與科系依115學年度基北區免試入學簡章整理。未填最低錄取分數，避免引用未經官方統一核定的估算值。；115學年度基北區免試入學核定招生名額（使用者提供 PDF；一般生招生名額，含科別與性別欄位）,資優/特色班請依各校及基北區官方公告查詢,,115學年度本表招生科別可確認包含：汽車科、餐飲管理科、普通科、多媒體設計科。學校官網首頁未標示更完整的全校課程方向摘要；詳細課程內容以校方115學年度課程計畫為準。,學校官網首頁未標示115學年度全校統一實習／專題內容；實際實作、專題或成果要求以各科、實習處或課程計畫公告為準。,學校官網首頁未標示完整固定大眾運輸到校路線或115學年度固定學生專車班次；本表不自行補寫路線。,網站首頁未標示固定通勤時間；Google地圖欄已依官方校址建立查詢入口，可依實際出發地查詢即時大眾運輸。,學校官網首頁未標示115學年度校內學生宿舍申請資訊。,https://www.google.com/maps/search/?api=1&query=201004+%E5%9F%BA%E9%9A%86%E5%B8%82%E4%BF%A1%E7%BE%A9%E5%8D%80%E5%9F%B9%E5%BE%B7%E8%B7%AF73%E8%99%9F; https://www.ptvs.kl.edu.tw/,https://www.ptvs.kl.edu.tw/,https://www.ptvs.kl.edu.tw/,https://www.google.com/maps/search/?api=1&query=201004+%E5%9F%BA%E9%9A%86%E5%B8%82%E4%BF%A1%E7%BE%A9%E5%8D%80%E5%9F%B9%E5%BE%B7%E8%B7%AF73%E8%99%9F,https://www.ptvs.kl.edu.tw/,https://www.ptvs.kl.edu.tw/,https://www.ptvs.kl.edu.tw/
,171308,輔大聖心高中,私立,基北區,高中,男女兼收,基隆市,中山區,基隆市中山區西定路166號,http://www.shsh.kl.edu.tw,(02)24282454,普通科:9,9,9,教育部115學年度高中職名錄；招生與科系依115學年度基北區免試入學簡章整理。未填最低錄取分數，避免引用未經官方統一核定的估算值。；115學年度基北區免試入學核定招生名額（使用者提供 PDF；一般生招生名額，含科別與性別欄位）,資優/特色班請依各校及基北區官方公告查詢,,115學年度本表招生科別可確認包含：普通科。學校官網首頁未標示更完整的全校課程方向摘要；詳細課程內容以校方115學年度課程計畫為準。,學校官網首頁未標示115學年度全校統一實習／專題內容；實際實作、專題或成果要求以各科、實習處或課程計畫公告為準。,學校官網首頁未標示完整固定大眾運輸到校路線或115學年度固定學生專車班次；本表不自行補寫路線。,網站首頁未標示固定通勤時間；Google地圖欄已依官方校址建立查詢入口，可依實際出發地查詢即時大眾運輸。,學校官網首頁未標示115學年度校內學生宿舍申請資訊。,https://www.google.com/maps/search/?api=1&query=%E5%9F%BA%E9%9A%86%E5%B8%82%E4%B8%AD%E5%B1%B1%E5%8D%80%E8%A5%BF%E5%AE%9A%E8%B7%AF166%E8%99%9F; http://www.shsh.kl.edu.tw,http://www.shsh.kl.edu.tw,http://www.shsh.kl.edu.tw,https://www.google.com/maps/search/?api=1&query=%E5%9F%BA%E9%9A%86%E5%B8%82%E4%B8%AD%E5%B1%B1%E5%8D%80%E8%A5%BF%E5%AE%9A%E8%B7%AF166%E8%99%9F,http://www.shsh.kl.edu.tw,http://www.shsh.kl.edu.tw,http://www.shsh.kl.edu.tw
,020409,國立頭城家商,公立,基北區共同就學區,高職,男女兼收,宜蘭縣,頭城鎮,261 宜蘭縣頭城鎮新興路111號,https://www.tcvs.ilc.edu.tw/,(03)9771131,幼兒保育科:1；觀光事業科:2；餐飲管理科:1；表演藝術科:1,5,5,教育部115學年度高中職名錄；招生與科系依115學年度基北區免試入學簡章整理。未填最低錄取分數，避免引用未經官方統一核定的估算值。；115學年度基北區免試入學核定招生名額（使用者提供 PDF；一般生招生名額，含科別與性別欄位）,資優/特色班請依各校及基北區官方公告查詢,,115學年度本表招生科別可確認包含：幼兒保育科、觀光事業科、餐飲管理科、表演藝術科。學校官網首頁未標示更完整的全校課程方向摘要；詳細課程內容以校方115學年度課程計畫為準。,依各專業科別辦理實習實作、技能訓練與專題製作；學校官網首頁未標示115學年度全校統一專題題目，實際內容依各科／實習處公告。,校方115學年度新生交通公告有學生通學班次與客運到校資訊；實際路線、班次與營運業者依當學年度校方公告。,學生通勤應以115學年度校方新生／交通公告的班次與站點為準，不沿用舊年度固定時間。,校內有學生宿舍，官方資料列男35床、女27床，共62床；每房約4–6人，申請、費用與床位依當學年度公告。,https://www.google.com/maps/search/?api=1&query=261+%E5%AE%9C%E8%98%AD%E7%B8%A3%E9%A0%AD%E5%9F%8E%E9%8E%AE%E6%96%B0%E8%88%88%E8%B7%AF111%E8%99%9F; https://www.tcvs.ilc.edu.tw/,https://www.tcvs.ilc.edu.tw/boxlists/1293?menu_id=188,https://www.tcvs.ilc.edu.tw/pages/248,https://www.google.com/maps/search/?api=1&query=261+%E5%AE%9C%E8%98%AD%E7%B8%A3%E9%A0%AD%E5%9F%8E%E9%8E%AE%E6%96%B0%E8%88%88%E8%B7%AF111%E8%99%9F,https://www.tcvs.ilc.edu.tw/,https://www.tcvs.ilc.edu.tw/pages/127,https://www.tcvs.ilc.edu.tw/boxlists/533?menu_id=70
,010301,國立華僑高級中等學校,公立,基北區,綜高,男女兼收,新北市,板橋區,220306 新北市板橋區大觀路一段32號,https://www.nocsh.ntpc.edu.tw/home,(02)29684131,綜合高中:224；普通科:271,495,495,教育部115學年度高中職名錄；招生與科系依115學年度基北區免試入學簡章整理。未填最低錄取分數，避免引用未經官方統一核定的估算值。；115學年度基北區免試入學核定招生名額（使用者提供 PDF；一般生招生名額，含科別與性別欄位）,資優/特色班請依各校及基北區官方公告查詢,,115學年度本表招生科別可確認包含：綜合高中、普通科。學校官網首頁未標示更完整的全校課程方向摘要；詳細課程內容以校方115學年度課程計畫為準。,學校官網首頁未標示115學年度全校統一實習／專題內容；實際實作、專題或成果要求以各科、實習處或課程計畫公告為準。,學校官網首頁未標示完整固定大眾運輸到校路線或115學年度固定學生專車班次；本表不自行補寫路線。,網站首頁未標示固定通勤時間；Google地圖欄已依官方校址建立查詢入口，可依實際出發地查詢即時大眾運輸。,學校官網首頁未標示115學年度校內學生宿舍申請資訊。,https://www.google.com/maps/search/?api=1&query=220306+%E6%96%B0%E5%8C%97%E5%B8%82%E6%9D%BF%E6%A9%8B%E5%8D%80%E5%A4%A7%E8%A7%80%E8%B7%AF%E4%B8%80%E6%AE%B532%E8%99%9F; https://www.nocsh.ntpc.edu.tw/home,https://www.nocsh.ntpc.edu.tw/home,https://www.nocsh.ntpc.edu.tw/home,https://www.google.com/maps/search/?api=1&query=220306+%E6%96%B0%E5%8C%97%E5%B8%82%E6%9D%BF%E6%A9%8B%E5%8D%80%E5%A4%A7%E8%A7%80%E8%B7%AF%E4%B8%80%E6%AE%B532%E8%99%9F,https://www.nocsh.ntpc.edu.tw/home,https://www.nocsh.ntpc.edu.tw/home,https://www.nocsh.ntpc.edu.tw/home
,014357,市立三民高中,公立,基北區,高中,男女兼收,新北市,蘆洲區,24760 新北市蘆洲區三民路96號,https://www.smsh.ntpc.edu.tw/,(02)22894675,普通科:290,290,290,教育部115學年度高中職名錄；招生與科系依115學年度基北區免試入學簡章整理。未填最低錄取分數，避免引用未經官方統一核定的估算值。；115學年度基北區免試入學核定招生名額（使用者提供 PDF；一般生招生名額，含科別與性別欄位）,資優/特色班請依各校及基北區官方公告查詢,,115學年度本表招生科別可確認包含：普通科。學校官網首頁未標示更完整的全校課程方向摘要；詳細課程內容以校方115學年度課程計畫為準。,學校官網首頁未標示115學年度全校統一實習／專題內容；實際實作、專題或成果要求以各科、實習處或課程計畫公告為準。,學校官網首頁未標示完整固定大眾運輸到校路線或115學年度固定學生專車班次；本表不自行補寫路線。,網站首頁未標示固定通勤時間；Google地圖欄已依官方校址建立查詢入口，可依實際出發地查詢即時大眾運輸。,學校官網首頁未標示115學年度校內學生宿舍申請資訊。,https://www.google.com/maps/search/?api=1&query=24760+%E6%96%B0%E5%8C%97%E5%B8%82%E8%98%86%E6%B4%B2%E5%8D%80%E4%B8%89%E6%B0%91%E8%B7%AF96%E8%99%9F; https://www.smsh.ntpc.edu.tw/,https://www.smsh.ntpc.edu.tw/,https://www.smsh.ntpc.edu.tw/,https://www.google.com/maps/search/?api=1&query=24760+%E6%96%B0%E5%8C%97%E5%B8%82%E8%98%86%E6%B4%B2%E5%8D%80%E4%B8%89%E6%B0%91%E8%B7%AF96%E8%99%9F,https://www.smsh.ntpc.edu.tw/,https://www.smsh.ntpc.edu.tw/p/403-1000-216.php,https://www.smsh.ntpc.edu.tw/
,013430,市立三重商工,公立,基北區,高職,男女兼收,新北市,三重區,241026 新北市三重區中正北路163號,https://www.scvs.ntpc.edu.tw/index.php,(02)29715606,模具科:37；製圖科:41；汽車科:41；商業經營科:36；國際貿易科:42；資料處理科:41；應用英語科:42；機械科:44；鑄造科:40；板金科:5；模具科:30；製圖科:32；商業經營科:12,443,443,教育部115學年度高中職名錄；招生與科系依115學年度基北區免試入學簡章整理。未填最低錄取分數，避免引用未經官方統一核定的估算值。；115學年度基北區免試入學核定招生名額（使用者提供 PDF；一般生招生名額，含科別與性別欄位）,資優/特色班請依各校及基北區官方公告查詢,,技術型高中課程涵蓋機械、鑄造、板金、模具、製圖、汽車、商業經營、國際貿易、資料處理與應用英語等專業方向；115學年度課程計畫由校方公告。,校方網站明列機械群共同實習科目，如機械基礎實習、電腦輔助製圖與實習、基礎電學實習、機械加工實習、機械製圖實習；另有新北市專題實作Power競賽等成果活動。,學校官網首頁未標示完整固定大眾運輸到校路線或115學年度固定學生專車班次；本表不自行補寫路線。,網站首頁未標示固定通勤時間；Google地圖欄已依官方校址建立查詢入口，可依實際出發地查詢即時大眾運輸。,學校官網首頁未標示115學年度校內學生宿舍申請資訊。,https://www.google.com/maps/search/?api=1&query=241026+%E6%96%B0%E5%8C%97%E5%B8%82%E4%B8%89%E9%87%8D%E5%8D%80%E4%B8%AD%E6%AD%A3%E5%8C%97%E8%B7%AF163%E8%99%9F; https://www.scvs.ntpc.edu.tw/index.php,https://www.scvs.ntpc.edu.tw/index.php,https://www.scvs.ntpc.edu.tw/index.php,https://www.google.com/maps/search/?api=1&query=241026+%E6%96%B0%E5%8C%97%E5%B8%82%E4%B8%89%E9%87%8D%E5%8D%80%E4%B8%AD%E6%AD%A3%E5%8C%97%E8%B7%AF163%E8%99%9F,https://www.scvs.ntpc.edu.tw/index.php,https://www.scvs.ntpc.edu.tw/index.php,https://www.scvs.ntpc.edu.tw/index.php
,014311,市立三重高中,公立,基北區,高中,男女兼收,新北市,三重區,新北市三重區集美街212號,https://www3.schs.ntpc.edu.tw/,(02)29760501,普通科:308,308,308,教育部115學年度高中職名錄；招生與科系依115學年度基北區免試入學簡章整理。未填最低錄取分數，避免引用未經官方統一核定的估算值。；115學年度基北區免試入學核定招生名額（使用者提供 PDF；一般生招生名額，含科別與性別欄位）,資優/特色班請依各校及基北區官方公告查詢,,115學年度本表招生科別可確認包含：普通科。學校官網首頁未標示更完整的全校課程方向摘要；詳細課程內容以校方115學年度課程計畫為準。,學校官網首頁未標示115學年度全校統一實習／專題內容；實際實作、專題或成果要求以各科、實習處或課程計畫公告為準。,學校官網首頁未標示完整固定大眾運輸到校路線或115學年度固定學生專車班次；本表不自行補寫路線。,網站首頁未標示固定通勤時間；Google地圖欄已依官方校址建立查詢入口，可依實際出發地查詢即時大眾運輸。,學校官網首頁未標示115學年度校內學生宿舍申請資訊。,https://www.google.com/maps/search/?api=1&query=%E6%96%B0%E5%8C%97%E5%B8%82%E4%B8%89%E9%87%8D%E5%8D%80%E9%9B%86%E7%BE%8E%E8%A1%97212%E8%99%9F; https://www3.schs.ntpc.edu.tw/,https://www3.schs.ntpc.edu.tw/,https://www3.schs.ntpc.edu.tw/,https://www.google.com/maps/search/?api=1&query=%E6%96%B0%E5%8C%97%E5%B8%82%E4%B8%89%E9%87%8D%E5%8D%80%E9%9B%86%E7%BE%8E%E8%A1%97212%E8%99%9F,https://www3.schs.ntpc.edu.tw/,https://www3.schs.ntpc.edu.tw/p/412-1000-738.php,https://www3.schs.ntpc.edu.tw/
,013336,市立中和高中,公立,基北區,高中,男女兼收,新北市,中和區,新北市中和區連城路460號,http://www.chshs.ntpc.edu.tw,(02)22227146,普通科:465,465,465,教育部115學年度高中職名錄；招生與科系依115學年度基北區免試入學簡章整理。未填最低錄取分數，避免引用未經官方統一核定的估算值。；115學年度基北區免試入學核定招生名額（使用者提供 PDF；一般生招生名額，含科別與性別欄位）,資優/特色班請依各校及基北區官方公告查詢,,115學年度本表招生科別可確認包含：普通科。學校官網首頁未標示更完整的全校課程方向摘要；詳細課程內容以校方115學年度課程計畫為準。,學校官網首頁未標示115學年度全校統一實習／專題內容；實際實作、專題或成果要求以各科、實習處或課程計畫公告為準。,學校官網首頁未標示完整固定大眾運輸到校路線或115學年度固定學生專車班次；本表不自行補寫路線。,網站首頁未標示固定通勤時間；Google地圖欄已依官方校址建立查詢入口，可依實際出發地查詢即時大眾運輸。,學校官網首頁未標示115學年度校內學生宿舍申請資訊。,https://www.google.com/maps/search/?api=1&query=%E6%96%B0%E5%8C%97%E5%B8%82%E4%B8%AD%E5%92%8C%E5%8D%80%E9%80%A3%E5%9F%8E%E8%B7%AF460%E8%99%9F; http://www.chshs.ntpc.edu.tw,http://www.chshs.ntpc.edu.tw,http://www.chshs.ntpc.edu.tw,https://www.google.com/maps/search/?api=1&query=%E6%96%B0%E5%8C%97%E5%B8%82%E4%B8%AD%E5%92%8C%E5%8D%80%E9%80%A3%E5%9F%8E%E8%B7%AF460%E8%99%9F,http://www.chshs.ntpc.edu.tw,http://www.chshs.ntpc.edu.tw,http://www.chshs.ntpc.edu.tw
,014353,市立丹鳳高中,公立,基北區,高中,男女兼收,新北市,新莊區,新北市新莊區龍安路72號,http://www.dfsh.ntpc.edu.tw/,(02)29089627,普通科:223,223,223,教育部115學年度高中職名錄；招生與科系依115學年度基北區免試入學簡章整理。未填最低錄取分數，避免引用未經官方統一核定的估算值。；115學年度基北區免試入學核定招生名額（使用者提供 PDF；一般生招生名額，含科別與性別欄位）,資優/特色班請依各校及基北區官方公告查詢,,115學年度本表招生科別可確認包含：普通科。學校官網首頁未標示更完整的全校課程方向摘要；詳細課程內容以校方115學年度課程計畫為準。,學校官網首頁未標示115學年度全校統一實習／專題內容；實際實作、專題或成果要求以各科、實習處或課程計畫公告為準。,學校官網首頁未標示完整固定大眾運輸到校路線或115學年度固定學生專車班次；本表不自行補寫路線。,網站首頁未標示固定通勤時間；Google地圖欄已依官方校址建立查詢入口，可依實際出發地查詢即時大眾運輸。,學校官網首頁未標示115學年度校內學生宿舍申請資訊。,https://www.google.com/maps/search/?api=1&query=%E6%96%B0%E5%8C%97%E5%B8%82%E6%96%B0%E8%8E%8A%E5%8D%80%E9%BE%8D%E5%AE%89%E8%B7%AF72%E8%99%9F; http://www.dfsh.ntpc.edu.tw/,http://www.dfsh.ntpc.edu.tw/,http://www.dfsh.ntpc.edu.tw/,https://www.google.com/maps/search/?api=1&query=%E6%96%B0%E5%8C%97%E5%B8%82%E6%96%B0%E8%8E%8A%E5%8D%80%E9%BE%8D%E5%AE%89%E8%B7%AF72%E8%99%9F,http://www.dfsh.ntpc.edu.tw/,http://www.dfsh.ntpc.edu.tw/,http://www.dfsh.ntpc.edu.tw/
,014363,市立光復高中,公立,基北區,綜高,男女兼收,新北市,板橋區,新北市板橋區光環路一段7號,http://www.gfhs.ntpc.edu.tw/,(02)29582366,綜合高中:150,150,150,教育部115學年度高中職名錄；招生與科系依115學年度基北區免試入學簡章整理。未填最低錄取分數，避免引用未經官方統一核定的估算值。；115學年度基北區免試入學核定招生名額（使用者提供 PDF；一般生招生名額，含科別與性別欄位）,資優/特色班請依各校及基北區官方公告查詢,,115學年度本表招生科別可確認包含：綜合高中。學校官網首頁未標示更完整的全校課程方向摘要；詳細課程內容以校方115學年度課程計畫為準。,學校官網首頁未標示115學年度全校統一實習／專題內容；實際實作、專題或成果要求以各科、實習處或課程計畫公告為準。,學校官網首頁未標示完整固定大眾運輸到校路線或115學年度固定學生專車班次；本表不自行補寫路線。,網站首頁未標示固定通勤時間；Google地圖欄已依官方校址建立查詢入口，可依實際出發地查詢即時大眾運輸。,學校官網首頁未標示115學年度校內學生宿舍申請資訊。,https://www.google.com/maps/search/?api=1&query=%E6%96%B0%E5%8C%97%E5%B8%82%E6%9D%BF%E6%A9%8B%E5%8D%80%E5%85%89%E7%92%B0%E8%B7%AF%E4%B8%80%E6%AE%B57%E8%99%9F; http://www.gfhs.ntpc.edu.tw/,http://www.gfhs.ntpc.edu.tw/,http://www.gfhs.ntpc.edu.tw/,https://www.google.com/maps/search/?api=1&query=%E6%96%B0%E5%8C%97%E5%B8%82%E6%9D%BF%E6%A9%8B%E5%8D%80%E5%85%89%E7%92%B0%E8%B7%AF%E4%B8%80%E6%AE%B57%E8%99%9F,http://www.gfhs.ntpc.edu.tw/,https://www.gfhs.ntpc.edu.tw/p/403-1000-77.php,http://www.gfhs.ntpc.edu.tw/
,014381,市立北大高級中學,公立,基北區,高中,男女兼收,新北市,三峽區,237021 新北市三峽區大義路277號,https://www.bdsh.ntpc.edu.tw/,(02)26742666,普通科:132,132,132,教育部115學年度高中職名錄；招生與科系依115學年度基北區免試入學簡章整理。未填最低錄取分數，避免引用未經官方統一核定的估算值。；115學年度基北區免試入學核定招生名額（使用者提供 PDF；一般生招生名額，含科別與性別欄位）,資優/特色班請依各校及基北區官方公告查詢,,115學年度本表招生科別可確認包含：普通科。學校官網首頁未標示更完整的全校課程方向摘要；詳細課程內容以校方115學年度課程計畫為準。,學校官網首頁未標示115學年度全校統一實習／專題內容；實際實作、專題或成果要求以各科、實習處或課程計畫公告為準。,學校官網首頁未標示完整固定大眾運輸到校路線或115學年度固定學生專車班次；本表不自行補寫路線。,網站首頁未標示固定通勤時間；Google地圖欄已依官方校址建立查詢入口，可依實際出發地查詢即時大眾運輸。,學校官網首頁未標示115學年度校內學生宿舍申請資訊。,https://www.google.com/maps/search/?api=1&query=237021+%E6%96%B0%E5%8C%97%E5%B8%82%E4%B8%89%E5%B3%BD%E5%8D%80%E5%A4%A7%E7%BE%A9%E8%B7%AF277%E8%99%9F; https://www.bdsh.ntpc.edu.tw/,https://www.bdsh.ntpc.edu.tw/,https://www.bdsh.ntpc.edu.tw/,https://www.google.com/maps/search/?api=1&query=237021+%E6%96%B0%E5%8C%97%E5%B8%82%E4%B8%89%E5%B3%BD%E5%8D%80%E5%A4%A7%E7%BE%A9%E8%B7%AF277%E8%99%9F,https://www.bdsh.ntpc.edu.tw/,https://www.bdsh.ntpc.edu.tw/p/412-1000-1023.php?Lang=zh-tw,https://www.bdsh.ntpc.edu.tw/
,014343,市立安康高中,公立,基北區,高中,男女兼收,新北市,新店區,新北市新店區安興路25號,http://www.akhs.ntpc.edu.tw,(02)22111743,普通科:212,212,212,教育部115學年度高中職名錄；招生與科系依115學年度基北區免試入學簡章整理。未填最低錄取分數，避免引用未經官方統一核定的估算值。；115學年度基北區免試入學核定招生名額（使用者提供 PDF；一般生招生名額，含科別與性別欄位）,資優/特色班請依各校及基北區官方公告查詢,,115學年度本表招生科別可確認包含：普通科。學校官網首頁未標示更完整的全校課程方向摘要；詳細課程內容以校方115學年度課程計畫為準。,學校官網首頁未標示115學年度全校統一實習／專題內容；實際實作、專題或成果要求以各科、實習處或課程計畫公告為準。,學校官網首頁未標示完整固定大眾運輸到校路線或115學年度固定學生專車班次；本表不自行補寫路線。,網站首頁未標示固定通勤時間；Google地圖欄已依官方校址建立查詢入口，可依實際出發地查詢即時大眾運輸。,學校官網首頁未標示115學年度校內學生宿舍申請資訊。,https://www.google.com/maps/search/?api=1&query=%E6%96%B0%E5%8C%97%E5%B8%82%E6%96%B0%E5%BA%97%E5%8D%80%E5%AE%89%E8%88%88%E8%B7%AF25%E8%99%9F; http://www.akhs.ntpc.edu.tw,http://www.akhs.ntpc.edu.tw,http://www.akhs.ntpc.edu.tw,https://www.google.com/maps/search/?api=1&query=%E6%96%B0%E5%8C%97%E5%B8%82%E6%96%B0%E5%BA%97%E5%8D%80%E5%AE%89%E8%88%88%E8%B7%AF25%E8%99%9F,http://www.akhs.ntpc.edu.tw,http://www.akhs.ntpc.edu.tw,http://www.akhs.ntpc.edu.tw
,013338,市立新北高中,公立,基北區,高中,男女兼收,新北市,三重區,新北市三重區三信路1號,http://www.ntsh.ntpc.edu.tw/,(02)28577326,普通科:428,428,428,教育部115學年度高中職名錄；招生與科系依115學年度基北區免試入學簡章整理。未填最低錄取分數，避免引用未經官方統一核定的估算值。；115學年度基北區免試入學核定招生名額（使用者提供 PDF；一般生招生名額，含科別與性別欄位）,資優/特色班請依各校及基北區官方公告查詢,,115學年度本表招生科別可確認包含：普通科。學校官網首頁未標示更完整的全校課程方向摘要；詳細課程內容以校方115學年度課程計畫為準。,學校官網首頁未標示115學年度全校統一實習／專題內容；實際實作、專題或成果要求以各科、實習處或課程計畫公告為準。,學校官網首頁未標示完整固定大眾運輸到校路線或115學年度固定學生專車班次；本表不自行補寫路線。,網站首頁未標示固定通勤時間；Google地圖欄已依官方校址建立查詢入口，可依實際出發地查詢即時大眾運輸。,學校官網首頁未標示115學年度校內學生宿舍申請資訊。,https://www.google.com/maps/search/?api=1&query=%E6%96%B0%E5%8C%97%E5%B8%82%E4%B8%89%E9%87%8D%E5%8D%80%E4%B8%89%E4%BF%A1%E8%B7%AF1%E8%99%9F; http://www.ntsh.ntpc.edu.tw/,http://www.ntsh.ntpc.edu.tw/,http://www.ntsh.ntpc.edu.tw/,https://www.google.com/maps/search/?api=1&query=%E6%96%B0%E5%8C%97%E5%B8%82%E4%B8%89%E9%87%8D%E5%8D%80%E4%B8%89%E4%BF%A1%E8%B7%AF1%E8%99%9F,http://www.ntsh.ntpc.edu.tw/,http://www.ntsh.ntpc.edu.tw/,http://www.ntsh.ntpc.edu.tw/
,013433,市立新北高工,公立,基北區,綜高,男女兼收,新北市,土城區,新北市土城區學府路一段241號,https://www.ntvs.ntpc.edu.tw/,(02)22612483,模具科:40；製圖科:44；汽車科:44；資訊科:39；電機科:66；資料處理科:44；應用英語科:44；普通科:85；資訊科:42；機械科:52；汽車科:20；資訊科:32；資料處理科:32,584,584,教育部115學年度高中職名錄；招生與科系依115學年度基北區免試入學簡章整理。未填最低錄取分數，避免引用未經官方統一核定的估算值。；115學年度基北區免試入學核定招生名額（使用者提供 PDF；一般生招生名額，含科別與性別欄位）,資優/特色班請依各校及基北區官方公告查詢,,115學年度本表招生科別可確認包含：模具科、製圖科、汽車科、資訊科、電機科、資料處理科、應用英語科、普通科等。學校官網首頁未標示更完整的全校課程方向摘要；詳細課程內容以校方115學年度課程計畫為準。,學校官網首頁未標示115學年度全校統一實習／專題內容；實際實作、專題或成果要求以各科、實習處或課程計畫公告為準。,校方交通路線頁列出多種轉乘方式，例如三峽方向可搭705至捷運頂埔／永寧再轉板南線至海山站步行約5分鐘，或706至「新北高工（金城）」後步行約7分鐘。,捷運以海山站為主要到校節點；公車及轉乘方式依校方交通路線頁，不另自行估算其他出發地時間。,學校官網首頁未標示115學年度校內學生宿舍申請資訊。,https://www.google.com/maps/search/?api=1&query=%E6%96%B0%E5%8C%97%E5%B8%82%E5%9C%9F%E5%9F%8E%E5%8D%80%E5%AD%B8%E5%BA%9C%E8%B7%AF%E4%B8%80%E6%AE%B5241%E8%99%9F; https://www.ntvs.ntpc.edu.tw/,https://www.ntvs.ntpc.edu.tw/p/404-1000-3962.php,https://www.ntvs.ntpc.edu.tw/,https://www.google.com/maps/search/?api=1&query=%E6%96%B0%E5%8C%97%E5%B8%82%E5%9C%9F%E5%9F%8E%E5%8D%80%E5%AD%B8%E5%BA%9C%E8%B7%AF%E4%B8%80%E6%AE%B5241%E8%99%9F,https://www.ntvs.ntpc.edu.tw/,https://www.ntvs.ntpc.edu.tw/,https://www.ntvs.ntpc.edu.tw/
,013335,市立新店高中,公立,基北區,高中,男女兼收,新北市,新店區,新北市新店區中央路93號,http://www.htsh.ntpc.edu.tw,(02)22193700,普通科:460,460,460,教育部115學年度高中職名錄；招生與科系依115學年度基北區免試入學簡章整理。未填最低錄取分數，避免引用未經官方統一核定的估算值。；115學年度基北區免試入學核定招生名額（使用者提供 PDF；一般生招生名額，含科別與性別欄位）,資優/特色班請依各校及基北區官方公告查詢,,115學年度本表招生科別可確認包含：普通科。學校官網首頁未標示更完整的全校課程方向摘要；詳細課程內容以校方115學年度課程計畫為準。,學校官網首頁未標示115學年度全校統一實習／專題內容；實際實作、專題或成果要求以各科、實習處或課程計畫公告為準。,學校官網首頁未標示完整固定大眾運輸到校路線或115學年度固定學生專車班次；本表不自行補寫路線。,網站首頁未標示固定通勤時間；Google地圖欄已依官方校址建立查詢入口，可依實際出發地查詢即時大眾運輸。,學校官網首頁未標示115學年度校內學生宿舍申請資訊。,https://www.google.com/maps/search/?api=1&query=%E6%96%B0%E5%8C%97%E5%B8%82%E6%96%B0%E5%BA%97%E5%8D%80%E4%B8%AD%E5%A4%AE%E8%B7%AF93%E8%99%9F; http://www.htsh.ntpc.edu.tw,http://www.htsh.ntpc.edu.tw,http://www.htsh.ntpc.edu.tw,https://www.google.com/maps/search/?api=1&query=%E6%96%B0%E5%8C%97%E5%B8%82%E6%96%B0%E5%BA%97%E5%8D%80%E4%B8%AD%E5%A4%AE%E8%B7%AF93%E8%99%9F,http://www.htsh.ntpc.edu.tw,http://www.htsh.ntpc.edu.tw,http://www.htsh.ntpc.edu.tw
,013337,市立新莊高中,公立,基北區,高中,男女兼收,新北市,新莊區,新北市新莊區中平路135號,http://www.hcsh.ntpc.edu.tw,(02)29912391,普通科:506；普通科:72,578,578,教育部115學年度高中職名錄；招生與科系依115學年度基北區免試入學簡章整理。未填最低錄取分數，避免引用未經官方統一核定的估算值。；115學年度基北區免試入學核定招生名額（使用者提供 PDF；一般生招生名額，含科別與性別欄位）,資優/特色班請依各校及基北區官方公告查詢,,115學年度本表招生科別可確認包含：普通科。學校官網首頁未標示更完整的全校課程方向摘要；詳細課程內容以校方115學年度課程計畫為準。,學校官網首頁未標示115學年度全校統一實習／專題內容；實際實作、專題或成果要求以各科、實習處或課程計畫公告為準。,學校官網首頁未標示完整固定大眾運輸到校路線或115學年度固定學生專車班次；本表不自行補寫路線。,網站首頁未標示固定通勤時間；Google地圖欄已依官方校址建立查詢入口，可依實際出發地查詢即時大眾運輸。,學校官網首頁未標示115學年度校內學生宿舍申請資訊。,https://www.google.com/maps/search/?api=1&query=%E6%96%B0%E5%8C%97%E5%B8%82%E6%96%B0%E8%8E%8A%E5%8D%80%E4%B8%AD%E5%B9%B3%E8%B7%AF135%E8%99%9F; http://www.hcsh.ntpc.edu.tw,http://www.hcsh.ntpc.edu.tw,http://www.hcsh.ntpc.edu.tw,https://www.google.com/maps/search/?api=1&query=%E6%96%B0%E5%8C%97%E5%B8%82%E6%96%B0%E8%8E%8A%E5%8D%80%E4%B8%AD%E5%B9%B3%E8%B7%AF135%E8%99%9F,http://www.hcsh.ntpc.edu.tw,http://www.hcsh.ntpc.edu.tw,http://www.hcsh.ntpc.edu.tw
,014326,市立明德高中,公立,基北區,高中,男女兼收,新北市,三峽區,新北市三峽區中正路二段399號,http://www.mdhs.ntpc.edu.tw,(02)26723302,普通科:221,221,221,教育部115學年度高中職名錄；招生與科系依115學年度基北區免試入學簡章整理。未填最低錄取分數，避免引用未經官方統一核定的估算值。；115學年度基北區免試入學核定招生名額（使用者提供 PDF；一般生招生名額，含科別與性別欄位）,資優/特色班請依各校及基北區官方公告查詢,,115學年度本表招生科別可確認包含：普通科。學校官網首頁未標示更完整的全校課程方向摘要；詳細課程內容以校方115學年度課程計畫為準。,學校官網首頁未標示115學年度全校統一實習／專題內容；實際實作、專題或成果要求以各科、實習處或課程計畫公告為準。,學校官網首頁未標示完整固定大眾運輸到校路線或115學年度固定學生專車班次；本表不自行補寫路線。,網站首頁未標示固定通勤時間；Google地圖欄已依官方校址建立查詢入口，可依實際出發地查詢即時大眾運輸。,學校官網首頁未標示115學年度校內學生宿舍申請資訊。,https://www.google.com/maps/search/?api=1&query=%E6%96%B0%E5%8C%97%E5%B8%82%E4%B8%89%E5%B3%BD%E5%8D%80%E4%B8%AD%E6%AD%A3%E8%B7%AF%E4%BA%8C%E6%AE%B5399%E8%99%9F; http://www.mdhs.ntpc.edu.tw,http://www.mdhs.ntpc.edu.tw,http://www.mdhs.ntpc.edu.tw,https://www.google.com/maps/search/?api=1&query=%E6%96%B0%E5%8C%97%E5%B8%82%E4%B8%89%E5%B3%BD%E5%8D%80%E4%B8%AD%E6%AD%A3%E8%B7%AF%E4%BA%8C%E6%AE%B5399%E8%99%9F,http://www.mdhs.ntpc.edu.tw,http://www.mdhs.ntpc.edu.tw,http://www.mdhs.ntpc.edu.tw
,013304,市立板橋高中,公立,基北區,高中,男女兼收,新北市,板橋區,新北市板橋區文化路一段25號,http://www.pcsh.ntpc.edu.tw,(02)29602500,男(6):6；女(6):6,12,12,教育部115學年度高中職名錄；招生與科系依115學年度基北區免試入學簡章整理。未填最低錄取分數，避免引用未經官方統一核定的估算值。；115學年度基北區免試入學核定招生名額（使用者提供 PDF；一般生招生名額，含科別與性別欄位）,資優/特色班請依各校及基北區官方公告查詢,,學校官網首頁未標示更完整的全校課程方向摘要；詳細課程內容以校方115學年度課程計畫為準。,學校官網首頁未標示115學年度全校統一實習／專題內容；實際實作、專題或成果要求以各科、實習處或課程計畫公告為準。,學校官網首頁未標示完整固定大眾運輸到校路線或115學年度固定學生專車班次；本表不自行補寫路線。,網站首頁未標示固定通勤時間；Google地圖欄已依官方校址建立查詢入口，可依實際出發地查詢即時大眾運輸。,學校官網首頁未標示115學年度校內學生宿舍申請資訊。,https://www.google.com/maps/search/?api=1&query=%E6%96%B0%E5%8C%97%E5%B8%82%E6%9D%BF%E6%A9%8B%E5%8D%80%E6%96%87%E5%8C%96%E8%B7%AF%E4%B8%80%E6%AE%B525%E8%99%9F; http://www.pcsh.ntpc.edu.tw,http://www.pcsh.ntpc.edu.tw,http://www.pcsh.ntpc.edu.tw,https://www.google.com/maps/search/?api=1&query=%E6%96%B0%E5%8C%97%E5%B8%82%E6%9D%BF%E6%A9%8B%E5%8D%80%E6%96%87%E5%8C%96%E8%B7%AF%E4%B8%80%E6%AE%B525%E8%99%9F,http://www.pcsh.ntpc.edu.tw,http://www.pcsh.ntpc.edu.tw,http://www.pcsh.ntpc.edu.tw
,013339,市立林口高中,公立,基北區,高中,男女兼收,新北市,林口區,新北市林口區仁愛路二段173號,http://www.lksh.ntpc.edu.tw,(02)26009482,普通科:352,352,352,教育部115學年度高中職名錄；招生與科系依115學年度基北區免試入學簡章整理。未填最低錄取分數，避免引用未經官方統一核定的估算值。；115學年度基北區免試入學核定招生名額（使用者提供 PDF；一般生招生名額，含科別與性別欄位）,資優/特色班請依各校及基北區官方公告查詢,,115學年度本表招生科別可確認包含：普通科。學校官網首頁未標示更完整的全校課程方向摘要；詳細課程內容以校方115學年度課程計畫為準。,學校官網首頁未標示115學年度全校統一實習／專題內容；實際實作、專題或成果要求以各科、實習處或課程計畫公告為準。,學校官網首頁未標示完整固定大眾運輸到校路線或115學年度固定學生專車班次；本表不自行補寫路線。,網站首頁未標示固定通勤時間；Google地圖欄已依官方校址建立查詢入口，可依實際出發地查詢即時大眾運輸。,學校官網首頁未標示115學年度校內學生宿舍申請資訊。,https://www.google.com/maps/search/?api=1&query=%E6%96%B0%E5%8C%97%E5%B8%82%E6%9E%97%E5%8F%A3%E5%8D%80%E4%BB%81%E6%84%9B%E8%B7%AF%E4%BA%8C%E6%AE%B5173%E8%99%9F; http://www.lksh.ntpc.edu.tw,http://www.lksh.ntpc.edu.tw,http://www.lksh.ntpc.edu.tw,https://www.google.com/maps/search/?api=1&query=%E6%96%B0%E5%8C%97%E5%B8%82%E6%9E%97%E5%8F%A3%E5%8D%80%E4%BB%81%E6%84%9B%E8%B7%AF%E4%BA%8C%E6%AE%B5173%E8%99%9F,http://www.lksh.ntpc.edu.tw,http://www.lksh.ntpc.edu.tw,http://www.lksh.ntpc.edu.tw
,014468,市立樟樹國際實中,公立,基北區,綜高,男女兼收,新北市,汐止區,新北市汐止區樟樹二路135號,http://www.ctjhs.ntpc.edu.tw/,(02)26430686,流行服飾科:22；多媒體動畫科:27；普通科:5；航運管理科:3；食品科:12；烘焙科:16；漁業科:3；水產養殖科:3；輪機科:15；航海科:18；綜合高中:6；資訊科:1,131,131,教育部115學年度高中職名錄；招生與科系依115學年度基北區免試入學簡章整理。未填最低錄取分數，避免引用未經官方統一核定的估算值。；115學年度基北區免試入學核定招生名額（使用者提供 PDF；一般生招生名額，含科別與性別欄位）,資優/特色班請依各校及基北區官方公告查詢,,115學年度本表招生科別可確認包含：流行服飾科、多媒體動畫科、普通科、航運管理科、食品科、烘焙科、漁業科、水產養殖科等。學校官網首頁未標示更完整的全校課程方向摘要；詳細課程內容以校方115學年度課程計畫為準。,學校官網首頁未標示115學年度全校統一實習／專題內容；實際實作、專題或成果要求以各科、實習處或課程計畫公告為準。,學校官網首頁未標示完整固定大眾運輸到校路線或115學年度固定學生專車班次；本表不自行補寫路線。,網站首頁未標示固定通勤時間；Google地圖欄已依官方校址建立查詢入口，可依實際出發地查詢即時大眾運輸。,學校官網首頁未標示115學年度校內學生宿舍申請資訊。,https://www.google.com/maps/search/?api=1&query=%E6%96%B0%E5%8C%97%E5%B8%82%E6%B1%90%E6%AD%A2%E5%8D%80%E6%A8%9F%E6%A8%B9%E4%BA%8C%E8%B7%AF135%E8%99%9F; http://www.ctjhs.ntpc.edu.tw/,http://www.ctjhs.ntpc.edu.tw/,http://www.ctjhs.ntpc.edu.tw/,https://www.google.com/maps/search/?api=1&query=%E6%96%B0%E5%8C%97%E5%B8%82%E6%B1%90%E6%AD%A2%E5%8D%80%E6%A8%9F%E6%A8%B9%E4%BA%8C%E8%B7%AF135%E8%99%9F,http://www.ctjhs.ntpc.edu.tw/,http://www.ctjhs.ntpc.edu.tw/,http://www.ctjhs.ntpc.edu.tw/
,014322,市立樹林高中,公立,基北區,高中,男女兼收,新北市,樹林區,新北市樹林區中華路8號,http://www.slsh.ntpc.edu.tw,(02)86852011,普通科:303,303,303,教育部115學年度高中職名錄；招生與科系依115學年度基北區免試入學簡章整理。未填最低錄取分數，避免引用未經官方統一核定的估算值。；115學年度基北區免試入學核定招生名額（使用者提供 PDF；一般生招生名額，含科別與性別欄位）,資優/特色班請依各校及基北區官方公告查詢,,115學年度本表招生科別可確認包含：普通科。學校官網首頁未標示更完整的全校課程方向摘要；詳細課程內容以校方115學年度課程計畫為準。,學校官網首頁未標示115學年度全校統一實習／專題內容；實際實作、專題或成果要求以各科、實習處或課程計畫公告為準。,學校官網首頁未標示完整固定大眾運輸到校路線或115學年度固定學生專車班次；本表不自行補寫路線。,網站首頁未標示固定通勤時間；Google地圖欄已依官方校址建立查詢入口，可依實際出發地查詢即時大眾運輸。,學校官網首頁未標示115學年度校內學生宿舍申請資訊。,https://www.google.com/maps/search/?api=1&query=%E6%96%B0%E5%8C%97%E5%B8%82%E6%A8%B9%E6%9E%97%E5%8D%80%E4%B8%AD%E8%8F%AF%E8%B7%AF8%E8%99%9F; http://www.slsh.ntpc.edu.tw,http://www.slsh.ntpc.edu.tw,http://www.slsh.ntpc.edu.tw,https://www.google.com/maps/search/?api=1&query=%E6%96%B0%E5%8C%97%E5%B8%82%E6%A8%B9%E6%9E%97%E5%8D%80%E4%B8%AD%E8%8F%AF%E8%B7%AF8%E8%99%9F,http://www.slsh.ntpc.edu.tw,http://www.slsh.ntpc.edu.tw,http://www.slsh.ntpc.edu.tw
,014315,市立永平高中,公立,基北區,高中,男女兼收,新北市,永和區,新北市永和區永平路205號,https://www.yphs.ntpc.edu.tw/,(02)22319670,普通科:254,254,254,教育部115學年度高中職名錄；招生與科系依115學年度基北區免試入學簡章整理。未填最低錄取分數，避免引用未經官方統一核定的估算值。；115學年度基北區免試入學核定招生名額（使用者提供 PDF；一般生招生名額，含科別與性別欄位）,資優/特色班請依各校及基北區官方公告查詢,,115學年度本表招生科別可確認包含：普通科。學校官網首頁未標示更完整的全校課程方向摘要；詳細課程內容以校方115學年度課程計畫為準。,學校官網首頁未標示115學年度全校統一實習／專題內容；實際實作、專題或成果要求以各科、實習處或課程計畫公告為準。,學校官網首頁未標示完整固定大眾運輸到校路線或115學年度固定學生專車班次；本表不自行補寫路線。,網站首頁未標示固定通勤時間；Google地圖欄已依官方校址建立查詢入口，可依實際出發地查詢即時大眾運輸。,學校官網首頁未標示115學年度校內學生宿舍申請資訊。,https://www.google.com/maps/search/?api=1&query=%E6%96%B0%E5%8C%97%E5%B8%82%E6%B0%B8%E5%92%8C%E5%8D%80%E6%B0%B8%E5%B9%B3%E8%B7%AF205%E8%99%9F; https://www.yphs.ntpc.edu.tw/,https://www.yphs.ntpc.edu.tw/,https://www.yphs.ntpc.edu.tw/,https://www.google.com/maps/search/?api=1&query=%E6%96%B0%E5%8C%97%E5%B8%82%E6%B0%B8%E5%92%8C%E5%8D%80%E6%B0%B8%E5%B9%B3%E8%B7%AF205%E8%99%9F,https://www.yphs.ntpc.edu.tw/,https://www.yphs.ntpc.edu.tw/,https://www.yphs.ntpc.edu.tw/
,013303,市立泰山高中,公立,基北區,高職,男女兼收,新北市,泰山區,新北市泰山區辭修路7號,http://www.tssh.ntpc.edu.tw,(02)22963625,機械科:45；汽車科:45；電子科:44；電機科:45；汽車科:60；電子科:29,268,268,教育部115學年度高中職名錄；招生與科系依115學年度基北區免試入學簡章整理。未填最低錄取分數，避免引用未經官方統一核定的估算值。；115學年度基北區免試入學核定招生名額（使用者提供 PDF；一般生招生名額，含科別與性別欄位）,資優/特色班請依各校及基北區官方公告查詢,,115學年度本表招生科別可確認包含：機械科、汽車科、電子科、電機科。學校官網首頁未標示更完整的全校課程方向摘要；詳細課程內容以校方115學年度課程計畫為準。,學校官網首頁未標示115學年度全校統一實習／專題內容；實際實作、專題或成果要求以各科、實習處或課程計畫公告為準。,學校官網首頁未標示完整固定大眾運輸到校路線或115學年度固定學生專車班次；本表不自行補寫路線。,網站首頁未標示固定通勤時間；Google地圖欄已依官方校址建立查詢入口，可依實際出發地查詢即時大眾運輸。,學校官網首頁未標示115學年度校內學生宿舍申請資訊。,https://www.google.com/maps/search/?api=1&query=%E6%96%B0%E5%8C%97%E5%B8%82%E6%B3%B0%E5%B1%B1%E5%8D%80%E8%BE%AD%E4%BF%AE%E8%B7%AF7%E8%99%9F; http://www.tssh.ntpc.edu.tw,http://www.tssh.ntpc.edu.tw,http://www.tssh.ntpc.edu.tw,https://www.google.com/maps/search/?api=1&query=%E6%96%B0%E5%8C%97%E5%B8%82%E6%B3%B0%E5%B1%B1%E5%8D%80%E8%BE%AD%E4%BF%AE%E8%B7%AF7%E8%99%9F,http://www.tssh.ntpc.edu.tw,http://www.tssh.ntpc.edu.tw,http://www.tssh.ntpc.edu.tw
,014302,市立海山高中,公立,基北區,高中,男女兼收,新北市,板橋區,新北市板橋區漢生東路215號,http://www.hshs.ntpc.edu.tw,(02)29517475,普通科:256,256,256,教育部115學年度高中職名錄；招生與科系依115學年度基北區免試入學簡章整理。未填最低錄取分數，避免引用未經官方統一核定的估算值。；115學年度基北區免試入學核定招生名額（使用者提供 PDF；一般生招生名額，含科別與性別欄位）,資優/特色班請依各校及基北區官方公告查詢,,115學年度本表招生科別可確認包含：普通科。學校官網首頁未標示更完整的全校課程方向摘要；詳細課程內容以校方115學年度課程計畫為準。,學校官網首頁未標示115學年度全校統一實習／專題內容；實際實作、專題或成果要求以各科、實習處或課程計畫公告為準。,學校官網首頁未標示完整固定大眾運輸到校路線或115學年度固定學生專車班次；本表不自行補寫路線。,網站首頁未標示固定通勤時間；Google地圖欄已依官方校址建立查詢入口，可依實際出發地查詢即時大眾運輸。,學校官網首頁未標示115學年度校內學生宿舍申請資訊。,https://www.google.com/maps/search/?api=1&query=%E6%96%B0%E5%8C%97%E5%B8%82%E6%9D%BF%E6%A9%8B%E5%8D%80%E6%BC%A2%E7%94%9F%E6%9D%B1%E8%B7%AF215%E8%99%9F; http://www.hshs.ntpc.edu.tw,http://www.hshs.ntpc.edu.tw,http://www.hshs.ntpc.edu.tw,https://www.google.com/maps/search/?api=1&query=%E6%96%B0%E5%8C%97%E5%B8%82%E6%9D%BF%E6%A9%8B%E5%8D%80%E6%BC%A2%E7%94%9F%E6%9D%B1%E8%B7%AF215%E8%99%9F,http://www.hshs.ntpc.edu.tw,http://www.hshs.ntpc.edu.tw,http://www.hshs.ntpc.edu.tw
,013434,市立淡水商工,公立,基北區,高職,男女兼收,新北市,淡水區,新北市淡水區商工路307號,http://www.tsvs.ntpc.edu.tw,(02)26203930,控制科:36；電機科:42；商業經營科:40；資料處理科:40；園藝科:29；餐飲管理科:34；資訊科:68；餐飲管理科:32,321,321,教育部115學年度高中職名錄；招生與科系依115學年度基北區免試入學簡章整理。未填最低錄取分數，避免引用未經官方統一核定的估算值。；115學年度基北區免試入學核定招生名額（使用者提供 PDF；一般生招生名額，含科別與性別欄位）,資優/特色班請依各校及基北區官方公告查詢,,115學年度本表招生科別可確認包含：控制科、電機科、商業經營科、資料處理科、園藝科、餐飲管理科、資訊科。學校官網首頁未標示更完整的全校課程方向摘要；詳細課程內容以校方115學年度課程計畫為準。,學校官網首頁未標示115學年度全校統一實習／專題內容；實際實作、專題或成果要求以各科、實習處或課程計畫公告為準。,學校官網首頁未標示完整固定大眾運輸到校路線或115學年度固定學生專車班次；本表不自行補寫路線。,網站首頁未標示固定通勤時間；Google地圖欄已依官方校址建立查詢入口，可依實際出發地查詢即時大眾運輸。,學校官網首頁未標示115學年度校內學生宿舍申請資訊。,https://www.google.com/maps/search/?api=1&query=%E6%96%B0%E5%8C%97%E5%B8%82%E6%B7%A1%E6%B0%B4%E5%8D%80%E5%95%86%E5%B7%A5%E8%B7%AF307%E8%99%9F; http://www.tsvs.ntpc.edu.tw,http://www.tsvs.ntpc.edu.tw,http://www.tsvs.ntpc.edu.tw,https://www.google.com/maps/search/?api=1&query=%E6%96%B0%E5%8C%97%E5%B8%82%E6%B7%A1%E6%B0%B4%E5%8D%80%E5%95%86%E5%B7%A5%E8%B7%AF307%E8%99%9F,http://www.tsvs.ntpc.edu.tw,http://www.tsvs.ntpc.edu.tw,http://www.tsvs.ntpc.edu.tw
,014356,市立清水高中,公立,基北區,高中,男女兼收,新北市,土城區,新北市土城區明德路一段72號,http://www.cssh.ntpc.edu.tw,(02)22707801,普通科:309,309,309,教育部115學年度高中職名錄；招生與科系依115學年度基北區免試入學簡章整理。未填最低錄取分數，避免引用未經官方統一核定的估算值。；115學年度基北區免試入學核定招生名額（使用者提供 PDF；一般生招生名額，含科別與性別欄位）,資優/特色班請依各校及基北區官方公告查詢,,115學年度本表招生科別可確認包含：普通科。學校官網首頁未標示更完整的全校課程方向摘要；詳細課程內容以校方115學年度課程計畫為準。,學校官網首頁未標示115學年度全校統一實習／專題內容；實際實作、專題或成果要求以各科、實習處或課程計畫公告為準。,學校官網首頁未標示完整固定大眾運輸到校路線或115學年度固定學生專車班次；本表不自行補寫路線。,網站首頁未標示固定通勤時間；Google地圖欄已依官方校址建立查詢入口，可依實際出發地查詢即時大眾運輸。,學校官網首頁未標示115學年度校內學生宿舍申請資訊。,https://www.google.com/maps/search/?api=1&query=%E6%96%B0%E5%8C%97%E5%B8%82%E5%9C%9F%E5%9F%8E%E5%8D%80%E6%98%8E%E5%BE%B7%E8%B7%AF%E4%B8%80%E6%AE%B572%E8%99%9F; http://www.cssh.ntpc.edu.tw,http://www.cssh.ntpc.edu.tw,http://www.cssh.ntpc.edu.tw,https://www.google.com/maps/search/?api=1&query=%E6%96%B0%E5%8C%97%E5%B8%82%E5%9C%9F%E5%9F%8E%E5%8D%80%E6%98%8E%E5%BE%B7%E8%B7%AF%E4%B8%80%E6%AE%B572%E8%99%9F,http://www.cssh.ntpc.edu.tw,http://www.cssh.ntpc.edu.tw,http://www.cssh.ntpc.edu.tw
,013402,市立瑞芳高工,公立,基北區,高職,男女兼收,新北市,瑞芳區,新北市瑞芳區瑞芳街60號,https://web.jfvs.ntpc.edu.tw/,(02)24972516,電腦機械製圖科:4；資訊科:25；電子科:21；電機科:21；建築科:25；空間測繪科:1；應用英語科:25；室內空間設計科:19；機械科:41；板金科:33；機械科:32；資訊科:32；電機科:32；建築科:32,375,375,教育部115學年度高中職名錄；招生與科系依115學年度基北區免試入學簡章整理。未填最低錄取分數，避免引用未經官方統一核定的估算值。；115學年度基北區免試入學核定招生名額（使用者提供 PDF；一般生招生名額，含科別與性別欄位）,資優/特色班請依各校及基北區官方公告查詢,,115學年度本表招生科別可確認包含：電腦機械製圖科、資訊科、電子科、電機科、建築科、空間測繪科、應用英語科、室內空間設計科等。學校官網首頁未標示更完整的全校課程方向摘要；詳細課程內容以校方115學年度課程計畫為準。,學校官網首頁未標示115學年度全校統一實習／專題內容；實際實作、專題或成果要求以各科、實習處或課程計畫公告為準。,學校官網首頁未標示完整固定大眾運輸到校路線或115學年度固定學生專車班次；本表不自行補寫路線。,網站首頁未標示固定通勤時間；Google地圖欄已依官方校址建立查詢入口，可依實際出發地查詢即時大眾運輸。,學校官網首頁未標示115學年度校內學生宿舍申請資訊。,https://www.google.com/maps/search/?api=1&query=%E6%96%B0%E5%8C%97%E5%B8%82%E7%91%9E%E8%8A%B3%E5%8D%80%E7%91%9E%E8%8A%B3%E8%A1%9760%E8%99%9F; https://web.jfvs.ntpc.edu.tw/,https://web.jfvs.ntpc.edu.tw/,https://web.jfvs.ntpc.edu.tw/,https://www.google.com/maps/search/?api=1&query=%E6%96%B0%E5%8C%97%E5%B8%82%E7%91%9E%E8%8A%B3%E5%8D%80%E7%91%9E%E8%8A%B3%E8%A1%9760%E8%99%9F,https://web.jfvs.ntpc.edu.tw/,https://web.jfvs.ntpc.edu.tw/,https://web.jfvs.ntpc.edu.tw/
,014348,市立石碇高中,公立,基北區,綜高,男女兼收,新北市,石碇區,新北市石碇區隆盛里八分寮45號,http://www.sdhs.ntpc.edu.tw,(02)26631224,綜合高中:102,102,102,教育部115學年度高中職名錄；招生與科系依115學年度基北區免試入學簡章整理。未填最低錄取分數，避免引用未經官方統一核定的估算值。；115學年度基北區免試入學核定招生名額（使用者提供 PDF；一般生招生名額，含科別與性別欄位）,資優/特色班請依各校及基北區官方公告查詢,,115學年度本表招生科別可確認包含：綜合高中。學校官網首頁未標示更完整的全校課程方向摘要；詳細課程內容以校方115學年度課程計畫為準。,學校官網首頁未標示115學年度全校統一實習／專題內容；實際實作、專題或成果要求以各科、實習處或課程計畫公告為準。,學校官網首頁未標示完整固定大眾運輸到校路線或115學年度固定學生專車班次；本表不自行補寫路線。,網站首頁未標示固定通勤時間；Google地圖欄已依官方校址建立查詢入口，可依實際出發地查詢即時大眾運輸。,學校官網首頁未標示115學年度校內學生宿舍申請資訊。,https://www.google.com/maps/search/?api=1&query=%E6%96%B0%E5%8C%97%E5%B8%82%E7%9F%B3%E7%A2%87%E5%8D%80%E9%9A%86%E7%9B%9B%E9%87%8C%E5%85%AB%E5%88%86%E5%AF%AE45%E8%99%9F; http://www.sdhs.ntpc.edu.tw,http://www.sdhs.ntpc.edu.tw,http://www.sdhs.ntpc.edu.tw,https://www.google.com/maps/search/?api=1&query=%E6%96%B0%E5%8C%97%E5%B8%82%E7%9F%B3%E7%A2%87%E5%8D%80%E9%9A%86%E7%9B%9B%E9%87%8C%E5%85%AB%E5%88%86%E5%AF%AE45%E8%99%9F,http://www.sdhs.ntpc.edu.tw,http://www.sdhs.ntpc.edu.tw,http://www.sdhs.ntpc.edu.tw
,014332,市立秀峰高中,公立,基北區,高中,男女兼收,新北市,汐止區,新北市汐止區忠孝東路201號,https://www.sfhs.ntpc.edu.tw/,(02)26412134,普通科:222,222,222,教育部115學年度高中職名錄；招生與科系依115學年度基北區免試入學簡章整理。未填最低錄取分數，避免引用未經官方統一核定的估算值。；115學年度基北區免試入學核定招生名額（使用者提供 PDF；一般生招生名額，含科別與性別欄位）,資優/特色班請依各校及基北區官方公告查詢,,115學年度本表招生科別可確認包含：普通科。學校官網首頁未標示更完整的全校課程方向摘要；詳細課程內容以校方115學年度課程計畫為準。,學校官網首頁未標示115學年度全校統一實習／專題內容；實際實作、專題或成果要求以各科、實習處或課程計畫公告為準。,學校官網首頁未標示完整固定大眾運輸到校路線或115學年度固定學生專車班次；本表不自行補寫路線。,網站首頁未標示固定通勤時間；Google地圖欄已依官方校址建立查詢入口，可依實際出發地查詢即時大眾運輸。,學校官網首頁未標示115學年度校內學生宿舍申請資訊。,https://www.google.com/maps/search/?api=1&query=%E6%96%B0%E5%8C%97%E5%B8%82%E6%B1%90%E6%AD%A2%E5%8D%80%E5%BF%A0%E5%AD%9D%E6%9D%B1%E8%B7%AF201%E8%99%9F; https://www.sfhs.ntpc.edu.tw/,https://www.sfhs.ntpc.edu.tw/,https://www.sfhs.ntpc.edu.tw/,https://www.google.com/maps/search/?api=1&query=%E6%96%B0%E5%8C%97%E5%B8%82%E6%B1%90%E6%AD%A2%E5%8D%80%E5%BF%A0%E5%AD%9D%E6%9D%B1%E8%B7%AF201%E8%99%9F,https://www.sfhs.ntpc.edu.tw/,https://www.sfhs.ntpc.edu.tw/,https://www.sfhs.ntpc.edu.tw/
,014364,市立竹圍高中,公立,基北區,高中,男女兼收,新北市,淡水區,新北市淡水區竹林路35號,https://www.zwhs.ntpc.edu.tw/,(02)28096990,普通科:143,143,143,教育部115學年度高中職名錄；招生與科系依115學年度基北區免試入學簡章整理。未填最低錄取分數，避免引用未經官方統一核定的估算值。；115學年度基北區免試入學核定招生名額（使用者提供 PDF；一般生招生名額，含科別與性別欄位）,資優/特色班請依各校及基北區官方公告查詢,,115學年度本表招生科別可確認包含：普通科。學校官網首頁未標示更完整的全校課程方向摘要；詳細課程內容以校方115學年度課程計畫為準。,學校官網首頁未標示115學年度全校統一實習／專題內容；實際實作、專題或成果要求以各科、實習處或課程計畫公告為準。,學校官網首頁未標示完整固定大眾運輸到校路線或115學年度固定學生專車班次；本表不自行補寫路線。,網站首頁未標示固定通勤時間；Google地圖欄已依官方校址建立查詢入口，可依實際出發地查詢即時大眾運輸。,學校官網首頁未標示115學年度校內學生宿舍申請資訊。,https://www.google.com/maps/search/?api=1&query=%E6%96%B0%E5%8C%97%E5%B8%82%E6%B7%A1%E6%B0%B4%E5%8D%80%E7%AB%B9%E6%9E%97%E8%B7%AF35%E8%99%9F; https://www.zwhs.ntpc.edu.tw/,https://www.zwhs.ntpc.edu.tw/,https://www.zwhs.ntpc.edu.tw/,https://www.google.com/maps/search/?api=1&query=%E6%96%B0%E5%8C%97%E5%B8%82%E6%B7%A1%E6%B0%B4%E5%8D%80%E7%AB%B9%E6%9E%97%E8%B7%AF35%E8%99%9F,https://www.zwhs.ntpc.edu.tw/,https://www.zwhs.ntpc.edu.tw/,https://www.zwhs.ntpc.edu.tw/
,014338,市立金山高中,公立,基北區,綜高,男女兼收,新北市,金山區,208306 新北市金山區美田里文化二路2號,https://www.cshs.ntpc.edu.tw/,(02)24982028,綜合高中:28,28,28,教育部115學年度高中職名錄；招生與科系依115學年度基北區免試入學簡章整理。未填最低錄取分數，避免引用未經官方統一核定的估算值。；115學年度基北區免試入學核定招生名額（使用者提供 PDF；一般生招生名額，含科別與性別欄位）,資優/特色班請依各校及基北區官方公告查詢,,115學年度本表招生科別可確認包含：綜合高中。學校官網首頁未標示更完整的全校課程方向摘要；詳細課程內容以校方115學年度課程計畫為準。,學校官網首頁未標示115學年度全校統一實習／專題內容；實際實作、專題或成果要求以各科、實習處或課程計畫公告為準。,115學年度校方公告學生交通車：上課期間有「淡水捷運站－三芝－石門－金山高中」路線；住宿生週末前後另有「金山高中－台北車站」路線。,115-1校方公告金山－淡水線於開學日由淡水捷運站發車；金山－臺北線於週末前後使用，實際停靠站與時間依當期校方路線表。,115學年度高一新生專區提供住宿申請，確認校方有住宿制度；床位、資格及入住規定依當年度公告。,https://www.google.com/maps/search/?api=1&query=208306+%E6%96%B0%E5%8C%97%E5%B8%82%E9%87%91%E5%B1%B1%E5%8D%80%E7%BE%8E%E7%94%B0%E9%87%8C%E6%96%87%E5%8C%96%E4%BA%8C%E8%B7%AF2%E8%99%9F; https://www.cshs.ntpc.edu.tw/,https://www.cshs.ntpc.edu.tw/p/406-1000-18322%2Cr55.php?Lang=zh-tw,https://www.cshs.ntpc.edu.tw/p/404-1000-4965.php,https://www.google.com/maps/search/?api=1&query=208306+%E6%96%B0%E5%8C%97%E5%B8%82%E9%87%91%E5%B1%B1%E5%8D%80%E7%BE%8E%E7%94%B0%E9%87%8C%E6%96%87%E5%8C%96%E4%BA%8C%E8%B7%AF2%E8%99%9F,https://www.cshs.ntpc.edu.tw/,https://www.cshs.ntpc.edu.tw/,https://www.cshs.ntpc.edu.tw/
,014362,市立錦和高中,公立,基北區,高中,男女兼收,新北市,中和區,新北市中和區錦和路163號,http://www.jhsh.ntpc.edu.tw,(02)22498566,普通科:247,247,247,教育部115學年度高中職名錄；招生與科系依115學年度基北區免試入學簡章整理。未填最低錄取分數，避免引用未經官方統一核定的估算值。；115學年度基北區免試入學核定招生名額（使用者提供 PDF；一般生招生名額，含科別與性別欄位）,資優/特色班請依各校及基北區官方公告查詢,,115學年度本表招生科別可確認包含：普通科。學校官網首頁未標示更完整的全校課程方向摘要；詳細課程內容以校方115學年度課程計畫為準。,學校官網首頁未標示115學年度全校統一實習／專題內容；實際實作、專題或成果要求以各科、實習處或課程計畫公告為準。,學校官網首頁未標示完整固定大眾運輸到校路線或115學年度固定學生專車班次；本表不自行補寫路線。,網站首頁未標示固定通勤時間；Google地圖欄已依官方校址建立查詢入口，可依實際出發地查詢即時大眾運輸。,學校官網首頁未標示115學年度校內學生宿舍申請資訊。,https://www.google.com/maps/search/?api=1&query=%E6%96%B0%E5%8C%97%E5%B8%82%E4%B8%AD%E5%92%8C%E5%8D%80%E9%8C%A6%E5%92%8C%E8%B7%AF163%E8%99%9F; http://www.jhsh.ntpc.edu.tw,http://www.jhsh.ntpc.edu.tw,http://www.jhsh.ntpc.edu.tw,https://www.google.com/maps/search/?api=1&query=%E6%96%B0%E5%8C%97%E5%B8%82%E4%B8%AD%E5%92%8C%E5%8D%80%E9%8C%A6%E5%92%8C%E8%B7%AF163%E8%99%9F,http://www.jhsh.ntpc.edu.tw,http://www.jhsh.ntpc.edu.tw,http://www.jhsh.ntpc.edu.tw
,014347,市立雙溪高中,公立,基北區,綜高,男女兼收,新北市,雙溪區,22742 新北市雙溪區梅竹蹊3號,https://www.sxhs.ntpc.edu.tw/,(02)24931028,綜合高中:58,58,58,教育部115學年度高中職名錄；招生與科系依115學年度基北區免試入學簡章整理。未填最低錄取分數，避免引用未經官方統一核定的估算值。；115學年度基北區免試入學核定招生名額（使用者提供 PDF；一般生招生名額，含科別與性別欄位）,資優/特色班請依各校及基北區官方公告查詢,,115學年度本表招生科別可確認包含：綜合高中。學校官網首頁未標示更完整的全校課程方向摘要；詳細課程內容以校方115學年度課程計畫為準。,學校官網首頁未標示115學年度全校統一實習／專題內容；實際實作、專題或成果要求以各科、實習處或課程計畫公告為準。,學校官網首頁未標示完整固定大眾運輸到校路線或115學年度固定學生專車班次；本表不自行補寫路線。,網站首頁未標示固定通勤時間；Google地圖欄已依官方校址建立查詢入口，可依實際出發地查詢即時大眾運輸。,校方設學生宿舍，115年有更新「學生宿舍管理及輔導實施要點」；申請資格、生活規範與床位依當年度公告。,https://www.google.com/maps/search/?api=1&query=22742+%E6%96%B0%E5%8C%97%E5%B8%82%E9%9B%99%E6%BA%AA%E5%8D%80%E6%A2%85%E7%AB%B9%E8%B9%8A3%E8%99%9F; https://www.sxhs.ntpc.edu.tw/,https://www.sxhs.ntpc.edu.tw/,https://www.sxhs.ntpc.edu.tw/p/412-1000-711.php,https://www.google.com/maps/search/?api=1&query=22742+%E6%96%B0%E5%8C%97%E5%B8%82%E9%9B%99%E6%BA%AA%E5%8D%80%E6%A2%85%E7%AB%B9%E8%B9%8A3%E8%99%9F,https://www.sxhs.ntpc.edu.tw/,https://www.sxhs.ntpc.edu.tw/,https://www.sxhs.ntpc.edu.tw/
,014439,市立鶯歌工商,公立,基北區,高職,男女兼收,新北市,鶯歌區,新北市鶯歌區中正三路154號,http://www.ykvs.ntpc.edu.tw,(02)26775040,資料處理科:64；應用日語科:22；美術工藝科:41；陶瓷工程科:53；廣告設計科:60；多媒體設計科:20,260,260,教育部115學年度高中職名錄；招生與科系依115學年度基北區免試入學簡章整理。未填最低錄取分數，避免引用未經官方統一核定的估算值。；115學年度基北區免試入學核定招生名額（使用者提供 PDF；一般生招生名額，含科別與性別欄位）,資優/特色班請依各校及基北區官方公告查詢,,115學年度本表招生科別可確認包含：資料處理科、應用日語科、美術工藝科、陶瓷工程科、廣告設計科、多媒體設計科。學校官網首頁未標示更完整的全校課程方向摘要；詳細課程內容以校方115學年度課程計畫為準。,學校官網首頁未標示115學年度全校統一實習／專題內容；實際實作、專題或成果要求以各科、實習處或課程計畫公告為準。,學校官網首頁未標示完整固定大眾運輸到校路線或115學年度固定學生專車班次；本表不自行補寫路線。,網站首頁未標示固定通勤時間；Google地圖欄已依官方校址建立查詢入口，可依實際出發地查詢即時大眾運輸。,學校官網首頁未標示115學年度校內學生宿舍申請資訊。,https://www.google.com/maps/search/?api=1&query=%E6%96%B0%E5%8C%97%E5%B8%82%E9%B6%AF%E6%AD%8C%E5%8D%80%E4%B8%AD%E6%AD%A3%E4%B8%89%E8%B7%AF154%E8%99%9F; http://www.ykvs.ntpc.edu.tw,http://www.ykvs.ntpc.edu.tw,http://www.ykvs.ntpc.edu.tw,https://www.google.com/maps/search/?api=1&query=%E6%96%B0%E5%8C%97%E5%B8%82%E9%B6%AF%E6%AD%8C%E5%8D%80%E4%B8%AD%E6%AD%A3%E4%B8%89%E8%B7%AF154%E8%99%9F,http://www.ykvs.ntpc.edu.tw,http://www.ykvs.ntpc.edu.tw,http://www.ykvs.ntpc.edu.tw
,011309,新北市南山中學,私立,基北區,高中,男女兼收,新北市,中和區,新北市中和區廣福路41號,https://www.nssh.ntpc.edu.tw/,(02)22453000,普通科:193,193,193,教育部115學年度高中職名錄；招生與科系依115學年度基北區免試入學簡章整理。未填最低錄取分數，避免引用未經官方統一核定的估算值。；115學年度基北區免試入學核定招生名額（使用者提供 PDF；一般生招生名額，含科別與性別欄位）,資優/特色班請依各校及基北區官方公告查詢,,115學年度本表招生科別可確認包含：普通科。學校官網首頁未標示更完整的全校課程方向摘要；詳細課程內容以校方115學年度課程計畫為準。,學校官網首頁未標示115學年度全校統一實習／專題內容；實際實作、專題或成果要求以各科、實習處或課程計畫公告為準。,學校官網首頁未標示完整固定大眾運輸到校路線或115學年度固定學生專車班次；本表不自行補寫路線。,網站首頁未標示固定通勤時間；Google地圖欄已依官方校址建立查詢入口，可依實際出發地查詢即時大眾運輸。,學校官網首頁未標示115學年度校內學生宿舍申請資訊。,https://www.google.com/maps/search/?api=1&query=%E6%96%B0%E5%8C%97%E5%B8%82%E4%B8%AD%E5%92%8C%E5%8D%80%E5%BB%A3%E7%A6%8F%E8%B7%AF41%E8%99%9F; https://www.nssh.ntpc.edu.tw/,https://www.nssh.ntpc.edu.tw/,https://www.nssh.ntpc.edu.tw/,https://www.google.com/maps/search/?api=1&query=%E6%96%B0%E5%8C%97%E5%B8%82%E4%B8%AD%E5%92%8C%E5%8D%80%E5%BB%A3%E7%A6%8F%E8%B7%AF41%E8%99%9F,https://www.nssh.ntpc.edu.tw/,https://www.nssh.ntpc.edu.tw/,https://www.nssh.ntpc.edu.tw/
,011322,新北市崇光高中,私立,基北區,高中,男女兼收,新北市,新店區,新北市新店區三民路18號,https://web.ckgsh.ntpc.edu.tw/nss/p/index,(02)29112543,普通科(女):62,62,62,教育部115學年度高中職名錄；招生與科系依115學年度基北區免試入學簡章整理。未填最低錄取分數，避免引用未經官方統一核定的估算值。；115學年度基北區免試入學核定招生名額（使用者提供 PDF；一般生招生名額，含科別與性別欄位）,資優/特色班請依各校及基北區官方公告查詢,,115學年度本表招生科別可確認包含：普通科。學校官網首頁未標示更完整的全校課程方向摘要；詳細課程內容以校方115學年度課程計畫為準。,學校官網首頁未標示115學年度全校統一實習／專題內容；實際實作、專題或成果要求以各科、實習處或課程計畫公告為準。,學校官網首頁未標示完整固定大眾運輸到校路線或115學年度固定學生專車班次；本表不自行補寫路線。,網站首頁未標示固定通勤時間；Google地圖欄已依官方校址建立查詢入口，可依實際出發地查詢即時大眾運輸。,學校官網首頁未標示115學年度校內學生宿舍申請資訊。,https://www.google.com/maps/search/?api=1&query=%E6%96%B0%E5%8C%97%E5%B8%82%E6%96%B0%E5%BA%97%E5%8D%80%E4%B8%89%E6%B0%91%E8%B7%AF18%E8%99%9F; https://web.ckgsh.ntpc.edu.tw/nss/p/index,https://web.ckgsh.ntpc.edu.tw/nss/p/index,https://web.ckgsh.ntpc.edu.tw/nss/p/index,https://www.google.com/maps/search/?api=1&query=%E6%96%B0%E5%8C%97%E5%B8%82%E6%96%B0%E5%BA%97%E5%8D%80%E4%B8%89%E6%B0%91%E8%B7%AF18%E8%99%9F,https://web.ckgsh.ntpc.edu.tw/nss/p/index,https://web.ckgsh.ntpc.edu.tw/nss/p/index,https://web.ckgsh.ntpc.edu.tw/nss/p/index
,011330,新北市林口康橋國際高中,私立,基北區,高中,男女兼收,新北市,林口區,新北市林口區興林路55號,https://web.kcislk.ntpc.edu.tw/,(02)26015888,普通科:35,35,35,教育部115學年度高中職名錄；招生與科系依115學年度基北區免試入學簡章整理。未填最低錄取分數，避免引用未經官方統一核定的估算值。；115學年度基北區免試入學核定招生名額（使用者提供 PDF；一般生招生名額，含科別與性別欄位）,資優/特色班請依各校及基北區官方公告查詢,,115學年度本表招生科別可確認包含：普通科。學校官網首頁未標示更完整的全校課程方向摘要；詳細課程內容以校方115學年度課程計畫為準。,學校官網首頁未標示115學年度全校統一實習／專題內容；實際實作、專題或成果要求以各科、實習處或課程計畫公告為準。,學校官網首頁未標示完整固定大眾運輸到校路線或115學年度固定學生專車班次；本表不自行補寫路線。,網站首頁未標示固定通勤時間；Google地圖欄已依官方校址建立查詢入口，可依實際出發地查詢即時大眾運輸。,校方設宿舍及住宿申請系統，住宿資格與免住宿條件依校方舍務組公告；實際床位及費用依當學年度規定。,https://www.google.com/maps/search/?api=1&query=%E6%96%B0%E5%8C%97%E5%B8%82%E6%9E%97%E5%8F%A3%E5%8D%80%E8%88%88%E6%9E%97%E8%B7%AF55%E8%99%9F; https://web.kcislk.ntpc.edu.tw/,https://web.kcislk.ntpc.edu.tw/,https://dormitory.kcislk.ntpc.edu.tw/,https://www.google.com/maps/search/?api=1&query=%E6%96%B0%E5%8C%97%E5%B8%82%E6%9E%97%E5%8F%A3%E5%8D%80%E8%88%88%E6%9E%97%E8%B7%AF55%E8%99%9F,https://web.kcislk.ntpc.edu.tw/,https://web.kcislk.ntpc.edu.tw/,https://web.kcislk.ntpc.edu.tw/
,011307,新北市裕德高級中等學校,私立,基北區,高中,男女兼收,新北市,土城區,新北市土城區擺接堡路1號,http://www.yuteh.ntpc.edu.tw/,(02)82617889,普通科:15,15,15,教育部115學年度高中職名錄；招生與科系依115學年度基北區免試入學簡章整理。未填最低錄取分數，避免引用未經官方統一核定的估算值。；115學年度基北區免試入學核定招生名額（使用者提供 PDF；一般生招生名額，含科別與性別欄位）,資優/特色班請依各校及基北區官方公告查詢,,115學年度本表招生科別可確認包含：普通科。學校官網首頁未標示更完整的全校課程方向摘要；詳細課程內容以校方115學年度課程計畫為準。,學校官網首頁未標示115學年度全校統一實習／專題內容；實際實作、專題或成果要求以各科、實習處或課程計畫公告為準。,學校官網首頁未標示完整固定大眾運輸到校路線或115學年度固定學生專車班次；本表不自行補寫路線。,網站首頁未標示固定通勤時間；Google地圖欄已依官方校址建立查詢入口，可依實際出發地查詢即時大眾運輸。,學校官網首頁未標示115學年度校內學生宿舍申請資訊。,https://www.google.com/maps/search/?api=1&query=%E6%96%B0%E5%8C%97%E5%B8%82%E5%9C%9F%E5%9F%8E%E5%8D%80%E6%93%BA%E6%8E%A5%E5%A0%A1%E8%B7%AF1%E8%99%9F; http://www.yuteh.ntpc.edu.tw/,http://www.yuteh.ntpc.edu.tw/,http://www.yuteh.ntpc.edu.tw/,https://www.google.com/maps/search/?api=1&query=%E6%96%B0%E5%8C%97%E5%B8%82%E5%9C%9F%E5%9F%8E%E5%8D%80%E6%93%BA%E6%8E%A5%E5%A0%A1%E8%B7%AF1%E8%99%9F,http://www.yuteh.ntpc.edu.tw/,http://www.yuteh.ntpc.edu.tw/,http://www.yuteh.ntpc.edu.tw/
,011432,私立中華商海,私立,基北區,高中,男女兼收,新北市,萬里區,新北市萬里區瑪鋉路15號,http://www.chmvs.ntpc.edu.tw,(02)24922119,普通科:13,13,13,教育部115學年度高中職名錄；招生與科系依115學年度基北區免試入學簡章整理。未填最低錄取分數，避免引用未經官方統一核定的估算值。；115學年度基北區免試入學核定招生名額（使用者提供 PDF；一般生招生名額，含科別與性別欄位）,資優/特色班請依各校及基北區官方公告查詢,,115學年度本表招生科別可確認包含：普通科。學校官網首頁未標示更完整的全校課程方向摘要；詳細課程內容以校方115學年度課程計畫為準。,學校官網首頁未標示115學年度全校統一實習／專題內容；實際實作、專題或成果要求以各科、實習處或課程計畫公告為準。,學校官網首頁未標示完整固定大眾運輸到校路線或115學年度固定學生專車班次；本表不自行補寫路線。,網站首頁未標示固定通勤時間；Google地圖欄已依官方校址建立查詢入口，可依實際出發地查詢即時大眾運輸。,學校官網首頁未標示115學年度校內學生宿舍申請資訊。,https://www.google.com/maps/search/?api=1&query=%E6%96%B0%E5%8C%97%E5%B8%82%E8%90%AC%E9%87%8C%E5%8D%80%E7%91%AA%E9%8B%89%E8%B7%AF15%E8%99%9F; http://www.chmvs.ntpc.edu.tw,http://www.chmvs.ntpc.edu.tw,http://www.chmvs.ntpc.edu.tw,https://www.google.com/maps/search/?api=1&query=%E6%96%B0%E5%8C%97%E5%B8%82%E8%90%AC%E9%87%8C%E5%8D%80%E7%91%AA%E9%8B%89%E8%B7%AF15%E8%99%9F,http://www.chmvs.ntpc.edu.tw,http://www.chmvs.ntpc.edu.tw,http://www.chmvs.ntpc.edu.tw
,011323,私立光仁高中,私立,基北區,高中,男女兼收,新北市,板橋區,新北市板橋區中山路二段255巷18號,https://www.kjsh.ntpc.edu.tw/,(02)29615161,普通科:108,108,108,教育部115學年度高中職名錄；招生與科系依115學年度基北區免試入學簡章整理。未填最低錄取分數，避免引用未經官方統一核定的估算值。；115學年度基北區免試入學核定招生名額（使用者提供 PDF；一般生招生名額，含科別與性別欄位）,資優/特色班請依各校及基北區官方公告查詢,,115學年度本表招生科別可確認包含：普通科。學校官網首頁未標示更完整的全校課程方向摘要；詳細課程內容以校方115學年度課程計畫為準。,學校官網首頁未標示115學年度全校統一實習／專題內容；實際實作、專題或成果要求以各科、實習處或課程計畫公告為準。,學校官網首頁未標示完整固定大眾運輸到校路線或115學年度固定學生專車班次；本表不自行補寫路線。,網站首頁未標示固定通勤時間；Google地圖欄已依官方校址建立查詢入口，可依實際出發地查詢即時大眾運輸。,校方宿舍資料明列男生43床、女生33床，原則4–5人一室，宿舍位於光仁樓並有住宿管理人員；申請資格與床位依當年度公告。,https://www.google.com/maps/search/?api=1&query=%E6%96%B0%E5%8C%97%E5%B8%82%E6%9D%BF%E6%A9%8B%E5%8D%80%E4%B8%AD%E5%B1%B1%E8%B7%AF%E4%BA%8C%E6%AE%B5255%E5%B7%B718%E8%99%9F; https://www.kjsh.ntpc.edu.tw/,https://www.kjsh.ntpc.edu.tw/,https://www.kjsh.ntpc.edu.tw/ischool/publish_page/4/?cid=1927,https://www.google.com/maps/search/?api=1&query=%E6%96%B0%E5%8C%97%E5%B8%82%E6%9D%BF%E6%A9%8B%E5%8D%80%E4%B8%AD%E5%B1%B1%E8%B7%AF%E4%BA%8C%E6%AE%B5255%E5%B7%B718%E8%99%9F,https://www.kjsh.ntpc.edu.tw/,https://www.kjsh.ntpc.edu.tw/,https://www.kjsh.ntpc.edu.tw/
,011C71,私立光華高商進修學校,私立,基北區,進修部,男女兼收,新北市,板橋區,新北市板橋區南雅南路二段1號,http://www.khvs.ntpc.edu.tw,(02)89522255,資料處理科:54；應用日語科:27；觀光事業科:27；資料處理科:45；觀光事業科:45；普通科:37；媒體應用科:37,272,272,教育部115學年度高中職名錄；招生與科系依115學年度基北區免試入學簡章整理。未填最低錄取分數，避免引用未經官方統一核定的估算值。；115學年度基北區免試入學核定招生名額（使用者提供 PDF；一般生招生名額，含科別與性別欄位）,資優/特色班請依各校及基北區官方公告查詢,,115學年度本表招生科別可確認包含：資料處理科、應用日語科、觀光事業科、普通科、媒體應用科。學校官網首頁未標示更完整的全校課程方向摘要；詳細課程內容以校方115學年度課程計畫為準。,進修部官網首頁未標示115學年度全校統一實習／專題內容；實際實作、專題或成果要求以進修部及各科課程公告為準。,學校官網首頁未標示完整固定大眾運輸到校路線或115學年度固定學生專車班次；本表不自行補寫路線。,網站首頁未標示固定通勤時間；Google地圖欄已依官方校址建立查詢入口，可依實際出發地查詢即時大眾運輸。,學校官網首頁未標示115學年度校內學生宿舍申請資訊。,https://www.google.com/maps/search/?api=1&query=%E6%96%B0%E5%8C%97%E5%B8%82%E6%9D%BF%E6%A9%8B%E5%8D%80%E5%8D%97%E9%9B%85%E5%8D%97%E8%B7%AF%E4%BA%8C%E6%AE%B51%E8%99%9F; http://www.khvs.ntpc.edu.tw,http://www.khvs.ntpc.edu.tw,http://www.khvs.ntpc.edu.tw,https://www.google.com/maps/search/?api=1&query=%E6%96%B0%E5%8C%97%E5%B8%82%E6%9D%BF%E6%A9%8B%E5%8D%80%E5%8D%97%E9%9B%85%E5%8D%97%E8%B7%AF%E4%BA%8C%E6%AE%B51%E8%99%9F,http://www.khvs.ntpc.edu.tw,http://www.khvs.ntpc.edu.tw,http://www.khvs.ntpc.edu.tw
,011312,私立崇義高中,私立,基北區,綜高,男女兼收,新北市,汐止區,新北市汐止區大同路三段68號,https://www.tyhs.ntpc.edu.tw/,(02)86478000,普通科:13；電子商務科:57；電子商務科:15,85,85,教育部115學年度高中職名錄；招生與科系依115學年度基北區免試入學簡章整理。未填最低錄取分數，避免引用未經官方統一核定的估算值。；115學年度基北區免試入學核定招生名額（使用者提供 PDF；一般生招生名額，含科別與性別欄位）,資優/特色班請依各校及基北區官方公告查詢,,115學年度本表招生科別可確認包含：普通科、電子商務科。學校官網首頁未標示更完整的全校課程方向摘要；詳細課程內容以校方115學年度課程計畫為準。,學校官網首頁未標示115學年度全校統一實習／專題內容；實際實作、專題或成果要求以各科、實習處或課程計畫公告為準。,學校官網首頁未標示完整固定大眾運輸到校路線或115學年度固定學生專車班次；本表不自行補寫路線。,網站首頁未標示固定通勤時間；Google地圖欄已依官方校址建立查詢入口，可依實際出發地查詢即時大眾運輸。,學校官網首頁未標示115學年度校內學生宿舍申請資訊。,https://www.google.com/maps/search/?api=1&query=%E6%96%B0%E5%8C%97%E5%B8%82%E6%B1%90%E6%AD%A2%E5%8D%80%E5%A4%A7%E5%90%8C%E8%B7%AF%E4%B8%89%E6%AE%B568%E8%99%9F; https://www.tyhs.ntpc.edu.tw/,https://www.tyhs.ntpc.edu.tw/,https://www.tyhs.ntpc.edu.tw/,https://www.google.com/maps/search/?api=1&query=%E6%96%B0%E5%8C%97%E5%B8%82%E6%B1%90%E6%AD%A2%E5%8D%80%E5%A4%A7%E5%90%8C%E8%B7%AF%E4%B8%89%E6%AE%B568%E8%99%9F,https://www.tyhs.ntpc.edu.tw/,https://www.tyhs.ntpc.edu.tw/,https://www.tyhs.ntpc.edu.tw/
,011302,私立康橋高中,私立,基北區,高中,男女兼收,新北市,新店區,新北市新店區華城路800號,https://www.kcis.ntpc.edu.tw/_XiugangCampus/,(02)22166000,普通科:48,48,48,教育部115學年度高中職名錄；招生與科系依115學年度基北區免試入學簡章整理。未填最低錄取分數，避免引用未經官方統一核定的估算值。；115學年度基北區免試入學核定招生名額（使用者提供 PDF；一般生招生名額，含科別與性別欄位）,資優/特色班請依各校及基北區官方公告查詢,,普通高中課程結合跨領域主題／專題式學習（PBL）、探索教育、第二外語與國際課程等校本特色。,不設技職類固定實習；官方招生課程資訊明列跨領域主題與專題式學習、探索教育等實作型課程。,學校官網首頁未標示完整固定大眾運輸到校路線或115學年度固定學生專車班次；本表不自行補寫路線。,網站首頁未標示固定通勤時間；Google地圖欄已依官方校址建立查詢入口，可依實際出發地查詢即時大眾運輸。,秀岡校區設學生宿舍，官方資料載明男女分宿，主要為4–6人套房並設房內衛浴與冷氣；住宿申請與管理依校方舍務規定。,https://www.google.com/maps/search/?api=1&query=%E6%96%B0%E5%8C%97%E5%B8%82%E6%96%B0%E5%BA%97%E5%8D%80%E8%8F%AF%E5%9F%8E%E8%B7%AF800%E8%99%9F; https://www.kcis.ntpc.edu.tw/_XiugangCampus/,https://www.kcis.ntpc.edu.tw/_XiugangCampus/,https://www.kcis.ntpc.edu.tw/_XiugangCampus/zh/Dormitory.html,https://www.google.com/maps/search/?api=1&query=%E6%96%B0%E5%8C%97%E5%B8%82%E6%96%B0%E5%BA%97%E5%8D%80%E8%8F%AF%E5%9F%8E%E8%B7%AF800%E8%99%9F,https://www.kcis.ntpc.edu.tw/_XiugangCampus/,https://www.kcis.ntpc.edu.tw/_Admission/XiugangCampus/index.html,https://www.kcis.ntpc.edu.tw/_Admission/XiugangCampus/index.html
,011318,私立徐匯高中,私立,基北區,高中,男女兼收,新北市,蘆洲區,新北市蘆洲區中山一路1號,http://www.sish.ntpc.edu.tw,(02)22817565,普通科(男):64,64,64,教育部115學年度高中職名錄；招生與科系依115學年度基北區免試入學簡章整理。未填最低錄取分數，避免引用未經官方統一核定的估算值。；115學年度基北區免試入學核定招生名額（使用者提供 PDF；一般生招生名額，含科別與性別欄位）,資優/特色班請依各校及基北區官方公告查詢,,115學年度本表招生科別可確認包含：普通科。學校官網首頁未標示更完整的全校課程方向摘要；詳細課程內容以校方115學年度課程計畫為準。,學校官網首頁未標示115學年度全校統一實習／專題內容；實際實作、專題或成果要求以各科、實習處或課程計畫公告為準。,學校官網首頁未標示完整固定大眾運輸到校路線或115學年度固定學生專車班次；本表不自行補寫路線。,網站首頁未標示固定通勤時間；Google地圖欄已依官方校址建立查詢入口，可依實際出發地查詢即時大眾運輸。,學校官網首頁未標示115學年度校內學生宿舍申請資訊。,https://www.google.com/maps/search/?api=1&query=%E6%96%B0%E5%8C%97%E5%B8%82%E8%98%86%E6%B4%B2%E5%8D%80%E4%B8%AD%E5%B1%B1%E4%B8%80%E8%B7%AF1%E8%99%9F; http://www.sish.ntpc.edu.tw,http://www.sish.ntpc.edu.tw,http://www.sish.ntpc.edu.tw,https://www.google.com/maps/search/?api=1&query=%E6%96%B0%E5%8C%97%E5%B8%82%E8%98%86%E6%B4%B2%E5%8D%80%E4%B8%AD%E5%B1%B1%E4%B8%80%E8%B7%AF1%E8%99%9F,http://www.sish.ntpc.edu.tw,http://www.sish.ntpc.edu.tw,http://www.sish.ntpc.edu.tw
,011407,私立復興商工,私立,基北區,高職,男女兼收,新北市,永和區,新北市永和區秀朗路一段201號,http://www.fhvs.ntpc.edu.tw,(02)29262121,資料處理科:23；美工科:22；廣告設計科:225；室內設計科:75；美術科:18；廣告設計科:45,408,408,教育部115學年度高中職名錄；招生與科系依115學年度基北區免試入學簡章整理。未填最低錄取分數，避免引用未經官方統一核定的估算值。；115學年度基北區免試入學核定招生名額（使用者提供 PDF；一般生招生名額，含科別與性別欄位）,資優/特色班請依各校及基北區官方公告查詢,,115學年度本表招生科別可確認包含：資料處理科、美工科、廣告設計科、室內設計科、美術科。學校官網首頁未標示更完整的全校課程方向摘要；詳細課程內容以校方115學年度課程計畫為準。,學校官網首頁未標示115學年度全校統一實習／專題內容；實際實作、專題或成果要求以各科、實習處或課程計畫公告為準。,學校官網首頁未標示完整固定大眾運輸到校路線或115學年度固定學生專車班次；本表不自行補寫路線。,網站首頁未標示固定通勤時間；Google地圖欄已依官方校址建立查詢入口，可依實際出發地查詢即時大眾運輸。,學校官網首頁未標示115學年度校內學生宿舍申請資訊。,https://www.google.com/maps/search/?api=1&query=%E6%96%B0%E5%8C%97%E5%B8%82%E6%B0%B8%E5%92%8C%E5%8D%80%E7%A7%80%E6%9C%97%E8%B7%AF%E4%B8%80%E6%AE%B5201%E8%99%9F; http://www.fhvs.ntpc.edu.tw,http://www.fhvs.ntpc.edu.tw,http://www.fhvs.ntpc.edu.tw,https://www.google.com/maps/search/?api=1&query=%E6%96%B0%E5%8C%97%E5%B8%82%E6%B0%B8%E5%92%8C%E5%8D%80%E7%A7%80%E6%9C%97%E8%B7%AF%E4%B8%80%E6%AE%B5201%E8%99%9F,http://www.fhvs.ntpc.edu.tw,http://www.fhvs.ntpc.edu.tw,http://www.fhvs.ntpc.edu.tw
,011399,私立時雨高中,私立,基北區,高中,男女兼收,新北市,瑞芳區,新北市瑞芳區銅山里祈堂路217號,http://www.syjh.ntpc.edu.tw,(02)24962217,普通科:84；普通科:128,212,212,教育部115學年度高中職名錄；招生與科系依115學年度基北區免試入學簡章整理。未填最低錄取分數，避免引用未經官方統一核定的估算值。；115學年度基北區免試入學核定招生名額（使用者提供 PDF；一般生招生名額，含科別與性別欄位）,資優/特色班請依各校及基北區官方公告查詢,,115學年度本表招生科別可確認包含：普通科。學校官網首頁未標示更完整的全校課程方向摘要；詳細課程內容以校方115學年度課程計畫為準。,學校官網首頁未標示115學年度全校統一實習／專題內容；實際實作、專題或成果要求以各科、實習處或課程計畫公告為準。,學校官網首頁未標示完整固定大眾運輸到校路線或115學年度固定學生專車班次；本表不自行補寫路線。,網站首頁未標示固定通勤時間；Google地圖欄已依官方校址建立查詢入口，可依實際出發地查詢即時大眾運輸。,學校官網首頁未標示115學年度校內學生宿舍申請資訊。,https://www.google.com/maps/search/?api=1&query=%E6%96%B0%E5%8C%97%E5%B8%82%E7%91%9E%E8%8A%B3%E5%8D%80%E9%8A%85%E5%B1%B1%E9%87%8C%E7%A5%88%E5%A0%82%E8%B7%AF217%E8%99%9F; http://www.syjh.ntpc.edu.tw,http://www.syjh.ntpc.edu.tw,http://www.syjh.ntpc.edu.tw,https://www.google.com/maps/search/?api=1&query=%E6%96%B0%E5%8C%97%E5%B8%82%E7%91%9E%E8%8A%B3%E5%8D%80%E9%8A%85%E5%B1%B1%E9%87%8C%E7%A5%88%E5%A0%82%E8%B7%AF217%E8%99%9F,http://www.syjh.ntpc.edu.tw,http://www.syjh.ntpc.edu.tw,http://www.syjh.ntpc.edu.tw
,011420,私立智光商工,私立,基北區,綜高,男女兼收,新北市,永和區,新北市永和區中正路100號,https://www.ckvs.ntpc.edu.tw/home,(02)29432491,電子科:12；資料處理科:29；多媒體設計科:23；觀光事業科:12；餐飲管理科:86；普通科:27；商業經營科:27；資訊科:30；餐飲管理科:30,276,276,教育部115學年度高中職名錄；招生與科系依115學年度基北區免試入學簡章整理。未填最低錄取分數，避免引用未經官方統一核定的估算值。；115學年度基北區免試入學核定招生名額（使用者提供 PDF；一般生招生名額，含科別與性別欄位）,資優/特色班請依各校及基北區官方公告查詢,,115學年度本表招生科別可確認包含：電子科、資料處理科、多媒體設計科、觀光事業科、餐飲管理科、普通科、商業經營科、資訊科。學校官網首頁未標示更完整的全校課程方向摘要；詳細課程內容以校方115學年度課程計畫為準。,學校官網首頁未標示115學年度全校統一實習／專題內容；實際實作、專題或成果要求以各科、實習處或課程計畫公告為準。,學校官網首頁未標示完整固定大眾運輸到校路線或115學年度固定學生專車班次；本表不自行補寫路線。,網站首頁未標示固定通勤時間；Google地圖欄已依官方校址建立查詢入口，可依實際出發地查詢即時大眾運輸。,學校官網首頁未標示115學年度校內學生宿舍申請資訊。,https://www.google.com/maps/search/?api=1&query=%E6%96%B0%E5%8C%97%E5%B8%82%E6%B0%B8%E5%92%8C%E5%8D%80%E4%B8%AD%E6%AD%A3%E8%B7%AF100%E8%99%9F; https://www.ckvs.ntpc.edu.tw/home,https://www.ckvs.ntpc.edu.tw/home,https://www.ckvs.ntpc.edu.tw/home,https://www.google.com/maps/search/?api=1&query=%E6%96%B0%E5%8C%97%E5%B8%82%E6%B0%B8%E5%92%8C%E5%8D%80%E4%B8%AD%E6%AD%A3%E8%B7%AF100%E8%99%9F,https://www.ckvs.ntpc.edu.tw/home,https://www.ckvs.ntpc.edu.tw/home,https://www.ckvs.ntpc.edu.tw/home
,011315,私立東海高中,私立,基北區,高職,男女兼收,新北市,三重區,新北市三重區忠孝路三段93巷12號,https://www.thhs.ntpc.edu.tw/,(02)29822788,汽車科:40；資訊科:13；電子科:27；餐飲管理科:27；多媒體動畫科:13,120,120,教育部115學年度高中職名錄；招生與科系依115學年度基北區免試入學簡章整理。未填最低錄取分數，避免引用未經官方統一核定的估算值。；115學年度基北區免試入學核定招生名額（使用者提供 PDF；一般生招生名額，含科別與性別欄位）,資優/特色班請依各校及基北區官方公告查詢,,115學年度本表招生科別可確認包含：汽車科、資訊科、電子科、餐飲管理科、多媒體動畫科。學校官網首頁未標示更完整的全校課程方向摘要；詳細課程內容以校方115學年度課程計畫為準。,學校官網首頁未標示115學年度全校統一實習／專題內容；實際實作、專題或成果要求以各科、實習處或課程計畫公告為準。,學校官網首頁未標示完整固定大眾運輸到校路線或115學年度固定學生專車班次；本表不自行補寫路線。,網站首頁未標示固定通勤時間；Google地圖欄已依官方校址建立查詢入口，可依實際出發地查詢即時大眾運輸。,學校官網首頁未標示115學年度校內學生宿舍申請資訊。,https://www.google.com/maps/search/?api=1&query=%E6%96%B0%E5%8C%97%E5%B8%82%E4%B8%89%E9%87%8D%E5%8D%80%E5%BF%A0%E5%AD%9D%E8%B7%AF%E4%B8%89%E6%AE%B593%E5%B7%B712%E8%99%9F; https://www.thhs.ntpc.edu.tw/,https://www.thhs.ntpc.edu.tw/,https://www.thhs.ntpc.edu.tw/,https://www.google.com/maps/search/?api=1&query=%E6%96%B0%E5%8C%97%E5%B8%82%E4%B8%89%E9%87%8D%E5%8D%80%E5%BF%A0%E5%AD%9D%E8%B7%AF%E4%B8%89%E6%AE%B593%E5%B7%B712%E8%99%9F,https://www.thhs.ntpc.edu.tw/,https://www.thhs.ntpc.edu.tw/,https://www.thhs.ntpc.edu.tw/
,011316,私立格致高中,私立,基北區,高中,男女兼收,新北市,三重區,新北市三重區大智街260號,http://www.gjsh.ntpc.edu.tw,(02)29855892,普通科:183；普通科:86,269,269,教育部115學年度高中職名錄；招生與科系依115學年度基北區免試入學簡章整理。未填最低錄取分數，避免引用未經官方統一核定的估算值。；115學年度基北區免試入學核定招生名額（使用者提供 PDF；一般生招生名額，含科別與性別欄位）,資優/特色班請依各校及基北區官方公告查詢,,115學年度本表招生科別可確認包含：普通科。學校官網首頁未標示更完整的全校課程方向摘要；詳細課程內容以校方115學年度課程計畫為準。,學校官網首頁未標示115學年度全校統一實習／專題內容；實際實作、專題或成果要求以各科、實習處或課程計畫公告為準。,學校官網首頁未標示完整固定大眾運輸到校路線或115學年度固定學生專車班次；本表不自行補寫路線。,網站首頁未標示固定通勤時間；Google地圖欄已依官方校址建立查詢入口，可依實際出發地查詢即時大眾運輸。,學校官網首頁未標示115學年度校內學生宿舍申請資訊。,https://www.google.com/maps/search/?api=1&query=%E6%96%B0%E5%8C%97%E5%B8%82%E4%B8%89%E9%87%8D%E5%8D%80%E5%A4%A7%E6%99%BA%E8%A1%97260%E8%99%9F; http://www.gjsh.ntpc.edu.tw,http://www.gjsh.ntpc.edu.tw,http://www.gjsh.ntpc.edu.tw,https://www.google.com/maps/search/?api=1&query=%E6%96%B0%E5%8C%97%E5%B8%82%E4%B8%89%E9%87%8D%E5%8D%80%E5%A4%A7%E6%99%BA%E8%A1%97260%E8%99%9F,http://www.gjsh.ntpc.edu.tw,http://www.gjsh.ntpc.edu.tw,http://www.gjsh.ntpc.edu.tw
,011405,私立樹人家商,私立,基北區,高職,男女兼收,新北市,樹林區,新北市樹林區大安路216號,http://www.stgvs.ntpc.edu.tw,(02)26870391,資料處理科:10；烘焙科:4；幼兒保育科:11；美容科:6；觀光事業科:1；餐飲管理科:2；影劇科:4；表演藝術科:2,40,40,教育部115學年度高中職名錄；招生與科系依115學年度基北區免試入學簡章整理。未填最低錄取分數，避免引用未經官方統一核定的估算值。；115學年度基北區免試入學核定招生名額（使用者提供 PDF；一般生招生名額，含科別與性別欄位）,資優/特色班請依各校及基北區官方公告查詢,,115學年度本表招生科別可確認包含：資料處理科、烘焙科、幼兒保育科、美容科、觀光事業科、餐飲管理科、影劇科、表演藝術科。學校官網首頁未標示更完整的全校課程方向摘要；詳細課程內容以校方115學年度課程計畫為準。,學校官網首頁未標示115學年度全校統一實習／專題內容；實際實作、專題或成果要求以各科、實習處或課程計畫公告為準。,學校官網首頁未標示完整固定大眾運輸到校路線或115學年度固定學生專車班次；本表不自行補寫路線。,網站首頁未標示固定通勤時間；Google地圖欄已依官方校址建立查詢入口，可依實際出發地查詢即時大眾運輸。,學校官網首頁未標示115學年度校內學生宿舍申請資訊。,https://www.google.com/maps/search/?api=1&query=%E6%96%B0%E5%8C%97%E5%B8%82%E6%A8%B9%E6%9E%97%E5%8D%80%E5%A4%A7%E5%AE%89%E8%B7%AF216%E8%99%9F; http://www.stgvs.ntpc.edu.tw,http://www.stgvs.ntpc.edu.tw,http://www.stgvs.ntpc.edu.tw,https://www.google.com/maps/search/?api=1&query=%E6%96%B0%E5%8C%97%E5%B8%82%E6%A8%B9%E6%9E%97%E5%8D%80%E5%A4%A7%E5%AE%89%E8%B7%AF216%E8%99%9F,http://www.stgvs.ntpc.edu.tw,http://www.stgvs.ntpc.edu.tw,http://www.stgvs.ntpc.edu.tw
,011301,私立淡江高中,私立,基北區,綜高,男女兼收,新北市,淡水區,新北市淡水區真理街26號,https://www.tksh.ntpc.edu.tw/,(02)26203850,綜合高中:281,281,281,教育部115學年度高中職名錄；招生與科系依115學年度基北區免試入學簡章整理。未填最低錄取分數，避免引用未經官方統一核定的估算值。；115學年度基北區免試入學核定招生名額（使用者提供 PDF；一般生招生名額，含科別與性別欄位）,資優/特色班請依各校及基北區官方公告查詢,,115學年度本表招生科別可確認包含：綜合高中。學校官網首頁未標示更完整的全校課程方向摘要；詳細課程內容以校方115學年度課程計畫為準。,學校官網首頁未標示115學年度全校統一實習／專題內容；實際實作、專題或成果要求以各科、實習處或課程計畫公告為準。,學校官網首頁未標示完整固定大眾運輸到校路線或115學年度固定學生專車班次；本表不自行補寫路線。,網站首頁未標示固定通勤時間；Google地圖欄已依官方校址建立查詢入口，可依實際出發地查詢即時大眾運輸。,校方設學生宿舍；官方宿舍資料載明女生宿舍位於5樓、男生住宿區另有樓層配置，每房原則4人並設冷氣與衛浴，實際床位與費用依當學年度舍務公告。,https://www.google.com/maps/search/?api=1&query=%E6%96%B0%E5%8C%97%E5%B8%82%E6%B7%A1%E6%B0%B4%E5%8D%80%E7%9C%9F%E7%90%86%E8%A1%9726%E8%99%9F; https://www.tksh.ntpc.edu.tw/,https://www.tksh.ntpc.edu.tw/,https://affair2.tksh.ntpc.edu.tw/wp/tksa/%E5%AE%BF%E8%88%8D%E4%BA%8B%E5%8B%99%E7%B5%84/%E5%AE%BF%E8%88%8D%E4%BA%8B%E5%8B%99/,https://www.google.com/maps/search/?api=1&query=%E6%96%B0%E5%8C%97%E5%B8%82%E6%B7%A1%E6%B0%B4%E5%8D%80%E7%9C%9F%E7%90%86%E8%A1%9726%E8%99%9F,https://www.tksh.ntpc.edu.tw/,https://www.tksh.ntpc.edu.tw/,https://www.tksh.ntpc.edu.tw/
,011413,私立穀保家商,私立,基北區,高職,男女兼收,新北市,三重區,新北市三重區中正北路560巷38號,http://www.kpvs.ntpc.edu.tw,(02)29712343,資料處理科:27；多媒體設計科:27；時尚造型科:27；機械科:29,110,110,教育部115學年度高中職名錄；招生與科系依115學年度基北區免試入學簡章整理。未填最低錄取分數，避免引用未經官方統一核定的估算值。；115學年度基北區免試入學核定招生名額（使用者提供 PDF；一般生招生名額，含科別與性別欄位）,資優/特色班請依各校及基北區官方公告查詢,,115學年度本表招生科別可確認包含：資料處理科、多媒體設計科、時尚造型科、機械科。學校官網首頁未標示更完整的全校課程方向摘要；詳細課程內容以校方115學年度課程計畫為準。,學校官網首頁未標示115學年度全校統一實習／專題內容；實際實作、專題或成果要求以各科、實習處或課程計畫公告為準。,學校官網首頁未標示完整固定大眾運輸到校路線或115學年度固定學生專車班次；本表不自行補寫路線。,網站首頁未標示固定通勤時間；Google地圖欄已依官方校址建立查詢入口，可依實際出發地查詢即時大眾運輸。,學校官網首頁未標示115學年度校內學生宿舍申請資訊。,https://www.google.com/maps/search/?api=1&query=%E6%96%B0%E5%8C%97%E5%B8%82%E4%B8%89%E9%87%8D%E5%8D%80%E4%B8%AD%E6%AD%A3%E5%8C%97%E8%B7%AF560%E5%B7%B738%E8%99%9F; http://www.kpvs.ntpc.edu.tw,http://www.kpvs.ntpc.edu.tw,http://www.kpvs.ntpc.edu.tw,https://www.google.com/maps/search/?api=1&query=%E6%96%B0%E5%8C%97%E5%B8%82%E4%B8%89%E9%87%8D%E5%8D%80%E4%B8%AD%E6%AD%A3%E5%8C%97%E8%B7%AF560%E5%B7%B738%E8%99%9F,http://www.kpvs.ntpc.edu.tw,http://www.kpvs.ntpc.edu.tw,http://www.kpvs.ntpc.edu.tw
,011324,私立竹林高中,私立,基北區,高中,男女兼收,新北市,中和區,新北市中和區華新街143巷12號,http://www.clsh.ntpc.edu.tw,(02)29422128,普通科:128,128,128,教育部115學年度高中職名錄；招生與科系依115學年度基北區免試入學簡章整理。未填最低錄取分數，避免引用未經官方統一核定的估算值。；115學年度基北區免試入學核定招生名額（使用者提供 PDF；一般生招生名額，含科別與性別欄位）,資優/特色班請依各校及基北區官方公告查詢,,115學年度本表招生科別可確認包含：普通科。學校官網首頁未標示更完整的全校課程方向摘要；詳細課程內容以校方115學年度課程計畫為準。,學校官網首頁未標示115學年度全校統一實習／專題內容；實際實作、專題或成果要求以各科、實習處或課程計畫公告為準。,學校官網首頁未標示完整固定大眾運輸到校路線或115學年度固定學生專車班次；本表不自行補寫路線。,網站首頁未標示固定通勤時間；Google地圖欄已依官方校址建立查詢入口，可依實際出發地查詢即時大眾運輸。,學校官網首頁未標示115學年度校內學生宿舍申請資訊。,https://www.google.com/maps/search/?api=1&query=%E6%96%B0%E5%8C%97%E5%B8%82%E4%B8%AD%E5%92%8C%E5%8D%80%E8%8F%AF%E6%96%B0%E8%A1%97143%E5%B7%B712%E8%99%9F; http://www.clsh.ntpc.edu.tw,http://www.clsh.ntpc.edu.tw,http://www.clsh.ntpc.edu.tw,https://www.google.com/maps/search/?api=1&query=%E6%96%B0%E5%8C%97%E5%B8%82%E4%B8%AD%E5%92%8C%E5%8D%80%E8%8F%AF%E6%96%B0%E8%A1%97143%E5%B7%B712%E8%99%9F,http://www.clsh.ntpc.edu.tw,http://www.clsh.ntpc.edu.tw,http://www.clsh.ntpc.edu.tw
,011311,私立聖心女中,私立,基北區,高中,女校,新北市,八里區,24931 新北市八里區龍米路一段263號,https://www.shgsh.ntpc.edu.tw/,(02)26182287,普通科(女):40,40,40,教育部115學年度高中職名錄；招生與科系依115學年度基北區免試入學簡章整理。未填最低錄取分數，避免引用未經官方統一核定的估算值。；115學年度基北區免試入學核定招生名額（使用者提供 PDF；一般生招生名額，含科別與性別欄位）,資優/特色班請依各校及基北區官方公告查詢,,115學年度本表招生科別可確認包含：普通科。學校官網首頁未標示更完整的全校課程方向摘要；詳細課程內容以校方115學年度課程計畫為準。,學校官網首頁未標示115學年度全校統一實習／專題內容；實際實作、專題或成果要求以各科、實習處或課程計畫公告為準。,校方設學生交通車專區，路線與站點依當學年度招生／交通車公告辦理。,搭乘校車者須依校方交通車路線與站點申請；網站未標示所有路線固定通勤時間。,校方設住宿專區，115學年度新生資訊亦提供住宿申請；實際床位、費用與生活規範依當年度公告。,https://www.google.com/maps/search/?api=1&query=24931+%E6%96%B0%E5%8C%97%E5%B8%82%E5%85%AB%E9%87%8C%E5%8D%80%E9%BE%8D%E7%B1%B3%E8%B7%AF%E4%B8%80%E6%AE%B5263%E8%99%9F; https://www.shgsh.ntpc.edu.tw/,https://www.shgsh.ntpc.edu.tw/nss/s/main/admissions04,https://www.shgsh.ntpc.edu.tw/nss/s/main/dorm,https://www.google.com/maps/search/?api=1&query=24931+%E6%96%B0%E5%8C%97%E5%B8%82%E5%85%AB%E9%87%8C%E5%8D%80%E9%BE%8D%E7%B1%B3%E8%B7%AF%E4%B8%80%E6%AE%B5263%E8%99%9F,https://www.shgsh.ntpc.edu.tw/,https://www.shgsh.ntpc.edu.tw/,https://www.shgsh.ntpc.edu.tw/
,011426,私立能仁家商,私立,基北區,高職,男女兼收,新北市,新店區,新北市新店區文中路53巷10號,http://www.nrvs.ntpc.edu.tw,(02)29182399,資料處理科:18；廣告設計科:13；多媒體設計科:27；幼兒保育科:13；美容科:19；流行服飾科:27；餐飲管理科:18；表演藝術科:27；美容科:180；觀光事業科:45,387,387,教育部115學年度高中職名錄；招生與科系依115學年度基北區免試入學簡章整理。未填最低錄取分數，避免引用未經官方統一核定的估算值。；115學年度基北區免試入學核定招生名額（使用者提供 PDF；一般生招生名額，含科別與性別欄位）,資優/特色班請依各校及基北區官方公告查詢,,115學年度本表招生科別可確認包含：資料處理科、廣告設計科、多媒體設計科、幼兒保育科、美容科、流行服飾科、餐飲管理科、表演藝術科等。學校官網首頁未標示更完整的全校課程方向摘要；詳細課程內容以校方115學年度課程計畫為準。,學校官網首頁未標示115學年度全校統一實習／專題內容；實際實作、專題或成果要求以各科、實習處或課程計畫公告為準。,學校官網首頁未標示完整固定大眾運輸到校路線或115學年度固定學生專車班次；本表不自行補寫路線。,網站首頁未標示固定通勤時間；Google地圖欄已依官方校址建立查詢入口，可依實際出發地查詢即時大眾運輸。,學校官網首頁未標示115學年度校內學生宿舍申請資訊。,https://www.google.com/maps/search/?api=1&query=%E6%96%B0%E5%8C%97%E5%B8%82%E6%96%B0%E5%BA%97%E5%8D%80%E6%96%87%E4%B8%AD%E8%B7%AF53%E5%B7%B710%E8%99%9F; http://www.nrvs.ntpc.edu.tw,http://www.nrvs.ntpc.edu.tw,http://www.nrvs.ntpc.edu.tw,https://www.google.com/maps/search/?api=1&query=%E6%96%B0%E5%8C%97%E5%B8%82%E6%96%B0%E5%BA%97%E5%8D%80%E6%96%87%E4%B8%AD%E8%B7%AF53%E5%B7%B710%E8%99%9F,http://www.nrvs.ntpc.edu.tw,http://www.nrvs.ntpc.edu.tw,http://www.nrvs.ntpc.edu.tw
,011431,私立莊敬工家,私立,基北區,高職,男女兼收,新北市,新店區,新北市新店區民生路45號,http://www.jjvs.ntpc.edu.tw,(02)22188956,幼兒保育科:7；美容科:28；流行服飾科:7；餐飲管理科:57；音樂科:2；電影電視科:7；表演藝術科:97；多媒體動畫科:7；餐飲管理科:18；輪機科:36；航海科:18；餐飲管理科:15,299,299,教育部115學年度高中職名錄；招生與科系依115學年度基北區免試入學簡章整理。未填最低錄取分數，避免引用未經官方統一核定的估算值。；115學年度基北區免試入學核定招生名額（使用者提供 PDF；一般生招生名額，含科別與性別欄位）,資優/特色班請依各校及基北區官方公告查詢,,115學年度本表招生科別可確認包含：幼兒保育科、美容科、流行服飾科、餐飲管理科、音樂科、電影電視科、表演藝術科、多媒體動畫科等。學校官網首頁未標示更完整的全校課程方向摘要；詳細課程內容以校方115學年度課程計畫為準。,學校官網首頁未標示115學年度全校統一實習／專題內容；實際實作、專題或成果要求以各科、實習處或課程計畫公告為準。,學校官網首頁未標示完整固定大眾運輸到校路線或115學年度固定學生專車班次；本表不自行補寫路線。,網站首頁未標示固定通勤時間；Google地圖欄已依官方校址建立查詢入口，可依實際出發地查詢即時大眾運輸。,學校官網首頁未標示115學年度校內學生宿舍申請資訊。,https://www.google.com/maps/search/?api=1&query=%E6%96%B0%E5%8C%97%E5%B8%82%E6%96%B0%E5%BA%97%E5%8D%80%E6%B0%91%E7%94%9F%E8%B7%AF45%E8%99%9F; http://www.jjvs.ntpc.edu.tw,http://www.jjvs.ntpc.edu.tw,http://www.jjvs.ntpc.edu.tw,https://www.google.com/maps/search/?api=1&query=%E6%96%B0%E5%8C%97%E5%B8%82%E6%96%B0%E5%BA%97%E5%8D%80%E6%B0%91%E7%94%9F%E8%B7%AF45%E8%99%9F,http://www.jjvs.ntpc.edu.tw,http://www.jjvs.ntpc.edu.tw,http://www.jjvs.ntpc.edu.tw
,011427,私立豫章工商,私立,基北區,高職,男女兼收,新北市,板橋區,新北市板橋區四川路一段391號,http://www.ycvs.ntpc.edu.tw,(02)29519810,資訊科:27；電機科:54；流通管理科:27；多媒體設計科:27；餐飲管理科:81；汽車科:7；資訊科:7；資料處理科:7；園藝科:2,239,239,教育部115學年度高中職名錄；招生與科系依115學年度基北區免試入學簡章整理。未填最低錄取分數，避免引用未經官方統一核定的估算值。；115學年度基北區免試入學核定招生名額（使用者提供 PDF；一般生招生名額，含科別與性別欄位）,資優/特色班請依各校及基北區官方公告查詢,,115學年度本表招生科別可確認包含：資訊科、電機科、流通管理科、多媒體設計科、餐飲管理科、汽車科、資料處理科、園藝科。學校官網首頁未標示更完整的全校課程方向摘要；詳細課程內容以校方115學年度課程計畫為準。,學校官網首頁未標示115學年度全校統一實習／專題內容；實際實作、專題或成果要求以各科、實習處或課程計畫公告為準。,學校官網首頁未標示完整固定大眾運輸到校路線或115學年度固定學生專車班次；本表不自行補寫路線。,網站首頁未標示固定通勤時間；Google地圖欄已依官方校址建立查詢入口，可依實際出發地查詢即時大眾運輸。,學校官網首頁未標示115學年度校內學生宿舍申請資訊。,https://www.google.com/maps/search/?api=1&query=%E6%96%B0%E5%8C%97%E5%B8%82%E6%9D%BF%E6%A9%8B%E5%8D%80%E5%9B%9B%E5%B7%9D%E8%B7%AF%E4%B8%80%E6%AE%B5391%E8%99%9F; http://www.ycvs.ntpc.edu.tw,http://www.ycvs.ntpc.edu.tw,http://www.ycvs.ntpc.edu.tw,https://www.google.com/maps/search/?api=1&query=%E6%96%B0%E5%8C%97%E5%B8%82%E6%9D%BF%E6%A9%8B%E5%8D%80%E5%9B%9B%E5%B7%9D%E8%B7%AF%E4%B8%80%E6%AE%B5391%E8%99%9F,http://www.ycvs.ntpc.edu.tw,http://www.ycvs.ntpc.edu.tw,http://www.ycvs.ntpc.edu.tw
,011317,私立醒吾高中,私立,基北區,高職,男女兼收,新北市,林口區,新北市林口區粉寮路一段75巷80號,http://www.swsh.ntpc.edu.tw,(02)26012644,幼兒保育科:20；照顧服務科:34；時尚造型科:20；觀光事業科:20,94,94,教育部115學年度高中職名錄；招生與科系依115學年度基北區免試入學簡章整理。未填最低錄取分數，避免引用未經官方統一核定的估算值。；115學年度基北區免試入學核定招生名額（使用者提供 PDF；一般生招生名額，含科別與性別欄位）,資優/特色班請依各校及基北區官方公告查詢,,115學年度本表招生科別可確認包含：幼兒保育科、照顧服務科、時尚造型科、觀光事業科。學校官網首頁未標示更完整的全校課程方向摘要；詳細課程內容以校方115學年度課程計畫為準。,學校官網首頁未標示115學年度全校統一實習／專題內容；實際實作、專題或成果要求以各科、實習處或課程計畫公告為準。,學校官網首頁未標示完整固定大眾運輸到校路線或115學年度固定學生專車班次；本表不自行補寫路線。,網站首頁未標示固定通勤時間；Google地圖欄已依官方校址建立查詢入口，可依實際出發地查詢即時大眾運輸。,學校官網首頁未標示115學年度校內學生宿舍申請資訊。,https://www.google.com/maps/search/?api=1&query=%E6%96%B0%E5%8C%97%E5%B8%82%E6%9E%97%E5%8F%A3%E5%8D%80%E7%B2%89%E5%AF%AE%E8%B7%AF%E4%B8%80%E6%AE%B575%E5%B7%B780%E8%99%9F; http://www.swsh.ntpc.edu.tw,http://www.swsh.ntpc.edu.tw,http://www.swsh.ntpc.edu.tw,https://www.google.com/maps/search/?api=1&query=%E6%96%B0%E5%8C%97%E5%B8%82%E6%9E%97%E5%8F%A3%E5%8D%80%E7%B2%89%E5%AF%AE%E8%B7%AF%E4%B8%80%E6%AE%B575%E5%B7%B780%E8%99%9F,http://www.swsh.ntpc.edu.tw,http://www.swsh.ntpc.edu.tw,http://www.swsh.ntpc.edu.tw
,011306,私立金陵女中,私立,基北區,高中,女校,新北市,三重區,新北市三重區重新路五段656號,http://www.glghs.ntpc.edu.tw,(02)29956776,普通科(女):86,86,86,教育部115學年度高中職名錄；招生與科系依115學年度基北區免試入學簡章整理。未填最低錄取分數，避免引用未經官方統一核定的估算值。；115學年度基北區免試入學核定招生名額（使用者提供 PDF；一般生招生名額，含科別與性別欄位）,資優/特色班請依各校及基北區官方公告查詢,,115學年度本表招生科別可確認包含：普通科。學校官網首頁未標示更完整的全校課程方向摘要；詳細課程內容以校方115學年度課程計畫為準。,學校官網首頁未標示115學年度全校統一實習／專題內容；實際實作、專題或成果要求以各科、實習處或課程計畫公告為準。,學校官網首頁未標示完整固定大眾運輸到校路線或115學年度固定學生專車班次；本表不自行補寫路線。,網站首頁未標示固定通勤時間；Google地圖欄已依官方校址建立查詢入口，可依實際出發地查詢即時大眾運輸。,學校官網首頁未標示115學年度校內學生宿舍申請資訊。,https://www.google.com/maps/search/?api=1&query=%E6%96%B0%E5%8C%97%E5%B8%82%E4%B8%89%E9%87%8D%E5%8D%80%E9%87%8D%E6%96%B0%E8%B7%AF%E4%BA%94%E6%AE%B5656%E8%99%9F; http://www.glghs.ntpc.edu.tw,http://www.glghs.ntpc.edu.tw,http://www.glghs.ntpc.edu.tw,https://www.google.com/maps/search/?api=1&query=%E6%96%B0%E5%8C%97%E5%B8%82%E4%B8%89%E9%87%8D%E5%8D%80%E9%87%8D%E6%96%B0%E8%B7%AF%E4%BA%94%E6%AE%B5656%E8%99%9F,http://www.glghs.ntpc.edu.tw,http://www.glghs.ntpc.edu.tw,http://www.glghs.ntpc.edu.tw
,011310,財團法人恆毅高中,私立,基北區,高中,男女兼收,新北市,新莊區,新北市新莊區中正路108號,http://www.hchs.ntpc.edu.tw,(02)29923619,普通科:120,120,120,教育部115學年度高中職名錄；招生與科系依115學年度基北區免試入學簡章整理。未填最低錄取分數，避免引用未經官方統一核定的估算值。；115學年度基北區免試入學核定招生名額（使用者提供 PDF；一般生招生名額，含科別與性別欄位）,資優/特色班請依各校及基北區官方公告查詢,,115學年度本表招生科別可確認包含：普通科。學校官網首頁未標示更完整的全校課程方向摘要；詳細課程內容以校方115學年度課程計畫為準。,學校官網首頁未標示115學年度全校統一實習／專題內容；實際實作、專題或成果要求以各科、實習處或課程計畫公告為準。,學校官網首頁未標示完整固定大眾運輸到校路線或115學年度固定學生專車班次；本表不自行補寫路線。,網站首頁未標示固定通勤時間；Google地圖欄已依官方校址建立查詢入口，可依實際出發地查詢即時大眾運輸。,學校官網首頁未標示115學年度校內學生宿舍申請資訊。,https://www.google.com/maps/search/?api=1&query=%E6%96%B0%E5%8C%97%E5%B8%82%E6%96%B0%E8%8E%8A%E5%8D%80%E4%B8%AD%E6%AD%A3%E8%B7%AF108%E8%99%9F; http://www.hchs.ntpc.edu.tw,http://www.hchs.ntpc.edu.tw,http://www.hchs.ntpc.edu.tw,https://www.google.com/maps/search/?api=1&query=%E6%96%B0%E5%8C%97%E5%B8%82%E6%96%B0%E8%8E%8A%E5%8D%80%E4%B8%AD%E6%AD%A3%E8%B7%AF108%E8%99%9F,http://www.hchs.ntpc.edu.tw,http://www.hchs.ntpc.edu.tw,http://www.hchs.ntpc.edu.tw
,011329,財團法人辭修高中,私立,基北區,綜高,男女兼收,新北市,三峽區,新北市三峽區溪東路251號,http://www.tsshs.ntpc.edu.tw,(02)86761277,普通科:174；航運管理科:8；食品科:8,190,190,教育部115學年度高中職名錄；招生與科系依115學年度基北區免試入學簡章整理。未填最低錄取分數，避免引用未經官方統一核定的估算值。；115學年度基北區免試入學核定招生名額（使用者提供 PDF；一般生招生名額，含科別與性別欄位）,資優/特色班請依各校及基北區官方公告查詢,,115學年度本表招生科別可確認包含：普通科、航運管理科、食品科。學校官網首頁未標示更完整的全校課程方向摘要；詳細課程內容以校方115學年度課程計畫為準。,學校官網首頁未標示115學年度全校統一實習／專題內容；實際實作、專題或成果要求以各科、實習處或課程計畫公告為準。,學校官網首頁未標示完整固定大眾運輸到校路線或115學年度固定學生專車班次；本表不自行補寫路線。,網站首頁未標示固定通勤時間；Google地圖欄已依官方校址建立查詢入口，可依實際出發地查詢即時大眾運輸。,學校官網首頁未標示115學年度校內學生宿舍申請資訊。,https://www.google.com/maps/search/?api=1&query=%E6%96%B0%E5%8C%97%E5%B8%82%E4%B8%89%E5%B3%BD%E5%8D%80%E6%BA%AA%E6%9D%B1%E8%B7%AF251%E8%99%9F; http://www.tsshs.ntpc.edu.tw,http://www.tsshs.ntpc.edu.tw,http://www.tsshs.ntpc.edu.tw,https://www.google.com/maps/search/?api=1&query=%E6%96%B0%E5%8C%97%E5%B8%82%E4%B8%89%E5%B3%BD%E5%8D%80%E6%BA%AA%E6%9D%B1%E8%B7%AF251%E8%99%9F,http://www.tsshs.ntpc.edu.tw,http://www.tsshs.ntpc.edu.tw,http://www.tsshs.ntpc.edu.tw
,034306,市立南崁高中,公立,基北區共同就學區,高中,男女兼收,桃園市,蘆竹區,桃園市蘆竹區仁愛路二段1號,https://www.nksh.tyc.edu.tw/ischool/publish_page/0/,(03)3525580,普通科:1；普通科:20,21,21,教育部115學年度高中職名錄；招生與科系依115學年度基北區免試入學簡章整理。未填最低錄取分數，避免引用未經官方統一核定的估算值。；115學年度基北區免試入學核定招生名額（使用者提供 PDF；一般生招生名額，含科別與性別欄位）,資優/特色班請依各校及基北區官方公告查詢,,115學年度本表招生科別可確認包含：普通科。學校官網首頁未標示更完整的全校課程方向摘要；詳細課程內容以校方115學年度課程計畫為準。,學校官網首頁未標示115學年度全校統一實習／專題內容；實際實作、專題或成果要求以各科、實習處或課程計畫公告為準。,學校官網首頁未標示完整固定大眾運輸到校路線或115學年度固定學生專車班次；本表不自行補寫路線。,網站首頁未標示固定通勤時間；Google地圖欄已依官方校址建立查詢入口，可依實際出發地查詢即時大眾運輸。,學校官網首頁未標示115學年度校內學生宿舍申請資訊。,https://www.google.com/maps/search/?api=1&query=%E6%A1%83%E5%9C%92%E5%B8%82%E8%98%86%E7%AB%B9%E5%8D%80%E4%BB%81%E6%84%9B%E8%B7%AF%E4%BA%8C%E6%AE%B51%E8%99%9F; https://www.nksh.tyc.edu.tw/ischool/publish_page/0/,https://www.nksh.tyc.edu.tw/ischool/publish_page/0/,https://www.nksh.tyc.edu.tw/ischool/publish_page/0/,https://www.google.com/maps/search/?api=1&query=%E6%A1%83%E5%9C%92%E5%B8%82%E8%98%86%E7%AB%B9%E5%8D%80%E4%BB%81%E6%84%9B%E8%B7%AF%E4%BA%8C%E6%AE%B51%E8%99%9F,https://www.nksh.tyc.edu.tw/ischool/publish_page/0/,https://www.nksh.tyc.edu.tw/ischool/publish_page/0/,https://www.nksh.tyc.edu.tw/ischool/publish_page/0/
,034314,市立壽山高中,公立,基北區共同就學區,高職,男女兼收,桃園市,龜山區,桃園市龜山區大同路23號,http://www.sssh.tyc.edu.tw,(03)3501778,國際貿易科:5；應用英語科:5；廣告設計科:3,13,13,教育部115學年度高中職名錄；招生與科系依115學年度基北區免試入學簡章整理。未填最低錄取分數，避免引用未經官方統一核定的估算值。；115學年度基北區免試入學核定招生名額（使用者提供 PDF；一般生招生名額，含科別與性別欄位）,資優/特色班請依各校及基北區官方公告查詢,,115學年度本表招生科別可確認包含：國際貿易科、應用英語科、廣告設計科。學校官網首頁未標示更完整的全校課程方向摘要；詳細課程內容以校方115學年度課程計畫為準。,學校官網首頁未標示115學年度全校統一實習／專題內容；實際實作、專題或成果要求以各科、實習處或課程計畫公告為準。,學校官網首頁未標示完整固定大眾運輸到校路線或115學年度固定學生專車班次；本表不自行補寫路線。,網站首頁未標示固定通勤時間；Google地圖欄已依官方校址建立查詢入口，可依實際出發地查詢即時大眾運輸。,學校官網首頁未標示115學年度校內學生宿舍申請資訊。,https://www.google.com/maps/search/?api=1&query=%E6%A1%83%E5%9C%92%E5%B8%82%E9%BE%9C%E5%B1%B1%E5%8D%80%E5%A4%A7%E5%90%8C%E8%B7%AF23%E8%99%9F; http://www.sssh.tyc.edu.tw,http://www.sssh.tyc.edu.tw,http://www.sssh.tyc.edu.tw,https://www.google.com/maps/search/?api=1&query=%E6%A1%83%E5%9C%92%E5%B8%82%E9%BE%9C%E5%B1%B1%E5%8D%80%E5%A4%A7%E5%90%8C%E8%B7%AF23%E8%99%9F,http://www.sssh.tyc.edu.tw,http://www.sssh.tyc.edu.tw,http://www.sssh.tyc.edu.tw
,034347,市立永豐高中,公立,基北區共同就學區,綜高,男女兼收,桃園市,八德區,桃園市八德區永豐路609號,http://www.yfms.tyc.edu.tw,(03)3692679,應用英語科:5；廣告設計科:3；普通科:1,9,9,教育部115學年度高中職名錄；招生與科系依115學年度基北區免試入學簡章整理。未填最低錄取分數，避免引用未經官方統一核定的估算值。；115學年度基北區免試入學核定招生名額（使用者提供 PDF；一般生招生名額，含科別與性別欄位）,資優/特色班請依各校及基北區官方公告查詢,,115學年度本表招生科別可確認包含：應用英語科、廣告設計科、普通科。學校官網首頁未標示更完整的全校課程方向摘要；詳細課程內容以校方115學年度課程計畫為準。,學校官網首頁未標示115學年度全校統一實習／專題內容；實際實作、專題或成果要求以各科、實習處或課程計畫公告為準。,學校官網首頁未標示完整固定大眾運輸到校路線或115學年度固定學生專車班次；本表不自行補寫路線。,網站首頁未標示固定通勤時間；Google地圖欄已依官方校址建立查詢入口，可依實際出發地查詢即時大眾運輸。,學校官網首頁未標示115學年度校內學生宿舍申請資訊。,https://www.google.com/maps/search/?api=1&query=%E6%A1%83%E5%9C%92%E5%B8%82%E5%85%AB%E5%BE%B7%E5%8D%80%E6%B0%B8%E8%B1%90%E8%B7%AF609%E8%99%9F; http://www.yfms.tyc.edu.tw,http://www.yfms.tyc.edu.tw,http://www.yfms.tyc.edu.tw,https://www.google.com/maps/search/?api=1&query=%E6%A1%83%E5%9C%92%E5%B8%82%E5%85%AB%E5%BE%B7%E5%8D%80%E6%B0%B8%E8%B1%90%E8%B7%AF609%E8%99%9F,http://www.yfms.tyc.edu.tw,http://www.yfms.tyc.edu.tw,http://www.yfms.tyc.edu.tw
,031414,桃園市世紀綠能工商,私立,基北區共同就學區,高職,男女兼收,桃園市,龜山區,桃園市龜山區明德路162巷100號,https://web.cgehs.tyc.edu.tw/,(03)3294187,機械科:3；汽車科:3；資訊科:3；幼兒保育科:3；餐飲管理科:3,15,15,教育部115學年度高中職名錄；招生與科系依115學年度基北區免試入學簡章整理。未填最低錄取分數，避免引用未經官方統一核定的估算值。；115學年度基北區免試入學核定招生名額（使用者提供 PDF；一般生招生名額，含科別與性別欄位）,資優/特色班請依各校及基北區官方公告查詢,,115學年度本表招生科別可確認包含：機械科、汽車科、資訊科、幼兒保育科、餐飲管理科。學校官網首頁未標示更完整的全校課程方向摘要；詳細課程內容以校方115學年度課程計畫為準。,學校官網首頁未標示115學年度全校統一實習／專題內容；實際實作、專題或成果要求以各科、實習處或課程計畫公告為準。,學校官網首頁未標示完整固定大眾運輸到校路線或115學年度固定學生專車班次；本表不自行補寫路線。,網站首頁未標示固定通勤時間；Google地圖欄已依官方校址建立查詢入口，可依實際出發地查詢即時大眾運輸。,學校官網首頁未標示115學年度校內學生宿舍申請資訊。,https://www.google.com/maps/search/?api=1&query=%E6%A1%83%E5%9C%92%E5%B8%82%E9%BE%9C%E5%B1%B1%E5%8D%80%E6%98%8E%E5%BE%B7%E8%B7%AF162%E5%B7%B7100%E8%99%9F; https://web.cgehs.tyc.edu.tw/,https://web.cgehs.tyc.edu.tw/,https://web.cgehs.tyc.edu.tw/,https://www.google.com/maps/search/?api=1&query=%E6%A1%83%E5%9C%92%E5%B8%82%E9%BE%9C%E5%B1%B1%E5%8D%80%E6%98%8E%E5%BE%B7%E8%B7%AF162%E5%B7%B7100%E8%99%9F,https://web.cgehs.tyc.edu.tw/,https://web.cgehs.tyc.edu.tw/,https://web.cgehs.tyc.edu.tw/
,031317,私立光啟高中,私立,基北區共同就學區,綜高,男女兼收,桃園市,龜山區,桃園市龜山區自由街40號,http://www.phsh.tyc.edu.tw,(02)82098313,普通科:10；機械科:11；汽車科:11；電機科:11；照顧服務科:11；餐飲管理科:11,65,65,教育部115學年度高中職名錄；招生與科系依115學年度基北區免試入學簡章整理。未填最低錄取分數，避免引用未經官方統一核定的估算值。；115學年度基北區免試入學核定招生名額（使用者提供 PDF；一般生招生名額，含科別與性別欄位）,資優/特色班請依各校及基北區官方公告查詢,,115學年度本表招生科別可確認包含：普通科、機械科、汽車科、電機科、照顧服務科、餐飲管理科。學校官網首頁未標示更完整的全校課程方向摘要；詳細課程內容以校方115學年度課程計畫為準。,學校官網首頁未標示115學年度全校統一實習／專題內容；實際實作、專題或成果要求以各科、實習處或課程計畫公告為準。,學校官網首頁未標示完整固定大眾運輸到校路線或115學年度固定學生專車班次；本表不自行補寫路線。,網站首頁未標示固定通勤時間；Google地圖欄已依官方校址建立查詢入口，可依實際出發地查詢即時大眾運輸。,學校官網首頁未標示115學年度校內學生宿舍申請資訊。,https://www.google.com/maps/search/?api=1&query=%E6%A1%83%E5%9C%92%E5%B8%82%E9%BE%9C%E5%B1%B1%E5%8D%80%E8%87%AA%E7%94%B1%E8%A1%9740%E8%99%9F; http://www.phsh.tyc.edu.tw,http://www.phsh.tyc.edu.tw,http://www.phsh.tyc.edu.tw,https://www.google.com/maps/search/?api=1&query=%E6%A1%83%E5%9C%92%E5%B8%82%E9%BE%9C%E5%B1%B1%E5%8D%80%E8%87%AA%E7%94%B1%E8%A1%9740%E8%99%9F,http://www.phsh.tyc.edu.tw,http://www.phsh.tyc.edu.tw,http://www.phsh.tyc.edu.tw
,330301,國立師大附中,公立,基北區,高中,男女兼收,臺北市,大安區,臺北市大安區和安里信義路三段143號,https://www.hs.ntnu.edu.tw/,(02)27075215,普通科(男):463；普通科(女):198,661,661,教育部115學年度高中職名錄；招生與科系依115學年度基北區免試入學簡章整理。未填最低錄取分數，避免引用未經官方統一核定的估算值。；115學年度基北區免試入學核定招生名額（使用者提供 PDF；一般生招生名額，含科別與性別欄位）,資優/特色班請依各校及基北區官方公告查詢,,115學年度本表招生科別可確認包含：普通科。學校官網首頁未標示更完整的全校課程方向摘要；詳細課程內容以校方115學年度課程計畫為準。,學校官網首頁未標示115學年度全校統一實習／專題內容；實際實作、專題或成果要求以各科、實習處或課程計畫公告為準。,學校官網首頁未標示完整固定大眾運輸到校路線或115學年度固定學生專車班次；本表不自行補寫路線。,網站首頁未標示固定通勤時間；Google地圖欄已依官方校址建立查詢入口，可依實際出發地查詢即時大眾運輸。,學校官網首頁未標示115學年度校內學生宿舍申請資訊。,https://www.google.com/maps/search/?api=1&query=%E8%87%BA%E5%8C%97%E5%B8%82%E5%A4%A7%E5%AE%89%E5%8D%80%E5%92%8C%E5%AE%89%E9%87%8C%E4%BF%A1%E7%BE%A9%E8%B7%AF%E4%B8%89%E6%AE%B5143%E8%99%9F; https://www.hs.ntnu.edu.tw/,https://www.hs.ntnu.edu.tw/,https://www.hs.ntnu.edu.tw/,https://www.google.com/maps/search/?api=1&query=%E8%87%BA%E5%8C%97%E5%B8%82%E5%A4%A7%E5%AE%89%E5%8D%80%E5%92%8C%E5%AE%89%E9%87%8C%E4%BF%A1%E7%BE%A9%E8%B7%AF%E4%B8%89%E6%AE%B5143%E8%99%9F,https://www.hs.ntnu.edu.tw/,https://www.hs.ntnu.edu.tw/,https://www.hs.ntnu.edu.tw/
,380301,國立政大附中,公立,基北區,高中,男女兼收,臺北市,文山區,臺北市文山區政大里政大一街353號,https://www.ahs.nccu.edu.tw/home,(02)82377500,普通科:163,163,163,教育部115學年度高中職名錄；招生與科系依115學年度基北區免試入學簡章整理。未填最低錄取分數，避免引用未經官方統一核定的估算值。；115學年度基北區免試入學核定招生名額（使用者提供 PDF；一般生招生名額，含科別與性別欄位）,資優/特色班請依各校及基北區官方公告查詢,,115學年度本表招生科別可確認包含：普通科。學校官網首頁未標示更完整的全校課程方向摘要；詳細課程內容以校方115學年度課程計畫為準。,學校官網首頁未標示115學年度全校統一實習／專題內容；實際實作、專題或成果要求以各科、實習處或課程計畫公告為準。,學校官網首頁未標示完整固定大眾運輸到校路線或115學年度固定學生專車班次；本表不自行補寫路線。,網站首頁未標示固定通勤時間；Google地圖欄已依官方校址建立查詢入口，可依實際出發地查詢即時大眾運輸。,學校官網首頁未標示115學年度校內學生宿舍申請資訊。,https://www.google.com/maps/search/?api=1&query=%E8%87%BA%E5%8C%97%E5%B8%82%E6%96%87%E5%B1%B1%E5%8D%80%E6%94%BF%E5%A4%A7%E9%87%8C%E6%94%BF%E5%A4%A7%E4%B8%80%E8%A1%97353%E8%99%9F; https://www.ahs.nccu.edu.tw/home,https://www.ahs.nccu.edu.tw/home,https://www.ahs.nccu.edu.tw/home,https://www.google.com/maps/search/?api=1&query=%E8%87%BA%E5%8C%97%E5%B8%82%E6%96%87%E5%B1%B1%E5%8D%80%E6%94%BF%E5%A4%A7%E9%87%8C%E6%94%BF%E5%A4%A7%E4%B8%80%E8%A1%97353%E8%99%9F,https://www.ahs.nccu.edu.tw/home,https://www.ahs.nccu.edu.tw/home,https://www.ahs.nccu.edu.tw/home
,343301,市立中山女中,公立,基北區,高中,女校,臺北市,中山區,臺北市中山區力行里長安東路2段141號,http://www.csghs.tp.edu.tw,(02)25073148,普通科(女):709,709,709,教育部115學年度高中職名錄；招生與科系依115學年度基北區免試入學簡章整理。未填最低錄取分數，避免引用未經官方統一核定的估算值。；115學年度基北區免試入學核定招生名額（使用者提供 PDF；一般生招生名額，含科別與性別欄位）,資優/特色班請依各校及基北區官方公告查詢,,115學年度本表招生科別可確認包含：普通科。學校官網首頁未標示更完整的全校課程方向摘要；詳細課程內容以校方115學年度課程計畫為準。,學校官網首頁未標示115學年度全校統一實習／專題內容；實際實作、專題或成果要求以各科、實習處或課程計畫公告為準。,學校官網首頁未標示完整固定大眾運輸到校路線或115學年度固定學生專車班次；本表不自行補寫路線。,網站首頁未標示固定通勤時間；Google地圖欄已依官方校址建立查詢入口，可依實際出發地查詢即時大眾運輸。,學校官網首頁未標示115學年度校內學生宿舍申請資訊。,https://www.google.com/maps/search/?api=1&query=%E8%87%BA%E5%8C%97%E5%B8%82%E4%B8%AD%E5%B1%B1%E5%8D%80%E5%8A%9B%E8%A1%8C%E9%87%8C%E9%95%B7%E5%AE%89%E6%9D%B1%E8%B7%AF2%E6%AE%B5141%E8%99%9F; http://www.csghs.tp.edu.tw,http://www.csghs.tp.edu.tw,http://www.csghs.tp.edu.tw,https://www.google.com/maps/search/?api=1&query=%E8%87%BA%E5%8C%97%E5%B8%82%E4%B8%AD%E5%B1%B1%E5%8D%80%E5%8A%9B%E8%A1%8C%E9%87%8C%E9%95%B7%E5%AE%89%E6%9D%B1%E8%B7%AF2%E6%AE%B5141%E8%99%9F,http://www.csghs.tp.edu.tw,http://www.csghs.tp.edu.tw,http://www.csghs.tp.edu.tw
,313302,市立中崙高中,公立,基北區,高中,男女兼收,臺北市,松山區,臺北市松山區吉祥里八德路四段101號,http://www.zlsh.tp.edu.tw/,(02)27535316,普通科:259,259,259,教育部115學年度高中職名錄；招生與科系依115學年度基北區免試入學簡章整理。未填最低錄取分數，避免引用未經官方統一核定的估算值。；115學年度基北區免試入學核定招生名額（使用者提供 PDF；一般生招生名額，含科別與性別欄位）,資優/特色班請依各校及基北區官方公告查詢,,115學年度本表招生科別可確認包含：普通科。學校官網首頁未標示更完整的全校課程方向摘要；詳細課程內容以校方115學年度課程計畫為準。,學校官網首頁未標示115學年度全校統一實習／專題內容；實際實作、專題或成果要求以各科、實習處或課程計畫公告為準。,學校官網首頁未標示完整固定大眾運輸到校路線或115學年度固定學生專車班次；本表不自行補寫路線。,網站首頁未標示固定通勤時間；Google地圖欄已依官方校址建立查詢入口，可依實際出發地查詢即時大眾運輸。,學校官網首頁未標示115學年度校內學生宿舍申請資訊。,https://www.google.com/maps/search/?api=1&query=%E8%87%BA%E5%8C%97%E5%B8%82%E6%9D%BE%E5%B1%B1%E5%8D%80%E5%90%89%E7%A5%A5%E9%87%8C%E5%85%AB%E5%BE%B7%E8%B7%AF%E5%9B%9B%E6%AE%B5101%E8%99%9F; http://www.zlsh.tp.edu.tw/,http://www.zlsh.tp.edu.tw/,http://www.zlsh.tp.edu.tw/,https://www.google.com/maps/search/?api=1&query=%E8%87%BA%E5%8C%97%E5%B8%82%E6%9D%BE%E5%B1%B1%E5%8D%80%E5%90%89%E7%A5%A5%E9%87%8C%E5%85%AB%E5%BE%B7%E8%B7%AF%E5%9B%9B%E6%AE%B5101%E8%99%9F,http://www.zlsh.tp.edu.tw/,http://www.zlsh.tp.edu.tw/,http://www.zlsh.tp.edu.tw/
,423302,市立中正高中,公立,基北區,高中,男女兼收,臺北市,北投區,臺北市北投區建民里文林北路77號,https://www.ccsh.tp.edu.tw/,(02)28234811,普通科:449,449,449,教育部115學年度高中職名錄；招生與科系依115學年度基北區免試入學簡章整理。未填最低錄取分數，避免引用未經官方統一核定的估算值。；115學年度基北區免試入學核定招生名額（使用者提供 PDF；一般生招生名額，含科別與性別欄位）,資優/特色班請依各校及基北區官方公告查詢,,115學年度本表招生科別可確認包含：普通科。學校官網首頁未標示更完整的全校課程方向摘要；詳細課程內容以校方115學年度課程計畫為準。,學校官網首頁未標示115學年度全校統一實習／專題內容；實際實作、專題或成果要求以各科、實習處或課程計畫公告為準。,學校官網首頁未標示完整固定大眾運輸到校路線或115學年度固定學生專車班次；本表不自行補寫路線。,網站首頁未標示固定通勤時間；Google地圖欄已依官方校址建立查詢入口，可依實際出發地查詢即時大眾運輸。,學校官網首頁未標示115學年度校內學生宿舍申請資訊。,https://www.google.com/maps/search/?api=1&query=%E8%87%BA%E5%8C%97%E5%B8%82%E5%8C%97%E6%8A%95%E5%8D%80%E5%BB%BA%E6%B0%91%E9%87%8C%E6%96%87%E6%9E%97%E5%8C%97%E8%B7%AF77%E8%99%9F; https://www.ccsh.tp.edu.tw/,https://www.ccsh.tp.edu.tw/,https://www.ccsh.tp.edu.tw/,https://www.google.com/maps/search/?api=1&query=%E8%87%BA%E5%8C%97%E5%B8%82%E5%8C%97%E6%8A%95%E5%8D%80%E5%BB%BA%E6%B0%91%E9%87%8C%E6%96%87%E6%9E%97%E5%8C%97%E8%B7%AF77%E8%99%9F,https://www.ccsh.tp.edu.tw/,https://www.ccsh.tp.edu.tw/,https://www.ccsh.tp.edu.tw/
,403301,市立內湖高中,公立,基北區,高中,男女兼收,臺北市,內湖區,臺北市內湖區紫陽里文德路218號,http://www.nhsh.tp.edu.tw,(02)27977035,男(5):6；女(6):5,11,11,教育部115學年度高中職名錄；招生與科系依115學年度基北區免試入學簡章整理。未填最低錄取分數，避免引用未經官方統一核定的估算值。；115學年度基北區免試入學核定招生名額（使用者提供 PDF；一般生招生名額，含科別與性別欄位）,資優/特色班請依各校及基北區官方公告查詢,,學校官網首頁未標示更完整的全校課程方向摘要；詳細課程內容以校方115學年度課程計畫為準。,學校官網首頁未標示115學年度全校統一實習／專題內容；實際實作、專題或成果要求以各科、實習處或課程計畫公告為準。,學校官網首頁未標示完整固定大眾運輸到校路線或115學年度固定學生專車班次；本表不自行補寫路線。,網站首頁未標示固定通勤時間；Google地圖欄已依官方校址建立查詢入口，可依實際出發地查詢即時大眾運輸。,學校官網首頁未標示115學年度校內學生宿舍申請資訊。,https://www.google.com/maps/search/?api=1&query=%E8%87%BA%E5%8C%97%E5%B8%82%E5%85%A7%E6%B9%96%E5%8D%80%E7%B4%AB%E9%99%BD%E9%87%8C%E6%96%87%E5%BE%B7%E8%B7%AF218%E8%99%9F; http://www.nhsh.tp.edu.tw,http://www.nhsh.tp.edu.tw,http://www.nhsh.tp.edu.tw,https://www.google.com/maps/search/?api=1&query=%E8%87%BA%E5%8C%97%E5%B8%82%E5%85%A7%E6%B9%96%E5%8D%80%E7%B4%AB%E9%99%BD%E9%87%8C%E6%96%87%E5%BE%B7%E8%B7%AF218%E8%99%9F,http://www.nhsh.tp.edu.tw,http://www.nhsh.tp.edu.tw,http://www.nhsh.tp.edu.tw
,403401,市立內湖高工,公立,基北區,高職,男女兼收,臺北市,內湖區,114064 臺北市內湖區內湖路一段520號,https://www.nihs.tp.edu.tw/,(02)26574874,電子科:96；控制科:44；電機科:88；冷凍空調科:48；應用英語科:48；商業經營科:96,420,420,教育部115學年度高中職名錄；招生與科系依115學年度基北區免試入學簡章整理。未填最低錄取分數，避免引用未經官方統一核定的估算值。；115學年度基北區免試入學核定招生名額（使用者提供 PDF；一般生招生名額，含科別與性別欄位）,資優/特色班請依各校及基北區官方公告查詢,,115學年度本表招生科別可確認包含：電子科、控制科、電機科、冷凍空調科、應用英語科、商業經營科。學校官網首頁未標示更完整的全校課程方向摘要；詳細課程內容以校方115學年度課程計畫為準。,學校官網首頁未標示115學年度全校統一實習／專題內容；實際實作、專題或成果要求以各科、實習處或課程計畫公告為準。,學校官網首頁未標示完整固定大眾運輸到校路線或115學年度固定學生專車班次；本表不自行補寫路線。,網站首頁未標示固定通勤時間；Google地圖欄已依官方校址建立查詢入口，可依實際出發地查詢即時大眾運輸。,學校官網首頁未標示115學年度校內學生宿舍申請資訊。,https://www.google.com/maps/search/?api=1&query=114064+%E8%87%BA%E5%8C%97%E5%B8%82%E5%85%A7%E6%B9%96%E5%8D%80%E5%85%A7%E6%B9%96%E8%B7%AF%E4%B8%80%E6%AE%B5520%E8%99%9F; https://www.nihs.tp.edu.tw/,https://www.nihs.tp.edu.tw/,https://www.nihs.tp.edu.tw/,https://www.google.com/maps/search/?api=1&query=114064+%E8%87%BA%E5%8C%97%E5%B8%82%E5%85%A7%E6%B9%96%E5%8D%80%E5%85%A7%E6%B9%96%E8%B7%AF%E4%B8%80%E6%AE%B5520%E8%99%9F,https://www.nihs.tp.edu.tw/,https://www.nihs.tp.edu.tw/,https://www.nihs.tp.edu.tw/
,353303,市立北一女中,公立,基北區,高中,女校,臺北市,中正區,臺北市中正區建國里重慶南路1段165號,http://www.fg.tp.edu.tw,(02)23820484,普通科(女):704,704,704,教育部115學年度高中職名錄；招生與科系依115學年度基北區免試入學簡章整理。未填最低錄取分數，避免引用未經官方統一核定的估算值。；115學年度基北區免試入學核定招生名額（使用者提供 PDF；一般生招生名額，含科別與性別欄位）,資優/特色班請依各校及基北區官方公告查詢,,115學年度本表招生科別可確認包含：普通科。學校官網首頁未標示更完整的全校課程方向摘要；詳細課程內容以校方115學年度課程計畫為準。,學校官網首頁未標示115學年度全校統一實習／專題內容；實際實作、專題或成果要求以各科、實習處或課程計畫公告為準。,學校官網首頁未標示完整固定大眾運輸到校路線或115學年度固定學生專車班次；本表不自行補寫路線。,網站首頁未標示固定通勤時間；Google地圖欄已依官方校址建立查詢入口，可依實際出發地查詢即時大眾運輸。,學校官網首頁未標示115學年度校內學生宿舍申請資訊。,https://www.google.com/maps/search/?api=1&query=%E8%87%BA%E5%8C%97%E5%B8%82%E4%B8%AD%E6%AD%A3%E5%8D%80%E5%BB%BA%E5%9C%8B%E9%87%8C%E9%87%8D%E6%85%B6%E5%8D%97%E8%B7%AF1%E6%AE%B5165%E8%99%9F; http://www.fg.tp.edu.tw,http://www.fg.tp.edu.tw,http://www.fg.tp.edu.tw,https://www.google.com/maps/search/?api=1&query=%E8%87%BA%E5%8C%97%E5%B8%82%E4%B8%AD%E6%AD%A3%E5%8D%80%E5%BB%BA%E5%9C%8B%E9%87%8C%E9%87%8D%E6%85%B6%E5%8D%97%E8%B7%AF1%E6%AE%B5165%E8%99%9F,http://www.fg.tp.edu.tw,http://www.fg.tp.edu.tw,http://www.fg.tp.edu.tw
,373302,市立北市大附中,公立,基北區,綜高,男女兼收,臺北市,萬華區,108324 臺北市萬華區長順街2號,https://newweb.tlsh.tp.edu.tw/,(02)23026959,綜合高中:234,234,234,教育部115學年度高中職名錄；招生與科系依115學年度基北區免試入學簡章整理。未填最低錄取分數，避免引用未經官方統一核定的估算值。；115學年度基北區免試入學核定招生名額（使用者提供 PDF；一般生招生名額，含科別與性別欄位）,資優/特色班請依各校及基北區官方公告查詢,,115學年度本表招生科別可確認包含：綜合高中。學校官網首頁未標示更完整的全校課程方向摘要；詳細課程內容以校方115學年度課程計畫為準。,學校官網首頁未標示115學年度全校統一實習／專題內容；實際實作、專題或成果要求以各科、實習處或課程計畫公告為準。,學校官網首頁未標示完整固定大眾運輸到校路線或115學年度固定學生專車班次；本表不自行補寫路線。,網站首頁未標示固定通勤時間；Google地圖欄已依官方校址建立查詢入口，可依實際出發地查詢即時大眾運輸。,學校官網首頁未標示115學年度校內學生宿舍申請資訊。,https://www.google.com/maps/search/?api=1&query=108324+%E8%87%BA%E5%8C%97%E5%B8%82%E8%90%AC%E8%8F%AF%E5%8D%80%E9%95%B7%E9%A0%86%E8%A1%972%E8%99%9F; https://newweb.tlsh.tp.edu.tw/,https://newweb.tlsh.tp.edu.tw/,https://newweb.tlsh.tp.edu.tw/,https://www.google.com/maps/search/?api=1&query=108324+%E8%87%BA%E5%8C%97%E5%B8%82%E8%90%AC%E8%8F%AF%E5%8D%80%E9%95%B7%E9%A0%86%E8%A1%972%E8%99%9F,https://newweb.tlsh.tp.edu.tw/,https://newweb.tlsh.tp.edu.tw/,https://newweb.tlsh.tp.edu.tw/
,393301,市立南港高中,公立,基北區,高中,男女兼收,臺北市,南港區,臺北市南港區西新里向陽路21號,http://www.nksh.tp.edu.tw,(02)27837863,普通科:193,193,193,教育部115學年度高中職名錄；招生與科系依115學年度基北區免試入學簡章整理。未填最低錄取分數，避免引用未經官方統一核定的估算值。；115學年度基北區免試入學核定招生名額（使用者提供 PDF；一般生招生名額，含科別與性別欄位）,資優/特色班請依各校及基北區官方公告查詢,,115學年度本表招生科別可確認包含：普通科。學校官網首頁未標示更完整的全校課程方向摘要；詳細課程內容以校方115學年度課程計畫為準。,學校官網首頁未標示115學年度全校統一實習／專題內容；實際實作、專題或成果要求以各科、實習處或課程計畫公告為準。,學校官網首頁未標示完整固定大眾運輸到校路線或115學年度固定學生專車班次；本表不自行補寫路線。,網站首頁未標示固定通勤時間；Google地圖欄已依官方校址建立查詢入口，可依實際出發地查詢即時大眾運輸。,學校官網首頁未標示115學年度校內學生宿舍申請資訊。,https://www.google.com/maps/search/?api=1&query=%E8%87%BA%E5%8C%97%E5%B8%82%E5%8D%97%E6%B8%AF%E5%8D%80%E8%A5%BF%E6%96%B0%E9%87%8C%E5%90%91%E9%99%BD%E8%B7%AF21%E8%99%9F; http://www.nksh.tp.edu.tw,http://www.nksh.tp.edu.tw,http://www.nksh.tp.edu.tw,https://www.google.com/maps/search/?api=1&query=%E8%87%BA%E5%8C%97%E5%B8%82%E5%8D%97%E6%B8%AF%E5%8D%80%E8%A5%BF%E6%96%B0%E9%87%8C%E5%90%91%E9%99%BD%E8%B7%AF21%E8%99%9F,http://www.nksh.tp.edu.tw,http://www.nksh.tp.edu.tw,http://www.nksh.tp.edu.tw
,393401,市立南港高工,公立,基北區,高職,男女兼收,臺北市,南港區,臺北市南港區南港里興中路29號,http://www.nkhs.tp.edu.tw,(02)27825432,汽車科:44；電子科:49；電機科:54；冷凍空調科:44；建築科:54；土木科:40；劇場藝術科:52；資訊科:72,409,409,教育部115學年度高中職名錄；招生與科系依115學年度基北區免試入學簡章整理。未填最低錄取分數，避免引用未經官方統一核定的估算值。；115學年度基北區免試入學核定招生名額（使用者提供 PDF；一般生招生名額，含科別與性別欄位）,資優/特色班請依各校及基北區官方公告查詢,,115學年度本表招生科別可確認包含：汽車科、電子科、電機科、冷凍空調科、建築科、土木科、劇場藝術科、資訊科。學校官網首頁未標示更完整的全校課程方向摘要；詳細課程內容以校方115學年度課程計畫為準。,學校官網首頁未標示115學年度全校統一實習／專題內容；實際實作、專題或成果要求以各科、實習處或課程計畫公告為準。,學校官網首頁未標示完整固定大眾運輸到校路線或115學年度固定學生專車班次；本表不自行補寫路線。,網站首頁未標示固定通勤時間；Google地圖欄已依官方校址建立查詢入口，可依實際出發地查詢即時大眾運輸。,學校官網首頁未標示115學年度校內學生宿舍申請資訊。,https://www.google.com/maps/search/?api=1&query=%E8%87%BA%E5%8C%97%E5%B8%82%E5%8D%97%E6%B8%AF%E5%8D%80%E5%8D%97%E6%B8%AF%E9%87%8C%E8%88%88%E4%B8%AD%E8%B7%AF29%E8%99%9F; http://www.nkhs.tp.edu.tw,http://www.nkhs.tp.edu.tw,http://www.nkhs.tp.edu.tw,https://www.google.com/maps/search/?api=1&query=%E8%87%BA%E5%8C%97%E5%B8%82%E5%8D%97%E6%B8%AF%E5%8D%80%E5%8D%97%E6%B8%AF%E9%87%8C%E8%88%88%E4%B8%AD%E8%B7%AF29%E8%99%9F,http://www.nkhs.tp.edu.tw,http://www.nkhs.tp.edu.tw,http://www.nkhs.tp.edu.tw
,403303,市立南湖高中,公立,基北區,高中,男女兼收,臺北市,內湖區,臺北市內湖區南湖里康寧路三段220號,http://www.nhush.tp.edu.tw,(02)26308889,普通科:442,442,442,教育部115學年度高中職名錄；招生與科系依115學年度基北區免試入學簡章整理。未填最低錄取分數，避免引用未經官方統一核定的估算值。；115學年度基北區免試入學核定招生名額（使用者提供 PDF；一般生招生名額，含科別與性別欄位）,資優/特色班請依各校及基北區官方公告查詢,,115學年度本表招生科別可確認包含：普通科。學校官網首頁未標示更完整的全校課程方向摘要；詳細課程內容以校方115學年度課程計畫為準。,學校官網首頁未標示115學年度全校統一實習／專題內容；實際實作、專題或成果要求以各科、實習處或課程計畫公告為準。,學校官網首頁未標示完整固定大眾運輸到校路線或115學年度固定學生專車班次；本表不自行補寫路線。,網站首頁未標示固定通勤時間；Google地圖欄已依官方校址建立查詢入口，可依實際出發地查詢即時大眾運輸。,學校官網首頁未標示115學年度校內學生宿舍申請資訊。,https://www.google.com/maps/search/?api=1&query=%E8%87%BA%E5%8C%97%E5%B8%82%E5%85%A7%E6%B9%96%E5%8D%80%E5%8D%97%E6%B9%96%E9%87%8C%E5%BA%B7%E5%AF%A7%E8%B7%AF%E4%B8%89%E6%AE%B5220%E8%99%9F; http://www.nhush.tp.edu.tw,http://www.nhush.tp.edu.tw,http://www.nhush.tp.edu.tw,https://www.google.com/maps/search/?api=1&query=%E8%87%BA%E5%8C%97%E5%B8%82%E5%85%A7%E6%B9%96%E5%8D%80%E5%8D%97%E6%B9%96%E9%87%8C%E5%BA%B7%E5%AF%A7%E8%B7%AF%E4%B8%89%E6%AE%B5220%E8%99%9F,http://www.nhush.tp.edu.tw,http://www.nhush.tp.edu.tw,http://www.nhush.tp.edu.tw
,333301,市立和平高中,公立,基北區,高中,男女兼收,臺北市,大安區,106323 臺北市大安區臥龍街100號,https://www.hpsh.tp.edu.tw/,(02)27324300,普通科:321,321,321,教育部115學年度高中職名錄；招生與科系依115學年度基北區免試入學簡章整理。未填最低錄取分數，避免引用未經官方統一核定的估算值。；115學年度基北區免試入學核定招生名額（使用者提供 PDF；一般生招生名額，含科別與性別欄位）,資優/特色班請依各校及基北區官方公告查詢,,普通型高中課程以「探索自我、關懷社會、國際視野、終身學習」等校本學生圖像為軸，搭配多元選修、微課程與自主學習。,不設技職類固定實習；以自主學習、探究實作、微課程與學習成果為主，網站未標示全校統一專題題目。,學校官網首頁未標示完整固定大眾運輸到校路線或115學年度固定學生專車班次；本表不自行補寫路線。,網站首頁未標示固定通勤時間；Google地圖欄已依官方校址建立查詢入口，可依實際出發地查詢即時大眾運輸。,學校官網首頁未標示115學年度校內學生宿舍申請資訊。,https://www.google.com/maps/search/?api=1&query=106323+%E8%87%BA%E5%8C%97%E5%B8%82%E5%A4%A7%E5%AE%89%E5%8D%80%E8%87%A5%E9%BE%8D%E8%A1%97100%E8%99%9F; https://www.hpsh.tp.edu.tw/,https://www.hpsh.tp.edu.tw/,https://www.hpsh.tp.edu.tw/,https://www.google.com/maps/search/?api=1&query=106323+%E8%87%BA%E5%8C%97%E5%B8%82%E5%A4%A7%E5%AE%89%E5%8D%80%E8%87%A5%E9%BE%8D%E8%A1%97100%E8%99%9F,https://www.hpsh.tp.edu.tw/,https://admission.mail.hpsh.tp.edu.tw/,https://admission.mail.hpsh.tp.edu.tw/
,413401,市立士林高商,公立,基北區,高職,男女兼收,臺北市,士林區,臺北市士林區後港里士商路150號,http://www.slhs.tp.edu.tw,(02)28313114,國際貿易科:96；會計事務科:48；資料處理科:48；應用英語科:72；廣告設計科:58；資訊科:11；商業經營科:2；商業經營科:15；國際貿易科:12；應用英語科:10,372,372,教育部115學年度高中職名錄；招生與科系依115學年度基北區免試入學簡章整理。未填最低錄取分數，避免引用未經官方統一核定的估算值。；115學年度基北區免試入學核定招生名額（使用者提供 PDF；一般生招生名額，含科別與性別欄位）,資優/特色班請依各校及基北區官方公告查詢,,115學年度本表招生科別可確認包含：國際貿易科、會計事務科、資料處理科、應用英語科、廣告設計科、資訊科、商業經營科。學校官網首頁未標示更完整的全校課程方向摘要；詳細課程內容以校方115學年度課程計畫為準。,學校官網首頁未標示115學年度全校統一實習／專題內容；實際實作、專題或成果要求以各科、實習處或課程計畫公告為準。,學校官網首頁未標示完整固定大眾運輸到校路線或115學年度固定學生專車班次；本表不自行補寫路線。,網站首頁未標示固定通勤時間；Google地圖欄已依官方校址建立查詢入口，可依實際出發地查詢即時大眾運輸。,學校官網首頁未標示115學年度校內學生宿舍申請資訊。,https://www.google.com/maps/search/?api=1&query=%E8%87%BA%E5%8C%97%E5%B8%82%E5%A3%AB%E6%9E%97%E5%8D%80%E5%BE%8C%E6%B8%AF%E9%87%8C%E5%A3%AB%E5%95%86%E8%B7%AF150%E8%99%9F; http://www.slhs.tp.edu.tw,http://www.slhs.tp.edu.tw,http://www.slhs.tp.edu.tw,https://www.google.com/maps/search/?api=1&query=%E8%87%BA%E5%8C%97%E5%B8%82%E5%A3%AB%E6%9E%97%E5%8D%80%E5%BE%8C%E6%B8%AF%E9%87%8C%E5%A3%AB%E5%95%86%E8%B7%AF150%E8%99%9F,http://www.slhs.tp.edu.tw,http://www.slhs.tp.edu.tw,http://www.slhs.tp.edu.tw
,343302,市立大同高中,公立,基北區,綜高,男女兼收,臺北市,中山區,臺北市中山區中央里長春路167號,http://www.ttsh.tp.edu.tw,(02)25054269,普通科:461；資訊科:41；資料處理科:41,543,543,教育部115學年度高中職名錄；招生與科系依115學年度基北區免試入學簡章整理。未填最低錄取分數，避免引用未經官方統一核定的估算值。；115學年度基北區免試入學核定招生名額（使用者提供 PDF；一般生招生名額，含科別與性別欄位）,資優/特色班請依各校及基北區官方公告查詢,,115學年度本表招生科別可確認包含：普通科、資訊科、資料處理科。學校官網首頁未標示更完整的全校課程方向摘要；詳細課程內容以校方115學年度課程計畫為準。,學校官網首頁未標示115學年度全校統一實習／專題內容；實際實作、專題或成果要求以各科、實習處或課程計畫公告為準。,學校官網首頁未標示完整固定大眾運輸到校路線或115學年度固定學生專車班次；本表不自行補寫路線。,網站首頁未標示固定通勤時間；Google地圖欄已依官方校址建立查詢入口，可依實際出發地查詢即時大眾運輸。,學校官網首頁未標示115學年度校內學生宿舍申請資訊。,https://www.google.com/maps/search/?api=1&query=%E8%87%BA%E5%8C%97%E5%B8%82%E4%B8%AD%E5%B1%B1%E5%8D%80%E4%B8%AD%E5%A4%AE%E9%87%8C%E9%95%B7%E6%98%A5%E8%B7%AF167%E8%99%9F; http://www.ttsh.tp.edu.tw,http://www.ttsh.tp.edu.tw,http://www.ttsh.tp.edu.tw,https://www.google.com/maps/search/?api=1&query=%E8%87%BA%E5%8C%97%E5%B8%82%E4%B8%AD%E5%B1%B1%E5%8D%80%E4%B8%AD%E5%A4%AE%E9%87%8C%E9%95%B7%E6%98%A5%E8%B7%AF167%E8%99%9F,http://www.ttsh.tp.edu.tw,http://www.ttsh.tp.edu.tw,http://www.ttsh.tp.edu.tw
,333401,市立大安高工,公立,基北區,高職,男女兼收,臺北市,大安區,臺北市大安區龍圖里復興南路2段52號,http://www.taivs.tp.edu.tw,(02)27091630,汽車科:56；資訊科:52；電子科:49；控制科:37；電機科:52；冷凍空調科:49；建築科:52；圖文傳播科:54；機械科:67；鑄造科:18；汽車科:9；電子科:9；電機科:9；建築科:9；圖文傳播科:9,531,531,教育部115學年度高中職名錄；招生與科系依115學年度基北區免試入學簡章整理。未填最低錄取分數，避免引用未經官方統一核定的估算值。；115學年度基北區免試入學核定招生名額（使用者提供 PDF；一般生招生名額，含科別與性別欄位）,資優/特色班請依各校及基北區官方公告查詢,,115學年度本表招生科別可確認包含：汽車科、資訊科、電子科、控制科、電機科、冷凍空調科、建築科、圖文傳播科等。學校官網首頁未標示更完整的全校課程方向摘要；詳細課程內容以校方115學年度課程計畫為準。,學校官網首頁未標示115學年度全校統一實習／專題內容；實際實作、專題或成果要求以各科、實習處或課程計畫公告為準。,學校官網首頁未標示完整固定大眾運輸到校路線或115學年度固定學生專車班次；本表不自行補寫路線。,網站首頁未標示固定通勤時間；Google地圖欄已依官方校址建立查詢入口，可依實際出發地查詢即時大眾運輸。,學校官網首頁未標示115學年度校內學生宿舍申請資訊。,https://www.google.com/maps/search/?api=1&query=%E8%87%BA%E5%8C%97%E5%B8%82%E5%A4%A7%E5%AE%89%E5%8D%80%E9%BE%8D%E5%9C%96%E9%87%8C%E5%BE%A9%E8%88%88%E5%8D%97%E8%B7%AF2%E6%AE%B552%E8%99%9F; http://www.taivs.tp.edu.tw,http://www.taivs.tp.edu.tw,http://www.taivs.tp.edu.tw,https://www.google.com/maps/search/?api=1&query=%E8%87%BA%E5%8C%97%E5%B8%82%E5%A4%A7%E5%AE%89%E5%8D%80%E9%BE%8D%E5%9C%96%E9%87%8C%E5%BE%A9%E8%88%88%E5%8D%97%E8%B7%AF2%E6%AE%B552%E8%99%9F,http://www.taivs.tp.edu.tw,http://www.taivs.tp.edu.tw,http://www.taivs.tp.edu.tw
,343303,市立大直高中,公立,基北區,高中,男女兼收,臺北市,中山區,臺北市中山區劍潭里北安路420號,http://www.dcsh.tp.edu.tw,(02)25334017,普通科:237,237,237,教育部115學年度高中職名錄；招生與科系依115學年度基北區免試入學簡章整理。未填最低錄取分數，避免引用未經官方統一核定的估算值。；115學年度基北區免試入學核定招生名額（使用者提供 PDF；一般生招生名額，含科別與性別欄位）,資優/特色班請依各校及基北區官方公告查詢,,115學年度本表招生科別可確認包含：普通科。學校官網首頁未標示更完整的全校課程方向摘要；詳細課程內容以校方115學年度課程計畫為準。,學校官網首頁未標示115學年度全校統一實習／專題內容；實際實作、專題或成果要求以各科、實習處或課程計畫公告為準。,學校官網首頁未標示完整固定大眾運輸到校路線或115學年度固定學生專車班次；本表不自行補寫路線。,網站首頁未標示固定通勤時間；Google地圖欄已依官方校址建立查詢入口，可依實際出發地查詢即時大眾運輸。,學校官網首頁未標示115學年度校內學生宿舍申請資訊。,https://www.google.com/maps/search/?api=1&query=%E8%87%BA%E5%8C%97%E5%B8%82%E4%B8%AD%E5%B1%B1%E5%8D%80%E5%8A%8D%E6%BD%AD%E9%87%8C%E5%8C%97%E5%AE%89%E8%B7%AF420%E8%99%9F; http://www.dcsh.tp.edu.tw,http://www.dcsh.tp.edu.tw,http://www.dcsh.tp.edu.tw,https://www.google.com/maps/search/?api=1&query=%E8%87%BA%E5%8C%97%E5%B8%82%E4%B8%AD%E5%B1%B1%E5%8D%80%E5%8A%8D%E6%BD%AD%E9%87%8C%E5%8C%97%E5%AE%89%E8%B7%AF420%E8%99%9F,http://www.dcsh.tp.edu.tw,http://www.dcsh.tp.edu.tw,http://www.dcsh.tp.edu.tw
,353301,市立建國中學,公立,基北區,高中,男女兼收,臺北市,中正區,臺北市中正區龍光里南海路56號,http://www.ck.tp.edu.tw,(02)23034381,普通科(男):840,840,840,教育部115學年度高中職名錄；招生與科系依115學年度基北區免試入學簡章整理。未填最低錄取分數，避免引用未經官方統一核定的估算值。；115學年度基北區免試入學核定招生名額（使用者提供 PDF；一般生招生名額，含科別與性別欄位）,資優/特色班請依各校及基北區官方公告查詢,,115學年度本表招生科別可確認包含：普通科。學校官網首頁未標示更完整的全校課程方向摘要；詳細課程內容以校方115學年度課程計畫為準。,學校官網首頁未標示115學年度全校統一實習／專題內容；實際實作、專題或成果要求以各科、實習處或課程計畫公告為準。,學校官網首頁未標示完整固定大眾運輸到校路線或115學年度固定學生專車班次；本表不自行補寫路線。,網站首頁未標示固定通勤時間；Google地圖欄已依官方校址建立查詢入口，可依實際出發地查詢即時大眾運輸。,學校官網首頁未標示115學年度校內學生宿舍申請資訊。,https://www.google.com/maps/search/?api=1&query=%E8%87%BA%E5%8C%97%E5%B8%82%E4%B8%AD%E6%AD%A3%E5%8D%80%E9%BE%8D%E5%85%89%E9%87%8C%E5%8D%97%E6%B5%B7%E8%B7%AF56%E8%99%9F; http://www.ck.tp.edu.tw,http://www.ck.tp.edu.tw,http://www.ck.tp.edu.tw,https://www.google.com/maps/search/?api=1&query=%E8%87%BA%E5%8C%97%E5%B8%82%E4%B8%AD%E6%AD%A3%E5%8D%80%E9%BE%8D%E5%85%89%E9%87%8C%E5%8D%97%E6%B5%B7%E8%B7%AF56%E8%99%9F,http://www.ck.tp.edu.tw,http://www.ck.tp.edu.tw,http://www.ck.tp.edu.tw
,423301,市立復興高中,公立,基北區,高中,男女兼收,臺北市,北投區,臺北市北投區開明里復興四路70號,http://www.fhsh.tp.edu.tw,(02)28914131,普通科:381,381,381,教育部115學年度高中職名錄；招生與科系依115學年度基北區免試入學簡章整理。未填最低錄取分數，避免引用未經官方統一核定的估算值。；115學年度基北區免試入學核定招生名額（使用者提供 PDF；一般生招生名額，含科別與性別欄位）,資優/特色班請依各校及基北區官方公告查詢,,115學年度本表招生科別可確認包含：普通科。學校官網首頁未標示更完整的全校課程方向摘要；詳細課程內容以校方115學年度課程計畫為準。,學校官網首頁未標示115學年度全校統一實習／專題內容；實際實作、專題或成果要求以各科、實習處或課程計畫公告為準。,學校官網首頁未標示完整固定大眾運輸到校路線或115學年度固定學生專車班次；本表不自行補寫路線。,網站首頁未標示固定通勤時間；Google地圖欄已依官方校址建立查詢入口，可依實際出發地查詢即時大眾運輸。,學校官網首頁未標示115學年度校內學生宿舍申請資訊。,https://www.google.com/maps/search/?api=1&query=%E8%87%BA%E5%8C%97%E5%B8%82%E5%8C%97%E6%8A%95%E5%8D%80%E9%96%8B%E6%98%8E%E9%87%8C%E5%BE%A9%E8%88%88%E5%9B%9B%E8%B7%AF70%E8%99%9F; http://www.fhsh.tp.edu.tw,http://www.fhsh.tp.edu.tw,http://www.fhsh.tp.edu.tw,https://www.google.com/maps/search/?api=1&query=%E8%87%BA%E5%8C%97%E5%B8%82%E5%8C%97%E6%8A%95%E5%8D%80%E9%96%8B%E6%98%8E%E9%87%8C%E5%BE%A9%E8%88%88%E5%9B%9B%E8%B7%AF70%E8%99%9F,http://www.fhsh.tp.edu.tw,http://www.fhsh.tp.edu.tw,http://www.fhsh.tp.edu.tw
,353302,市立成功中學,公立,基北區,高中,男女兼收,臺北市,中正區,臺北市中正區幸福里濟南路1段71號,http://www.cksh.tp.edu.tw,(02)23216256,普通科(男):641,641,641,教育部115學年度高中職名錄；招生與科系依115學年度基北區免試入學簡章整理。未填最低錄取分數，避免引用未經官方統一核定的估算值。；115學年度基北區免試入學核定招生名額（使用者提供 PDF；一般生招生名額，含科別與性別欄位）,資優/特色班請依各校及基北區官方公告查詢,,115學年度本表招生科別可確認包含：普通科。學校官網首頁未標示更完整的全校課程方向摘要；詳細課程內容以校方115學年度課程計畫為準。,學校官網首頁未標示115學年度全校統一實習／專題內容；實際實作、專題或成果要求以各科、實習處或課程計畫公告為準。,學校官網首頁未標示完整固定大眾運輸到校路線或115學年度固定學生專車班次；本表不自行補寫路線。,網站首頁未標示固定通勤時間；Google地圖欄已依官方校址建立查詢入口，可依實際出發地查詢即時大眾運輸。,學校官網首頁未標示115學年度校內學生宿舍申請資訊。,https://www.google.com/maps/search/?api=1&query=%E8%87%BA%E5%8C%97%E5%B8%82%E4%B8%AD%E6%AD%A3%E5%8D%80%E5%B9%B8%E7%A6%8F%E9%87%8C%E6%BF%9F%E5%8D%97%E8%B7%AF1%E6%AE%B571%E8%99%9F; http://www.cksh.tp.edu.tw,http://www.cksh.tp.edu.tw,http://www.cksh.tp.edu.tw,https://www.google.com/maps/search/?api=1&query=%E8%87%BA%E5%8C%97%E5%B8%82%E4%B8%AD%E6%AD%A3%E5%8D%80%E5%B9%B8%E7%A6%8F%E9%87%8C%E6%BF%9F%E5%8D%97%E8%B7%AF1%E6%AE%B571%E8%99%9F,http://www.cksh.tp.edu.tw,http://www.cksh.tp.edu.tw,http://www.cksh.tp.edu.tw
,363302,市立成淵高中,公立,基北區,高中,男女兼收,臺北市,大同區,103345 臺北市大同區承德路二段235號,https://www.cyhs.tp.edu.tw/,(02)25531969,普通科:295,295,295,教育部115學年度高中職名錄；招生與科系依115學年度基北區免試入學簡章整理。未填最低錄取分數，避免引用未經官方統一核定的估算值。；115學年度基北區免試入學核定招生名額（使用者提供 PDF；一般生招生名額，含科別與性別欄位）,資優/特色班請依各校及基北區官方公告查詢,,115學年度本表招生科別可確認包含：普通科。學校官網首頁未標示更完整的全校課程方向摘要；詳細課程內容以校方115學年度課程計畫為準。,學校官網首頁未標示115學年度全校統一實習／專題內容；實際實作、專題或成果要求以各科、實習處或課程計畫公告為準。,學校官網首頁未標示完整固定大眾運輸到校路線或115學年度固定學生專車班次；本表不自行補寫路線。,網站首頁未標示固定通勤時間；Google地圖欄已依官方校址建立查詢入口，可依實際出發地查詢即時大眾運輸。,學校官網首頁未標示115學年度校內學生宿舍申請資訊。,https://www.google.com/maps/search/?api=1&query=103345+%E8%87%BA%E5%8C%97%E5%B8%82%E5%A4%A7%E5%90%8C%E5%8D%80%E6%89%BF%E5%BE%B7%E8%B7%AF%E4%BA%8C%E6%AE%B5235%E8%99%9F; https://www.cyhs.tp.edu.tw/,https://www.cyhs.tp.edu.tw/,https://www.cyhs.tp.edu.tw/,https://www.google.com/maps/search/?api=1&query=103345+%E8%87%BA%E5%8C%97%E5%B8%82%E5%A4%A7%E5%90%8C%E5%8D%80%E6%89%BF%E5%BE%B7%E8%B7%AF%E4%BA%8C%E6%AE%B5235%E8%99%9F,https://www.cyhs.tp.edu.tw/,https://www.cyhs.tp.edu.tw/,https://www.cyhs.tp.edu.tw/
,363301,市立明倫高中,公立,基北區,高中,男女兼收,臺北市,大同區,103332 臺北市大同區承德路三段336號,https://www.mlsh.tp.edu.tw/nss/p/index,(02)25961567,普通科:428,428,428,教育部115學年度高中職名錄；招生與科系依115學年度基北區免試入學簡章整理。未填最低錄取分數，避免引用未經官方統一核定的估算值。；115學年度基北區免試入學核定招生名額（使用者提供 PDF；一般生招生名額，含科別與性別欄位）,資優/特色班請依各校及基北區官方公告查詢,,115學年度本表招生科別可確認包含：普通科。學校官網首頁未標示更完整的全校課程方向摘要；詳細課程內容以校方115學年度課程計畫為準。,學校官網首頁未標示115學年度全校統一實習／專題內容；實際實作、專題或成果要求以各科、實習處或課程計畫公告為準。,學校官網首頁未標示完整固定大眾運輸到校路線或115學年度固定學生專車班次；本表不自行補寫路線。,網站首頁未標示固定通勤時間；Google地圖欄已依官方校址建立查詢入口，可依實際出發地查詢即時大眾運輸。,學校官網首頁未標示115學年度校內學生宿舍申請資訊。,https://www.google.com/maps/search/?api=1&query=103332+%E8%87%BA%E5%8C%97%E5%B8%82%E5%A4%A7%E5%90%8C%E5%8D%80%E6%89%BF%E5%BE%B7%E8%B7%AF%E4%B8%89%E6%AE%B5336%E8%99%9F; https://www.mlsh.tp.edu.tw/nss/p/index,https://www.mlsh.tp.edu.tw/nss/p/index,https://www.mlsh.tp.edu.tw/nss/p/index,https://www.google.com/maps/search/?api=1&query=103332+%E8%87%BA%E5%8C%97%E5%B8%82%E5%A4%A7%E5%90%8C%E5%8D%80%E6%89%BF%E5%BE%B7%E8%B7%AF%E4%B8%89%E6%AE%B5336%E8%99%9F,https://www.mlsh.tp.edu.tw/nss/p/index,https://www.mlsh.tp.edu.tw/nss/p/index,https://www.mlsh.tp.edu.tw/nss/p/index
,383301,市立景美女中,公立,基北區,高中,女校,臺北市,文山區,臺北市文山區樟文里木新路三段312號,http://www.cmgsh.tp.edu.tw,(02)29368847,普通科(女):461,461,461,教育部115學年度高中職名錄；招生與科系依115學年度基北區免試入學簡章整理。未填最低錄取分數，避免引用未經官方統一核定的估算值。；115學年度基北區免試入學核定招生名額（使用者提供 PDF；一般生招生名額，含科別與性別欄位）,資優/特色班請依各校及基北區官方公告查詢,,115學年度本表招生科別可確認包含：普通科。學校官網首頁未標示更完整的全校課程方向摘要；詳細課程內容以校方115學年度課程計畫為準。,學校官網首頁未標示115學年度全校統一實習／專題內容；實際實作、專題或成果要求以各科、實習處或課程計畫公告為準。,學校官網首頁未標示完整固定大眾運輸到校路線或115學年度固定學生專車班次；本表不自行補寫路線。,網站首頁未標示固定通勤時間；Google地圖欄已依官方校址建立查詢入口，可依實際出發地查詢即時大眾運輸。,學校官網首頁未標示115學年度校內學生宿舍申請資訊。,https://www.google.com/maps/search/?api=1&query=%E8%87%BA%E5%8C%97%E5%B8%82%E6%96%87%E5%B1%B1%E5%8D%80%E6%A8%9F%E6%96%87%E9%87%8C%E6%9C%A8%E6%96%B0%E8%B7%AF%E4%B8%89%E6%AE%B5312%E8%99%9F; http://www.cmgsh.tp.edu.tw,http://www.cmgsh.tp.edu.tw,http://www.cmgsh.tp.edu.tw,https://www.google.com/maps/search/?api=1&query=%E8%87%BA%E5%8C%97%E5%B8%82%E6%96%87%E5%B1%B1%E5%8D%80%E6%A8%9F%E6%96%87%E9%87%8C%E6%9C%A8%E6%96%B0%E8%B7%AF%E4%B8%89%E6%AE%B5312%E8%99%9F,http://www.cmgsh.tp.edu.tw,http://www.cmgsh.tp.edu.tw,http://www.cmgsh.tp.edu.tw
,383401,市立木柵高工,公立,基北區,高職,男女兼收,臺北市,文山區,臺北市文山區博嘉里木柵路四段77號,http://www.mcvs.tp.edu.tw,(02)22300506,配管科:18；模具科:27；製圖科:44；電子科:52；電機科:49；冷凍空調科:20；多媒體設計科:49；機械科:54；鑄造科:17；模具科:40,370,370,教育部115學年度高中職名錄；招生與科系依115學年度基北區免試入學簡章整理。未填最低錄取分數，避免引用未經官方統一核定的估算值。；115學年度基北區免試入學核定招生名額（使用者提供 PDF；一般生招生名額，含科別與性別欄位）,資優/特色班請依各校及基北區官方公告查詢,,115學年度本表招生科別可確認包含：配管科、模具科、製圖科、電子科、電機科、冷凍空調科、多媒體設計科、機械科等。學校官網首頁未標示更完整的全校課程方向摘要；詳細課程內容以校方115學年度課程計畫為準。,學校官網首頁未標示115學年度全校統一實習／專題內容；實際實作、專題或成果要求以各科、實習處或課程計畫公告為準。,學校官網首頁未標示完整固定大眾運輸到校路線或115學年度固定學生專車班次；本表不自行補寫路線。,網站首頁未標示固定通勤時間；Google地圖欄已依官方校址建立查詢入口，可依實際出發地查詢即時大眾運輸。,學校官網首頁未標示115學年度校內學生宿舍申請資訊。,https://www.google.com/maps/search/?api=1&query=%E8%87%BA%E5%8C%97%E5%B8%82%E6%96%87%E5%B1%B1%E5%8D%80%E5%8D%9A%E5%98%89%E9%87%8C%E6%9C%A8%E6%9F%B5%E8%B7%AF%E5%9B%9B%E6%AE%B577%E8%99%9F; http://www.mcvs.tp.edu.tw,http://www.mcvs.tp.edu.tw,http://www.mcvs.tp.edu.tw,https://www.google.com/maps/search/?api=1&query=%E8%87%BA%E5%8C%97%E5%B8%82%E6%96%87%E5%B1%B1%E5%8D%80%E5%8D%9A%E5%98%89%E9%87%8C%E6%9C%A8%E6%9F%B5%E8%B7%AF%E5%9B%9B%E6%AE%B577%E8%99%9F,http://www.mcvs.tp.edu.tw,http://www.mcvs.tp.edu.tw,http://www.mcvs.tp.edu.tw
,323401,市立松山家商,公立,基北區,綜高,男女兼收,臺北市,信義區,臺北市信義區松隆里松山路655號,http://www.ssvs.tp.edu.tw,(02)27261118,商業經營科:102；國際貿易科:77；會計事務科:26；資料處理科:51；應用英語科:51；廣告設計科:77；室內設計科:51；綜合高中:81；機械科:48,564,564,教育部115學年度高中職名錄；招生與科系依115學年度基北區免試入學簡章整理。未填最低錄取分數，避免引用未經官方統一核定的估算值。；115學年度基北區免試入學核定招生名額（使用者提供 PDF；一般生招生名額，含科別與性別欄位）,資優/特色班請依各校及基北區官方公告查詢,,115學年度本表招生科別可確認包含：商業經營科、國際貿易科、會計事務科、資料處理科、應用英語科、廣告設計科、室內設計科、綜合高中等。學校官網首頁未標示更完整的全校課程方向摘要；詳細課程內容以校方115學年度課程計畫為準。,學校官網首頁未標示115學年度全校統一實習／專題內容；實際實作、專題或成果要求以各科、實習處或課程計畫公告為準。,學校官網首頁未標示完整固定大眾運輸到校路線或115學年度固定學生專車班次；本表不自行補寫路線。,網站首頁未標示固定通勤時間；Google地圖欄已依官方校址建立查詢入口，可依實際出發地查詢即時大眾運輸。,學校官網首頁未標示115學年度校內學生宿舍申請資訊。,https://www.google.com/maps/search/?api=1&query=%E8%87%BA%E5%8C%97%E5%B8%82%E4%BF%A1%E7%BE%A9%E5%8D%80%E6%9D%BE%E9%9A%86%E9%87%8C%E6%9D%BE%E5%B1%B1%E8%B7%AF655%E8%99%9F; http://www.ssvs.tp.edu.tw,http://www.ssvs.tp.edu.tw,http://www.ssvs.tp.edu.tw,https://www.google.com/maps/search/?api=1&query=%E8%87%BA%E5%8C%97%E5%B8%82%E4%BF%A1%E7%BE%A9%E5%8D%80%E6%9D%BE%E9%9A%86%E9%87%8C%E6%9D%BE%E5%B1%B1%E8%B7%AF655%E8%99%9F,http://www.ssvs.tp.edu.tw,http://www.ssvs.tp.edu.tw,http://www.ssvs.tp.edu.tw
,323402,市立松山工農,公立,基北區,綜高,男女兼收,臺北市,信義區,110070 臺北市信義區忠孝東路五段236巷15號,https://www.saihs.edu.tw/,(02)27226616,汽車科:48；資訊科:50；電子科:50；電機科:50；化工科:48；園藝科:44；食品加工科:48；綜合高中:124；機械科:54；電腦機械製圖科:56,572,572,教育部115學年度高中職名錄；招生與科系依115學年度基北區免試入學簡章整理。未填最低錄取分數，避免引用未經官方統一核定的估算值。；115學年度基北區免試入學核定招生名額（使用者提供 PDF；一般生招生名額，含科別與性別欄位）,資優/特色班請依各校及基北區官方公告查詢,,115學年度本表招生科別可確認包含：汽車科、資訊科、電子科、電機科、化工科、園藝科、食品加工科、綜合高中等。學校官網首頁未標示更完整的全校課程方向摘要；詳細課程內容以校方115學年度課程計畫為準。,學校官網首頁未標示115學年度全校統一實習／專題內容；實際實作、專題或成果要求以各科、實習處或課程計畫公告為準。,學校官網首頁未標示完整固定大眾運輸到校路線或115學年度固定學生專車班次；本表不自行補寫路線。,網站首頁未標示固定通勤時間；Google地圖欄已依官方校址建立查詢入口，可依實際出發地查詢即時大眾運輸。,學校官網首頁未標示115學年度校內學生宿舍申請資訊。,https://www.google.com/maps/search/?api=1&query=110070+%E8%87%BA%E5%8C%97%E5%B8%82%E4%BF%A1%E7%BE%A9%E5%8D%80%E5%BF%A0%E5%AD%9D%E6%9D%B1%E8%B7%AF%E4%BA%94%E6%AE%B5236%E5%B7%B715%E8%99%9F; https://www.saihs.edu.tw/,https://www.saihs.edu.tw/,https://www.saihs.edu.tw/,https://www.google.com/maps/search/?api=1&query=110070+%E8%87%BA%E5%8C%97%E5%B8%82%E4%BF%A1%E7%BE%A9%E5%8D%80%E5%BF%A0%E5%AD%9D%E6%9D%B1%E8%B7%AF%E4%BA%94%E6%AE%B5236%E5%B7%B715%E8%99%9F,https://www.saihs.edu.tw/,https://www.saihs.edu.tw/,https://www.saihs.edu.tw/
,323301,市立松山高中,公立,基北區,高中,男女兼收,臺北市,信義區,110058 臺北市信義區基隆路一段156號,https://www.sssh.tp.edu.tw/,(02)27535968,男(7):7；女(6):6,13,13,教育部115學年度高中職名錄；招生與科系依115學年度基北區免試入學簡章整理。未填最低錄取分數，避免引用未經官方統一核定的估算值。；115學年度基北區免試入學核定招生名額（使用者提供 PDF；一般生招生名額，含科別與性別欄位）,資優/特色班請依各校及基北區官方公告查詢,,學校官網首頁未標示更完整的全校課程方向摘要；詳細課程內容以校方115學年度課程計畫為準。,不設技職類固定實習；校方學生學習資源設有「研究方法與專題」內容，另依自主學習與探究課程產出成果。,學校官網首頁未標示完整固定大眾運輸到校路線或115學年度固定學生專車班次；本表不自行補寫路線。,網站首頁未標示固定通勤時間；Google地圖欄已依官方校址建立查詢入口，可依實際出發地查詢即時大眾運輸。,學校官網首頁未標示115學年度校內學生宿舍申請資訊。,https://www.google.com/maps/search/?api=1&query=110058+%E8%87%BA%E5%8C%97%E5%B8%82%E4%BF%A1%E7%BE%A9%E5%8D%80%E5%9F%BA%E9%9A%86%E8%B7%AF%E4%B8%80%E6%AE%B5156%E8%99%9F; https://www.sssh.tp.edu.tw/,https://www.sssh.tp.edu.tw/,https://www.sssh.tp.edu.tw/,https://www.google.com/maps/search/?api=1&query=110058+%E8%87%BA%E5%8C%97%E5%B8%82%E4%BF%A1%E7%BE%A9%E5%8D%80%E5%9F%BA%E9%9A%86%E8%B7%AF%E4%B8%80%E6%AE%B5156%E8%99%9F,https://www.sssh.tp.edu.tw/,https://www.sssh.tp.edu.tw/,https://www.sssh.tp.edu.tw/
,323302,市立永春高中,公立,基北區,高中,男女兼收,臺北市,信義區,臺北市信義區松隆里松山路654號,http://www.ycsh.tp.edu.tw,(02)27272983,普通科:419,419,419,教育部115學年度高中職名錄；招生與科系依115學年度基北區免試入學簡章整理。未填最低錄取分數，避免引用未經官方統一核定的估算值。；115學年度基北區免試入學核定招生名額（使用者提供 PDF；一般生招生名額，含科別與性別欄位）,資優/特色班請依各校及基北區官方公告查詢,,115學年度本表招生科別可確認包含：普通科。學校官網首頁未標示更完整的全校課程方向摘要；詳細課程內容以校方115學年度課程計畫為準。,學校官網首頁未標示115學年度全校統一實習／專題內容；實際實作、專題或成果要求以各科、實習處或課程計畫公告為準。,學校官網首頁未標示完整固定大眾運輸到校路線或115學年度固定學生專車班次；本表不自行補寫路線。,網站首頁未標示固定通勤時間；Google地圖欄已依官方校址建立查詢入口，可依實際出發地查詢即時大眾運輸。,學校官網首頁未標示115學年度校內學生宿舍申請資訊。,https://www.google.com/maps/search/?api=1&query=%E8%87%BA%E5%8C%97%E5%B8%82%E4%BF%A1%E7%BE%A9%E5%8D%80%E6%9D%BE%E9%9A%86%E9%87%8C%E6%9D%BE%E5%B1%B1%E8%B7%AF654%E8%99%9F; http://www.ycsh.tp.edu.tw,http://www.ycsh.tp.edu.tw,http://www.ycsh.tp.edu.tw,https://www.google.com/maps/search/?api=1&query=%E8%87%BA%E5%8C%97%E5%B8%82%E4%BF%A1%E7%BE%A9%E5%8D%80%E6%9D%BE%E9%9A%86%E9%87%8C%E6%9D%BE%E5%B1%B1%E8%B7%AF654%E8%99%9F,http://www.ycsh.tp.edu.tw,http://www.ycsh.tp.edu.tw,http://www.ycsh.tp.edu.tw
,413302,市立百齡高中,公立,基北區,高中,男女兼收,臺北市,士林區,臺北市士林區義信里承德路4段177號,http://www.blsh.tp.edu.tw,(02)28831568,普通科:199,199,199,教育部115學年度高中職名錄；招生與科系依115學年度基北區免試入學簡章整理。未填最低錄取分數，避免引用未經官方統一核定的估算值。；115學年度基北區免試入學核定招生名額（使用者提供 PDF；一般生招生名額，含科別與性別欄位）,資優/特色班請依各校及基北區官方公告查詢,,115學年度本表招生科別可確認包含：普通科。學校官網首頁未標示更完整的全校課程方向摘要；詳細課程內容以校方115學年度課程計畫為準。,學校官網首頁未標示115學年度全校統一實習／專題內容；實際實作、專題或成果要求以各科、實習處或課程計畫公告為準。,學校官網首頁未標示完整固定大眾運輸到校路線或115學年度固定學生專車班次；本表不自行補寫路線。,網站首頁未標示固定通勤時間；Google地圖欄已依官方校址建立查詢入口，可依實際出發地查詢即時大眾運輸。,學校官網首頁未標示115學年度校內學生宿舍申請資訊。,https://www.google.com/maps/search/?api=1&query=%E8%87%BA%E5%8C%97%E5%B8%82%E5%A3%AB%E6%9E%97%E5%8D%80%E7%BE%A9%E4%BF%A1%E9%87%8C%E6%89%BF%E5%BE%B7%E8%B7%AF4%E6%AE%B5177%E8%99%9F; http://www.blsh.tp.edu.tw,http://www.blsh.tp.edu.tw,http://www.blsh.tp.edu.tw,https://www.google.com/maps/search/?api=1&query=%E8%87%BA%E5%8C%97%E5%B8%82%E5%A3%AB%E6%9E%97%E5%8D%80%E7%BE%A9%E4%BF%A1%E9%87%8C%E6%89%BF%E5%BE%B7%E8%B7%AF4%E6%AE%B5177%E8%99%9F,http://www.blsh.tp.edu.tw,http://www.blsh.tp.edu.tw,http://www.blsh.tp.edu.tw
,393302,市立育成高中,公立,基北區,高中,男女兼收,臺北市,南港區,臺北市南港區南港里重陽路366號,http://mars.yucsh.tp.edu.tw/ischool/publish_page/0/,(02)26530475,普通科:464,464,464,教育部115學年度高中職名錄；招生與科系依115學年度基北區免試入學簡章整理。未填最低錄取分數，避免引用未經官方統一核定的估算值。；115學年度基北區免試入學核定招生名額（使用者提供 PDF；一般生招生名額，含科別與性別欄位）,資優/特色班請依各校及基北區官方公告查詢,,115學年度本表招生科別可確認包含：普通科。學校官網首頁未標示更完整的全校課程方向摘要；詳細課程內容以校方115學年度課程計畫為準。,學校官網首頁未標示115學年度全校統一實習／專題內容；實際實作、專題或成果要求以各科、實習處或課程計畫公告為準。,學校官網首頁未標示完整固定大眾運輸到校路線或115學年度固定學生專車班次；本表不自行補寫路線。,網站首頁未標示固定通勤時間；Google地圖欄已依官方校址建立查詢入口，可依實際出發地查詢即時大眾運輸。,學校官網首頁未標示115學年度校內學生宿舍申請資訊。,https://www.google.com/maps/search/?api=1&query=%E8%87%BA%E5%8C%97%E5%B8%82%E5%8D%97%E6%B8%AF%E5%8D%80%E5%8D%97%E6%B8%AF%E9%87%8C%E9%87%8D%E9%99%BD%E8%B7%AF366%E8%99%9F; http://mars.yucsh.tp.edu.tw/ischool/publish_page/0/,http://mars.yucsh.tp.edu.tw/ischool/publish_page/0/,http://mars.yucsh.tp.edu.tw/ischool/publish_page/0/,https://www.google.com/maps/search/?api=1&query=%E8%87%BA%E5%8C%97%E5%B8%82%E5%8D%97%E6%B8%AF%E5%8D%80%E5%8D%97%E6%B8%AF%E9%87%8C%E9%87%8D%E9%99%BD%E8%B7%AF366%E8%99%9F,http://mars.yucsh.tp.edu.tw/ischool/publish_page/0/,http://mars.yucsh.tp.edu.tw/ischool/publish_page/0/,http://mars.yucsh.tp.edu.tw/ischool/publish_page/0/
,373301,市立華江高中,公立,基北區,綜高,男女兼收,臺北市,萬華區,臺北市萬華區日善里西藏路213號,http://www.hcsh.tp.edu.tw,(02)23019946,普通科:433；普通科:37；電子商務科:82；應用日語科:45,597,597,教育部115學年度高中職名錄；招生與科系依115學年度基北區免試入學簡章整理。未填最低錄取分數，避免引用未經官方統一核定的估算值。；115學年度基北區免試入學核定招生名額（使用者提供 PDF；一般生招生名額，含科別與性別欄位）,資優/特色班請依各校及基北區官方公告查詢,,115學年度本表招生科別可確認包含：普通科、電子商務科、應用日語科。學校官網首頁未標示更完整的全校課程方向摘要；詳細課程內容以校方115學年度課程計畫為準。,學校官網首頁未標示115學年度全校統一實習／專題內容；實際實作、專題或成果要求以各科、實習處或課程計畫公告為準。,學校官網首頁未標示完整固定大眾運輸到校路線或115學年度固定學生專車班次；本表不自行補寫路線。,網站首頁未標示固定通勤時間；Google地圖欄已依官方校址建立查詢入口，可依實際出發地查詢即時大眾運輸。,學校官網首頁未標示115學年度校內學生宿舍申請資訊。,https://www.google.com/maps/search/?api=1&query=%E8%87%BA%E5%8C%97%E5%B8%82%E8%90%AC%E8%8F%AF%E5%8D%80%E6%97%A5%E5%96%84%E9%87%8C%E8%A5%BF%E8%97%8F%E8%B7%AF213%E8%99%9F; http://www.hcsh.tp.edu.tw,http://www.hcsh.tp.edu.tw,http://www.hcsh.tp.edu.tw,https://www.google.com/maps/search/?api=1&query=%E8%87%BA%E5%8C%97%E5%B8%82%E8%90%AC%E8%8F%AF%E5%8D%80%E6%97%A5%E5%96%84%E9%87%8C%E8%A5%BF%E8%97%8F%E8%B7%AF213%E8%99%9F,http://www.hcsh.tp.edu.tw,http://www.hcsh.tp.edu.tw,http://www.hcsh.tp.edu.tw
,383302,市立萬芳高中,公立,基北區,高中,男女兼收,臺北市,文山區,臺北市文山區興隆路三段115巷1號,https://www.wfsh.tp.edu.tw/,(02)22309585,普通科:246,246,246,教育部115學年度高中職名錄；招生與科系依115學年度基北區免試入學簡章整理。未填最低錄取分數，避免引用未經官方統一核定的估算值。；115學年度基北區免試入學核定招生名額（使用者提供 PDF；一般生招生名額，含科別與性別欄位）,資優/特色班請依各校及基北區官方公告查詢,,115學年度本表招生科別可確認包含：普通科。學校官網首頁未標示更完整的全校課程方向摘要；詳細課程內容以校方115學年度課程計畫為準。,學校官網首頁未標示115學年度全校統一實習／專題內容；實際實作、專題或成果要求以各科、實習處或課程計畫公告為準。,學校官網首頁未標示完整固定大眾運輸到校路線或115學年度固定學生專車班次；本表不自行補寫路線。,網站首頁未標示固定通勤時間；Google地圖欄已依官方校址建立查詢入口，可依實際出發地查詢即時大眾運輸。,學校官網首頁未標示115學年度校內學生宿舍申請資訊。,https://www.google.com/maps/search/?api=1&query=%E8%87%BA%E5%8C%97%E5%B8%82%E6%96%87%E5%B1%B1%E5%8D%80%E8%88%88%E9%9A%86%E8%B7%AF%E4%B8%89%E6%AE%B5115%E5%B7%B71%E8%99%9F; https://www.wfsh.tp.edu.tw/,https://www.wfsh.tp.edu.tw/,https://www.wfsh.tp.edu.tw/,https://www.google.com/maps/search/?api=1&query=%E8%87%BA%E5%8C%97%E5%B8%82%E6%96%87%E5%B1%B1%E5%8D%80%E8%88%88%E9%9A%86%E8%B7%AF%E4%B8%89%E6%AE%B5115%E5%B7%B71%E8%99%9F,https://www.wfsh.tp.edu.tw/,https://www.wfsh.tp.edu.tw/,https://www.wfsh.tp.edu.tw/
,313301,市立西松高中,公立,基北區,高中,男女兼收,臺北市,松山區,臺北市松山區鵬程里健康路325巷7號,http://www.hssh.tp.edu.tw,(02)25286618,普通科:265,265,265,教育部115學年度高中職名錄；招生與科系依115學年度基北區免試入學簡章整理。未填最低錄取分數，避免引用未經官方統一核定的估算值。；115學年度基北區免試入學核定招生名額（使用者提供 PDF；一般生招生名額，含科別與性別欄位）,資優/特色班請依各校及基北區官方公告查詢,,115學年度本表招生科別可確認包含：普通科。學校官網首頁未標示更完整的全校課程方向摘要；詳細課程內容以校方115學年度課程計畫為準。,學校官網首頁未標示115學年度全校統一實習／專題內容；實際實作、專題或成果要求以各科、實習處或課程計畫公告為準。,學校官網首頁未標示完整固定大眾運輸到校路線或115學年度固定學生專車班次；本表不自行補寫路線。,網站首頁未標示固定通勤時間；Google地圖欄已依官方校址建立查詢入口，可依實際出發地查詢即時大眾運輸。,學校官網首頁未標示115學年度校內學生宿舍申請資訊。,https://www.google.com/maps/search/?api=1&query=%E8%87%BA%E5%8C%97%E5%B8%82%E6%9D%BE%E5%B1%B1%E5%8D%80%E9%B5%AC%E7%A8%8B%E9%87%8C%E5%81%A5%E5%BA%B7%E8%B7%AF325%E5%B7%B77%E8%99%9F; http://www.hssh.tp.edu.tw,http://www.hssh.tp.edu.tw,http://www.hssh.tp.edu.tw,https://www.google.com/maps/search/?api=1&query=%E8%87%BA%E5%8C%97%E5%B8%82%E6%9D%BE%E5%B1%B1%E5%8D%80%E9%B5%AC%E7%A8%8B%E9%87%8C%E5%81%A5%E5%BA%B7%E8%B7%AF325%E5%B7%B77%E8%99%9F,http://www.hssh.tp.edu.tw,http://www.hssh.tp.edu.tw,http://www.hssh.tp.edu.tw
,413301,市立陽明高中,公立,基北區,高中,男女兼收,臺北市,士林區,臺北市士林區後港里中正路510號,http://www.ymsh.tp.edu.tw,(02)28316675,普通科:342,342,342,教育部115學年度高中職名錄；招生與科系依115學年度基北區免試入學簡章整理。未填最低錄取分數，避免引用未經官方統一核定的估算值。；115學年度基北區免試入學核定招生名額（使用者提供 PDF；一般生招生名額，含科別與性別欄位）,資優/特色班請依各校及基北區官方公告查詢,,115學年度本表招生科別可確認包含：普通科。學校官網首頁未標示更完整的全校課程方向摘要；詳細課程內容以校方115學年度課程計畫為準。,學校官網首頁未標示115學年度全校統一實習／專題內容；實際實作、專題或成果要求以各科、實習處或課程計畫公告為準。,學校官網首頁未標示完整固定大眾運輸到校路線或115學年度固定學生專車班次；本表不自行補寫路線。,網站首頁未標示固定通勤時間；Google地圖欄已依官方校址建立查詢入口，可依實際出發地查詢即時大眾運輸。,學校官網首頁未標示115學年度校內學生宿舍申請資訊。,https://www.google.com/maps/search/?api=1&query=%E8%87%BA%E5%8C%97%E5%B8%82%E5%A3%AB%E6%9E%97%E5%8D%80%E5%BE%8C%E6%B8%AF%E9%87%8C%E4%B8%AD%E6%AD%A3%E8%B7%AF510%E8%99%9F; http://www.ymsh.tp.edu.tw,http://www.ymsh.tp.edu.tw,http://www.ymsh.tp.edu.tw,https://www.google.com/maps/search/?api=1&query=%E8%87%BA%E5%8C%97%E5%B8%82%E5%A3%AB%E6%9E%97%E5%8D%80%E5%BE%8C%E6%B8%AF%E9%87%8C%E4%B8%AD%E6%AD%A3%E8%B7%AF510%E8%99%9F,http://www.ymsh.tp.edu.tw,http://www.ymsh.tp.edu.tw,http://www.ymsh.tp.edu.tw
,403302,市立麗山高中,公立,基北區,高中,男女兼收,臺北市,內湖區,臺北市內湖區港華里環山路二段100號,http://www.lssh.tp.edu.tw,(02)26570435,普通科:230,230,230,教育部115學年度高中職名錄；招生與科系依115學年度基北區免試入學簡章整理。未填最低錄取分數，避免引用未經官方統一核定的估算值。；115學年度基北區免試入學核定招生名額（使用者提供 PDF；一般生招生名額，含科別與性別欄位）,資優/特色班請依各校及基北區官方公告查詢,,115學年度本表招生科別可確認包含：普通科。學校官網首頁未標示更完整的全校課程方向摘要；詳細課程內容以校方115學年度課程計畫為準。,學校官網首頁未標示115學年度全校統一實習／專題內容；實際實作、專題或成果要求以各科、實習處或課程計畫公告為準。,學校官網首頁未標示完整固定大眾運輸到校路線或115學年度固定學生專車班次；本表不自行補寫路線。,網站首頁未標示固定通勤時間；Google地圖欄已依官方校址建立查詢入口，可依實際出發地查詢即時大眾運輸。,學校官網首頁未標示115學年度校內學生宿舍申請資訊。,https://www.google.com/maps/search/?api=1&query=%E8%87%BA%E5%8C%97%E5%B8%82%E5%85%A7%E6%B9%96%E5%8D%80%E6%B8%AF%E8%8F%AF%E9%87%8C%E7%92%B0%E5%B1%B1%E8%B7%AF%E4%BA%8C%E6%AE%B5100%E8%99%9F; http://www.lssh.tp.edu.tw,http://www.lssh.tp.edu.tw,http://www.lssh.tp.edu.tw,https://www.google.com/maps/search/?api=1&query=%E8%87%BA%E5%8C%97%E5%B8%82%E5%85%A7%E6%B9%96%E5%8D%80%E6%B8%AF%E8%8F%AF%E9%87%8C%E7%92%B0%E5%B1%B1%E8%B7%AF%E4%BA%8C%E6%AE%B5100%E8%99%9F,http://www.lssh.tp.edu.tw,http://www.lssh.tp.edu.tw,http://www.lssh.tp.edu.tw
,381304,私立再興中學,私立,基北區,高中,男女兼收,臺北市,文山區,臺北市文山區明義里興隆路4段2號,http://www.thsh.tp.edu.tw,(02)29366803,普通科:41,41,41,教育部115學年度高中職名錄；招生與科系依115學年度基北區免試入學簡章整理。未填最低錄取分數，避免引用未經官方統一核定的估算值。；115學年度基北區免試入學核定招生名額（使用者提供 PDF；一般生招生名額，含科別與性別欄位）,資優/特色班請依各校及基北區官方公告查詢,,115學年度本表招生科別可確認包含：普通科。學校官網首頁未標示更完整的全校課程方向摘要；詳細課程內容以校方115學年度課程計畫為準。,學校官網首頁未標示115學年度全校統一實習／專題內容；實際實作、專題或成果要求以各科、實習處或課程計畫公告為準。,學校官網首頁未標示完整固定大眾運輸到校路線或115學年度固定學生專車班次；本表不自行補寫路線。,網站首頁未標示固定通勤時間；Google地圖欄已依官方校址建立查詢入口，可依實際出發地查詢即時大眾運輸。,學校官網首頁未標示115學年度校內學生宿舍申請資訊。,https://www.google.com/maps/search/?api=1&query=%E8%87%BA%E5%8C%97%E5%B8%82%E6%96%87%E5%B1%B1%E5%8D%80%E6%98%8E%E7%BE%A9%E9%87%8C%E8%88%88%E9%9A%86%E8%B7%AF4%E6%AE%B52%E8%99%9F; http://www.thsh.tp.edu.tw,http://www.thsh.tp.edu.tw,http://www.thsh.tp.edu.tw,https://www.google.com/maps/search/?api=1&query=%E8%87%BA%E5%8C%97%E5%B8%82%E6%96%87%E5%B1%B1%E5%8D%80%E6%98%8E%E7%BE%A9%E9%87%8C%E8%88%88%E9%9A%86%E8%B7%AF4%E6%AE%B52%E8%99%9F,http://www.thsh.tp.edu.tw,http://www.thsh.tp.edu.tw,http://www.thsh.tp.edu.tw
,321399,私立協和祐德高中,私立,基北區,綜高,男女兼收,臺北市,信義區,臺北市信義區大道里忠孝東路五段790巷27號,https://www.hhvs.tp.edu.tw/,(02)27263131,普通科:24；汽車科:39,63,63,教育部115學年度高中職名錄；招生與科系依115學年度基北區免試入學簡章整理。未填最低錄取分數，避免引用未經官方統一核定的估算值。；115學年度基北區免試入學核定招生名額（使用者提供 PDF；一般生招生名額，含科別與性別欄位）,資優/特色班請依各校及基北區官方公告查詢,,115學年度本表招生科別可確認包含：普通科、汽車科。學校官網首頁未標示更完整的全校課程方向摘要；詳細課程內容以校方115學年度課程計畫為準。,學校官網首頁未標示115學年度全校統一實習／專題內容；實際實作、專題或成果要求以各科、實習處或課程計畫公告為準。,學校官網首頁未標示完整固定大眾運輸到校路線或115學年度固定學生專車班次；本表不自行補寫路線。,網站首頁未標示固定通勤時間；Google地圖欄已依官方校址建立查詢入口，可依實際出發地查詢即時大眾運輸。,學校官網首頁未標示115學年度校內學生宿舍申請資訊。,https://www.google.com/maps/search/?api=1&query=%E8%87%BA%E5%8C%97%E5%B8%82%E4%BF%A1%E7%BE%A9%E5%8D%80%E5%A4%A7%E9%81%93%E9%87%8C%E5%BF%A0%E5%AD%9D%E6%9D%B1%E8%B7%AF%E4%BA%94%E6%AE%B5790%E5%B7%B727%E8%99%9F; https://www.hhvs.tp.edu.tw/,https://www.hhvs.tp.edu.tw/,https://www.hhvs.tp.edu.tw/,https://www.google.com/maps/search/?api=1&query=%E8%87%BA%E5%8C%97%E5%B8%82%E4%BF%A1%E7%BE%A9%E5%8D%80%E5%A4%A7%E9%81%93%E9%87%8C%E5%BF%A0%E5%AD%9D%E6%9D%B1%E8%B7%AF%E4%BA%94%E6%AE%B5790%E5%B7%B727%E8%99%9F,https://www.hhvs.tp.edu.tw/,https://www.hhvs.tp.edu.tw/,https://www.hhvs.tp.edu.tw/
,351B09,私立南華高中進修學校,私立,基北區,進修部,男女兼收,臺北市,中正區,臺北市中正區富水里汀州路3段58號,http://www.nhwsh.tp.edu.tw,(02)23686818,普通科:37；觀光事業科:37；資料處理科:37；美容科:37；資料處理科:33；媒體設計科:33；觀光事業科:66；餐飲管理科:66,383,383,教育部115學年度高中職名錄；招生與科系依115學年度基北區免試入學簡章整理。未填最低錄取分數，避免引用未經官方統一核定的估算值。；115學年度基北區免試入學核定招生名額（使用者提供 PDF；一般生招生名額，含科別與性別欄位）,資優/特色班請依各校及基北區官方公告查詢,,115學年度本表招生科別可確認包含：普通科、觀光事業科、資料處理科、美容科、媒體設計科、餐飲管理科。學校官網首頁未標示更完整的全校課程方向摘要；詳細課程內容以校方115學年度課程計畫為準。,進修部官網首頁未標示115學年度全校統一實習／專題內容；實際實作、專題或成果要求以進修部及各科課程公告為準。,學校官網首頁未標示完整固定大眾運輸到校路線或115學年度固定學生專車班次；本表不自行補寫路線。,網站首頁未標示固定通勤時間；Google地圖欄已依官方校址建立查詢入口，可依實際出發地查詢即時大眾運輸。,學校官網首頁未標示115學年度校內學生宿舍申請資訊。,https://www.google.com/maps/search/?api=1&query=%E8%87%BA%E5%8C%97%E5%B8%82%E4%B8%AD%E6%AD%A3%E5%8D%80%E5%AF%8C%E6%B0%B4%E9%87%8C%E6%B1%80%E5%B7%9E%E8%B7%AF3%E6%AE%B558%E8%99%9F; http://www.nhwsh.tp.edu.tw,http://www.nhwsh.tp.edu.tw,http://www.nhwsh.tp.edu.tw,https://www.google.com/maps/search/?api=1&query=%E8%87%BA%E5%8C%97%E5%B8%82%E4%B8%AD%E6%AD%A3%E5%8D%80%E5%AF%8C%E6%B0%B4%E9%87%8C%E6%B1%80%E5%B7%9E%E8%B7%AF3%E6%AE%B558%E8%99%9F,http://www.nhwsh.tp.edu.tw,http://www.nhwsh.tp.edu.tw,http://www.nhwsh.tp.edu.tw
,331403,私立喬治工商,私立,基北區,高職,男女兼收,臺北市,信義區,臺北市信義區黎順里基隆路二段155號,https://www.gvs.tp.edu.tw/,(02)27386515,時尚造型科:20；餐飲管理科:10；照顧服務科:12；時尚造型科:24；觀光事業科:12；餐飲管理科:12；汽車科:45；建築科:22；時尚造型科:60；餐飲管理科:22；觀光事業科:89,328,328,教育部115學年度高中職名錄；招生與科系依115學年度基北區免試入學簡章整理。未填最低錄取分數，避免引用未經官方統一核定的估算值。；115學年度基北區免試入學核定招生名額（使用者提供 PDF；一般生招生名額，含科別與性別欄位）,資優/特色班請依各校及基北區官方公告查詢,,115學年度本表招生科別可確認包含：時尚造型科、餐飲管理科、照顧服務科、觀光事業科、汽車科、建築科。學校官網首頁未標示更完整的全校課程方向摘要；詳細課程內容以校方115學年度課程計畫為準。,學校官網首頁未標示115學年度全校統一實習／專題內容；實際實作、專題或成果要求以各科、實習處或課程計畫公告為準。,學校官網首頁未標示完整固定大眾運輸到校路線或115學年度固定學生專車班次；本表不自行補寫路線。,網站首頁未標示固定通勤時間；Google地圖欄已依官方校址建立查詢入口，可依實際出發地查詢即時大眾運輸。,學校官網首頁未標示115學年度校內學生宿舍申請資訊。,https://www.google.com/maps/search/?api=1&query=%E8%87%BA%E5%8C%97%E5%B8%82%E4%BF%A1%E7%BE%A9%E5%8D%80%E9%BB%8E%E9%A0%86%E9%87%8C%E5%9F%BA%E9%9A%86%E8%B7%AF%E4%BA%8C%E6%AE%B5155%E8%99%9F; https://www.gvs.tp.edu.tw/,https://www.gvs.tp.edu.tw/,https://www.gvs.tp.edu.tw/,https://www.google.com/maps/search/?api=1&query=%E8%87%BA%E5%8C%97%E5%B8%82%E4%BF%A1%E7%BE%A9%E5%8D%80%E9%BB%8E%E9%A0%86%E9%87%8C%E5%9F%BA%E9%9A%86%E8%B7%AF%E4%BA%8C%E6%AE%B5155%E8%99%9F,https://www.gvs.tp.edu.tw/,https://www.gvs.tp.edu.tw/,https://www.gvs.tp.edu.tw/
,381303,私立大誠高中,私立,基北區,綜高,男女兼收,臺北市,文山區,臺北市文山區萬興里秀明路二段175號,https://www.tcsh.tp.edu.tw/,(02)22348989,綜合高中:234；餐飲管理科:28,290,290,教育部115學年度高中職名錄；招生與科系依115學年度基北區免試入學簡章整理。未填最低錄取分數，避免引用未經官方統一核定的估算值。；115學年度基北區免試入學核定招生名額（使用者提供 PDF；一般生招生名額，含科別與性別欄位）,資優/特色班請依各校及基北區官方公告查詢,,115學年度本表招生科別可確認包含：綜合高中、餐飲管理科。學校官網首頁未標示更完整的全校課程方向摘要；詳細課程內容以校方115學年度課程計畫為準。,學校官網首頁未標示115學年度全校統一實習／專題內容；實際實作、專題或成果要求以各科、實習處或課程計畫公告為準。,學校官網首頁未標示完整固定大眾運輸到校路線或115學年度固定學生專車班次；本表不自行補寫路線。,網站首頁未標示固定通勤時間；Google地圖欄已依官方校址建立查詢入口，可依實際出發地查詢即時大眾運輸。,學校官網首頁未標示115學年度校內學生宿舍申請資訊。,https://www.google.com/maps/search/?api=1&query=%E8%87%BA%E5%8C%97%E5%B8%82%E6%96%87%E5%B1%B1%E5%8D%80%E8%90%AC%E8%88%88%E9%87%8C%E7%A7%80%E6%98%8E%E8%B7%AF%E4%BA%8C%E6%AE%B5175%E8%99%9F; https://www.tcsh.tp.edu.tw/,https://www.tcsh.tp.edu.tw/,https://www.tcsh.tp.edu.tw/,https://www.google.com/maps/search/?api=1&query=%E8%87%BA%E5%8C%97%E5%B8%82%E6%96%87%E5%B1%B1%E5%8D%80%E8%90%AC%E8%88%88%E9%87%8C%E7%A7%80%E6%98%8E%E8%B7%AF%E4%BA%8C%E6%AE%B5175%E8%99%9F,https://www.tcsh.tp.edu.tw/,https://www.tcsh.tp.edu.tw/,https://www.tcsh.tp.edu.tw/
,421303,私立奎山實驗高級中學,私立,基北區,綜高,男女兼收,臺北市,北投區,臺北市北投區榮華里明德路200號,https://www.kshs.tp.edu.tw/,(02)28212009,普通科:8；綜合高中:50；機械科:25,83,83,教育部115學年度高中職名錄；招生與科系依115學年度基北區免試入學簡章整理。未填最低錄取分數，避免引用未經官方統一核定的估算值。；115學年度基北區免試入學核定招生名額（使用者提供 PDF；一般生招生名額，含科別與性別欄位）,資優/特色班請依各校及基北區官方公告查詢,,115學年度本表招生科別可確認包含：普通科、綜合高中、機械科。學校官網首頁未標示更完整的全校課程方向摘要；詳細課程內容以校方115學年度課程計畫為準。,學校官網首頁未標示115學年度全校統一實習／專題內容；實際實作、專題或成果要求以各科、實習處或課程計畫公告為準。,學校官網首頁未標示完整固定大眾運輸到校路線或115學年度固定學生專車班次；本表不自行補寫路線。,網站首頁未標示固定通勤時間；Google地圖欄已依官方校址建立查詢入口，可依實際出發地查詢即時大眾運輸。,學校官網首頁未標示115學年度校內學生宿舍申請資訊。,https://www.google.com/maps/search/?api=1&query=%E8%87%BA%E5%8C%97%E5%B8%82%E5%8C%97%E6%8A%95%E5%8D%80%E6%A6%AE%E8%8F%AF%E9%87%8C%E6%98%8E%E5%BE%B7%E8%B7%AF200%E8%99%9F; https://www.kshs.tp.edu.tw/,https://www.kshs.tp.edu.tw/,https://www.kshs.tp.edu.tw/,https://www.google.com/maps/search/?api=1&query=%E8%87%BA%E5%8C%97%E5%B8%82%E5%8C%97%E6%8A%95%E5%8D%80%E6%A6%AE%E8%8F%AF%E9%87%8C%E6%98%8E%E5%BE%B7%E8%B7%AF200%E8%99%9F,https://www.kshs.tp.edu.tw/,https://www.kshs.tp.edu.tw/,https://www.kshs.tp.edu.tw/
,331301,私立延平中學,私立,基北區,高中,男女兼收,臺北市,大安區,臺北市大安區和安里建國南路1段275號,http://www.yphs.tp.edu.tw,(02)27071478,普通科:96；普通科(女):158,254,254,教育部115學年度高中職名錄；招生與科系依115學年度基北區免試入學簡章整理。未填最低錄取分數，避免引用未經官方統一核定的估算值。；115學年度基北區免試入學核定招生名額（使用者提供 PDF；一般生招生名額，含科別與性別欄位）,資優/特色班請依各校及基北區官方公告查詢,,115學年度本表招生科別可確認包含：普通科。學校官網首頁未標示更完整的全校課程方向摘要；詳細課程內容以校方115學年度課程計畫為準。,學校官網首頁未標示115學年度全校統一實習／專題內容；實際實作、專題或成果要求以各科、實習處或課程計畫公告為準。,學校官網首頁未標示完整固定大眾運輸到校路線或115學年度固定學生專車班次；本表不自行補寫路線。,網站首頁未標示固定通勤時間；Google地圖欄已依官方校址建立查詢入口，可依實際出發地查詢即時大眾運輸。,學校官網首頁未標示115學年度校內學生宿舍申請資訊。,https://www.google.com/maps/search/?api=1&query=%E8%87%BA%E5%8C%97%E5%B8%82%E5%A4%A7%E5%AE%89%E5%8D%80%E5%92%8C%E5%AE%89%E9%87%8C%E5%BB%BA%E5%9C%8B%E5%8D%97%E8%B7%AF1%E6%AE%B5275%E8%99%9F; http://www.yphs.tp.edu.tw,http://www.yphs.tp.edu.tw,http://www.yphs.tp.edu.tw,https://www.google.com/maps/search/?api=1&query=%E8%87%BA%E5%8C%97%E5%B8%82%E5%A4%A7%E5%AE%89%E5%8D%80%E5%92%8C%E5%AE%89%E9%87%8C%E5%BB%BA%E5%9C%8B%E5%8D%97%E8%B7%AF1%E6%AE%B5275%E8%99%9F,http://www.yphs.tp.edu.tw,http://www.yphs.tp.edu.tw,http://www.yphs.tp.edu.tw
,331304,私立復興實驗高中,私立,基北區,高中,男女兼收,臺北市,大安區,臺北市大安區仁愛里敦化南路一段262號,https://www.fhjh.tp.edu.tw/,(02)27715859,普通科:29,29,29,教育部115學年度高中職名錄；招生與科系依115學年度基北區免試入學簡章整理。未填最低錄取分數，避免引用未經官方統一核定的估算值。；115學年度基北區免試入學核定招生名額（使用者提供 PDF；一般生招生名額，含科別與性別欄位）,資優/特色班請依各校及基北區官方公告查詢,,115學年度本表招生科別可確認包含：普通科。學校官網首頁未標示更完整的全校課程方向摘要；詳細課程內容以校方115學年度課程計畫為準。,學校官網首頁未標示115學年度全校統一實習／專題內容；實際實作、專題或成果要求以各科、實習處或課程計畫公告為準。,學校官網首頁未標示完整固定大眾運輸到校路線或115學年度固定學生專車班次；本表不自行補寫路線。,網站首頁未標示固定通勤時間；Google地圖欄已依官方校址建立查詢入口，可依實際出發地查詢即時大眾運輸。,學校官網首頁未標示115學年度校內學生宿舍申請資訊。,https://www.google.com/maps/search/?api=1&query=%E8%87%BA%E5%8C%97%E5%B8%82%E5%A4%A7%E5%AE%89%E5%8D%80%E4%BB%81%E6%84%9B%E9%87%8C%E6%95%A6%E5%8C%96%E5%8D%97%E8%B7%AF%E4%B8%80%E6%AE%B5262%E8%99%9F; https://www.fhjh.tp.edu.tw/,https://www.fhjh.tp.edu.tw/,https://www.fhjh.tp.edu.tw/,https://www.google.com/maps/search/?api=1&query=%E8%87%BA%E5%8C%97%E5%B8%82%E5%A4%A7%E5%AE%89%E5%8D%80%E4%BB%81%E6%84%9B%E9%87%8C%E6%95%A6%E5%8C%96%E5%8D%97%E8%B7%AF%E4%B8%80%E6%AE%B5262%E8%99%9F,https://www.fhjh.tp.edu.tw/,https://www.fhjh.tp.edu.tw/,https://www.fhjh.tp.edu.tw/
,361B09,私立志仁中學進修學校,私立,基北區,進修部,男女兼收,臺北市,大同區,臺北市大同區建泰里南京西路64巷17號,http://www.cjvs.tp.edu.tw,(02)25551656,餐飲管理科:33；媒體設計科:33；觀光事業科:33；資料處理科:33；美容科:66；普通科:1,265,265,教育部115學年度高中職名錄；招生與科系依115學年度基北區免試入學簡章整理。未填最低錄取分數，避免引用未經官方統一核定的估算值。；115學年度基北區免試入學核定招生名額（使用者提供 PDF；一般生招生名額，含科別與性別欄位）,資優/特色班請依各校及基北區官方公告查詢,,115學年度本表招生科別可確認包含：餐飲管理科、媒體設計科、觀光事業科、資料處理科、美容科、普通科。學校官網首頁未標示更完整的全校課程方向摘要；詳細課程內容以校方115學年度課程計畫為準。,進修部官網首頁未標示115學年度全校統一實習／專題內容；實際實作、專題或成果要求以進修部及各科課程公告為準。,學校官網首頁未標示完整固定大眾運輸到校路線或115學年度固定學生專車班次；本表不自行補寫路線。,網站首頁未標示固定通勤時間；Google地圖欄已依官方校址建立查詢入口，可依實際出發地查詢即時大眾運輸。,學校官網首頁未標示115學年度校內學生宿舍申請資訊。,https://www.google.com/maps/search/?api=1&query=%E8%87%BA%E5%8C%97%E5%B8%82%E5%A4%A7%E5%90%8C%E5%8D%80%E5%BB%BA%E6%B3%B0%E9%87%8C%E5%8D%97%E4%BA%AC%E8%A5%BF%E8%B7%AF64%E5%B7%B717%E8%99%9F; http://www.cjvs.tp.edu.tw,http://www.cjvs.tp.edu.tw,http://www.cjvs.tp.edu.tw,https://www.google.com/maps/search/?api=1&query=%E8%87%BA%E5%8C%97%E5%B8%82%E5%A4%A7%E5%90%8C%E5%8D%80%E5%BB%BA%E6%B3%B0%E9%87%8C%E5%8D%97%E4%BA%AC%E8%A5%BF%E8%B7%AF64%E5%B7%B717%E8%99%9F,http://www.cjvs.tp.edu.tw,http://www.cjvs.tp.edu.tw,http://www.cjvs.tp.edu.tw
,381305,私立景文高中,私立,基北區,綜高,男女兼收,臺北市,文山區,臺北市文山區木新里保儀路127號,https://www.jwsh.tp.edu.tw/,(02)29390310,普通科:78；商業經營科:21；室內空間設計科:12；廣告設計科:12,123,123,教育部115學年度高中職名錄；招生與科系依115學年度基北區免試入學簡章整理。未填最低錄取分數，避免引用未經官方統一核定的估算值。；115學年度基北區免試入學核定招生名額（使用者提供 PDF；一般生招生名額，含科別與性別欄位）,資優/特色班請依各校及基北區官方公告查詢,,115學年度本表招生科別可確認包含：普通科、商業經營科、室內空間設計科、廣告設計科。學校官網首頁未標示更完整的全校課程方向摘要；詳細課程內容以校方115學年度課程計畫為準。,學校官網首頁未標示115學年度全校統一實習／專題內容；實際實作、專題或成果要求以各科、實習處或課程計畫公告為準。,學校官網首頁未標示完整固定大眾運輸到校路線或115學年度固定學生專車班次；本表不自行補寫路線。,網站首頁未標示固定通勤時間；Google地圖欄已依官方校址建立查詢入口，可依實際出發地查詢即時大眾運輸。,學校官網首頁未標示115學年度校內學生宿舍申請資訊。,https://www.google.com/maps/search/?api=1&query=%E8%87%BA%E5%8C%97%E5%B8%82%E6%96%87%E5%B1%B1%E5%8D%80%E6%9C%A8%E6%96%B0%E9%87%8C%E4%BF%9D%E5%84%80%E8%B7%AF127%E8%99%9F; https://www.jwsh.tp.edu.tw/,https://www.jwsh.tp.edu.tw/,https://www.jwsh.tp.edu.tw/,https://www.google.com/maps/search/?api=1&query=%E8%87%BA%E5%8C%97%E5%B8%82%E6%96%87%E5%B1%B1%E5%8D%80%E6%9C%A8%E6%96%B0%E9%87%8C%E4%BF%9D%E5%84%80%E8%B7%AF127%E8%99%9F,https://www.jwsh.tp.edu.tw/,https://www.jwsh.tp.edu.tw/,https://www.jwsh.tp.edu.tw/
,381301,私立東山高中,私立,基北區,高中,男女兼收,臺北市,文山區,臺北市文山區老泉里老泉街26巷3號,http://www.tshs.tp.edu.tw,(02)29395826,普通科:72,72,72,教育部115學年度高中職名錄；招生與科系依115學年度基北區免試入學簡章整理。未填最低錄取分數，避免引用未經官方統一核定的估算值。；115學年度基北區免試入學核定招生名額（使用者提供 PDF；一般生招生名額，含科別與性別欄位）,資優/特色班請依各校及基北區官方公告查詢,,115學年度本表招生科別可確認包含：普通科。學校官網首頁未標示更完整的全校課程方向摘要；詳細課程內容以校方115學年度課程計畫為準。,學校官網首頁未標示115學年度全校統一實習／專題內容；實際實作、專題或成果要求以各科、實習處或課程計畫公告為準。,學校官網首頁未標示完整固定大眾運輸到校路線或115學年度固定學生專車班次；本表不自行補寫路線。,網站首頁未標示固定通勤時間；Google地圖欄已依官方校址建立查詢入口，可依實際出發地查詢即時大眾運輸。,學校官網首頁未標示115學年度校內學生宿舍申請資訊。,https://www.google.com/maps/search/?api=1&query=%E8%87%BA%E5%8C%97%E5%B8%82%E6%96%87%E5%B1%B1%E5%8D%80%E8%80%81%E6%B3%89%E9%87%8C%E8%80%81%E6%B3%89%E8%A1%9726%E5%B7%B73%E8%99%9F; http://www.tshs.tp.edu.tw,http://www.tshs.tp.edu.tw,http://www.tshs.tp.edu.tw,https://www.google.com/maps/search/?api=1&query=%E8%87%BA%E5%8C%97%E5%B8%82%E6%96%87%E5%B1%B1%E5%8D%80%E8%80%81%E6%B3%89%E9%87%8C%E8%80%81%E6%B3%89%E8%A1%9726%E5%B7%B73%E8%99%9F,http://www.tshs.tp.edu.tw,http://www.tshs.tp.edu.tw,http://www.tshs.tp.edu.tw
,411301,私立泰北高中,私立,基北區,高職,男女兼收,臺北市,士林區,臺北市士林區福林里福林路240號,https://www.tpsh.tp.edu.tw/,(02)28825560,應用日語科:8；美工科:7；廣告設計科:7；多媒體設計科:26；表演藝術科:26,74,74,教育部115學年度高中職名錄；招生與科系依115學年度基北區免試入學簡章整理。未填最低錄取分數，避免引用未經官方統一核定的估算值。；115學年度基北區免試入學核定招生名額（使用者提供 PDF；一般生招生名額，含科別與性別欄位）,資優/特色班請依各校及基北區官方公告查詢,,115學年度本表招生科別可確認包含：應用日語科、美工科、廣告設計科、多媒體設計科、表演藝術科。學校官網首頁未標示更完整的全校課程方向摘要；詳細課程內容以校方115學年度課程計畫為準。,學校官網首頁未標示115學年度全校統一實習／專題內容；實際實作、專題或成果要求以各科、實習處或課程計畫公告為準。,學校官網首頁未標示完整固定大眾運輸到校路線或115學年度固定學生專車班次；本表不自行補寫路線。,網站首頁未標示固定通勤時間；Google地圖欄已依官方校址建立查詢入口，可依實際出發地查詢即時大眾運輸。,校方115學年度第1學期已公告住宿生名單，確認設有學生住宿；申請資格、床位與入住規定依校方住宿公告。,https://www.google.com/maps/search/?api=1&query=%E8%87%BA%E5%8C%97%E5%B8%82%E5%A3%AB%E6%9E%97%E5%8D%80%E7%A6%8F%E6%9E%97%E9%87%8C%E7%A6%8F%E6%9E%97%E8%B7%AF240%E8%99%9F; https://www.tpsh.tp.edu.tw/,https://www.tpsh.tp.edu.tw/,https://www.tpsh.tp.edu.tw/,https://www.google.com/maps/search/?api=1&query=%E8%87%BA%E5%8C%97%E5%B8%82%E5%A3%AB%E6%9E%97%E5%8D%80%E7%A6%8F%E6%9E%97%E9%87%8C%E7%A6%8F%E6%9E%97%E8%B7%AF240%E8%99%9F,https://www.tpsh.tp.edu.tw/,https://www.tpsh.tp.edu.tw/,https://www.tpsh.tp.edu.tw/
,381302,私立滬江高中,私立,基北區,高職,男女兼收,臺北市,文山區,臺北市文山區景美里羅斯福路六段336號,https://www.hchs.tp.edu.tw/,(02)86631122,室內空間設計科:25；餐飲管理科:25,50,50,教育部115學年度高中職名錄；招生與科系依115學年度基北區免試入學簡章整理。未填最低錄取分數，避免引用未經官方統一核定的估算值。；115學年度基北區免試入學核定招生名額（使用者提供 PDF；一般生招生名額，含科別與性別欄位）,資優/特色班請依各校及基北區官方公告查詢,,115學年度本表招生科別可確認包含：室內空間設計科、餐飲管理科。學校官網首頁未標示更完整的全校課程方向摘要；詳細課程內容以校方115學年度課程計畫為準。,學校官網首頁未標示115學年度全校統一實習／專題內容；實際實作、專題或成果要求以各科、實習處或課程計畫公告為準。,學校官網首頁未標示完整固定大眾運輸到校路線或115學年度固定學生專車班次；本表不自行補寫路線。,網站首頁未標示固定通勤時間；Google地圖欄已依官方校址建立查詢入口，可依實際出發地查詢即時大眾運輸。,學校官網首頁未標示115學年度校內學生宿舍申請資訊。,https://www.google.com/maps/search/?api=1&query=%E8%87%BA%E5%8C%97%E5%B8%82%E6%96%87%E5%B1%B1%E5%8D%80%E6%99%AF%E7%BE%8E%E9%87%8C%E7%BE%85%E6%96%AF%E7%A6%8F%E8%B7%AF%E5%85%AD%E6%AE%B5336%E8%99%9F; https://www.hchs.tp.edu.tw/,https://www.hchs.tp.edu.tw/,https://www.hchs.tp.edu.tw/,https://www.google.com/maps/search/?api=1&query=%E8%87%BA%E5%8C%97%E5%B8%82%E6%96%87%E5%B1%B1%E5%8D%80%E6%99%AF%E7%BE%8E%E9%87%8C%E7%BE%85%E6%96%AF%E7%A6%8F%E8%B7%AF%E5%85%AD%E6%AE%B5336%E8%99%9F,https://www.hchs.tp.edu.tw/,https://www.hchs.tp.edu.tw/,https://www.hchs.tp.edu.tw/
,341402,私立稻江護家,私立,基北區,綜高,男女兼收,臺北市,中山區,臺北市中山區新庄里新生北路三段55號,http://www.tcnvs.tp.edu.tw,(02)25955161,家政科:31；幼兒保育科:72；時尚造型科:63；餐飲管理科:63；綜合高中:37；機電科:37,303,303,教育部115學年度高中職名錄；招生與科系依115學年度基北區免試入學簡章整理。未填最低錄取分數，避免引用未經官方統一核定的估算值。；115學年度基北區免試入學核定招生名額（使用者提供 PDF；一般生招生名額，含科別與性別欄位）,資優/特色班請依各校及基北區官方公告查詢,,115學年度本表招生科別可確認包含：家政科、幼兒保育科、時尚造型科、餐飲管理科、綜合高中、機電科。學校官網首頁未標示更完整的全校課程方向摘要；詳細課程內容以校方115學年度課程計畫為準。,學校官網首頁未標示115學年度全校統一實習／專題內容；實際實作、專題或成果要求以各科、實習處或課程計畫公告為準。,學校官網首頁未標示完整固定大眾運輸到校路線或115學年度固定學生專車班次；本表不自行補寫路線。,網站首頁未標示固定通勤時間；Google地圖欄已依官方校址建立查詢入口，可依實際出發地查詢即時大眾運輸。,學校官網首頁未標示115學年度校內學生宿舍申請資訊。,https://www.google.com/maps/search/?api=1&query=%E8%87%BA%E5%8C%97%E5%B8%82%E4%B8%AD%E5%B1%B1%E5%8D%80%E6%96%B0%E5%BA%84%E9%87%8C%E6%96%B0%E7%94%9F%E5%8C%97%E8%B7%AF%E4%B8%89%E6%AE%B555%E8%99%9F; http://www.tcnvs.tp.edu.tw,http://www.tcnvs.tp.edu.tw,http://www.tcnvs.tp.edu.tw,https://www.google.com/maps/search/?api=1&query=%E8%87%BA%E5%8C%97%E5%B8%82%E4%B8%AD%E5%B1%B1%E5%8D%80%E6%96%B0%E5%BA%84%E9%87%8C%E6%96%B0%E7%94%9F%E5%8C%97%E8%B7%AF%E4%B8%89%E6%AE%B555%E8%99%9F,http://www.tcnvs.tp.edu.tw,http://www.tcnvs.tp.edu.tw,http://www.tcnvs.tp.edu.tw
,361401,私立稻江高商,私立,基北區,高職,男女兼收,臺北市,大同區,臺北市大同區隆和里民權西路225巷24號,http://www.tkcvs.tp.edu.tw,(02)25912001,商業經營科:31；應用日語科:31；廣告設計科:63；觀光事業科:52,177,177,教育部115學年度高中職名錄；招生與科系依115學年度基北區免試入學簡章整理。未填最低錄取分數，避免引用未經官方統一核定的估算值。；115學年度基北區免試入學核定招生名額（使用者提供 PDF；一般生招生名額，含科別與性別欄位）,資優/特色班請依各校及基北區官方公告查詢,,115學年度本表招生科別可確認包含：商業經營科、應用日語科、廣告設計科、觀光事業科。學校官網首頁未標示更完整的全校課程方向摘要；詳細課程內容以校方115學年度課程計畫為準。,學校官網首頁未標示115學年度全校統一實習／專題內容；實際實作、專題或成果要求以各科、實習處或課程計畫公告為準。,學校官網首頁未標示完整固定大眾運輸到校路線或115學年度固定學生專車班次；本表不自行補寫路線。,網站首頁未標示固定通勤時間；Google地圖欄已依官方校址建立查詢入口，可依實際出發地查詢即時大眾運輸。,學校官網首頁未標示115學年度校內學生宿舍申請資訊。,https://www.google.com/maps/search/?api=1&query=%E8%87%BA%E5%8C%97%E5%B8%82%E5%A4%A7%E5%90%8C%E5%8D%80%E9%9A%86%E5%92%8C%E9%87%8C%E6%B0%91%E6%AC%8A%E8%A5%BF%E8%B7%AF225%E5%B7%B724%E8%99%9F; http://www.tkcvs.tp.edu.tw,http://www.tkcvs.tp.edu.tw,http://www.tkcvs.tp.edu.tw,https://www.google.com/maps/search/?api=1&query=%E8%87%BA%E5%8C%97%E5%B8%82%E5%A4%A7%E5%90%8C%E5%8D%80%E9%9A%86%E5%92%8C%E9%87%8C%E6%B0%91%E6%AC%8A%E8%A5%BF%E8%B7%AF225%E5%B7%B724%E8%99%9F,http://www.tkcvs.tp.edu.tw,http://www.tkcvs.tp.edu.tw,http://www.tkcvs.tp.edu.tw
,311401,私立育達高中,私立,基北區,高職,男女兼收,臺北市,松山區,105 臺北市松山區寧安街12號,https://www.yudah.tp.edu.tw/,(02)25706767,烘焙科:131；時尚造型科:178；觀光事業科:89；餐飲管理科:319；表演藝術科:178,895,895,教育部115學年度高中職名錄；招生與科系依115學年度基北區免試入學簡章整理。未填最低錄取分數，避免引用未經官方統一核定的估算值。；115學年度基北區免試入學核定招生名額（使用者提供 PDF；一般生招生名額，含科別與性別欄位）,資優/特色班請依各校及基北區官方公告查詢,,普通高中與多媒體設計、觀光、餐飲、時尚造型、表演藝術、烘焙等專業方向並行，另有新媒體等特色／實驗課程。,專業科別依實習與產學合作辦理校外實習、技能實作及作品／展演成果；實際實習單位與專題依各科當年度公告。,官網校址位於臺北市松山區寧安街12號，並明列鄰近臺北捷運小巨蛋站4號出口。,捷運通勤以小巨蛋站為主要節點；網站首頁未標示固定學生專車班次。,學校官網首頁未標示115學年度校內學生宿舍申請資訊。,https://www.google.com/maps/search/?api=1&query=105+%E8%87%BA%E5%8C%97%E5%B8%82%E6%9D%BE%E5%B1%B1%E5%8D%80%E5%AF%A7%E5%AE%89%E8%A1%9712%E8%99%9F; https://www.yudah.tp.edu.tw/,https://www.yudah.tp.edu.tw/,https://www.yudah.tp.edu.tw/,https://www.google.com/maps/search/?api=1&query=105+%E8%87%BA%E5%8C%97%E5%B8%82%E6%9D%BE%E5%B1%B1%E5%8D%80%E5%AF%A7%E5%AE%89%E8%A1%9712%E8%99%9F,https://www.yudah.tp.edu.tw/,https://www.yudah.tp.edu.tw/,https://www.yudah.tp.edu.tw/
,411303,私立華興中學,私立,基北區,高中,男女兼收,臺北市,士林區,臺北市士林區芝山里仰德大道1段101號,http://www.hhhs.tp.edu.tw,(02)28316834,普通科:27,27,27,教育部115學年度高中職名錄；招生與科系依115學年度基北區免試入學簡章整理。未填最低錄取分數，避免引用未經官方統一核定的估算值。；115學年度基北區免試入學核定招生名額（使用者提供 PDF；一般生招生名額，含科別與性別欄位）,資優/特色班請依各校及基北區官方公告查詢,,115學年度本表招生科別可確認包含：普通科。學校官網首頁未標示更完整的全校課程方向摘要；詳細課程內容以校方115學年度課程計畫為準。,學校官網首頁未標示115學年度全校統一實習／專題內容；實際實作、專題或成果要求以各科、實習處或課程計畫公告為準。,學校官網首頁未標示完整固定大眾運輸到校路線或115學年度固定學生專車班次；本表不自行補寫路線。,網站首頁未標示固定通勤時間；Google地圖欄已依官方校址建立查詢入口，可依實際出發地查詢即時大眾運輸。,學校官網首頁未標示115學年度校內學生宿舍申請資訊。,https://www.google.com/maps/search/?api=1&query=%E8%87%BA%E5%8C%97%E5%B8%82%E5%A3%AB%E6%9E%97%E5%8D%80%E8%8A%9D%E5%B1%B1%E9%87%8C%E4%BB%B0%E5%BE%B7%E5%A4%A7%E9%81%931%E6%AE%B5101%E8%99%9F; http://www.hhhs.tp.edu.tw,http://www.hhhs.tp.edu.tw,http://www.hhhs.tp.edu.tw,https://www.google.com/maps/search/?api=1&query=%E8%87%BA%E5%8C%97%E5%B8%82%E5%A3%AB%E6%9E%97%E5%8D%80%E8%8A%9D%E5%B1%B1%E9%87%8C%E4%BB%B0%E5%BE%B7%E5%A4%A7%E9%81%931%E6%AE%B5101%E8%99%9F,http://www.hhhs.tp.edu.tw,http://www.hhhs.tp.edu.tw,http://www.hhhs.tp.edu.tw
,421301,私立薇閣高中,私立,基北區,高中,男女兼收,臺北市,北投區,臺北市北投區中心里珠海路50號,https://www.wghs.tp.edu.tw/nss/p/index,(02)28925332,普通科:57,57,57,教育部115學年度高中職名錄；招生與科系依115學年度基北區免試入學簡章整理。未填最低錄取分數，避免引用未經官方統一核定的估算值。；115學年度基北區免試入學核定招生名額（使用者提供 PDF；一般生招生名額，含科別與性別欄位）,資優/特色班請依各校及基北區官方公告查詢,,115學年度本表招生科別可確認包含：普通科。學校官網首頁未標示更完整的全校課程方向摘要；詳細課程內容以校方115學年度課程計畫為準。,學校官網首頁未標示115學年度全校統一實習／專題內容；實際實作、專題或成果要求以各科、實習處或課程計畫公告為準。,學校官網首頁未標示完整固定大眾運輸到校路線或115學年度固定學生專車班次；本表不自行補寫路線。,網站首頁未標示固定通勤時間；Google地圖欄已依官方校址建立查詢入口，可依實際出發地查詢即時大眾運輸。,學校官網首頁未標示115學年度校內學生宿舍申請資訊。,https://www.google.com/maps/search/?api=1&query=%E8%87%BA%E5%8C%97%E5%B8%82%E5%8C%97%E6%8A%95%E5%8D%80%E4%B8%AD%E5%BF%83%E9%87%8C%E7%8F%A0%E6%B5%B7%E8%B7%AF50%E8%99%9F; https://www.wghs.tp.edu.tw/nss/p/index,https://www.wghs.tp.edu.tw/nss/p/index,https://www.wghs.tp.edu.tw/nss/p/index,https://www.google.com/maps/search/?api=1&query=%E8%87%BA%E5%8C%97%E5%B8%82%E5%8C%97%E6%8A%95%E5%8D%80%E4%B8%AD%E5%BF%83%E9%87%8C%E7%8F%A0%E6%B5%B7%E8%B7%AF50%E8%99%9F,https://www.wghs.tp.edu.tw/nss/p/index,https://www.wghs.tp.edu.tw/nss/p/index,https://www.wghs.tp.edu.tw/nss/p/index
,411302,私立衛理女中,私立,基北區,高中,女校,臺北市,士林區,111003 臺北市士林區至善路二段321號,https://www.wlgsh.tp.edu.tw/,(02)28411487,普通科(女):64,64,64,教育部115學年度高中職名錄；招生與科系依115學年度基北區免試入學簡章整理。未填最低錄取分數，避免引用未經官方統一核定的估算值。；115學年度基北區免試入學核定招生名額（使用者提供 PDF；一般生招生名額，含科別與性別欄位）,資優/特色班請依各校及基北區官方公告查詢,,115學年度本表招生科別可確認包含：普通科。學校官網首頁未標示更完整的全校課程方向摘要；詳細課程內容以校方115學年度課程計畫為準。,學校官網首頁未標示115學年度全校統一實習／專題內容；實際實作、專題或成果要求以各科、實習處或課程計畫公告為準。,校方交通安全資料明列：士林捷運站可搭255、小18、小19至「衛理女中」，304、815至故宮後步行約5分鐘；大直捷運站可搭棕13到校。,校方資料標示士林捷運站轉乘到校約15分鐘、大直捷運站搭棕13到校約7分鐘；放學另有特定304專車班次。,校方設學生宿舍與住宿專區；入住資格、床位、費用及作息依當學年度住宿公告。,https://www.google.com/maps/search/?api=1&query=111003+%E8%87%BA%E5%8C%97%E5%B8%82%E5%A3%AB%E6%9E%97%E5%8D%80%E8%87%B3%E5%96%84%E8%B7%AF%E4%BA%8C%E6%AE%B5321%E8%99%9F; https://www.wlgsh.tp.edu.tw/,https://www.wlgsh.tp.edu.tw/uploads/17013307572045GlZHohV.pdf,https://www.wlgsh.tp.edu.tw/nss/p/Res001,https://www.google.com/maps/search/?api=1&query=111003+%E8%87%BA%E5%8C%97%E5%B8%82%E5%A3%AB%E6%9E%97%E5%8D%80%E8%87%B3%E5%96%84%E8%B7%AF%E4%BA%8C%E6%AE%B5321%E8%99%9F,https://www.wlgsh.tp.edu.tw/,https://www.wlgsh.tp.edu.tw/,https://www.wlgsh.tp.edu.tw/
,401303,私立達人高中,私立,基北區,高中,男女兼收,臺北市,內湖區,臺北市內湖區湖濱里內湖路二段314號,https://www1.trgsh.tp.edu.tw/,(02)27956899,普通科(女):29；普通科:56,85,85,教育部115學年度高中職名錄；招生與科系依115學年度基北區免試入學簡章整理。未填最低錄取分數，避免引用未經官方統一核定的估算值。；115學年度基北區免試入學核定招生名額（使用者提供 PDF；一般生招生名額，含科別與性別欄位）,資優/特色班請依各校及基北區官方公告查詢,,115學年度本表招生科別可確認包含：普通科。學校官網首頁未標示更完整的全校課程方向摘要；詳細課程內容以校方115學年度課程計畫為準。,學校官網首頁未標示115學年度全校統一實習／專題內容；實際實作、專題或成果要求以各科、實習處或課程計畫公告為準。,學校官網首頁未標示完整固定大眾運輸到校路線或115學年度固定學生專車班次；本表不自行補寫路線。,網站首頁未標示固定通勤時間；Google地圖欄已依官方校址建立查詢入口，可依實際出發地查詢即時大眾運輸。,學校官網首頁未標示115學年度校內學生宿舍申請資訊。,https://www.google.com/maps/search/?api=1&query=%E8%87%BA%E5%8C%97%E5%B8%82%E5%85%A7%E6%B9%96%E5%8D%80%E6%B9%96%E6%BF%B1%E9%87%8C%E5%85%A7%E6%B9%96%E8%B7%AF%E4%BA%8C%E6%AE%B5314%E8%99%9F; https://www1.trgsh.tp.edu.tw/,https://www1.trgsh.tp.edu.tw/,https://www1.trgsh.tp.edu.tw/,https://www.google.com/maps/search/?api=1&query=%E8%87%BA%E5%8C%97%E5%B8%82%E5%85%A7%E6%B9%96%E5%8D%80%E6%B9%96%E6%BF%B1%E9%87%8C%E5%85%A7%E6%B9%96%E8%B7%AF%E4%BA%8C%E6%AE%B5314%E8%99%9F,https://www1.trgsh.tp.edu.tw/,https://www1.trgsh.tp.edu.tw/,https://www1.trgsh.tp.edu.tw/
,331302,私立金甌女中,私立,基北區,高職,女校,臺北市,大安區,106301 臺北市大安區杭州南路二段1號,https://www.cogsh.tp.edu.tw/,(02)23214765,日間部(女):65；應用日語科(女):45；多媒體設計科(女):45,155,155,教育部115學年度高中職名錄；招生與科系依115學年度基北區免試入學簡章整理。未填最低錄取分數，避免引用未經官方統一核定的估算值。；115學年度基北區免試入學核定招生名額（使用者提供 PDF；一般生招生名額，含科別與性別欄位）,資優/特色班請依各校及基北區官方公告查詢,,115學年度本表招生科別可確認包含：日間部、應用日語科、多媒體設計科。學校官網首頁未標示更完整的全校課程方向摘要；詳細課程內容以校方115學年度課程計畫為準。,學校官網首頁未標示115學年度全校統一實習／專題內容；實際實作、專題或成果要求以各科、實習處或課程計畫公告為準。,官網校址位於臺北市大安區杭州南路二段1號，校方交通資訊標示鄰近捷運東門站與中正紀念堂周邊。,捷運可利用東門站等鄰近站點；網站未標示全體學生固定通勤時間或固定學生專車班次。,學校官網首頁未標示115學年度校內學生宿舍申請資訊。,https://www.google.com/maps/search/?api=1&query=106301+%E8%87%BA%E5%8C%97%E5%B8%82%E5%A4%A7%E5%AE%89%E5%8D%80%E6%9D%AD%E5%B7%9E%E5%8D%97%E8%B7%AF%E4%BA%8C%E6%AE%B51%E8%99%9F; https://www.cogsh.tp.edu.tw/,https://www.cogsh.tp.edu.tw/,https://www.cogsh.tp.edu.tw/,https://www.google.com/maps/search/?api=1&query=106301+%E8%87%BA%E5%8C%97%E5%B8%82%E5%A4%A7%E5%AE%89%E5%8D%80%E6%9D%AD%E5%B7%9E%E5%8D%97%E8%B7%AF%E4%BA%8C%E6%AE%B51%E8%99%9F,https://www.cogsh.tp.edu.tw/,https://www.cogsh.tp.edu.tw/,https://www.cogsh.tp.edu.tw/
,331404,私立開平餐飲,私立,基北區,高職,男女兼收,臺北市,大安區,臺北市大安區龍陣里復興南路二段148巷24號,http://www.kpvs.tp.edu.tw,(02)27556939,餐飲管理科:22,22,22,教育部115學年度高中職名錄；招生與科系依115學年度基北區免試入學簡章整理。未填最低錄取分數，避免引用未經官方統一核定的估算值。；115學年度基北區免試入學核定招生名額（使用者提供 PDF；一般生招生名額，含科別與性別欄位）,資優/特色班請依各校及基北區官方公告查詢,,115學年度本表招生科別可確認包含：餐飲管理科。學校官網首頁未標示更完整的全校課程方向摘要；詳細課程內容以校方115學年度課程計畫為準。,學校官網首頁未標示115學年度全校統一實習／專題內容；實際實作、專題或成果要求以各科、實習處或課程計畫公告為準。,學校官網首頁未標示完整固定大眾運輸到校路線或115學年度固定學生專車班次；本表不自行補寫路線。,網站首頁未標示固定通勤時間；Google地圖欄已依官方校址建立查詢入口，可依實際出發地查詢即時大眾運輸。,學校官網首頁未標示115學年度校內學生宿舍申請資訊。,https://www.google.com/maps/search/?api=1&query=%E8%87%BA%E5%8C%97%E5%B8%82%E5%A4%A7%E5%AE%89%E5%8D%80%E9%BE%8D%E9%99%A3%E9%87%8C%E5%BE%A9%E8%88%88%E5%8D%97%E8%B7%AF%E4%BA%8C%E6%AE%B5148%E5%B7%B724%E8%99%9F; http://www.kpvs.tp.edu.tw,http://www.kpvs.tp.edu.tw,http://www.kpvs.tp.edu.tw,https://www.google.com/maps/search/?api=1&query=%E8%87%BA%E5%8C%97%E5%B8%82%E5%A4%A7%E5%AE%89%E5%8D%80%E9%BE%8D%E9%99%A3%E9%87%8C%E5%BE%A9%E8%88%88%E5%8D%97%E8%B7%AF%E4%BA%8C%E6%AE%B5148%E5%B7%B724%E8%99%9F,http://www.kpvs.tp.edu.tw,http://www.kpvs.tp.edu.tw,http://www.kpvs.tp.edu.tw
,361301,私立靜修高中,私立,基北區,綜高,男女兼收,臺北市,大同區,臺北市大同區雙連里寧夏路59號,http://www.bish.tp.edu.tw,(02)25574345,普通科(女):95；應用日語科(女):27,122,122,教育部115學年度高中職名錄；招生與科系依115學年度基北區免試入學簡章整理。未填最低錄取分數，避免引用未經官方統一核定的估算值。；115學年度基北區免試入學核定招生名額（使用者提供 PDF；一般生招生名額，含科別與性別欄位）,資優/特色班請依各校及基北區官方公告查詢,,115學年度本表招生科別可確認包含：普通科、應用日語科。學校官網首頁未標示更完整的全校課程方向摘要；詳細課程內容以校方115學年度課程計畫為準。,學校官網首頁未標示115學年度全校統一實習／專題內容；實際實作、專題或成果要求以各科、實習處或課程計畫公告為準。,學校官網首頁未標示完整固定大眾運輸到校路線或115學年度固定學生專車班次；本表不自行補寫路線。,網站首頁未標示固定通勤時間；Google地圖欄已依官方校址建立查詢入口，可依實際出發地查詢即時大眾運輸。,學校官網首頁未標示115學年度校內學生宿舍申請資訊。,https://www.google.com/maps/search/?api=1&query=%E8%87%BA%E5%8C%97%E5%B8%82%E5%A4%A7%E5%90%8C%E5%8D%80%E9%9B%99%E9%80%A3%E9%87%8C%E5%AF%A7%E5%A4%8F%E8%B7%AF59%E8%99%9F; http://www.bish.tp.edu.tw,http://www.bish.tp.edu.tw,http://www.bish.tp.edu.tw,https://www.google.com/maps/search/?api=1&query=%E8%87%BA%E5%8C%97%E5%B8%82%E5%A4%A7%E5%90%8C%E5%8D%80%E9%9B%99%E9%80%A3%E9%87%8C%E5%AF%A7%E5%A4%8F%E8%B7%AF59%E8%99%9F,http://www.bish.tp.edu.tw,http://www.bish.tp.edu.tw,http://www.bish.tp.edu.tw
,381306,私立靜心高中,私立,基北區,高中,男女兼收,臺北市,文山區,臺北市文山區興福里興隆路二段46號,http://www.chjhs.tp.edu.tw/dispPageBox/MainHp.aspx?ddsPageID=MAINHP,(02)29323118,普通科:16,16,16,教育部115學年度高中職名錄；招生與科系依115學年度基北區免試入學簡章整理。未填最低錄取分數，避免引用未經官方統一核定的估算值。；115學年度基北區免試入學核定招生名額（使用者提供 PDF；一般生招生名額，含科別與性別欄位）,資優/特色班請依各校及基北區官方公告查詢,,115學年度本表招生科別可確認包含：普通科。學校官網首頁未標示更完整的全校課程方向摘要；詳細課程內容以校方115學年度課程計畫為準。,學校官網首頁未標示115學年度全校統一實習／專題內容；實際實作、專題或成果要求以各科、實習處或課程計畫公告為準。,學校官網首頁未標示完整固定大眾運輸到校路線或115學年度固定學生專車班次；本表不自行補寫路線。,網站首頁未標示固定通勤時間；Google地圖欄已依官方校址建立查詢入口，可依實際出發地查詢即時大眾運輸。,學校官網首頁未標示115學年度校內學生宿舍申請資訊。,https://www.google.com/maps/search/?api=1&query=%E8%87%BA%E5%8C%97%E5%B8%82%E6%96%87%E5%B1%B1%E5%8D%80%E8%88%88%E7%A6%8F%E9%87%8C%E8%88%88%E9%9A%86%E8%B7%AF%E4%BA%8C%E6%AE%B546%E8%99%9F; http://www.chjhs.tp.edu.tw/dispPageBox/MainHp.aspx?ddsPageID=MAINHP,http://www.chjhs.tp.edu.tw/dispPageBox/MainHp.aspx?ddsPageID=MAINHP,http://www.chjhs.tp.edu.tw/dispPageBox/MainHp.aspx?ddsPageID=MAINHP,https://www.google.com/maps/search/?api=1&query=%E8%87%BA%E5%8C%97%E5%B8%82%E6%96%87%E5%B1%B1%E5%8D%80%E8%88%88%E7%A6%8F%E9%87%8C%E8%88%88%E9%9A%86%E8%B7%AF%E4%BA%8C%E6%AE%B546%E8%99%9F,http://www.chjhs.tp.edu.tw/dispPageBox/MainHp.aspx?ddsPageID=MAINHP,http://www.chjhs.tp.edu.tw/dispPageBox/MainHp.aspx?ddsPageID=MAINHP,http://www.chjhs.tp.edu.tw/dispPageBox/MainHp.aspx?ddsPageID=MAINHP
,351402,臺北市開南高中,私立,基北區,高職,男女兼收,臺北市,中正區,臺北市中正區東門里濟南路一段6號,https://www.knvs.tp.edu.tw/,(02)23212666,汽車科:37；資訊科:37；電機科:37；廣告設計科:37；照顧服務科:22；餐飲管理科:32,202,202,教育部115學年度高中職名錄；招生與科系依115學年度基北區免試入學簡章整理。未填最低錄取分數，避免引用未經官方統一核定的估算值。；115學年度基北區免試入學核定招生名額（使用者提供 PDF；一般生招生名額，含科別與性別欄位）,資優/特色班請依各校及基北區官方公告查詢,,115學年度本表招生科別可確認包含：汽車科、資訊科、電機科、廣告設計科、照顧服務科、餐飲管理科。學校官網首頁未標示更完整的全校課程方向摘要；詳細課程內容以校方115學年度課程計畫為準。,學校官網首頁未標示115學年度全校統一實習／專題內容；實際實作、專題或成果要求以各科、實習處或課程計畫公告為準。,學校官網首頁未標示完整固定大眾運輸到校路線或115學年度固定學生專車班次；本表不自行補寫路線。,網站首頁未標示固定通勤時間；Google地圖欄已依官方校址建立查詢入口，可依實際出發地查詢即時大眾運輸。,學校官網首頁未標示115學年度校內學生宿舍申請資訊。,https://www.google.com/maps/search/?api=1&query=%E8%87%BA%E5%8C%97%E5%B8%82%E4%B8%AD%E6%AD%A3%E5%8D%80%E6%9D%B1%E9%96%80%E9%87%8C%E6%BF%9F%E5%8D%97%E8%B7%AF%E4%B8%80%E6%AE%B56%E8%99%9F; https://www.knvs.tp.edu.tw/,https://www.knvs.tp.edu.tw/,https://www.knvs.tp.edu.tw/,https://www.google.com/maps/search/?api=1&query=%E8%87%BA%E5%8C%97%E5%B8%82%E4%B8%AD%E6%AD%A3%E5%8D%80%E6%9D%B1%E9%96%80%E9%87%8C%E6%BF%9F%E5%8D%97%E8%B7%AF%E4%B8%80%E6%AE%B56%E8%99%9F,https://www.knvs.tp.edu.tw/,https://www.knvs.tp.edu.tw/,https://www.knvs.tp.edu.tw/
