排名,學校代碼,學校名稱,公私立,招生區,學制分類,男女校,縣市,區,地址,官網,電話,科系與名額,簡章招生名額,招生名額,資優班/特色班,課程方向,實習／專題,校車／專車資訊,通勤資訊,住宿資訊,Google地圖,課程資料來源,實習專題資料來源,校車／專車資料來源,通勤資料來源,住宿資料來源,地址資料來源,生活資料來源,資料更新日期
,170404,國立基隆商工,公立,基北區,高職,男女兼收,基隆市,七堵區,基隆市七堵區東新街22號,https://www.klcivs.kl.edu.tw/home,(02)24567126,航空電子科:1；商業經營科:1；國際貿易科:1；會計事務科:2；資料處理科:1；美工科:6；廣告設計科:6；商業經營科:11；國際貿易科:11；資料處理科:11；機械科:9,60,60,校方招生資料列有技優甄審／特色招生；本校為技術型高中，特色方向包含商業、設計、機械與資料處理等群科。,115課程計畫書頁依本校招生科別提供課程計畫；招生科別涵蓋航空電子、商業經營、國際貿易、會計事務、資料處理、美工、廣告設計及機械等方向。,各科依115學年度課程計畫安排專業實習、實作與專題課程，學生透過技能實作、專題製作與成果展示整合專業學習。,國立基隆商工的學生專車目前沒有公開的路線、站點或申請資訊；一般捷運、臺鐵、公車與步行路線另列於「通勤資訊」。,臺鐵七堵站下車，沿東新街經明德國中步行約3分鐘；403A/B/C/D、606、6064C至基隆商工站；R66、R82、R82A、R86、R86A至七堵區行政大樓站步行約300公尺；最直接節點為七堵車站；七堵站步行約450公尺，七堵郵局／七堵國小等站步行約400至500公尺。,國立基隆商工的一般高中部住宿目前沒有公開的校內宿舍申請、床位或收費方案；特定班級、專案或其他部別住宿另行區分。,https://www.google.com/maps/search/?api=1&query=%E5%9F%BA%E9%9A%86%E5%B8%82%E4%B8%83%E5%A0%B5%E5%8D%80%E6%9D%B1%E6%96%B0%E8%A1%9722%E8%99%9F,https://www.klcivs.kl.edu.tw/ischool/publish_page/3/?cid=3147,https://www.klcivs.kl.edu.tw/ischool/publish_page/3/?cid=3147,https://www.klcivs.kl.edu.tw/ischool/widget/main_menu/show.php?cid=2775,https://www.klcivs.kl.edu.tw/ischool/widget/main_menu/show.php?cid=2775；https://www.google.com/maps/search/?api=1&query=%E5%9F%BA%E9%9A%86%E5%B8%82%E4%B8%83%E5%A0%B5%E5%8D%80%E6%9D%B1%E6%96%B0%E8%A1%9722%E8%99%9F,https://www.klcivs.kl.edu.tw/ischool/publish_page/3/?cid=3147,https://www.klcivs.kl.edu.tw/home,https://www.klcivs.kl.edu.tw/ischool/publish_page/3/?cid=3147；https://www.klcivs.kl.edu.tw/ischool/widget/main_menu/show.php?cid=2775；https://www.google.com/maps/search/?api=1&query=%E5%9F%BA%E9%9A%86%E5%B8%82%E4%B8%83%E5%A0%B5%E5%8D%80%E6%9D%B1%E6%96%B0%E8%A1%9722%E8%99%9F；https://www.klcivs.kl.edu.tw/home,2026-09-06
,170301,國立基隆女中,公立,基北區,高中,女校,基隆市,信義區,201013 基隆市信義區東信路324號,https://www.klgsh.kl.edu.tw/,(02)24278274,普通科(女):202,202,202,特色班包含數理科技實驗班、雙語教育實驗班、人文AI實驗學程及體育班。,校方教學組公開115課程計畫書備查版與115課程地圖；本校普通科課程依該學年度課程計畫與課程地圖安排。,實作學習以自然與社會領域探究實作、自主學習、校訂課程與學習成果為主，並透過課程地圖所列課程、學生作品與成果發表累積研究經驗。,115-1另公告學生接駁專車，站點與時間依該公告附件。,校方交通頁列市區公車201、202、203、204至「基隆女中」站，2088至「基隆女中／月眉路口」後步行約5分鐘。,校方招生與學務公開資料載有學生宿舍資訊；住宿資格、床位與費用依校方住宿制度辦理。,https://www.google.com/maps/search/?api=1&query=201013+%E5%9F%BA%E9%9A%86%E5%B8%82%E4%BF%A1%E7%BE%A9%E5%8D%80%E6%9D%B1%E4%BF%A1%E8%B7%AF324%E8%99%9F,https://www.klgsh.kl.edu.tw/行政單位/教務處/👉🏻教務處/教學組專區/2/,https://www.klgsh.kl.edu.tw/行政單位/教務處/👉🏻教務處/教學組專區/2/,https://www.klgsh.kl.edu.tw/關於基女/地理交通/；https://www.klgsh.kl.edu.tw/學務處/置頂公告115-1學生接駁專車最新公告/,https://www.klgsh.kl.edu.tw/關於基女/地理交通/；https://www.klgsh.kl.edu.tw/學務處/置頂公告115-1學生接駁專車最新公告/；https://www.google.com/maps/search/?api=1&query=201013+%E5%9F%BA%E9%9A%86%E5%B8%82%E4%BF%A1%E7%BE%A9%E5%8D%80%E6%9D%B1%E4%BF%A1%E8%B7%AF324%E8%99%9F,https://www.klgsh.kl.edu.tw/招生資訊/；https://www.klgsh.kl.edu.tw/學務處/置頂公告115-1學生接駁專車最新公告/,https://www.klgsh.kl.edu.tw/,https://www.klgsh.kl.edu.tw/行政單位/教務處/👉🏻教務處/教學組專區/2/；https://www.klgsh.kl.edu.tw/關於基女/地理交通/；https://www.klgsh.kl.edu.tw/學務處/置頂公告115-1學生接駁專車最新公告/；https://www.google.com/maps/search/?api=1&query=201013+%E5%9F%BA%E9%9A%86%E5%B8%82%E4%BF%A1%E7%BE%A9%E5%8D%80%E6%9D%B1%E4%BF%A1%E8%B7%AF324%E8%99%9F；https://www.klgsh.kl.edu.tw/招生資訊/；https://www.klgsh.kl.edu.tw/,2026-09-06
,170302,國立基隆高中,公立,基北區,高中,男女兼收,基隆市,暖暖區,205 基隆市暖暖區源遠路20號,https://www.klsh.kl.edu.tw/,(02)24582052,普通科(女):30,30,30,特色班包含數理實驗班、雙語實驗班、海洋科技班、國際人文班、音樂資優班、美術資優班及體育班。,校方網站公開115學年度課程計畫核定版入口；本校普通科課程依115學年度課程計畫及校訂多元課程安排。,實作學習以自然與社會領域探究實作、自主學習、校訂課程與學習成果為主，學生可透過跨域選修與成果發表累積專題型學習經驗。,另校方招生頁說明有臺北及新北學生交通車，班次與路線依當學年度公告。,校方交通頁列臺鐵八堵站，出站步行約10分鐘；公車601、605可在「八堵國小」或「礦工醫院」站下車。,校方115學年度第一學期住宿公告已公布住宿生核定名冊、入住事項、宿舍管理要點與宿舍環境資料；住宿資格與床位依校方核定名冊及住宿制度辦理。,https://www.google.com/maps/search/?api=1&query=205+%E5%9F%BA%E9%9A%86%E5%B8%82%E6%9A%96%E6%9A%96%E5%8D%80%E6%BA%90%E9%81%A0%E8%B7%AF20%E8%99%9F,https://courset.k12ea.gov.tw/courseinformation/indexStu01.asp,https://www.klsh.kl.edu.tw/,https://www.klsh.kl.edu.tw/about/traffic/；https://www.klsh.kl.edu.tw/gov/aca/nst/,https://www.klsh.kl.edu.tw/about/traffic/；https://www.klsh.kl.edu.tw/gov/aca/nst/；https://www.google.com/maps/search/?api=1&query=205+%E5%9F%BA%E9%9A%86%E5%B8%82%E6%9A%96%E6%9A%96%E5%8D%80%E6%BA%90%E9%81%A0%E8%B7%AF20%E8%99%9F,https://www.klsh.kl.edu.tw/2026/08/12/115%E5%AD%B8%E5%B9%B4%E5%BA%A6%E7%AC%AC%E4%B8%80%E5%AD%B8%E6%9C%9F%E4%BD%8F%E5%AE%BF%E7%94%9F%E6%A0%B8%E5%AE%9A%E5%90%8D%E5%86%8A%E6%9A%A8%E5%AD%B8%E7%94%9F%E5%AE%BF%E8%88%8D%E5%85%A5%E4%BD%8F/,https://www.klsh.kl.edu.tw/,https://courset.k12ea.gov.tw/courseinformation/indexStu01.asp；https://www.klsh.kl.edu.tw/；https://www.klsh.kl.edu.tw/about/traffic/；https://www.klsh.kl.edu.tw/gov/aca/nst/；https://www.google.com/maps/search/?api=1&query=205+%E5%9F%BA%E9%9A%86%E5%B8%82%E6%9A%96%E6%9A%96%E5%8D%80%E6%BA%90%E9%81%A0%E8%B7%AF20%E8%99%9F；https://www.klsh.kl.edu.tw/2026/08/12/115%E5%AD%B8%E5%B9%B4%E5%BA%A6%E7%AC%AC%E4%B8%80%E5%AD%B8%E6%9C%9F%E4%BD%8F%E5%AE%BF%E7%94%9F%E6%A0%B8%E5%AE%9A%E5%90%8D%E5%86%8A%E6%9A%A8%E5%AD%B8%E7%94%9F%E5%AE%BF%E8%88%8D%E5%85%A5%E4%BD%8F/,2026-09-06
,170403,國立海洋大學附屬基隆海事,公立,基北區,高職,男女兼收,基隆市,中正區,基隆市中正區祥豐街246號,https://www.klms.ntou.edu.tw/,(02)24633655,食品科:8,8,8,普通科設海洋科技人才培育實驗班；技職特色涵蓋海事、水產、食品、商管、電機電子、餐旅與服務群。,校方課程計畫書頁公開115學年度課程計畫，涵蓋普通科與技術型專業科課程；招生科別為食品科，課程方向以食品專業與實習課程為主。,校方實習處公開專題實作及創意競賽、實習科目與專業課程資料；實習科目頁列有專題製作及電子專業實習，食品科實際課程依115學年度課程計畫辦理。,國立海洋大學附屬基隆海事的學生專車目前沒有公開的路線、站點或申請資訊；一般捷運、臺鐵、公車與步行路線另列於「通勤資訊」。,校方新生手冊列明可先搭客運或臺鐵至基隆，再轉乘市區公車或計程車到校；1579快捷公車可在海大（祥豐校門）站下車，步行約3至5分鐘到校；校址為基隆市中正區祥豐街246號。,115學年度校方公告代辦租借國立臺灣海洋大學男生學生宿舍，申請對象為非北北基的產業特殊需求類科學生；另公告115學年度第1學期宿舍核准名單已額滿。,https://www.google.com/maps/search/?api=1&query=%E5%9F%BA%E9%9A%86%E5%B8%82%E4%B8%AD%E6%AD%A3%E5%8D%80%E7%A5%A5%E8%B1%90%E8%A1%97246%E8%99%9F,https://www.klms.ntou.edu.tw/%E8%AA%B2%E7%A8%8B%E8%A8%88%E7%95%AB%E6%9B%B8/,https://www.klms.ntou.edu.tw/%E5%B0%88%E6%A5%AD%E8%AA%B2%E7%A8%8B-%E8%B3%87/%E5%AF%A6%E7%BF%92%E7%A7%91%E7%9B%AE；https://www.klms.ntou.edu.tw/%E8%BC%AA%E6%A9%9F%E7%A7%91.html?days_ago=120&id=43&view=category,https://www.klms.ntou.edu.tw/attachments/article/3144/114%E5%AD%B8%E5%B9%B4%E5%BA%A6%E6%96%B0%E7%94%9F%E6%89%8B%E5%86%8A-1140710.pdf；https://www.klms.ntou.edu.tw/attachments/article/4670/%E9%A6%96%E9%83%BD%E5%AE%A2%E9%81%8B%E5%87%BD%E6%96%87.pdf,https://www.klms.ntou.edu.tw/attachments/article/3144/114%E5%AD%B8%E5%B9%B4%E5%BA%A6%E6%96%B0%E7%94%9F%E6%89%8B%E5%86%8A-1140710.pdf；https://www.klms.ntou.edu.tw/attachments/article/4670/%E9%A6%96%E9%83%BD%E5%AE%A2%E9%81%8B%E5%87%BD%E6%96%87.pdf；https://www.google.com/maps/search/?api=1&query=%E5%9F%BA%E9%9A%86%E5%B8%82%E4%B8%AD%E6%AD%A3%E5%8D%80%E7%A5%A5%E8%B1%90%E8%A1%97246%E8%99%9F,https://www.klms.ntou.edu.tw/%E5%85%AC%E5%91%8A115%E5%AD%B8%E5%B9%B4%E5%BA%A6%E6%9C%AC%E6%A0%A1%E4%BB%A3%E8%BE%A6%E7%A7%9F%E5%80%9F%E5%9C%8B%E7%AB%8B%E8%87%BA%E7%81%A3%E6%B5%B7%E6%B4%8B%E5%A4%A7%E5%AD%B8%E7%94%B7%E7%94%9F/,https://www.klms.ntou.edu.tw/,https://www.klms.ntou.edu.tw/%E8%AA%B2%E7%A8%8B%E8%A8%88%E7%95%AB%E6%9B%B8/；https://www.klms.ntou.edu.tw/%E5%B0%88%E6%A5%AD%E8%AA%B2%E7%A8%8B-%E8%B3%87/%E5%AF%A6%E7%BF%92%E7%A7%91%E7%9B%AE；https://www.klms.ntou.edu.tw/%E8%BC%AA%E6%A9%9F%E7%A7%91.html?days_ago=120&id=43&view=category；https://www.klms.ntou.edu.tw/attachments/article/3144/114%E5%AD%B8%E5%B9%B4%E5%BA%A6%E6%96%B0%E7%94%9F%E6%89%8B%E5%86%8A-1140710.pdf；https://www.klms.ntou.edu.tw/attachments/article/4670/%E9%A6%96%E9%83%BD%E5%AE%A2%E9%81%8B%E5%87%BD%E6%96%87.pdf；https://www.google.com/maps/search/?api=1&query=%E5%9F%BA%E9%9A%86%E5%B8%82%E4%B8%AD%E6%AD%A3%E5%8D%80%E7%A5%A5%E8%B1%90%E8%A1%97246%E8%99%9F；https://www.klms.ntou.edu.tw/%E5%85%AC%E5%91%8A115%E5%AD%B8%E5%B9%B4%E5%BA%A6%E6%9C%AC%E6%A0%A1%E4%BB%A3%E8%BE%A6%E7%A7%9F%E5%80%9F%E5%9C%8B%E7%AB%8B%E8%87%BA%E7%81%A3%E6%B5%B7%E6%B4%8B%E5%A4%A7%E5%AD%B8%E7%94%B7%E7%94%9F/；https://www.klms.ntou.edu.tw/,2026-09-06
,173304,市立中山高中,公立,基北區,高中,男女兼收,基隆市,中山區,基隆市中山區文化路162號,https://csjh.kl.edu.tw/,(02)24248191,普通科:9,9,9,高中部設體育班特色招生；學校另有多元社團與校本特色課程。,校方公開115學年度入學高中部課程計畫，內容涵蓋普通班與體育班；高中部課程依該課程計畫及115-1高一選課說明辦理。,實作學習以自然與社會領域探究、科學展覽、自主學習及成果發表為主；115學年度校內科學展覽提供學生將研究問題、實驗與成果整合成作品的機會。,市立中山高中的學生專車目前沒有公開的路線、站點或申請資訊；一般捷運、臺鐵、公車與步行路線另列於「通勤資訊」。,可由基隆火車站方向搭乘基隆市公車302「中山高中」線，在中山高中站下車後步行進校；校址位於文化路162號。,校方公開資料中的住宿型安排是大德分校慈輝班專案，服務對象與一般高中部招生不同；本欄不把慈輝班住宿推定為一般高中生宿舍。,https://www.google.com/maps/search/?api=1&query=%E5%9F%BA%E9%9A%86%E5%B8%82%E4%B8%AD%E5%B1%B1%E5%8D%80%E6%96%87%E5%8C%96%E8%B7%AF162%E8%99%9F,https://csjh.kl.edu.tw/ke-cheng-ji-hua/gao-zhong-bu-san-nian-ke-cheng-hua-shu-han-ge-ru-xue-nian-du-ji-hua,https://csjh.kl.edu.tw/xing-zheng-dan-wei/jiao-wu-chu,https://csjh.kl.edu.tw/,https://csjh.kl.edu.tw/；https://www.google.com/maps/search/?api=1&query=%E5%9F%BA%E9%9A%86%E5%B8%82%E4%B8%AD%E5%B1%B1%E5%8D%80%E6%96%87%E5%8C%96%E8%B7%AF162%E8%99%9F；https://www.klcba.gov.tw/bus_route.aspx?busno=302&no=,https://csjh.kl.edu.tw/,https://csjh.kl.edu.tw/,https://csjh.kl.edu.tw/ke-cheng-ji-hua/gao-zhong-bu-san-nian-ke-cheng-hua-shu-han-ge-ru-xue-nian-du-ji-hua；https://csjh.kl.edu.tw/xing-zheng-dan-wei/jiao-wu-chu；https://csjh.kl.edu.tw/；https://www.google.com/maps/search/?api=1&query=%E5%9F%BA%E9%9A%86%E5%B8%82%E4%B8%AD%E5%B1%B1%E5%8D%80%E6%96%87%E5%8C%96%E8%B7%AF162%E8%99%9F；https://www.klcba.gov.tw/bus_route.aspx?busno=302&no=,2026-09-06
,173314,市立八斗高中,公立,基北區,高中,男女兼收,基隆市,中正區,基隆市中正區新豐街100號,https://bdjh.kl.edu.tw/,(02)24692366,普通科:12,12,12,高中部特色班包含原住民族實驗教育班及體育班；體育項目包含男子橄欖球、女子排球、跆拳道與拳擊。,校方網站設有高中課程計畫與選課手冊入口；本校普通科課程另包含原住民族實驗教育班的原民文化、潮間帶與走讀等課程方向，實際115學年度內容依校方課程計畫附件。,原住民族實驗教育班包含潮間帶採集、海象觀察、成果發表與導覽實習；高中部其他實作學習則以探究、自主學習及專題研習等形式進行。,市立八斗高中的學生專車目前沒有公開的路線、站點或申請資訊；一般捷運、臺鐵、公車與步行路線另列於「通勤資訊」。,基隆市公車管理處104路線行經「八斗高中」站，路線連接新豐街與基隆轉運站；103路線行經八斗高中並連接八斗子車站、海科館與基隆轉運站；學校地址為基隆市中正區新豐街100號。,市立八斗高中的一般高中部住宿目前沒有公開的校內宿舍申請、床位或收費方案；特定班級、專案或其他部別住宿另行區分。,https://www.google.com/maps/search/?api=1&query=%E5%9F%BA%E9%9A%86%E5%B8%82%E4%B8%AD%E6%AD%A3%E5%8D%80%E6%96%B0%E8%B1%90%E8%A1%97100%E8%99%9F,https://bdjh.kl.edu.tw/；https://bdjh.kl.edu.tw/%E7%B6%B2%E7%AB%99%E5%B0%8E%E8%A6%BD,https://bdjh.kl.edu.tw/news/file/1905/110%E5%AD%B8%E5%B9%B4%E5%BA%A6%E5%85%AB%E6%96%97%E9%AB%98%E4%B8%AD%E5%8E%9F%E6%B0%91%E5%AF%A6%E9%A9%97%E6%95%99%E8%82%B2%E8%A8%88%E5%8A%83%E6%9B%B83.3.pdf；https://bdjh.kl.edu.tw/%E6%9C%80%E6%96%B0%E5%85%AC%E5%91%8A/%E6%B4%BB%E5%8B%95%E5%AE%A3%E5%B0%8E/%E8%BD%89%E7%9F%A5%E5%9C%8B%E7%AB%8B%E5%B1%8F%E6%9D%B1%E7%A7%91%E6%8A%80%E5%A4%A7%E5%AD%B8%E5%B7%A5%E4%BD%9C%E7%8A%AC%E8%A8%93%E7%B7%B4%E4%B8%AD%E5%BF%83=115%E5%B9%B4%E5%AD%B8%E7%94%9F%E6%9A%91%E6%9C%9F%E5%AF%A6%E7%BF%92%E8%A8%88%E7%95%AB,https://www.klcba.gov.tw/bus_route.aspx?busno=104&no=4；https://www.klcba.gov.tw/bus_route.aspx?busno=103&no=,https://www.klcba.gov.tw/bus_route.aspx?busno=104&no=4；https://www.klcba.gov.tw/bus_route.aspx?busno=103&no=；https://www.google.com/maps/search/?api=1&query=%E5%9F%BA%E9%9A%86%E5%B8%82%E4%B8%AD%E6%AD%A3%E5%8D%80%E6%96%B0%E8%B1%90%E8%A1%97100%E8%99%9F,https://bdjh.kl.edu.tw/；https://bdjh.kl.edu.tw/%E7%B6%B2%E7%AB%99%E5%B0%8E%E8%A6%BD,https://bdjh.kl.edu.tw/,https://bdjh.kl.edu.tw/；https://bdjh.kl.edu.tw/%E7%B6%B2%E7%AB%99%E5%B0%8E%E8%A6%BD；https://bdjh.kl.edu.tw/news/file/1905/110%E5%AD%B8%E5%B9%B4%E5%BA%A6%E5%85%AB%E6%96%97%E9%AB%98%E4%B8%AD%E5%8E%9F%E6%B0%91%E5%AF%A6%E9%A9%97%E6%95%99%E8%82%B2%E8%A8%88%E5%8A%83%E6%9B%B83.3.pdf；https://bdjh.kl.edu.tw/%E6%9C%80%E6%96%B0%E5%85%AC%E5%91%8A/%E6%B4%BB%E5%8B%95%E5%AE%A3%E5%B0%8E/%E8%BD%89%E7%9F%A5%E5%9C%8B%E7%AB%8B%E5%B1%8F%E6%9D%B1%E7%A7%91%E6%8A%80%E5%A4%A7%E5%AD%B8%E5%B7%A5%E4%BD%9C%E7%8A%AC%E8%A8%93%E7%B7%B4%E4%B8%AD%E5%BF%83=115%E5%B9%B4%E5%AD%B8%E7%94%9F%E6%9A%91%E6%9C%9F%E5%AF%A6%E7%BF%92%E8%A8%88%E7%95%AB；https://www.klcba.gov.tw/bus_route.aspx?busno=104&no=4；https://www.klcba.gov.tw/bus_route.aspx?busno=103&no=；https://www.google.com/maps/search/?api=1&query=%E5%9F%BA%E9%9A%86%E5%B8%82%E4%B8%AD%E6%AD%A3%E5%8D%80%E6%96%B0%E8%B1%90%E8%A1%97100%E8%99%9F,2026-09-06
,173306,市立安樂高中,公立,基北區,高中,男女兼收,基隆市,安樂區,基隆市安樂區安一路360號,https://aljh.kl.edu.tw/,(02)24236600,普通科:24,24,24,高中部設創造力資優班；校方另推動雙語、國際交流與無人機等特色學習活動。,校方首頁公告115學年度課程計畫，並列有高中部115課程計畫附件；高中部普通科課程依該公告附件辦理。,實作學習以自然與社會領域探究實作、自主學習、校訂課程與學習成果為主，並依115學年度課程計畫安排研究與成果發表。,市立安樂高中設有學生校車／專車或交通車服務，供符合校方路線與申請條件的學生上下學使用。,可由基隆轉運站搭862、789或790等客運至「安樂高中」站；亦可搭基隆市公車505、509。由「安樂高中」站步行約2–3分鐘可抵達校門口。,市立安樂高中的一般高中部住宿目前沒有公開的校內宿舍申請、床位或收費方案；特定班級、專案或其他部別住宿另行區分。,https://www.google.com/maps/search/?api=1&query=%E5%9F%BA%E9%9A%86%E5%B8%82%E5%AE%89%E6%A8%82%E5%8D%80%E5%AE%89%E4%B8%80%E8%B7%AF360%E8%99%9F,https://aljh.kl.edu.tw/?id=87&view=category,https://aljh.kl.edu.tw/,https://aljh.kl.edu.tw/,https://aljh.kl.edu.tw/；https://www.google.com/maps/search/?api=1&query=%E5%9F%BA%E9%9A%86%E5%B8%82%E5%AE%89%E6%A8%82%E5%8D%80%E5%AE%89%E4%B8%80%E8%B7%AF360%E8%99%9F；https://oldaljh.kl.edu.tw/4；https://pda5284.gov.taipei/MQS/route.jsp?rid=17528,https://aljh.kl.edu.tw/,https://aljh.kl.edu.tw/,https://aljh.kl.edu.tw/?id=87&view=category；https://aljh.kl.edu.tw/；https://www.google.com/maps/search/?api=1&query=%E5%9F%BA%E9%9A%86%E5%B8%82%E5%AE%89%E6%A8%82%E5%8D%80%E5%AE%89%E4%B8%80%E8%B7%AF360%E8%99%9F,2026-09-06
,173307,市立暖暖高中,公立,基北區,高中,男女兼收,基隆市,暖暖區,基隆市暖暖區暖中路112號,https://nnjh.kl.edu.tw/,(02)24575534,普通科:6,6,6,高中部特色發展包含雙語實驗班；學校另有普通高中課程與多元自主學習。,校方教務處公告113、114、115課程計畫；高中部普通科課程依115學年度課程計畫附件辦理。,實作學習以自然與社會領域探究實作、自主學習、校訂課程與學習成果為主，並透過課堂實作與成果發表累積專題型學習經驗。,校方115學年度高中部新生入學指南列有學校專車申請，申請對象為居住於武崙、建德、百福、七堵區域且有需求者；站點、班次與搭乘資格依該指南及校方申請結果辦理。,臺鐵可在暖暖站下車後步行約10分鐘，或在八堵站下車後步行約15分鐘；公車602可在「暖暖高中」站下車後步行約5分鐘，402、403、406、407、503、601、602、603、605、787等亦可在海會寺站下車後步行約5分鐘。,市立暖暖高中的一般高中部住宿目前沒有公開的校內宿舍申請、床位或收費方案；特定班級、專案或其他部別住宿另行區分。,https://www.google.com/maps/search/?api=1&query=%E5%9F%BA%E9%9A%86%E5%B8%82%E6%9A%96%E6%9A%96%E5%8D%80%E6%9A%96%E4%B8%AD%E8%B7%AF112%E8%99%9F,https://nnjh.kl.edu.tw/%E6%95%99%E5%8B%99%E8%99%95,https://nnjh.kl.edu.tw/%E6%95%99%E5%8B%99%E8%99%95,https://nnjh.kl.edu.tw/images/files/adma05/115%E6%9A%96%E4%B8%AD%E6%96%B0%E7%94%9F%E5%85%A5%E5%AD%B8%E6%8C%87%E5%8D%97.pdf,https://nnjh.kl.edu.tw/images/files/adma05/115%E6%9A%96%E4%B8%AD%E6%96%B0%E7%94%9F%E5%85%A5%E5%AD%B8%E6%8C%87%E5%8D%97.pdf；https://www.google.com/maps/search/?api=1&query=%E5%9F%BA%E9%9A%86%E5%B8%82%E6%9A%96%E6%9A%96%E5%8D%80%E6%9A%96%E4%B8%AD%E8%B7%AF112%E8%99%9F；https://nnjh.kl.edu.tw/%E5%AD%B8%E6%A0%A1%E7%B0%A1%E4%BB%8B/%E4%BA%A4%E9%80%9A%E8%B7%AF%E7%B7%9A；https://www.klcba.gov.tw/bus_route.aspx?busno=602&no=,https://nnjh.kl.edu.tw/images/files/adma05/115%E6%9A%96%E4%B8%AD%E6%96%B0%E7%94%9F%E5%85%A5%E5%AD%B8%E6%8C%87%E5%8D%97.pdf,https://nnjh.kl.edu.tw/,https://nnjh.kl.edu.tw/%E6%95%99%E5%8B%99%E8%99%95；https://nnjh.kl.edu.tw/images/files/adma05/115%E6%9A%96%E4%B8%AD%E6%96%B0%E7%94%9F%E5%85%A5%E5%AD%B8%E6%8C%87%E5%8D%97.pdf；https://www.google.com/maps/search/?api=1&query=%E5%9F%BA%E9%9A%86%E5%B8%82%E6%9A%96%E6%9A%96%E5%8D%80%E6%9A%96%E4%B8%AD%E8%B7%AF112%E8%99%9F；https://nnjh.kl.edu.tw/%E5%AD%B8%E6%A0%A1%E7%B0%A1%E4%BB%8B/%E4%BA%A4%E9%80%9A%E8%B7%AF%E7%B7%9A；https://www.klcba.gov.tw/bus_route.aspx?busno=602&no=；https://nnjh.kl.edu.tw/,2026-09-06
,171306,私立二信高中,私立,基北區,高職,男女兼收,基隆市,中正區,基隆市中正區立德路243號,https://www.essh.kl.edu.tw/,(02)24623131,電機科:9；商業經營科:10；資料處理科:15；廣告設計科:8,42,42,普通科發展頂大班與藍碳研究班；技高部設機械、電機、廣設、商經、資處、應英、應日等專業特色課程。,私立二信高中：115學年度課程依各科課程計畫安排，主要科別包括電機科、商業經營科、資料處理科、廣告設計科；各科結合專業理論、校訂課程與實習／實作學習。,私立二信高中：電機科、商業經營科、資料處理科、廣告設計科等科別依115學年度課程計畫安排專業實習、實作與專題製作，並透過作品、技能或成果發表整合專業學習。,有交通車。115學年度第一學期校方已公告技高一年級上下學交通車路線與各站車資；這份路線表適用對象明確標示為技高一年級。,可由基隆市區搭101、103、104或1579等路線，在「二信中學」站下車後步行約3–7分鐘到校；基隆客運往福隆方向的班車也可在二信中學周邊下車。,私立二信高中的一般高中部住宿目前沒有公開的校內宿舍申請、床位或收費方案；特定班級、專案或其他部別住宿另行區分。,https://www.google.com/maps/search/?api=1&query=%E5%9F%BA%E9%9A%86%E5%B8%82%E4%B8%AD%E6%AD%A3%E5%8D%80%E7%AB%8B%E5%BE%B7%E8%B7%AF243%E8%99%9F,https://www.essh.kl.edu.tw/?page_id=744,https://www.essh.kl.edu.tw/,https://www.essh.kl.edu.tw/；https://ww2.essh.kl.edu.tw/essh/studentaffair/bulletin/HB/HB-35.htm；https://www.essh.kl.edu.tw/?p=4498,https://www.essh.kl.edu.tw/；https://ww2.essh.kl.edu.tw/essh/studentaffair/bulletin/HB/HB-35.htm；https://www.google.com/maps/search/?api=1&query=%E5%9F%BA%E9%9A%86%E5%B8%82%E4%B8%AD%E6%AD%A3%E5%8D%80%E7%AB%8B%E5%BE%B7%E8%B7%AF243%E8%99%9F；https://www.essh.kl.edu.tw/?page_id=94,https://ww2.essh.kl.edu.tw/essh/studentaffair/bulletin/HB/HB-35.htm,https://www.essh.kl.edu.tw/,https://www.essh.kl.edu.tw/?page_id=744；https://www.essh.kl.edu.tw/；https://ww2.essh.kl.edu.tw/essh/studentaffair/bulletin/HB/HB-35.htm；https://www.google.com/maps/search/?api=1&query=%E5%9F%BA%E9%9A%86%E5%B8%82%E4%B8%AD%E6%AD%A3%E5%8D%80%E7%AB%8B%E5%BE%B7%E8%B7%AF243%E8%99%9F,2026-09-06
,171407,私立培德工家,私立,基北區,綜高,男女兼收,基隆市,信義區,201004 基隆市信義區培德路73號,https://www.ptvs.kl.edu.tw/,(02)24652121,汽車科:6；餐飲管理科:18；普通科:44；多媒體設計科:178,246,246,職業類科特色為餐飲管理與汽車科實作；餐飲含中西餐、烘焙與飲調，汽車含機車修護、電動機車、引擎、鈑金、噴漆與空調。,115學年度課程依校方課程計畫安排，涵蓋汽車科、餐飲管理科、普通科、多媒體設計科；共同核心之外，依學程與選修方向配置校訂、多元選修及專業課程。,私立培德工家：汽車科、餐飲管理科、普通科、多媒體設計科等科別依115學年度課程計畫安排專業實習、實作與專題製作，並透過作品、技能或成果發表整合專業學習。,私立培德工家的學生專車目前沒有公開的路線、站點或申請資訊；一般捷運、臺鐵、公車與步行路線另列於「通勤資訊」。,可搭基隆市公車107、201、202、803，或公路客運2088A，在「培德工家」站下車後步行進校。,私立培德工家的一般高中部住宿目前沒有公開的校內宿舍申請、床位或收費方案；特定班級、專案或其他部別住宿另行區分。,https://www.google.com/maps/search/?api=1&query=201004+%E5%9F%BA%E9%9A%86%E5%B8%82%E4%BF%A1%E7%BE%A9%E5%8D%80%E5%9F%B9%E5%BE%B7%E8%B7%AF73%E8%99%9F,https://courset.k12ea.gov.tw/courseinformation/indexStu01.asp,https://www.ptvs.kl.edu.tw/,https://12basic.kl.edu.tw/255,https://12basic.kl.edu.tw/255；https://www.google.com/maps/search/?api=1&query=培德工家+基隆市信義區培德路73號；https://www.google.com/maps/search/?api=1&query=201004+%E5%9F%BA%E9%9A%86%E5%B8%82%E4%BF%A1%E7%BE%A9%E5%8D%80%E5%9F%B9%E5%BE%B7%E8%B7%AF73%E8%99%9F；https://www.thb.gov.tw/News_Content.aspx?n=87&s=62495,https://12basic.kl.edu.tw/255,https://www.ptvs.kl.edu.tw/,https://courset.k12ea.gov.tw/courseinformation/indexStu01.asp；https://www.ptvs.kl.edu.tw/；https://12basic.kl.edu.tw/255；https://www.google.com/maps/search/?api=1&query=培德工家+基隆市信義區培德路73號；https://www.google.com/maps/search/?api=1&query=201004+%E5%9F%BA%E9%9A%86%E5%B8%82%E4%BF%A1%E7%BE%A9%E5%8D%80%E5%9F%B9%E5%BE%B7%E8%B7%AF73%E8%99%9F,2026-09-06
,171308,輔大聖心高中,私立,基北區,高中,男女兼收,基隆市,中山區,基隆市中山區西定路166號,http://www.shsh.kl.edu.tw,(02)24282454,普通科:9,9,9,高中部特色為英語ESL、國際教育、自然科學探究、社會人文專題與延伸課程；學校採 K-12 全人教育。,輔大聖心高中115學年度普通科課程以部定必修為基礎，並配置校訂必修、多元選修、自然與社會探究實作及自主學習；內容依該校115學年度課程計畫架構整理。,輔大聖心高中的主要實作學習包含自然科與社會領域探究實作、自主學習與學習成果；校訂課程、多元選修或特色班可再延伸為專題研究與成果發表。,輔大聖心高中的學生專車目前沒有公開的路線、站點或申請資訊；一般捷運、臺鐵、公車與步行路線另列於「通勤資訊」。,搭基隆市公車302或303至聖心高中站；金山／萬里線至安樂市場後，沿安一路轉西定路步行約7分鐘；基隆火車站步行約12分鐘；市區通勤以302、303最直接；由基隆車站步行約12分鐘，金山／萬里方向在安樂市場下車步行約7分鐘。,輔大聖心高中的一般高中部住宿目前沒有公開的校內宿舍申請、床位或收費方案；特定班級、專案或其他部別住宿另行區分。,https://www.google.com/maps/search/?api=1&query=%E5%9F%BA%E9%9A%86%E5%B8%82%E4%B8%AD%E5%B1%B1%E5%8D%80%E8%A5%BF%E5%AE%9A%E8%B7%AF166%E8%99%9F,https://courset.k12ea.gov.tw/courseinformation/indexStu01.asp,http://www.shsh.kl.edu.tw,https://www.shsh.kl.edu.tw/senior?cid=1998,https://www.shsh.kl.edu.tw/senior?cid=1998；https://www.google.com/maps/search/?api=1&query=%E5%9F%BA%E9%9A%86%E5%B8%82%E4%B8%AD%E5%B1%B1%E5%8D%80%E8%A5%BF%E5%AE%9A%E8%B7%AF166%E8%99%9F,https://www.shsh.kl.edu.tw/ischool/publish_page/98/?cid=845,http://www.shsh.kl.edu.tw,https://courset.k12ea.gov.tw/courseinformation/indexStu01.asp；http://www.shsh.kl.edu.tw；https://www.shsh.kl.edu.tw/senior?cid=1998；https://www.google.com/maps/search/?api=1&query=%E5%9F%BA%E9%9A%86%E5%B8%82%E4%B8%AD%E5%B1%B1%E5%8D%80%E8%A5%BF%E5%AE%9A%E8%B7%AF166%E8%99%9F；https://www.shsh.kl.edu.tw/ischool/publish_page/98/?cid=845,2026-09-06
,020409,國立頭城家商,公立,基北區共同就學區,高職,男女兼收,宜蘭縣,頭城鎮,261 宜蘭縣頭城鎮新興路111號,https://www.tcvs.ilc.edu.tw/,(03)9771131,幼兒保育科:1；觀光事業科:2；餐飲管理科:1；表演藝術科:1,5,5,校方設特色招生管道；技高部以家事、商業、餐旅與設計相關專業課程及技能實作為主要特色。,國立頭城家商：115學年度課程依各科課程計畫安排，主要科別包括幼兒保育科、觀光事業科、餐飲管理科、表演藝術科；各科結合專業理論、校訂課程與實習／實作學習。,各專業科別安排實習實作、技能訓練與專題製作；幼兒保育、觀光事業、餐飲管理與表演藝術等科別透過科內專業課程、作品與成果發表整合實作學習。,國立頭城家商的學生專車目前沒有公開的路線、站點或申請資訊；一般捷運、臺鐵、公車與步行路線另列於「通勤資訊」。,可搭臺鐵至頭城站，再步行或轉乘前往新興路111號校區；115學年度新生專區另公告國光客運通學加班車與1766車次可到「頭城家商」站。,校方設有學生宿舍；115學年度已公告新生住宿申請結果，住宿申請由生輔組辦理，弱勢學生可申請住宿費補助。,https://www.google.com/maps/search/?api=1&query=261+%E5%AE%9C%E8%98%AD%E7%B8%A3%E9%A0%AD%E5%9F%8E%E9%8E%AE%E6%96%B0%E8%88%88%E8%B7%AF111%E8%99%9F,https://www.tcvs.ilc.edu.tw/pages/127,https://www.tcvs.ilc.edu.tw/boxlists/533?menu_id=70,https://www.tcvs.ilc.edu.tw/,https://www.tcvs.ilc.edu.tw/；https://www.google.com/maps/search/?api=1&query=國立頭城家商+宜蘭縣頭城鎮新興路111號；https://www.google.com/maps/search/?api=1&query=261+%E5%AE%9C%E8%98%AD%E7%B8%A3%E9%A0%AD%E5%9F%8E%E9%8E%AE%E6%96%B0%E8%88%88%E8%B7%AF111%E8%99%9F；https://www.tcvs.ilc.edu.tw/boxlists/1293?menu_id=188,https://www.tcvs.ilc.edu.tw/boxlists/1290?menu_id=188；https://www.tcvs.ilc.edu.tw/uploads/downloads/edit_1753672242_BdEuKiNItI.pdf,https://www.tcvs.ilc.edu.tw/,https://www.tcvs.ilc.edu.tw/pages/127；https://www.tcvs.ilc.edu.tw/boxlists/533?menu_id=70；https://www.tcvs.ilc.edu.tw/；https://www.google.com/maps/search/?api=1&query=國立頭城家商+宜蘭縣頭城鎮新興路111號；https://www.google.com/maps/search/?api=1&query=261+%E5%AE%9C%E8%98%AD%E7%B8%A3%E9%A0%AD%E5%9F%8E%E9%8E%AE%E6%96%B0%E8%88%88%E8%B7%AF111%E8%99%9F；https://www.tcvs.ilc.edu.tw/boxlists/1290?menu_id=188；https://www.tcvs.ilc.edu.tw/uploads/downloads/edit_1753672242_BdEuKiNItI.pdf,2026-09-06
,010301,國立華僑高級中等學校,公立,基北區,綜高,男女兼收,新北市,板橋區,220306 新北市板橋區大觀路一段32號,https://www.nocsh.ntpc.edu.tw/home,(02)29684131,綜合高中:224；普通科:271,495,495,高中部設體育班；綜合高中另有學術自然、學術社會、資訊應用與應用英語學程。,115學年度課程依校方課程計畫安排，涵蓋綜合高中、普通科；共同核心之外，依學程與選修方向配置校訂、多元選修及專業課程。,國立華僑高級中等學校：綜合高中、普通科等科別依115學年度課程計畫安排專業實習、實作與專題製作，並透過作品、技能或成果發表整合專業學習。,國立華僑高級中等學校的學生專車目前沒有公開的路線、站點或申請資訊；一般捷運、臺鐵、公車與步行路線另列於「通勤資訊」。,臺鐵浮洲站下車步行約5分鐘；234、264、585、701、702、793、824等臺北客運至國立臺灣藝術大學站下車；浮洲站為最直接鐵路節點，步行約5分鐘；公車至國立臺灣藝術大學站下車即到校。,教育部高中職資料列有學生宿舍；住宿申請與床位依校方住宿制度辦理。,https://www.google.com/maps/search/?api=1&query=220306+%E6%96%B0%E5%8C%97%E5%B8%82%E6%9D%BF%E6%A9%8B%E5%8D%80%E5%A4%A7%E8%A7%80%E8%B7%AF%E4%B8%80%E6%AE%B532%E8%99%9F,https://courset.k12ea.gov.tw/courseinformation/indexStu01.asp,https://www.nocsh.ntpc.edu.tw/home,https://expo.efroip.tw/ischool/publish_page/42/,https://expo.efroip.tw/ischool/publish_page/42/；https://www.google.com/maps/search/?api=1&query=220306+%E6%96%B0%E5%8C%97%E5%B8%82%E6%9D%BF%E6%A9%8B%E5%8D%80%E5%A4%A7%E8%A7%80%E8%B7%AF%E4%B8%80%E6%AE%B532%E8%99%9F,https://ws.moe.edu.tw/001/Upload/7/relfile/7843/97896/a0f92aee-c182-45de-9903-8dd5363bbd87.pdf,https://www.nocsh.ntpc.edu.tw/home,https://courset.k12ea.gov.tw/courseinformation/indexStu01.asp；https://www.nocsh.ntpc.edu.tw/home；https://expo.efroip.tw/ischool/publish_page/42/；https://www.google.com/maps/search/?api=1&query=220306+%E6%96%B0%E5%8C%97%E5%B8%82%E6%9D%BF%E6%A9%8B%E5%8D%80%E5%A4%A7%E8%A7%80%E8%B7%AF%E4%B8%80%E6%AE%B532%E8%99%9F；https://ws.moe.edu.tw/001/Upload/7/relfile/7843/97896/a0f92aee-c182-45de-9903-8dd5363bbd87.pdf,2026-09-06
,014357,市立三民高中,公立,基北區,高中,男女兼收,新北市,蘆洲區,24760 新北市蘆洲區三民路96號,https://www.smsh.ntpc.edu.tw/,(02)22894675,普通科:290,290,290,高中部設體育班；普通課程配合校本多元社團與適性學習。,市立三民高中115學年度普通科課程以部定必修為基礎，並配置校訂必修、多元選修、自然與社會探究實作及自主學習；內容依該校115學年度課程計畫架構整理。,市立三民高中的主要實作學習包含自然科與社會領域探究實作、自主學習與學習成果；校訂課程、多元選修或特色班可再延伸為專題研究與成果發表。,市立三民高中的學生專車目前沒有公開的路線、站點或申請資訊；一般捷運、臺鐵、公車與步行路線另列於「通勤資訊」。,捷運中和新蘆線至三民高中站1號出口，步行約3至5分鐘；14、225、232、508、704、785、806、857、925、橘16至橘20、紅9等公車至三民高中站；捷運三民高中站是主要通勤節點，出站步行約3至5分鐘；周邊公車可直接抵達校門附近。,市立三民高中的一般高中部住宿目前沒有公開的校內宿舍申請、床位或收費方案；特定班級、專案或其他部別住宿另行區分。,https://www.google.com/maps/search/?api=1&query=24760+%E6%96%B0%E5%8C%97%E5%B8%82%E8%98%86%E6%B4%B2%E5%8D%80%E4%B8%89%E6%B0%91%E8%B7%AF96%E8%99%9F,https://www.smsh.ntpc.edu.tw/p/403-1000-216.php,https://www.smsh.ntpc.edu.tw/,https://www.smsh.ntpc.edu.tw/p/412-1000-719.php,https://www.smsh.ntpc.edu.tw/p/412-1000-719.php；https://www.google.com/maps/search/?api=1&query=24760+%E6%96%B0%E5%8C%97%E5%B8%82%E8%98%86%E6%B4%B2%E5%8D%80%E4%B8%89%E6%B0%91%E8%B7%AF96%E8%99%9F,https://www.smsh.ntpc.edu.tw/,https://www.smsh.ntpc.edu.tw/,https://www.smsh.ntpc.edu.tw/p/403-1000-216.php；https://www.smsh.ntpc.edu.tw/；https://www.smsh.ntpc.edu.tw/p/412-1000-719.php；https://www.google.com/maps/search/?api=1&query=24760+%E6%96%B0%E5%8C%97%E5%B8%82%E8%98%86%E6%B4%B2%E5%8D%80%E4%B8%89%E6%B0%91%E8%B7%AF96%E8%99%9F,2026-09-06
,013430,市立三重商工,公立,基北區,高職,男女兼收,新北市,三重區,241026 新北市三重區中正北路163號,https://www.scvs.ntpc.edu.tw/index.php,(02)29715606,模具科:37；製圖科:41；汽車科:41；商業經營科:36；國際貿易科:42；資料處理科:41；應用英語科:42；機械科:44；鑄造科:40；板金科:5；模具科:30；製圖科:32；商業經營科:12,443,443,特色招生科包含機械科、製圖科、商業經營科與汽車科；另有進修部特色招生。,技術型高中課程涵蓋機械、鑄造、板金、模具、製圖、汽車、商業經營、國際貿易、資料處理與應用英語等專業方向；115學年度課程計畫由校方公告。,校方網站明列機械群共同實習科目，如機械基礎實習、電腦輔助製圖與實習、基礎電學實習、機械加工實習、機械製圖實習；另有新北市專題實作Power競賽等成果活動。,市立三重商工的學生專車目前沒有公開的路線、站點或申請資訊；一般捷運、臺鐵、公車與步行路線另列於「通勤資訊」。,可搭14、227、274、292、640、806、815、816、933或橘25等公車，在「三重商工」站下車後到校；由捷運先嗇宮、頭前庄、新埔等站可透過806轉乘。,學校設有學生宿舍；住宿床位與申請依三重商工學務處當學年度公告。,https://www.google.com/maps/search/?api=1&query=241026+%E6%96%B0%E5%8C%97%E5%B8%82%E4%B8%89%E9%87%8D%E5%8D%80%E4%B8%AD%E6%AD%A3%E5%8C%97%E8%B7%AF163%E8%99%9F,https://courset.k12ea.gov.tw/courseinformation/indexStu01.asp,https://www.scvs.ntpc.edu.tw/index.php,https://www.ssvs.ntpc.edu.tw/,https://www.ssvs.ntpc.edu.tw/；https://www.google.com/maps/search/?api=1&query=241026+%E6%96%B0%E5%8C%97%E5%B8%82%E4%B8%89%E9%87%8D%E5%8D%80%E4%B8%AD%E6%AD%A3%E5%8C%97%E8%B7%AF163%E8%99%9F；https://iplay.sports.gov.tw/GymInfo/Index/7988?PP=Traffic；https://atis.taipei.gov.tw/aspx/businfomation/presentinfo.aspx?ddlName=806&lang=zh-Hant-TW,https://www.scvs.ntpc.edu.tw/index.php,https://www.scvs.ntpc.edu.tw/index.php,https://courset.k12ea.gov.tw/courseinformation/indexStu01.asp；https://www.scvs.ntpc.edu.tw/index.php；https://www.ssvs.ntpc.edu.tw/；https://www.google.com/maps/search/?api=1&query=241026+%E6%96%B0%E5%8C%97%E5%B8%82%E4%B8%89%E9%87%8D%E5%8D%80%E4%B8%AD%E6%AD%A3%E5%8C%97%E8%B7%AF163%E8%99%9F,2026-09-06
,014311,市立三重高中,公立,基北區,高中,男女兼收,新北市,三重區,新北市三重區集美街212號,https://www3.schs.ntpc.edu.tw/,(02)29760501,普通科:308,308,308,高中部設體育班與語文實驗班；校內另有高中部美術班及多元社團。,市立三重高中115學年度普通科課程以部定必修為基礎，並配置校訂必修、多元選修、自然與社會探究實作及自主學習；內容依該校115學年度課程計畫架構整理。,市立三重高中的主要實作學習包含自然科與社會領域探究實作、自主學習與學習成果；校訂課程、多元選修或特色班可再延伸為專題研究與成果發表。,市立三重高中的學生專車目前沒有公開的路線、站點或申請資訊；一般捷運、臺鐵、公車與步行路線另列於「通勤資訊」。,可搭捷運中和新蘆線至菜寮站2號出口，步行約10–15分鐘到校；由三重站2號出口沿捷運路、集美街步行，約15–20分鐘可到校。,市立三重高中的一般高中部住宿目前沒有公開的校內宿舍申請、床位或收費方案；特定班級、專案或其他部別住宿另行區分。,https://www.google.com/maps/search/?api=1&query=%E6%96%B0%E5%8C%97%E5%B8%82%E4%B8%89%E9%87%8D%E5%8D%80%E9%9B%86%E7%BE%8E%E8%A1%97212%E8%99%9F,https://www3.schs.ntpc.edu.tw/p/412-1000-738.php,https://www3.schs.ntpc.edu.tw/,https://www3.schs.ntpc.edu.tw/,https://www3.schs.ntpc.edu.tw/；https://www.google.com/maps/search/?api=1&query=%E6%96%B0%E5%8C%97%E5%B8%82%E4%B8%89%E9%87%8D%E5%8D%80%E9%9B%86%E7%BE%8E%E8%A1%97212%E8%99%9F；https://www.ntpc.gov.tw/ch/home.jsp?dataserno=c718a61c7efa7b866a6acb3a81bb6a35&id=2d113acd09f81b46,https://www3.schs.ntpc.edu.tw/p/404-1000-7026.php,https://www3.schs.ntpc.edu.tw/,https://www3.schs.ntpc.edu.tw/p/412-1000-738.php；https://www3.schs.ntpc.edu.tw/；https://www.google.com/maps/search/?api=1&query=%E6%96%B0%E5%8C%97%E5%B8%82%E4%B8%89%E9%87%8D%E5%8D%80%E9%9B%86%E7%BE%8E%E8%A1%97212%E8%99%9F；https://www3.schs.ntpc.edu.tw/p/404-1000-7026.php,2026-09-06
,013336,市立中和高中,公立,基北區,高中,男女兼收,新北市,中和區,新北市中和區連城路460號,http://www.chshs.ntpc.edu.tw,(02)22227146,普通科:465,465,465,資優/特色班請依各校及基北區官方公告查詢,115學年度高中部總體課程計畫以部定必修、校訂必修、選修與多元選修組成；課程規劃涵蓋語文、人文社會、數理科技及藝能健康等學習領域，實際開課依校方課程計畫與選課公告。,高中部以探究與實作、自主學習及校訂／多元選修作為實作與研究學習入口；課程名稱、學分與實施方式依115學年度總體課程計畫。,市立中和高中的學生專車目前沒有公開的路線、站點或申請資訊；一般捷運、臺鐵、公車與步行路線另列於「通勤資訊」。,校方交通頁列明：由捷運景安站轉搭262或275公車至「中和高中站」；由捷運海山站轉搭藍41或985至「中和高中站」；校址為新北市中和區連城路460號，通勤路線採校方交通頁公開列示的站點。,市立中和高中的一般高中部住宿目前沒有公開的校內宿舍申請、床位或收費方案；特定班級、專案或其他部別住宿另行區分。,https://www.google.com/maps/search/?api=1&query=235032+新北市中和區連城路460號,https://www.chshs.ntpc.edu.tw/,https://www.chshs.ntpc.edu.tw/,https://www.chshs.ntpc.edu.tw/p/412-1000-716.php,https://www.chshs.ntpc.edu.tw/p/412-1000-716.php；https://www.google.com/maps/search/?api=1&query=235032+新北市中和區連城路460號,https://www.chshs.ntpc.edu.tw/,https://www.chshs.ntpc.edu.tw/p/412-1000-716.php,https://www.chshs.ntpc.edu.tw/；https://www.chshs.ntpc.edu.tw/p/412-1000-716.php；https://www.google.com/maps/search/?api=1&query=235032+新北市中和區連城路460號,2026-09-06
,014353,市立丹鳳高中,公立,基北區,高中,男女兼收,新北市,新莊區,新北市新莊區龍安路72號,http://www.dfsh.ntpc.edu.tw/,(02)29089627,普通科:223,223,223,資優/特色班請依各校及基北區官方公告查詢,115學年度入學課程計畫包含普通班課程與語文、數理實驗班計畫；數理實驗班安排科學試探、實驗設計及數學／物理／化學／生物／地科專題研究，普通班課程依校方115課程計畫。,數理實驗班於高一進行科學試探，高二以實驗設計延續科展或小論文研究；普通班則依115學年度總體課程計畫實施探究與實作及自主學習。,市立丹鳳高中的學生專車目前沒有公開的路線、站點或申請資訊；一般捷運、臺鐵、公車與步行路線另列於「通勤資訊」。,捷運中和新蘆線至迴龍站2號出口，步行約5至10分鐘到校；公車可在「丹鳳高中站」下車，藍2、663、712、859、F201直達，或在「丹鳳國小站」下車步行約5分鐘，635、636、810、985、橘26、898、橘21、藍37可達。,市立丹鳳高中的一般高中部住宿目前沒有公開的校內宿舍申請、床位或收費方案；校方學生專車屬交通服務，不列為住宿安排。,https://www.google.com/maps/search/?api=1&query=242046+新北市新莊區龍安路72號,https://www.dfsh.ntpc.edu.tw/p/406-1000-9217%2Cr223.php,https://www.dfsh.ntpc.edu.tw/app/index.php?Action=downloadfile&file=WVhSMFlXTm9MelUzTDNCMFlWOHpNamc0WHprd05UUTJNekpmT0RjM09ETXVjR1Jt,https://www.dfsh.ntpc.edu.tw/p/412-1000-825.php,https://www.dfsh.ntpc.edu.tw/p/412-1000-825.php；https://www.google.com/maps/search/?api=1&query=242046+新北市新莊區龍安路72號,https://www.dfsh.ntpc.edu.tw/,https://www.dfsh.ntpc.edu.tw/p/406-1000-9217%2Cr223.php,https://www.dfsh.ntpc.edu.tw/p/406-1000-9217%2Cr223.php；https://www.dfsh.ntpc.edu.tw/app/index.php?Action=downloadfile&file=WVhSMFlXTm9MelUzTDNCMFlWOHpNamc0WHprd05UUTJNekpmT0RjM09ETXVjR1Jt；https://www.dfsh.ntpc.edu.tw/p/412-1000-825.php；https://www.google.com/maps/search/?api=1&query=242046+新北市新莊區龍安路72號；https://www.dfsh.ntpc.edu.tw/,2026-09-06
,014363,市立光復高中,公立,基北區,綜高,男女兼收,新北市,板橋區,新北市板橋區光環路一段7號,http://www.gfhs.ntpc.edu.tw/,(02)29582366,綜合高中:150,150,150,資優/特色班請依各校及基北區官方公告查詢,115學年度入學新生適用的學校課程總體計畫以普通高中部定必修、校訂必修、選修、多元選修及彈性學習組成；課程細目與開課清單依校方課程手冊。,高中部以探究與實作、自主學習、校訂課程與多元選修承擔研究及實作學習；課程內容、學分與實施方式依115學年度課程總體計畫。,市立光復高中的學生專車目前沒有公開的路線、站點或申請資訊；一般捷運、臺鐵、公車與步行路線另列於「通勤資訊」。,由板橋車站可搭234、265、705至「埔墘派出所」站後步行到校；捷運江子翠站可轉藍31或231至「長壽里」，捷運新埔站可轉793至「長壽里」或藍33至「光復街」站。,市立光復高中的一般高中部住宿目前沒有公開的校內宿舍申請、床位或收費方案；特定班級、專案或其他部別住宿另行區分。,https://www.google.com/maps/search/?api=1&query=220+新北市板橋區光環路一段7號,https://www.gfhs.ntpc.edu.tw/p/406-1000-13703%2Cr77.php,https://www.gfhs.ntpc.edu.tw/p/406-1000-13703%2Cr77.php,https://www.gfhs.ntpc.edu.tw/,https://www.gfhs.ntpc.edu.tw/；https://www.google.com/maps/search/?api=1&query=220+新北市板橋區光環路一段7號；https://www.gfhs.ntpc.edu.tw/p/404-1000-511.php,https://www.gfhs.ntpc.edu.tw/,https://www.gfhs.ntpc.edu.tw/p/406-1000-13703%2Cr77.php,https://www.gfhs.ntpc.edu.tw/p/406-1000-13703%2Cr77.php；https://www.gfhs.ntpc.edu.tw/；https://www.google.com/maps/search/?api=1&query=220+新北市板橋區光環路一段7號,2026-09-06
,014381,市立北大高級中學,公立,基北區,高中,男女兼收,新北市,三峽區,237021 新北市三峽區大義路277號,https://www.bdsh.ntpc.edu.tw/,(02)26742666,普通科:132,132,132,資優/特色班請依各校及基北區官方公告查詢,115學年度高中部總體課程計畫包含部定必修、校訂必修、選修、多元選修與彈性學習；校方另公告高中多元選修與第二外語／本土語課程計畫，實際課程依年級選課公告。,高中部以探究與實作、自主學習、校訂課程及多元選修進行實作與研究；國際教育實驗班另設專題研究課程與參訪活動，依校方實驗班計畫辦理。,市立北大高級中學的學生專車目前沒有公開的路線、站點或申請資訊；一般捷運、臺鐵、公車與步行路線另列於「通勤資訊」。,校方網站設有「交通資訊」入口，通勤以三峽／北大特區公車轉乘後到校。,市立北大高級中學的一般高中部住宿目前沒有公開的校內宿舍申請、床位或收費方案；特定班級、專案或其他部別住宿另行區分。,https://www.google.com/maps/search/?api=1&query=237021+新北市三峽區大義路277號,https://www.bdsh.ntpc.edu.tw/p/405-1000-24946%2Cc1019.php?Lang=zh-tw,https://www.bdsh.ntpc.edu.tw/p/406-1000-25681%2Cr23.php?Lang=zh-tw,https://www.bdsh.ntpc.edu.tw/,https://www.bdsh.ntpc.edu.tw/；https://www.google.com/maps/search/?api=1&query=237021+新北市三峽區大義路277號,https://www.bdsh.ntpc.edu.tw/,https://www.bdsh.ntpc.edu.tw/p/405-1000-24946%2Cc1019.php?Lang=zh-tw,https://www.bdsh.ntpc.edu.tw/p/405-1000-24946%2Cc1019.php?Lang=zh-tw；https://www.bdsh.ntpc.edu.tw/p/406-1000-25681%2Cr23.php?Lang=zh-tw；https://www.bdsh.ntpc.edu.tw/；https://www.google.com/maps/search/?api=1&query=237021+新北市三峽區大義路277號,2026-09-06
,014343,市立安康高中,公立,基北區,高中,男女兼收,新北市,新店區,新北市新店區安興路25號,http://www.akhs.ntpc.edu.tw,(02)22111743,普通科:212,212,212,資優/特色班請依各校及基北區官方公告查詢,115學年度高中部課程以部定必修、校訂必修、選修、多元選修與彈性學習組成；校方公告高一自主學習計畫與選群，課程方向依校方課程計畫及選課公告。,高中部以自主學習、小論文與閱讀心得活動、探究與實作及多元選修承擔研究與實作學習，課程名稱及實施方式依115學年度課程公告。,市立安康高中的學生專車目前沒有公開的路線、站點或申請資訊；一般捷運、臺鐵、公車與步行路線另列於「通勤資訊」。,可搭643、648、905、906、909、綠7、綠8、綠10、綠15、棕7或839，在「安康派出所」或「光華新村」站下車；也可搭輕軌至安康站，再轉乘或步行前往安興路25號校區。,市立安康高中的一般高中部住宿目前沒有公開的校內宿舍申請、床位或收費方案；特定班級、專案或其他部別住宿另行區分。,https://www.google.com/maps/search/?api=1&query=新北市新店區安興路25號,https://www.akhs.ntpc.edu.tw/,https://www.akhs.ntpc.edu.tw/,https://www.akhs.ntpc.edu.tw/,https://www.akhs.ntpc.edu.tw/；https://www.google.com/maps/search/?api=1&query=新北市新店區安興路25號；https://www.akhs.ntpc.edu.tw/p/412-1000-703.php,https://www.akhs.ntpc.edu.tw/,https://www.akhs.ntpc.edu.tw/,https://www.akhs.ntpc.edu.tw/；https://www.google.com/maps/search/?api=1&query=新北市新店區安興路25號,2026-09-06
,013338,市立新北高中,公立,基北區,高中,男女兼收,新北市,三重區,新北市三重區三信路1號,http://www.ntsh.ntpc.edu.tw/,(02)28577326,普通科:428,428,428,資優/特色班請依各校及基北區官方公告查詢,115學年度高中課程方向由部定必修、校訂必修、選修、多元選修及彈性學習組成；校方網站設有115課程總體計畫與多元選修公告，實際開課依公告。,高中部以自主學習、學習歷程、小論文／閱讀心得及多元選修進行研究與實作；115學年度選修名單與課程依校方新生專區公告。,市立新北高中的學生專車目前沒有公開的路線、站點或申請資訊；一般捷運、臺鐵、公車與步行路線另列於「通勤資訊」。,可搭捷運中和新蘆線至徐匯中學站1號出口，再以YouBike或公車前往，約6–10分鐘可到新北高中；校門口「新北高中站」有811、815、816、927、928等路線。,市立新北高中的一般高中部住宿目前沒有公開的校內宿舍申請、床位或收費方案；特定班級、專案或其他部別住宿另行區分。,https://www.google.com/maps/search/?api=1&query=新北市三重區三信路1號,https://www.ntsh.ntpc.edu.tw/p/412-1000-999.php?Lang=zh-tw,https://www.ntsh.ntpc.edu.tw/p/403-1000-95.php?Lang=zh-tw,https://www.ntsh.ntpc.edu.tw/p/403-1000-95.php?Lang=zh-tw,https://www.ntsh.ntpc.edu.tw/p/403-1000-95.php?Lang=zh-tw；https://www.google.com/maps/search/?api=1&query=新北市三重區三信路1號；https://www.ntsh.ntpc.edu.tw/var/file/0/1000/img/12/595403698.png,https://www.ntsh.ntpc.edu.tw/p/403-1000-95.php?Lang=zh-tw,https://www.ntsh.ntpc.edu.tw/p/403-1000-95.php?Lang=zh-tw,https://www.ntsh.ntpc.edu.tw/p/412-1000-999.php?Lang=zh-tw；https://www.ntsh.ntpc.edu.tw/p/403-1000-95.php?Lang=zh-tw；https://www.google.com/maps/search/?api=1&query=新北市三重區三信路1號,2026-09-06
,013433,市立新北高工,公立,基北區,綜高,男女兼收,新北市,土城區,新北市土城區學府路一段241號,https://www.ntvs.ntpc.edu.tw/,(02)22612483,模具科:40；製圖科:44；汽車科:44；資訊科:39；電機科:66；資料處理科:44；應用英語科:44；普通科:85；資訊科:42；機械科:52；汽車科:20；資訊科:32；資料處理科:32,584,584,資優/特色班請依各校及基北區官方公告查詢,115學年度專業群科課程計畫涵蓋機械、鑄造、模具、製圖、汽車、資訊、電機、資料處理及應用英語等科；另有進修部、實用技能學程與體育班課程計畫。,各專業科依115課程計畫安排專業實習、實作課程與專題製作；校方課程發展網並列專業群科、實用技能學程及進修部課程計畫，不能以普通高中課程概括。,校方交通頁明確說明本校沒有學生專車；學生通勤以捷運、公車或臺鐵轉乘為主。,可搭捷運板南線至海山站後步行約5分鐘到校；三峽可搭706至「新北高工(金城)」後步行約7分鐘，迴龍或樹林方向可搭985至「新北高工(裕民)」後步行約6分鐘。,市立新北高工的一般高中部住宿目前沒有公開的校內宿舍申請、床位或收費方案；特定班級、專案或其他部別住宿另行區分。,https://www.google.com/maps/search/?api=1&query=新北市土城區學府路一段241號,https://www.ntvs.ntpc.edu.tw/p/406-1000-20997%2Cr77.php?Lang=zh-tw,https://www.ntvs.ntpc.edu.tw/p/406-1000-20997%2Cr77.php?Lang=zh-tw,https://www.ntvs.ntpc.edu.tw/p/406-1000-20997%2Cr77.php?Lang=zh-tw；https://www.ntvs.ntpc.edu.tw/p/412-1000-705.php,https://www.ntvs.ntpc.edu.tw/p/406-1000-20997%2Cr77.php?Lang=zh-tw；https://www.google.com/maps/search/?api=1&query=新北市土城區學府路一段241號；https://www.ntvs.ntpc.edu.tw/p/412-1000-705.php,https://www.ntvs.ntpc.edu.tw/p/406-1000-20997%2Cr77.php?Lang=zh-tw,https://www.ntvs.ntpc.edu.tw/p/406-1000-20997%2Cr77.php?Lang=zh-tw,https://www.ntvs.ntpc.edu.tw/p/406-1000-20997%2Cr77.php?Lang=zh-tw；https://www.google.com/maps/search/?api=1&query=新北市土城區學府路一段241號,2026-09-06
,013335,市立新店高中,公立,基北區,高中,男女兼收,新北市,新店區,新北市新店區中央路93號,http://www.htsh.ntpc.edu.tw,(02)22193700,普通科:460,460,460,資優/特色班請依各校及基北區官方公告查詢,115學年度入學總體課程計畫包含部定必修、校訂必修、選修、多元選修與彈性學習；校方另提供115學年度選課導航手冊與課程說明。,高中部以探究與實作、自主學習、學習歷程及多元選修進行研究與實作；校方公告115學年度選課導航手冊與課程計畫，實施依該公告。,市立新店高中的學生專車目前沒有公開的路線、站點或申請資訊；一般捷運、臺鐵、公車與步行路線另列於「通勤資訊」。,可搭捷運松山新店線至七張站，再轉小碧潭站後步行約5分鐘到校；905、930、綠2、綠6、951可在「二十張」或「耕莘醫院」站下車後步行約5分鐘，906、綠15、644等路線可在新店高中校門周邊下車。,市立新店高中的一般高中部住宿目前沒有公開的校內宿舍申請、床位或收費方案；特定班級、專案或其他部別住宿另行區分。,https://www.google.com/maps/search/?api=1&query=新北市新店區中央路93號,https://www.htsh.ntpc.edu.tw/p/412-1000-738.php,https://www.htsh.ntpc.edu.tw/p/412-1000-833.php?Lang=zh-tw,https://www.htsh.ntpc.edu.tw/p/412-1000-833.php?Lang=zh-tw,https://www.htsh.ntpc.edu.tw/p/412-1000-833.php?Lang=zh-tw；https://www.google.com/maps/search/?api=1&query=新北市新店區中央路93號；https://www.htsh.ntpc.edu.tw/p/412-1000-716.php?Lang=zh-tw,https://www.htsh.ntpc.edu.tw/p/412-1000-833.php?Lang=zh-tw,https://www.htsh.ntpc.edu.tw/p/412-1000-833.php?Lang=zh-tw,https://www.htsh.ntpc.edu.tw/p/412-1000-738.php；https://www.htsh.ntpc.edu.tw/p/412-1000-833.php?Lang=zh-tw；https://www.google.com/maps/search/?api=1&query=新北市新店區中央路93號,2026-09-06
,013337,市立新莊高中,公立,基北區,高中,男女兼收,新北市,新莊區,新北市新莊區中平路135號,http://www.hcsh.ntpc.edu.tw,(02)29912391,普通科:506；普通科:72,578,578,資優/特色班請依各校及基北區官方公告查詢,市立新莊高中115學年度普通科課程以部定必修為基礎，並配置校訂必修、多元選修、自然與社會探究實作及自主學習；內容依該校115學年度課程計畫架構整理。,市立新莊高中的主要實作學習包含自然科與社會領域探究實作、自主學習與學習成果；校訂課程、多元選修或特色班可再延伸為專題研究與成果發表。,市立新莊高中的學生專車目前沒有公開的路線、站點或申請資訊；一般捷運、臺鐵、公車與步行路線另列於「通勤資訊」。,可搭F202公車，路線以新莊高中為起訖站，並銜接捷運新北產業園區站、頭前庄站、新莊站等交通節點，在「新莊高中」站下車到校。,市立新莊高中的一般高中部住宿目前沒有公開的校內宿舍申請、床位或收費方案；特定班級、專案或其他部別住宿另行區分。,https://www.google.com/maps/search/?api=1&query=%E6%96%B0%E5%8C%97%E5%B8%82%E6%96%B0%E8%8E%8A%E5%8D%80%E4%B8%AD%E5%B9%B3%E8%B7%AF135%E8%99%9F,https://sites.google.com/hcsh.ntpc.edu.tw/hc301,http://www.hcsh.ntpc.edu.tw,https://ebus.gov.taipei/Route/StopsOfRoute?routeid=0454020200,https://ebus.gov.taipei/Route/StopsOfRoute?routeid=0454020200；https://www.google.com/maps/search/?api=1&query=%E6%96%B0%E5%8C%97%E5%B8%82%E6%96%B0%E8%8E%8A%E5%8D%80%E4%B8%AD%E5%B9%B3%E8%B7%AF135%E8%99%9F,http://www.hcsh.ntpc.edu.tw,http://www.hcsh.ntpc.edu.tw,https://sites.google.com/hcsh.ntpc.edu.tw/hc301；http://www.hcsh.ntpc.edu.tw；https://ebus.gov.taipei/Route/StopsOfRoute?routeid=0454020200；https://www.google.com/maps/search/?api=1&query=%E6%96%B0%E5%8C%97%E5%B8%82%E6%96%B0%E8%8E%8A%E5%8D%80%E4%B8%AD%E5%B9%B3%E8%B7%AF135%E8%99%9F,2026-09-06
,014326,市立明德高中,公立,基北區,高中,男女兼收,新北市,三峽區,新北市三峽區中正路二段399號,http://www.mdhs.ntpc.edu.tw,(02)26723302,普通科:221,221,221,資優/特色班請依各校及基北區官方公告查詢,市立明德高中115學年度普通科課程以部定必修為基礎，並配置校訂必修、多元選修、自然與社會探究實作及自主學習；內容依該校115學年度課程計畫架構整理。,市立明德高中的主要實作學習包含自然科與社會領域探究實作、自主學習與學習成果；校訂課程、多元選修或特色班可再延伸為專題研究與成果發表。,有交通車；115學年度第1學期校方公告設通勤專車，另有住宿生週五返家與週日返校專車；一般大眾運輸可搭藍46、263、F625、807等路線至「明德中學」或「大埔國小」周邊站點；115-1通勤專車自2026-08-31開始搭乘，站別與時刻依校方115-1路線圖。,一般大眾運輸可搭藍46、263、F625、807等路線至「明德中學」或「大埔國小」周邊站點，再步行到校。,市立明德高中的一般高中部住宿目前沒有公開的校內宿舍申請、床位或收費方案；特定班級、專案或其他部別住宿另行區分。,https://www.google.com/maps/search/?api=1&query=%E6%96%B0%E5%8C%97%E5%B8%82%E4%B8%89%E5%B3%BD%E5%8D%80%E4%B8%AD%E6%AD%A3%E8%B7%AF%E4%BA%8C%E6%AE%B5399%E8%99%9F,https://www.mdhs.ntpc.edu.tw/p/405-1000-19379%2Cc824.php,http://www.mdhs.ntpc.edu.tw,https://www.mdhs.ntpc.edu.tw/p/405-1000-21402%2Cc910.php；https://www.mdhs.ntpc.edu.tw/p/412-1000-745.php,https://www.mdhs.ntpc.edu.tw/p/405-1000-21402%2Cc910.php；https://www.mdhs.ntpc.edu.tw/p/412-1000-745.php；https://www.google.com/maps/search/?api=1&query=%E6%96%B0%E5%8C%97%E5%B8%82%E4%B8%89%E5%B3%BD%E5%8D%80%E4%B8%AD%E6%AD%A3%E8%B7%AF%E4%BA%8C%E6%AE%B5399%E8%99%9F,http://www.mdhs.ntpc.edu.tw,http://www.mdhs.ntpc.edu.tw,https://www.mdhs.ntpc.edu.tw/p/405-1000-19379%2Cc824.php；http://www.mdhs.ntpc.edu.tw；https://www.mdhs.ntpc.edu.tw/p/405-1000-21402%2Cc910.php；https://www.mdhs.ntpc.edu.tw/p/412-1000-745.php；https://www.google.com/maps/search/?api=1&query=%E6%96%B0%E5%8C%97%E5%B8%82%E4%B8%89%E5%B3%BD%E5%8D%80%E4%B8%AD%E6%AD%A3%E8%B7%AF%E4%BA%8C%E6%AE%B5399%E8%99%9F,2026-09-06
,013304,市立板橋高中,公立,基北區,高中,男女兼收,新北市,板橋區,新北市板橋區文化路一段25號,http://www.pcsh.ntpc.edu.tw,(02)29602500,男(6):6；女(6):6,12,12,資優/特色班請依各校及基北區官方公告查詢,市立板橋高中115學年度普通高中課程以部定必修為基礎，並安排校訂必修、多元選修、自然與社會探究實作、自主學習及彈性學習；課程內容依該校115學年度課程計畫架構整理。,市立板橋高中的實作學習以自然與社會領域探究實作、自主學習、校訂課程與學習成果為主，並透過研究、微課程或成果發表累積專題型學習經驗。,市立板橋高中的學生專車目前沒有公開的路線、站點或申請資訊；一般捷運、臺鐵、公車與步行路線另列於「通勤資訊」。,校方交通資料指出，可搭臺北捷運至板橋站或府中站，步行約6分鐘到校；搭公車可在北門街或萬坪公園周邊站點下車後步行約3分鐘。,市立板橋高中的一般高中部住宿目前沒有公開的校內宿舍申請、床位或收費方案；特定班級、專案或其他部別住宿另行區分。,https://www.google.com/maps/search/?api=1&query=%E6%96%B0%E5%8C%97%E5%B8%82%E6%9D%BF%E6%A9%8B%E5%8D%80%E6%96%87%E5%8C%96%E8%B7%AF%E4%B8%80%E6%AE%B525%E8%99%9F,https://course.mail.pcsh.ntpc.edu.tw/課程規劃/課程總體計畫/115入學年總體課程計畫,http://www.pcsh.ntpc.edu.tw,https://osa.mail.pcsh.ntpc.edu.tw/%E8%A8%93%E8%82%B2%E7%B5%84/%E8%A6%AA%E5%B8%AB%E5%BA%A7%E8%AB%87%E6%9C%83,https://osa.mail.pcsh.ntpc.edu.tw/%E8%A8%93%E8%82%B2%E7%B5%84/%E8%A6%AA%E5%B8%AB%E5%BA%A7%E8%AB%87%E6%9C%83；https://www.google.com/maps/search/?api=1&query=%E6%96%B0%E5%8C%97%E5%B8%82%E6%9D%BF%E6%A9%8B%E5%8D%80%E6%96%87%E5%8C%96%E8%B7%AF%E4%B8%80%E6%AE%B525%E8%99%9F,http://www.pcsh.ntpc.edu.tw,http://www.pcsh.ntpc.edu.tw,https://course.mail.pcsh.ntpc.edu.tw/課程規劃/課程總體計畫/115入學年總體課程計畫；http://www.pcsh.ntpc.edu.tw；https://osa.mail.pcsh.ntpc.edu.tw/%E8%A8%93%E8%82%B2%E7%B5%84/%E8%A6%AA%E5%B8%AB%E5%BA%A7%E8%AB%87%E6%9C%83；https://www.google.com/maps/search/?api=1&query=%E6%96%B0%E5%8C%97%E5%B8%82%E6%9D%BF%E6%A9%8B%E5%8D%80%E6%96%87%E5%8C%96%E8%B7%AF%E4%B8%80%E6%AE%B525%E8%99%9F,2026-09-06
,013339,市立林口高中,公立,基北區,高中,男女兼收,新北市,林口區,新北市林口區仁愛路二段173號,http://www.lksh.ntpc.edu.tw,(02)26009482,普通科:352,352,352,資優/特色班請依各校及基北區官方公告查詢,市立林口高中115學年度普通科課程以部定必修為基礎，並配置校訂必修、多元選修、自然與社會探究實作及自主學習；內容依該校115學年度課程計畫架構整理。,市立林口高中的主要實作學習包含自然科與社會領域探究實作、自主學習與學習成果；校訂課程、多元選修或特色班可再延伸為專題研究與成果發表。,市立林口高中的學生專車目前沒有公開的路線、站點或申請資訊；一般捷運、臺鐵、公車與步行路線另列於「通勤資訊」。,校方交通頁列「林口高中站」可搭858、898、966、946、967、920、925，下車後到校；「林口國中站」可搭786、948，下車後步行約250公尺。,市立林口高中的一般高中部住宿目前沒有公開的校內宿舍申請、床位或收費方案；特定班級、專案或其他部別住宿另行區分。,https://www.google.com/maps/search/?api=1&query=%E6%96%B0%E5%8C%97%E5%B8%82%E6%9E%97%E5%8F%A3%E5%8D%80%E4%BB%81%E6%84%9B%E8%B7%AF%E4%BA%8C%E6%AE%B5173%E8%99%9F,https://www.lksh.ntpc.edu.tw/p/406-1000-16891%2Cr34.php,http://www.lksh.ntpc.edu.tw,https://www.lksh.ntpc.edu.tw/p/412-1000-148.php,https://www.lksh.ntpc.edu.tw/p/412-1000-148.php；https://www.google.com/maps/search/?api=1&query=%E6%96%B0%E5%8C%97%E5%B8%82%E6%9E%97%E5%8F%A3%E5%8D%80%E4%BB%81%E6%84%9B%E8%B7%AF%E4%BA%8C%E6%AE%B5173%E8%99%9F,http://www.lksh.ntpc.edu.tw,http://www.lksh.ntpc.edu.tw,https://www.lksh.ntpc.edu.tw/p/406-1000-16891%2Cr34.php；http://www.lksh.ntpc.edu.tw；https://www.lksh.ntpc.edu.tw/p/412-1000-148.php；https://www.google.com/maps/search/?api=1&query=%E6%96%B0%E5%8C%97%E5%B8%82%E6%9E%97%E5%8F%A3%E5%8D%80%E4%BB%81%E6%84%9B%E8%B7%AF%E4%BA%8C%E6%AE%B5173%E8%99%9F,2026-09-06
,014468,市立樟樹國際實中,公立,基北區,綜高,男女兼收,新北市,汐止區,新北市汐止區樟樹二路135號,http://www.ctjhs.ntpc.edu.tw/,(02)26430686,流行服飾科:22；多媒體動畫科:27；普通科:5；航運管理科:3；食品科:12；烘焙科:16；漁業科:3；水產養殖科:3；輪機科:15；航海科:18；綜合高中:6；資訊科:1,131,131,資優/特色班請依各校及基北區官方公告查詢,115學年度課程依校方課程計畫安排，涵蓋流行服飾科、多媒體動畫科、普通科、航運管理科、食品科、烘焙科、漁業科、水產養殖科、輪機科、航海科、綜合高中、資訊科；共同核心之外，依學程與選修方向配置校訂、多元選修及專業課程。,市立樟樹國際實中：流行服飾科、多媒體動畫科、普通科、航運管理科、食品科、烘焙科、漁業科、水產養殖科、輪機科、航海科等科別依115學年度課程計畫安排專業實習、實作與專題製作，並透過作品、技能或成果發表整合專業學習。,市立樟樹國際實中的學生專車目前沒有公開的路線、站點或申請資訊；一般捷運、臺鐵、公車與步行路線另列於「通勤資訊」。,臺鐵汐科站步行約20分鐘；南港展覽館站6號出口可轉藍23或藍39；「樟樹國際實中站」有藍39、711、677、1031、F913，下車步行約3分鐘。,市立樟樹國際實中的一般高中部住宿目前沒有公開的校內宿舍申請、床位或收費方案；特定班級、專案或其他部別住宿另行區分。,https://www.google.com/maps/search/?api=1&query=%E6%96%B0%E5%8C%97%E5%B8%82%E6%B1%90%E6%AD%A2%E5%8D%80%E6%A8%9F%E6%A8%B9%E4%BA%8C%E8%B7%AF135%E8%99%9F,https://courset.k12ea.gov.tw/courseinformation/indexStu01.asp,https://www.ctjhs.ntpc.edu.tw/p/406-1000-7266%2Cr145.php,https://www.ctjhs.ntpc.edu.tw/p/412-1000-713.php,https://www.ctjhs.ntpc.edu.tw/p/412-1000-713.php；https://www.google.com/maps/search/?api=1&query=%E6%96%B0%E5%8C%97%E5%B8%82%E6%B1%90%E6%AD%A2%E5%8D%80%E6%A8%9F%E6%A8%B9%E4%BA%8C%E8%B7%AF135%E8%99%9F,http://www.ctjhs.ntpc.edu.tw/,http://www.ctjhs.ntpc.edu.tw/,https://courset.k12ea.gov.tw/courseinformation/indexStu01.asp；https://www.ctjhs.ntpc.edu.tw/p/406-1000-7266%2Cr145.php；https://www.ctjhs.ntpc.edu.tw/p/412-1000-713.php；https://www.google.com/maps/search/?api=1&query=%E6%96%B0%E5%8C%97%E5%B8%82%E6%B1%90%E6%AD%A2%E5%8D%80%E6%A8%9F%E6%A8%B9%E4%BA%8C%E8%B7%AF135%E8%99%9F；http://www.ctjhs.ntpc.edu.tw/,2026-09-06
,014322,市立樹林高中,公立,基北區,高中,男女兼收,新北市,樹林區,新北市樹林區中華路8號,http://www.slsh.ntpc.edu.tw,(02)86852011,普通科:303,303,303,資優/特色班請依各校及基北區官方公告查詢,市立樹林高中115學年度普通科課程以部定必修為基礎，並配置校訂必修、多元選修、自然與社會探究實作及自主學習；內容依該校115學年度課程計畫架構整理。,市立樹林高中的主要實作學習包含自然科與社會領域探究實作、自主學習與學習成果；校訂課程、多元選修或特色班可再延伸為專題研究與成果發表。,有專車；114學年度公告載明上、放學均有專車時刻，並以搭乘人數維持營運。,可搭臺鐵至樹林站；由前站出口沿鎮前街步行至樹中街，或由後站出口經中山路、立人地下道再轉樹中街前往中華路8號校區。,市立樹林高中的一般高中部住宿目前沒有公開的校內宿舍申請、床位或收費方案；特定班級、專案或其他部別住宿另行區分。,https://www.google.com/maps/search/?api=1&query=%E6%96%B0%E5%8C%97%E5%B8%82%E6%A8%B9%E6%9E%97%E5%8D%80%E4%B8%AD%E8%8F%AF%E8%B7%AF8%E8%99%9F,https://www.slsh.ntpc.edu.tw/p/403-1000-233-1.php,http://www.slsh.ntpc.edu.tw,https://www.slsh.ntpc.edu.tw/p/406-1000-12484%2Cr73.php?Lang=zh-tw,https://www.slsh.ntpc.edu.tw/p/406-1000-12484%2Cr73.php?Lang=zh-tw；https://www.google.com/maps/search/?api=1&query=%E6%96%B0%E5%8C%97%E5%B8%82%E6%A8%B9%E6%9E%97%E5%8D%80%E4%B8%AD%E8%8F%AF%E8%B7%AF8%E8%99%9F；https://www.slsh.ntpc.edu.tw/p/426-1000-15.php,http://www.slsh.ntpc.edu.tw,http://www.slsh.ntpc.edu.tw,https://www.slsh.ntpc.edu.tw/p/403-1000-233-1.php；http://www.slsh.ntpc.edu.tw；https://www.slsh.ntpc.edu.tw/p/406-1000-12484%2Cr73.php?Lang=zh-tw；https://www.google.com/maps/search/?api=1&query=%E6%96%B0%E5%8C%97%E5%B8%82%E6%A8%B9%E6%9E%97%E5%8D%80%E4%B8%AD%E8%8F%AF%E8%B7%AF8%E8%99%9F,2026-09-06
,014315,市立永平高中,公立,基北區,高中,男女兼收,新北市,永和區,新北市永和區永平路205號,https://www.yphs.ntpc.edu.tw/,(02)22319670,普通科:254,254,254,資優/特色班請依各校及基北區官方公告查詢,市立永平高中115學年度普通科課程以部定必修為基礎，並配置校訂必修、多元選修、自然與社會探究實作及自主學習；內容依該校115學年度課程計畫架構整理。,市立永平高中的主要實作學習包含自然科與社會領域探究實作、自主學習與學習成果；校訂課程、多元選修或特色班可再延伸為專題研究與成果發表。,市立永平高中的學生專車目前沒有公開的路線、站點或申請資訊；一般捷運、臺鐵、公車與步行路線另列於「通勤資訊」。,捷運頂溪站2號出口可沿仁愛路步行約12分鐘到校，或轉搭706／永和接駁車至「永平高中站」；另可由永平高中站搭706、243、297、綠2、275等路線往返。,市立永平高中的一般高中部住宿目前沒有公開的校內宿舍申請、床位或收費方案；特定班級、專案或其他部別住宿另行區分。,https://www.google.com/maps/search/?api=1&query=%E6%96%B0%E5%8C%97%E5%B8%82%E6%B0%B8%E5%92%8C%E5%8D%80%E6%B0%B8%E5%B9%B3%E8%B7%AF205%E8%99%9F,https://www.yphs.ntpc.edu.tw/p/412-1000-712.php,https://www.yphs.ntpc.edu.tw/,https://www.yphs.ntpc.edu.tw/p/404-1000-7453.php,https://www.yphs.ntpc.edu.tw/p/404-1000-7453.php；https://www.google.com/maps/search/?api=1&query=%E6%96%B0%E5%8C%97%E5%B8%82%E6%B0%B8%E5%92%8C%E5%8D%80%E6%B0%B8%E5%B9%B3%E8%B7%AF205%E8%99%9F,https://www.yphs.ntpc.edu.tw/,https://www.yphs.ntpc.edu.tw/,https://www.yphs.ntpc.edu.tw/p/412-1000-712.php；https://www.yphs.ntpc.edu.tw/；https://www.yphs.ntpc.edu.tw/p/404-1000-7453.php；https://www.google.com/maps/search/?api=1&query=%E6%96%B0%E5%8C%97%E5%B8%82%E6%B0%B8%E5%92%8C%E5%8D%80%E6%B0%B8%E5%B9%B3%E8%B7%AF205%E8%99%9F,2026-09-06
,013303,市立泰山高中,公立,基北區,高職,男女兼收,新北市,泰山區,新北市泰山區辭修路7號,http://www.tssh.ntpc.edu.tw,(02)22963625,機械科:45；汽車科:45；電子科:44；電機科:45；汽車科:60；電子科:29,268,268,資優/特色班請依各校及基北區官方公告查詢,市立泰山高中：115學年度課程依各科課程計畫安排，主要科別包括機械科、汽車科、電子科、電機科；各科結合專業理論、校訂課程與實習／實作學習。,市立泰山高中：機械科、汽車科、電子科、電機科等科別依115學年度課程計畫安排專業實習、實作與專題製作，並透過作品、技能或成果發表整合專業學習。,市立泰山高中的學生專車目前沒有公開的路線、站點或申請資訊；一般捷運、臺鐵、公車與步行路線另列於「通勤資訊」。,「泰山高中」站有638、638副、858、F217、F218等路線；其中638可銜接捷運輔大站、丹鳳站、泰山貴和站，在泰山高中站下車到校。,市立泰山高中的一般高中部住宿目前沒有公開的校內宿舍申請、床位或收費方案；特定班級、專案或其他部別住宿另行區分。,https://www.google.com/maps/search/?api=1&query=%E6%96%B0%E5%8C%97%E5%B8%82%E6%B3%B0%E5%B1%B1%E5%8D%80%E8%BE%AD%E4%BF%AE%E8%B7%AF7%E8%99%9F,https://sites.google.com/tssh.ntpc.edu.tw/tssh-course/%E8%AA%B2%E7%A8%8B%E8%A8%88%E7%95%AB%E6%9B%B8,http://www.tssh.ntpc.edu.tw,https://atis.taipei.gov.tw/aspx/businfomation/presentinfo.aspx?ddlName=638&lang=zh-Hant-TW&region=1,https://atis.taipei.gov.tw/aspx/businfomation/presentinfo.aspx?ddlName=638&lang=zh-Hant-TW&region=1；https://www.google.com/maps/search/?api=1&query=%E6%96%B0%E5%8C%97%E5%B8%82%E6%B3%B0%E5%B1%B1%E5%8D%80%E8%BE%AD%E4%BF%AE%E8%B7%AF7%E8%99%9F,http://www.tssh.ntpc.edu.tw,http://www.tssh.ntpc.edu.tw,https://sites.google.com/tssh.ntpc.edu.tw/tssh-course/%E8%AA%B2%E7%A8%8B%E8%A8%88%E7%95%AB%E6%9B%B8；http://www.tssh.ntpc.edu.tw；https://atis.taipei.gov.tw/aspx/businfomation/presentinfo.aspx?ddlName=638&lang=zh-Hant-TW&region=1；https://www.google.com/maps/search/?api=1&query=%E6%96%B0%E5%8C%97%E5%B8%82%E6%B3%B0%E5%B1%B1%E5%8D%80%E8%BE%AD%E4%BF%AE%E8%B7%AF7%E8%99%9F,2026-09-06
,014302,市立海山高中,公立,基北區,高中,男女兼收,新北市,板橋區,新北市板橋區漢生東路215號,http://www.hshs.ntpc.edu.tw,(02)29517475,普通科:256,256,256,資優/特色班請依各校及基北區官方公告查詢,市立海山高中115學年度普通科課程以部定必修為基礎，並配置校訂必修、多元選修、自然與社會探究實作及自主學習；內容依該校115學年度課程計畫架構整理。,市立海山高中的主要實作學習包含自然科與社會領域探究實作、自主學習與學習成果；校訂課程、多元選修或特色班可再延伸為專題研究與成果發表。,有學生專車；115學年度校方公告國、高中學生均可申請學生專車，自2026-08-31起行駛，搭乘費可使用零錢或一般電子票證；路線與停靠點依115學年度學生專車路線表。,捷運環狀線板新站下車後沿漢生東路步行約6分鐘；板南線、臺鐵或高鐵可在板橋站下車後步行約8分鐘。公車藍17、265區、657、847可在「海山高中」站下車。,市立海山高中的一般高中部住宿目前沒有公開的校內宿舍申請、床位或收費方案；特定班級、專案或其他部別住宿另行區分。,https://www.google.com/maps/search/?api=1&query=%E6%96%B0%E5%8C%97%E5%B8%82%E6%9D%BF%E6%A9%8B%E5%8D%80%E6%BC%A2%E7%94%9F%E6%9D%B1%E8%B7%AF215%E8%99%9F,https://sites.google.com/hshs.ntpc.edu.tw/continuingedu/108%E6%96%B0%E8%AA%B2%E7%B6%B1%E5%B0%88%E5%8D%80,http://www.hshs.ntpc.edu.tw,https://www.hshs.ntpc.edu.tw/p/406-1000-11939%2Cr148.php,https://www.hshs.ntpc.edu.tw/p/406-1000-11939%2Cr148.php；https://www.google.com/maps/search/?api=1&query=%E6%96%B0%E5%8C%97%E5%B8%82%E6%9D%BF%E6%A9%8B%E5%8D%80%E6%BC%A2%E7%94%9F%E6%9D%B1%E8%B7%AF215%E8%99%9F；https://www.hshs.ntpc.edu.tw/p/426-1000-16.php,http://www.hshs.ntpc.edu.tw,http://www.hshs.ntpc.edu.tw,https://sites.google.com/hshs.ntpc.edu.tw/continuingedu/108%E6%96%B0%E8%AA%B2%E7%B6%B1%E5%B0%88%E5%8D%80；http://www.hshs.ntpc.edu.tw；https://www.hshs.ntpc.edu.tw/p/406-1000-11939%2Cr148.php；https://www.google.com/maps/search/?api=1&query=%E6%96%B0%E5%8C%97%E5%B8%82%E6%9D%BF%E6%A9%8B%E5%8D%80%E6%BC%A2%E7%94%9F%E6%9D%B1%E8%B7%AF215%E8%99%9F；https://www.hshs.ntpc.edu.tw/p/426-1000-16.php,2026-09-06
,013434,市立淡水商工,公立,基北區,高職,男女兼收,新北市,淡水區,新北市淡水區商工路307號,http://www.tsvs.ntpc.edu.tw,(02)26203930,控制科:36；電機科:42；商業經營科:40；資料處理科:40；園藝科:29；餐飲管理科:34；資訊科:68；餐飲管理科:32,321,321,資優/特色班請依各校及基北區官方公告查詢,市立淡水商工：115學年度課程依各科課程計畫安排，主要科別包括控制科、電機科、商業經營科、資料處理科、園藝科、餐飲管理科、資訊科；各科結合專業理論、校訂課程與實習／實作學習。,市立淡水商工：控制科、電機科、商業經營科、資料處理科、園藝科、餐飲管理科、資訊科等科別依115學年度課程計畫安排專業實習、實作與專題製作，並透過作品、技能或成果發表整合專業學習。,有學生專車。115學年度校方開放大型遊覽車學生專車申請，須事先完成申請；第一階段申請期間為2026-07-09至2026-07-31，路線與停靠點列於校方「學生專車路線資訊」。,可由捷運淡水站搭紅37，部分班次繞駛「淡水商工」站；紅37也串聯輕軌淡金北新站與淡水商工，適合由淡水捷運或淡海輕軌轉乘到校。,市立淡水商工的一般高中部住宿目前沒有公開的校內宿舍申請、床位或收費方案；特定班級、專案或其他部別住宿另行區分。,https://www.google.com/maps/search/?api=1&query=%E6%96%B0%E5%8C%97%E5%B8%82%E6%B7%A1%E6%B0%B4%E5%8D%80%E5%95%86%E5%B7%A5%E8%B7%AF307%E8%99%9F,https://www.tsvs.ntpc.edu.tw/p/404-1000-2613.php?Lang=zh-tw,http://www.tsvs.ntpc.edu.tw,https://www.tsvs.ntpc.edu.tw/p/406-1000-23273%2Cr75.php,https://www.tsvs.ntpc.edu.tw/p/406-1000-23273%2Cr75.php；https://www.google.com/maps/search/?api=1&query=%E6%96%B0%E5%8C%97%E5%B8%82%E6%B7%A1%E6%B0%B4%E5%8D%80%E5%95%86%E5%B7%A5%E8%B7%AF307%E8%99%9F；https://ebus.gov.taipei/EBus/VsSimpleMap?gb=1&routeid=0411003700,http://www.tsvs.ntpc.edu.tw,http://www.tsvs.ntpc.edu.tw,https://www.tsvs.ntpc.edu.tw/p/404-1000-2613.php?Lang=zh-tw；http://www.tsvs.ntpc.edu.tw；https://www.tsvs.ntpc.edu.tw/p/406-1000-23273%2Cr75.php；https://www.google.com/maps/search/?api=1&query=%E6%96%B0%E5%8C%97%E5%B8%82%E6%B7%A1%E6%B0%B4%E5%8D%80%E5%95%86%E5%B7%A5%E8%B7%AF307%E8%99%9F；https://ebus.gov.taipei/EBus/VsSimpleMap?gb=1&routeid=0411003700,2026-09-06
,014356,市立清水高中,公立,基北區,高中,男女兼收,新北市,土城區,新北市土城區明德路一段72號,http://www.cssh.ntpc.edu.tw,(02)22707801,普通科:309,309,309,資優/特色班請依各校及基北區官方公告查詢,市立清水高中115學年度普通科課程以部定必修為基礎，並配置校訂必修、多元選修、自然與社會探究實作及自主學習；內容依該校115學年度課程計畫架構整理。,市立清水高中的主要實作學習包含自然科與社會領域探究實作、自主學習與學習成果；校訂課程、多元選修或特色班可再延伸為專題研究與成果發表。,市立清水高中的學生專車目前沒有公開的路線、站點或申請資訊；一般捷運、臺鐵、公車與步行路線另列於「通勤資訊」。,校方115年7月更新交通資料：「清水高中站」可搭657、657延和路、657海山拖吊場、藍17；「手信坊文化館」約200公尺有570；「明德路」約300公尺有藍40、藍41與藍41延和路。,市立清水高中的一般高中部住宿目前沒有公開的校內宿舍申請、床位或收費方案；特定班級、專案或其他部別住宿另行區分。,https://www.google.com/maps/search/?api=1&query=%E6%96%B0%E5%8C%97%E5%B8%82%E5%9C%9F%E5%9F%8E%E5%8D%80%E6%98%8E%E5%BE%B7%E8%B7%AF%E4%B8%80%E6%AE%B572%E8%99%9F,https://www.cssh.ntpc.edu.tw/p/406-1000-16682%2Cr71.php,http://www.cssh.ntpc.edu.tw,https://www2.cssh.ntpc.edu.tw/p/412-1000-706.php,https://www2.cssh.ntpc.edu.tw/p/412-1000-706.php；https://www.google.com/maps/search/?api=1&query=%E6%96%B0%E5%8C%97%E5%B8%82%E5%9C%9F%E5%9F%8E%E5%8D%80%E6%98%8E%E5%BE%B7%E8%B7%AF%E4%B8%80%E6%AE%B572%E8%99%9F,http://www.cssh.ntpc.edu.tw,http://www.cssh.ntpc.edu.tw,https://www.cssh.ntpc.edu.tw/p/406-1000-16682%2Cr71.php；http://www.cssh.ntpc.edu.tw；https://www2.cssh.ntpc.edu.tw/p/412-1000-706.php；https://www.google.com/maps/search/?api=1&query=%E6%96%B0%E5%8C%97%E5%B8%82%E5%9C%9F%E5%9F%8E%E5%8D%80%E6%98%8E%E5%BE%B7%E8%B7%AF%E4%B8%80%E6%AE%B572%E8%99%9F,2026-09-06
,013402,市立瑞芳高工,公立,基北區,高職,男女兼收,新北市,瑞芳區,新北市瑞芳區瑞芳街60號,https://web.jfvs.ntpc.edu.tw/,(02)24972516,電腦機械製圖科:4；資訊科:25；電子科:21；電機科:21；建築科:25；空間測繪科:1；應用英語科:25；室內空間設計科:19；機械科:41；板金科:33；機械科:32；資訊科:32；電機科:32；建築科:32,375,375,資優/特色班請依各校及基北區官方公告查詢,市立瑞芳高工：115學年度課程依各科課程計畫安排，主要科別包括電腦機械製圖科、資訊科、電子科、電機科、建築科、空間測繪科、應用英語科、室內空間設計科、機械科、板金科；各科結合專業理論、校訂課程與實習／實作學習。,市立瑞芳高工：電腦機械製圖科、資訊科、電子科、電機科、建築科、空間測繪科、應用英語科、室內空間設計科、機械科、板金科等科別依115學年度課程計畫安排專業實習、實作與專題製作，並透過作品、技能或成果發表整合專業學習。,市立瑞芳高工的學生專車目前沒有公開的路線、站點或申請資訊；一般捷運、臺鐵、公車與步行路線另列於「通勤資訊」。,臺鐵搭至瑞芳站，從後站出口步行即可到校；客運可搭1062、1013、1012、1003、1001，市區公車另有808、825、827、846等瑞芳周邊路線。,市立瑞芳高工的一般高中部住宿目前沒有公開的校內宿舍申請、床位或收費方案；特定班級、專案或其他部別住宿另行區分。,https://www.google.com/maps/search/?api=1&query=%E6%96%B0%E5%8C%97%E5%B8%82%E7%91%9E%E8%8A%B3%E5%8D%80%E7%91%9E%E8%8A%B3%E8%A1%9760%E8%99%9F,https://courset.k12ea.gov.tw/courseinformation/indexStu01.asp,https://web.jfvs.ntpc.edu.tw/p/404-1000-3219.php?Lang=zh-tw,https://web.jfvs.ntpc.edu.tw/p/412-1000-706.php,https://web.jfvs.ntpc.edu.tw/p/412-1000-706.php；https://www.google.com/maps/search/?api=1&query=%E6%96%B0%E5%8C%97%E5%B8%82%E7%91%9E%E8%8A%B3%E5%8D%80%E7%91%9E%E8%8A%B3%E8%A1%9760%E8%99%9F,https://web.jfvs.ntpc.edu.tw/,https://web.jfvs.ntpc.edu.tw/,https://courset.k12ea.gov.tw/courseinformation/indexStu01.asp；https://web.jfvs.ntpc.edu.tw/p/404-1000-3219.php?Lang=zh-tw；https://web.jfvs.ntpc.edu.tw/p/412-1000-706.php；https://www.google.com/maps/search/?api=1&query=%E6%96%B0%E5%8C%97%E5%B8%82%E7%91%9E%E8%8A%B3%E5%8D%80%E7%91%9E%E8%8A%B3%E8%A1%9760%E8%99%9F；https://web.jfvs.ntpc.edu.tw/,2026-09-06
,014348,市立石碇高中,公立,基北區,綜高,男女兼收,新北市,石碇區,新北市石碇區隆盛里八分寮45號,http://www.sdhs.ntpc.edu.tw,(02)26631224,綜合高中:102,102,102,資優/特色班請依各校及基北區官方公告查詢,市立石碇高中：115學年度課程依校方課程計畫安排，涵蓋綜合高中；共同核心之外，依學程與選修方向配置校訂、多元選修及專業課程。,市立石碇高中：綜合高中等科別依115學年度課程計畫安排專業實習、實作與專題製作，並透過作品、技能或成果發表整合專業學習。,有交通車；115-1校方公告交通車含101A、101B、102、103、104、105、106及汐止線，放學基本發車時間16:30，另視第八節開課情形加開17:10班次；校方另列永和、中和、新店等方向學生專車資訊。,一般公車可由捷運木柵線周邊轉乘795、666、660、949、912等路線至「八分寮」站後步行上校。,校方115高中新生專區於2026-06-09公告「115-1高一新生宿舍申請時間」，同專區亦公告115-1交通車時刻表；可確認高中部設有住宿申請機制，實際入住資格依當學年度宿舍申請與核定結果。,https://www.google.com/maps/search/?api=1&query=%E6%96%B0%E5%8C%97%E5%B8%82%E7%9F%B3%E7%A2%87%E5%8D%80%E9%9A%86%E7%9B%9B%E9%87%8C%E5%85%AB%E5%88%86%E5%AF%AE45%E8%99%9F,https://courset.k12ea.gov.tw/courseinformation/indexStu01.asp,http://www.sdhs.ntpc.edu.tw,https://www.sdhs.ntpc.edu.tw/p/406-1000-7775%2Cr115.php?Lang=zh-tw；https://www.sdhs.ntpc.edu.tw/p/426-1000-38.php,https://www.sdhs.ntpc.edu.tw/p/406-1000-7775%2Cr115.php?Lang=zh-tw；https://www.sdhs.ntpc.edu.tw/p/426-1000-38.php；https://www.google.com/maps/search/?api=1&query=%E6%96%B0%E5%8C%97%E5%B8%82%E7%9F%B3%E7%A2%87%E5%8D%80%E9%9A%86%E7%9B%9B%E9%87%8C%E5%85%AB%E5%88%86%E5%AF%AE45%E8%99%9F,https://www.sdhs.ntpc.edu.tw/p/403-1000-115-1.php,http://www.sdhs.ntpc.edu.tw,https://courset.k12ea.gov.tw/courseinformation/indexStu01.asp；http://www.sdhs.ntpc.edu.tw；https://www.sdhs.ntpc.edu.tw/p/406-1000-7775%2Cr115.php?Lang=zh-tw；https://www.sdhs.ntpc.edu.tw/p/426-1000-38.php；https://www.google.com/maps/search/?api=1&query=%E6%96%B0%E5%8C%97%E5%B8%82%E7%9F%B3%E7%A2%87%E5%8D%80%E9%9A%86%E7%9B%9B%E9%87%8C%E5%85%AB%E5%88%86%E5%AF%AE45%E8%99%9F；https://www.sdhs.ntpc.edu.tw/p/403-1000-115-1.php,2026-09-06
,014332,市立秀峰高中,公立,基北區,高中,男女兼收,新北市,汐止區,新北市汐止區忠孝東路201號,https://www.sfhs.ntpc.edu.tw/,(02)26412134,普通科:222,222,222,資優/特色班請依各校及基北區官方公告查詢,市立秀峰高中115學年度普通科課程以部定必修為基礎，並配置校訂必修、多元選修、自然與社會探究實作及自主學習；內容依該校115學年度課程計畫架構整理。,市立秀峰高中的主要實作學習包含自然科與社會領域探究實作、自主學習與學習成果；校訂課程、多元選修或特色班可再延伸為專題研究與成果發表。,市立秀峰高中的學生專車目前沒有公開的路線、站點或申請資訊；一般捷運、臺鐵、公車與步行路線另列於「通勤資訊」。,「秀峰高中（忠孝東路）」站有586、605新台五、675、823、907、951、F905、F913、F915、藍15等路線；亦可由汐止火車站周邊轉乘至該站。,市立秀峰高中的一般高中部住宿目前沒有公開的校內宿舍申請、床位或收費方案；特定班級、專案或其他部別住宿另行區分。,https://www.google.com/maps/search/?api=1&query=%E6%96%B0%E5%8C%97%E5%B8%82%E6%B1%90%E6%AD%A2%E5%8D%80%E5%BF%A0%E5%AD%9D%E6%9D%B1%E8%B7%AF201%E8%99%9F,https://www.sfhs.ntpc.edu.tw/p/403-1000-72-1.php?Lang=zh-tw,https://www.sfhs.ntpc.edu.tw/,https://pda5284.gov.taipei/MQS/stoplocation.jsp?slid=2759,https://pda5284.gov.taipei/MQS/stoplocation.jsp?slid=2759；https://www.google.com/maps/search/?api=1&query=%E6%96%B0%E5%8C%97%E5%B8%82%E6%B1%90%E6%AD%A2%E5%8D%80%E5%BF%A0%E5%AD%9D%E6%9D%B1%E8%B7%AF201%E8%99%9F,https://www.sfhs.ntpc.edu.tw/,https://www.sfhs.ntpc.edu.tw/,https://www.sfhs.ntpc.edu.tw/p/403-1000-72-1.php?Lang=zh-tw；https://www.sfhs.ntpc.edu.tw/；https://pda5284.gov.taipei/MQS/stoplocation.jsp?slid=2759；https://www.google.com/maps/search/?api=1&query=%E6%96%B0%E5%8C%97%E5%B8%82%E6%B1%90%E6%AD%A2%E5%8D%80%E5%BF%A0%E5%AD%9D%E6%9D%B1%E8%B7%AF201%E8%99%9F,2026-09-06
,014364,市立竹圍高中,公立,基北區,高中,男女兼收,新北市,淡水區,新北市淡水區竹林路35號,https://www.zwhs.ntpc.edu.tw/,(02)28096990,普通科:143,143,143,資優/特色班請依各校及基北區官方公告查詢,市立竹圍高中115學年度普通科課程以部定必修為基礎，並配置校訂必修、多元選修、自然與社會探究實作及自主學習；內容依該校115學年度課程計畫架構整理。,市立竹圍高中的主要實作學習包含自然科與社會領域探究實作、自主學習與學習成果；校訂課程、多元選修或特色班可再延伸為專題研究與成果發表。,市立竹圍高中的學生專車目前沒有公開的路線、站點或申請資訊；一般捷運、臺鐵、公車與步行路線另列於「通勤資訊」。,可由捷運竹圍站轉乘837路線至「竹圍高中」站下車；837路線往返捷運竹圍站與竹圍高中周邊。,市立竹圍高中的一般高中部住宿目前沒有公開的校內宿舍申請、床位或收費方案；特定班級、專案或其他部別住宿另行區分。,https://www.google.com/maps/search/?api=1&query=%E6%96%B0%E5%8C%97%E5%B8%82%E6%B7%A1%E6%B0%B4%E5%8D%80%E7%AB%B9%E6%9E%97%E8%B7%AF35%E8%99%9F,https://www.zwhs.ntpc.edu.tw/p/406-1000-11610%2Cr158.php?Lang=zh-tw,https://www.zwhs.ntpc.edu.tw/,https://ebus.gov.taipei/Route/StopsOfRoute?routeid=0400083700,https://ebus.gov.taipei/Route/StopsOfRoute?routeid=0400083700；https://www.google.com/maps/search/?api=1&query=%E6%96%B0%E5%8C%97%E5%B8%82%E6%B7%A1%E6%B0%B4%E5%8D%80%E7%AB%B9%E6%9E%97%E8%B7%AF35%E8%99%9F,https://www.zwhs.ntpc.edu.tw/,https://www.zwhs.ntpc.edu.tw/,https://www.zwhs.ntpc.edu.tw/p/406-1000-11610%2Cr158.php?Lang=zh-tw；https://www.zwhs.ntpc.edu.tw/；https://ebus.gov.taipei/Route/StopsOfRoute?routeid=0400083700；https://www.google.com/maps/search/?api=1&query=%E6%96%B0%E5%8C%97%E5%B8%82%E6%B7%A1%E6%B0%B4%E5%8D%80%E7%AB%B9%E6%9E%97%E8%B7%AF35%E8%99%9F,2026-09-06
,014338,市立金山高中,公立,基北區,綜高,男女兼收,新北市,金山區,208306 新北市金山區美田里文化二路2號,https://www.cshs.ntpc.edu.tw/,(02)24982028,綜合高中:28,28,28,資優/特色班請依各校及基北區官方公告查詢,市立金山高中：115學年度課程依校方課程計畫安排，涵蓋綜合高中；共同核心之外，依學程與選修方向配置校訂、多元選修及專業課程。,市立金山高中：綜合高中等科別依115學年度課程計畫安排專業實習、實作與專題製作，並透過作品、技能或成果發表整合專業學習。,市立金山高中的學生專車目前沒有公開的路線、站點或申請資訊；一般捷運、臺鐵、公車與步行路線另列於「通勤資訊」。,115學年度校方列有「淡水－金山線」，上課期間由淡水捷運站經三芝、石門至金山高中；另有住宿生週末前後「金山高中－臺北車站」線；115-1公告顯示淡水線上學首站為淡水捷運站06:15，臺北線週日19:00由臺北車站東三門發車。,115學年度高一新生專區提供住宿申請，確認校方有住宿制度；床位、資格及入住規定依當年度公告。,https://www.google.com/maps/search/?api=1&query=208306+%E6%96%B0%E5%8C%97%E5%B8%82%E9%87%91%E5%B1%B1%E5%8D%80%E7%BE%8E%E7%94%B0%E9%87%8C%E6%96%87%E5%8C%96%E4%BA%8C%E8%B7%AF2%E8%99%9F,https://courset.k12ea.gov.tw/courseinformation/indexStu01.asp,https://www.cshs.ntpc.edu.tw/,https://www.cshs.ntpc.edu.tw/p/406-1000-18322%2Cr55.php?Lang=zh-tw,https://www.cshs.ntpc.edu.tw/p/406-1000-18322%2Cr55.php?Lang=zh-tw；https://www.google.com/maps/search/?api=1&query=208306+%E6%96%B0%E5%8C%97%E5%B8%82%E9%87%91%E5%B1%B1%E5%8D%80%E7%BE%8E%E7%94%B0%E9%87%8C%E6%96%87%E5%8C%96%E4%BA%8C%E8%B7%AF2%E8%99%9F,https://www.cshs.ntpc.edu.tw/p/404-1000-4965.php,https://www.cshs.ntpc.edu.tw/,https://courset.k12ea.gov.tw/courseinformation/indexStu01.asp；https://www.cshs.ntpc.edu.tw/；https://www.cshs.ntpc.edu.tw/p/406-1000-18322%2Cr55.php?Lang=zh-tw；https://www.google.com/maps/search/?api=1&query=208306+%E6%96%B0%E5%8C%97%E5%B8%82%E9%87%91%E5%B1%B1%E5%8D%80%E7%BE%8E%E7%94%B0%E9%87%8C%E6%96%87%E5%8C%96%E4%BA%8C%E8%B7%AF2%E8%99%9F；https://www.cshs.ntpc.edu.tw/p/404-1000-4965.php,2026-09-06
,014362,市立錦和高中,公立,基北區,高中,男女兼收,新北市,中和區,新北市中和區錦和路163號,http://www.jhsh.ntpc.edu.tw,(02)22498566,普通科:247,247,247,資優/特色班請依各校及基北區官方公告查詢,市立錦和高中115學年度普通科課程以部定必修為基礎，並配置校訂必修、多元選修、自然與社會探究實作及自主學習；內容依該校115學年度課程計畫架構整理。,市立錦和高中的主要實作學習包含自然科與社會領域探究實作、自主學習與學習成果；校訂課程、多元選修或特色班可再延伸為專題研究與成果發表。,市立錦和高中的學生專車目前沒有公開的路線、站點或申請資訊；一般捷運、臺鐵、公車與步行路線另列於「通勤資訊」。,「錦和高中」站可搭藍41／藍41延和路等公車，路線可銜接捷運景安站、捷運永安市場站等節點，再於錦和高中站下車到校。,市立錦和高中的一般高中部住宿目前沒有公開的校內宿舍申請、床位或收費方案；特定班級、專案或其他部別住宿另行區分。,https://www.google.com/maps/search/?api=1&query=%E6%96%B0%E5%8C%97%E5%B8%82%E4%B8%AD%E5%92%8C%E5%8D%80%E9%8C%A6%E5%92%8C%E8%B7%AF163%E8%99%9F,https://www.jhsh.ntpc.edu.tw/var/file/0/1000/img/2/562776919.pdf,http://www.jhsh.ntpc.edu.tw,https://ebus.gov.taipei/Route/StopsOfRoute?routeid=0400064100,https://ebus.gov.taipei/Route/StopsOfRoute?routeid=0400064100；https://www.google.com/maps/search/?api=1&query=%E6%96%B0%E5%8C%97%E5%B8%82%E4%B8%AD%E5%92%8C%E5%8D%80%E9%8C%A6%E5%92%8C%E8%B7%AF163%E8%99%9F,http://www.jhsh.ntpc.edu.tw,http://www.jhsh.ntpc.edu.tw,https://www.jhsh.ntpc.edu.tw/var/file/0/1000/img/2/562776919.pdf；http://www.jhsh.ntpc.edu.tw；https://ebus.gov.taipei/Route/StopsOfRoute?routeid=0400064100；https://www.google.com/maps/search/?api=1&query=%E6%96%B0%E5%8C%97%E5%B8%82%E4%B8%AD%E5%92%8C%E5%8D%80%E9%8C%A6%E5%92%8C%E8%B7%AF163%E8%99%9F,2026-09-06
,014347,市立雙溪高中,公立,基北區,綜高,男女兼收,新北市,雙溪區,22742 新北市雙溪區梅竹蹊3號,https://www.sxhs.ntpc.edu.tw/,(02)24931028,綜合高中:58,58,58,資優/特色班請依各校及基北區官方公告查詢,市立雙溪高中：115學年度課程依校方課程計畫安排，涵蓋綜合高中；共同核心之外，依學程與選修方向配置校訂、多元選修及專業課程。,市立雙溪高中：綜合高中等科別依115學年度課程計畫安排專業實習、實作與專題製作，並透過作品、技能或成果發表整合專業學習。,市立雙溪高中的學生專車目前沒有公開的路線、站點或申請資訊；一般捷運、臺鐵、公車與步行路線另列於「通勤資訊」。,由臺鐵雙溪站可轉乘新北市免費公車F825或F816，兩線均設有「雙溪高中」站，可由雙溪火車站往返學校。,校方設學生宿舍，115年有更新「學生宿舍管理及輔導實施要點」；申請資格、生活規範與床位依當年度公告。,https://www.google.com/maps/search/?api=1&query=22742+%E6%96%B0%E5%8C%97%E5%B8%82%E9%9B%99%E6%BA%AA%E5%8D%80%E6%A2%85%E7%AB%B9%E8%B9%8A3%E8%99%9F,https://courset.k12ea.gov.tw/courseinformation/indexStu01.asp,https://www.sxhs.ntpc.edu.tw/,https://ebus.gov.taipei/Route/StopsOfRoute?routeid=0450082500,https://ebus.gov.taipei/Route/StopsOfRoute?routeid=0450082500；https://www.google.com/maps/search/?api=1&query=22742+%E6%96%B0%E5%8C%97%E5%B8%82%E9%9B%99%E6%BA%AA%E5%8D%80%E6%A2%85%E7%AB%B9%E8%B9%8A3%E8%99%9F,https://www.sxhs.ntpc.edu.tw/p/412-1000-711.php,https://www.sxhs.ntpc.edu.tw/,https://courset.k12ea.gov.tw/courseinformation/indexStu01.asp；https://www.sxhs.ntpc.edu.tw/；https://ebus.gov.taipei/Route/StopsOfRoute?routeid=0450082500；https://www.google.com/maps/search/?api=1&query=22742+%E6%96%B0%E5%8C%97%E5%B8%82%E9%9B%99%E6%BA%AA%E5%8D%80%E6%A2%85%E7%AB%B9%E8%B9%8A3%E8%99%9F；https://www.sxhs.ntpc.edu.tw/p/412-1000-711.php,2026-09-06
,014439,市立鶯歌工商,公立,基北區,高職,男女兼收,新北市,鶯歌區,新北市鶯歌區中正三路154號,http://www.ykvs.ntpc.edu.tw,(02)26775040,資料處理科:64；應用日語科:22；美術工藝科:41；陶瓷工程科:53；廣告設計科:60；多媒體設計科:20,260,260,資優/特色班請依各校及基北區官方公告查詢,市立鶯歌工商：115學年度課程依各科課程計畫安排，主要科別包括資料處理科、應用日語科、美術工藝科、陶瓷工程科、廣告設計科、多媒體設計科；各科結合專業理論、校訂課程與實習／實作學習。,市立鶯歌工商：資料處理科、應用日語科、美術工藝科、陶瓷工程科、廣告設計科、多媒體設計科等科別依115學年度課程計畫安排專業實習、實作與專題製作，並透過作品、技能或成果發表整合專業學習。,市立鶯歌工商的學生專車目前沒有公開的路線、站點或申請資訊；一般捷運、臺鐵、公車與步行路線另列於「通勤資訊」。,搭臺鐵至鶯歌站後，可轉乘公車至「鶯歌高職」站；校方交通資訊列有桃園客運大溪線、新北市免費公車二橋建德線及851等路線；從鶯歌火車站搭公車至校約20分鐘。,市立鶯歌工商的一般高中部住宿目前沒有公開的校內宿舍申請、床位或收費方案；特定班級、專案或其他部別住宿另行區分。,https://www.google.com/maps/search/?api=1&query=%E6%96%B0%E5%8C%97%E5%B8%82%E9%B6%AF%E6%AD%8C%E5%8D%80%E4%B8%AD%E6%AD%A3%E4%B8%89%E8%B7%AF154%E8%99%9F,https://www.ykvs.ntpc.edu.tw/p/403-1000-378-1.php,https://www.ykvs.ntpc.edu.tw/p/403-1000-504.php,https://www.ykvs.ntpc.edu.tw/p/406-1000-4562%2Cr265.php,https://www.ykvs.ntpc.edu.tw/p/406-1000-4562%2Cr265.php；https://www.google.com/maps/search/?api=1&query=%E6%96%B0%E5%8C%97%E5%B8%82%E9%B6%AF%E6%AD%8C%E5%8D%80%E4%B8%AD%E6%AD%A3%E4%B8%89%E8%B7%AF154%E8%99%9F,http://www.ykvs.ntpc.edu.tw,http://www.ykvs.ntpc.edu.tw,https://www.ykvs.ntpc.edu.tw/p/403-1000-378-1.php；https://www.ykvs.ntpc.edu.tw/p/403-1000-504.php；https://www.ykvs.ntpc.edu.tw/p/406-1000-4562%2Cr265.php；https://www.google.com/maps/search/?api=1&query=%E6%96%B0%E5%8C%97%E5%B8%82%E9%B6%AF%E6%AD%8C%E5%8D%80%E4%B8%AD%E6%AD%A3%E4%B8%89%E8%B7%AF154%E8%99%9F；http://www.ykvs.ntpc.edu.tw,2026-09-06
,011309,新北市南山中學,私立,基北區,高中,男女兼收,新北市,中和區,新北市中和區廣福路41號,https://www.nssh.ntpc.edu.tw/,(02)22453000,普通科:193,193,193,資優/特色班請依各校及基北區官方公告查詢,新北市南山中學115學年度普通科課程以部定必修為基礎，並配置校訂必修、多元選修、自然與社會探究實作及自主學習；內容依該校115學年度課程計畫架構整理。,新北市南山中學的主要實作學習包含自然科與社會領域探究實作、自主學習與學習成果；校訂課程、多元選修或特色班可再延伸為專題研究與成果發表。,有校車；115學年度校方公布交通車路線，包含頂埔線、中央線、廣福線等多條上學及放學路線；停靠站與時間列於115學年度交通車路線表。,可由捷運景安站步行約11分鐘、永安市場站約13分鐘或中和站約14分鐘到校；中和路、廣福路一帶可搭5、202、214、227、244、275、311、625等公車至校區周邊。,新北市南山中學的一般高中部住宿目前沒有公開的校內宿舍申請、床位或收費方案；特定班級、專案或其他部別住宿另行區分。,https://www.google.com/maps/search/?api=1&query=%E6%96%B0%E5%8C%97%E5%B8%82%E4%B8%AD%E5%92%8C%E5%8D%80%E5%BB%A3%E7%A6%8F%E8%B7%AF41%E8%99%9F,https://www.nssh.ntpc.edu.tw/p/412-1000-496.php,https://www.nssh.ntpc.edu.tw/,https://www.nssh.ntpc.edu.tw/p/412-1000-361.php,https://www.nssh.ntpc.edu.tw/p/412-1000-361.php；https://www.google.com/maps/search/?api=1&query=%E6%96%B0%E5%8C%97%E5%B8%82%E4%B8%AD%E5%92%8C%E5%8D%80%E5%BB%A3%E7%A6%8F%E8%B7%AF41%E8%99%9F；https://proxy.nssh.ntpc.edu.tw/p/412-1000-700.php,https://www.nssh.ntpc.edu.tw/,https://www.nssh.ntpc.edu.tw/,https://www.nssh.ntpc.edu.tw/p/412-1000-496.php；https://www.nssh.ntpc.edu.tw/；https://www.nssh.ntpc.edu.tw/p/412-1000-361.php；https://www.google.com/maps/search/?api=1&query=%E6%96%B0%E5%8C%97%E5%B8%82%E4%B8%AD%E5%92%8C%E5%8D%80%E5%BB%A3%E7%A6%8F%E8%B7%AF41%E8%99%9F；https://proxy.nssh.ntpc.edu.tw/p/412-1000-700.php,2026-09-06
,011322,新北市崇光高中,私立,基北區,高中,男女兼收,新北市,新店區,新北市新店區三民路18號,https://web.ckgsh.ntpc.edu.tw/nss/p/index,(02)29112543,普通科(女):62,62,62,資優/特色班請依各校及基北區官方公告查詢,新北市崇光高中115學年度普通科課程以部定必修為基礎，並配置校訂必修、多元選修、自然與社會探究實作及自主學習；內容依該校115學年度課程計畫架構整理。,新北市崇光高中的主要實作學習包含自然科與社會領域探究實作、自主學習與學習成果；校訂課程、多元選修或特色班可再延伸為專題研究與成果發表。,新北市崇光高中的學生專車目前沒有公開的路線、站點或申請資訊；一般捷運、臺鐵、公車與步行路線另列於「通勤資訊」。,可搭新店－汐止公車至「崇光中學」站；該路線可銜接捷運新店區公所站、大坪林站及南港展覽館站。,新北市崇光高中的一般高中部住宿目前沒有公開的校內宿舍申請、床位或收費方案；特定班級、專案或其他部別住宿另行區分。,https://www.google.com/maps/search/?api=1&query=%E6%96%B0%E5%8C%97%E5%B8%82%E6%96%B0%E5%BA%97%E5%8D%80%E4%B8%89%E6%B0%91%E8%B7%AF18%E8%99%9F,https://courset.k12ea.gov.tw/courseinformation/indextea01.asp,https://web.ckgsh.ntpc.edu.tw/nss/p/index,https://atis.taipei.gov.tw/aspx/businfomation/presentinfo.aspx?ddlName=%E6%96%B0%E5%BA%97-%E6%B1%90%E6%AD%A2&lang=zh-Hant-TW,https://atis.taipei.gov.tw/aspx/businfomation/presentinfo.aspx?ddlName=%E6%96%B0%E5%BA%97-%E6%B1%90%E6%AD%A2&lang=zh-Hant-TW；https://www.google.com/maps/search/?api=1&query=%E6%96%B0%E5%8C%97%E5%B8%82%E6%96%B0%E5%BA%97%E5%8D%80%E4%B8%89%E6%B0%91%E8%B7%AF18%E8%99%9F,https://web.ckgsh.ntpc.edu.tw/nss/p/index,https://web.ckgsh.ntpc.edu.tw/nss/p/index,https://courset.k12ea.gov.tw/courseinformation/indextea01.asp；https://web.ckgsh.ntpc.edu.tw/nss/p/index；https://atis.taipei.gov.tw/aspx/businfomation/presentinfo.aspx?ddlName=%E6%96%B0%E5%BA%97-%E6%B1%90%E6%AD%A2&lang=zh-Hant-TW；https://www.google.com/maps/search/?api=1&query=%E6%96%B0%E5%8C%97%E5%B8%82%E6%96%B0%E5%BA%97%E5%8D%80%E4%B8%89%E6%B0%91%E8%B7%AF18%E8%99%9F,2026-09-06
,011330,新北市林口康橋國際高中,私立,基北區,高中,男女兼收,新北市,林口區,新北市林口區興林路55號,https://web.kcislk.ntpc.edu.tw/,(02)26015888,普通科:35,35,35,資優/特色班請依各校及基北區官方公告查詢,新北市林口康橋國際高中115學年度普通科課程以部定必修為基礎，並配置校訂必修、多元選修、自然與社會探究實作及自主學習；內容依該校115學年度課程計畫架構整理。,新北市林口康橋國際高中的主要實作學習包含自然科與社會領域探究實作、自主學習與學習成果；校訂課程、多元選修或特色班可再延伸為專題研究與成果發表。,有交通車；115學年度校方交通車專區提供臺北、新北、桃園、新竹及林口地區多條交通車路線，學生依校方公告站點及時刻搭乘。,可搭桃園機場捷運至A9林口站，步行至捷運林口公車站轉乘920、925、945、946或966，在林口區公所站下車後步行約4分鐘到校。,校方設宿舍及住宿申請系統，住宿資格與免住宿條件依校方舍務組公告；實際床位及費用依當學年度規定。,https://www.google.com/maps/search/?api=1&query=%E6%96%B0%E5%8C%97%E5%B8%82%E6%9E%97%E5%8F%A3%E5%8D%80%E8%88%88%E6%9E%97%E8%B7%AF55%E8%99%9F,https://web.kcislk.ntpc.edu.tw/teachingprogram/,https://web.kcislk.ntpc.edu.tw/,https://web.kcislk.ntpc.edu.tw/shuttle-bus-zone/,https://web.kcislk.ntpc.edu.tw/shuttle-bus-zone/；https://www.google.com/maps/search/?api=1&query=%E6%96%B0%E5%8C%97%E5%B8%82%E6%9E%97%E5%8F%A3%E5%8D%80%E8%88%88%E6%9E%97%E8%B7%AF55%E8%99%9F；https://web.kcislk.ntpc.edu.tw/contact_us/,https://dormitory.kcislk.ntpc.edu.tw/,https://web.kcislk.ntpc.edu.tw/,https://web.kcislk.ntpc.edu.tw/teachingprogram/；https://web.kcislk.ntpc.edu.tw/；https://web.kcislk.ntpc.edu.tw/shuttle-bus-zone/；https://www.google.com/maps/search/?api=1&query=%E6%96%B0%E5%8C%97%E5%B8%82%E6%9E%97%E5%8F%A3%E5%8D%80%E8%88%88%E6%9E%97%E8%B7%AF55%E8%99%9F；https://web.kcislk.ntpc.edu.tw/contact_us/；https://dormitory.kcislk.ntpc.edu.tw/,2026-09-06
,011307,新北市裕德高級中等學校,私立,基北區,高中,男女兼收,新北市,土城區,新北市土城區擺接堡路1號,http://www.yuteh.ntpc.edu.tw/,(02)82617889,普通科:15,15,15,資優/特色班請依各校及基北區官方公告查詢,新北市裕德高級中等學校115學年度普通科課程以部定必修為基礎，並配置校訂必修、多元選修、自然與社會探究實作及自主學習；內容依該校115學年度課程計畫架構整理。,新北市裕德高級中等學校的主要實作學習包含自然科與社會領域探究實作、自主學習與學習成果；校訂課程、多元選修或特色班可再延伸為專題研究與成果發表。,有交通車；校方招生資訊設有「交通車路線」專區，提供交通車路線供學生通勤使用；實際站點與班次依校方交通車路線資料。,可由捷運永寧站轉乘藍44至城林橋站，再沿擺接堡路方向前往；由府中站或亞東醫院站可轉乘藍38，或由亞東醫院站搭889、847至篤行路三段一帶，再銜接擺接堡路到校。,新北市裕德高級中等學校的一般高中部住宿目前沒有公開的校內宿舍申請、床位或收費方案；特定班級、專案或其他部別住宿另行區分。,https://www.google.com/maps/search/?api=1&query=%E6%96%B0%E5%8C%97%E5%B8%82%E5%9C%9F%E5%9F%8E%E5%8D%80%E6%93%BA%E6%8E%A5%E5%A0%A1%E8%B7%AF1%E8%99%9F,https://www.yuteh.ntpc.edu.tw/p/406-1000-1040%2Cr12.php?Lang=zh-tw,http://www.yuteh.ntpc.edu.tw/,https://www.yuteh.ntpc.edu.tw/p/426-1000-54.php?Lang=zh-tw,https://www.yuteh.ntpc.edu.tw/p/426-1000-54.php?Lang=zh-tw；https://www.google.com/maps/search/?api=1&query=%E6%96%B0%E5%8C%97%E5%B8%82%E5%9C%9F%E5%9F%8E%E5%8D%80%E6%93%BA%E6%8E%A5%E5%A0%A1%E8%B7%AF1%E8%99%9F；https://www.traffic.ntpc.gov.tw/,http://www.yuteh.ntpc.edu.tw/,http://www.yuteh.ntpc.edu.tw/,https://www.yuteh.ntpc.edu.tw/p/406-1000-1040%2Cr12.php?Lang=zh-tw；http://www.yuteh.ntpc.edu.tw/；https://www.yuteh.ntpc.edu.tw/p/426-1000-54.php?Lang=zh-tw；https://www.google.com/maps/search/?api=1&query=%E6%96%B0%E5%8C%97%E5%B8%82%E5%9C%9F%E5%9F%8E%E5%8D%80%E6%93%BA%E6%8E%A5%E5%A0%A1%E8%B7%AF1%E8%99%9F；https://www.traffic.ntpc.gov.tw/,2026-09-06
,011432,私立中華商海,私立,基北區,高中,男女兼收,新北市,萬里區,新北市萬里區瑪鋉路15號,http://www.chmvs.ntpc.edu.tw,(02)24922119,普通科:13,13,13,資優/特色班請依各校及基北區官方公告查詢,私立中華商海115學年度普通科課程以部定必修為基礎，並配置校訂必修、多元選修、自然與社會探究實作及自主學習；內容依該校115學年度課程計畫架構整理。,私立中華商海的主要實作學習包含自然科與社會領域探究實作、自主學習與學習成果；校訂課程、多元選修或特色班可再延伸為專題研究與成果發表。,私立中華商海的學生專車目前沒有公開的路線、站點或申請資訊；一般捷運、臺鐵、公車與步行路線另列於「通勤資訊」。,可搭789或789區公車至「中華商海」站；789路線可銜接基隆轉運站、萬里區公所及北海岸沿線站點。,私立中華商海的一般高中部住宿目前沒有公開的校內宿舍申請、床位或收費方案；特定班級、專案或其他部別住宿另行區分。,https://www.google.com/maps/search/?api=1&query=%E6%96%B0%E5%8C%97%E5%B8%82%E8%90%AC%E9%87%8C%E5%8D%80%E7%91%AA%E9%8B%89%E8%B7%AF15%E8%99%9F,https://courset.k12ea.gov.tw/courseinformation/indextea01.asp,http://www.chmvs.ntpc.edu.tw,https://ebus.gov.taipei/EBus/VsSimpleMap?rid=16739&sec=1,https://ebus.gov.taipei/EBus/VsSimpleMap?rid=16739&sec=1；https://www.google.com/maps/search/?api=1&query=%E6%96%B0%E5%8C%97%E5%B8%82%E8%90%AC%E9%87%8C%E5%8D%80%E7%91%AA%E9%8B%89%E8%B7%AF15%E8%99%9F,http://www.chmvs.ntpc.edu.tw,http://www.chmvs.ntpc.edu.tw,https://courset.k12ea.gov.tw/courseinformation/indextea01.asp；http://www.chmvs.ntpc.edu.tw；https://ebus.gov.taipei/EBus/VsSimpleMap?rid=16739&sec=1；https://www.google.com/maps/search/?api=1&query=%E6%96%B0%E5%8C%97%E5%B8%82%E8%90%AC%E9%87%8C%E5%8D%80%E7%91%AA%E9%8B%89%E8%B7%AF15%E8%99%9F,2026-09-06
,011323,私立光仁高中,私立,基北區,高中,男女兼收,新北市,板橋區,新北市板橋區中山路二段255巷18號,https://www.kjsh.ntpc.edu.tw/,(02)29615161,普通科:108,108,108,資優/特色班請依各校及基北區官方公告查詢,私立光仁高中115學年度普通科課程以部定必修為基礎，並配置校訂必修、多元選修、自然與社會探究實作及自主學習；內容依該校115學年度課程計畫架構整理。,私立光仁高中的主要實作學習包含自然科與社會領域探究實作、自主學習與學習成果；校訂課程、多元選修或特色班可再延伸為專題研究與成果發表。,有校車；校方交通資訊列有板橋、土城、中和、永和、新莊、蘆洲、三重、樹林等校車路線。,一般大眾運輸亦可搭234、265、705等公車至埔墘周邊站點再步行到校。,校方宿舍資料明列男生43床、女生33床，原則4–5人一室，宿舍位於光仁樓並有住宿管理人員；申請資格與床位依當年度公告。,https://www.google.com/maps/search/?api=1&query=%E6%96%B0%E5%8C%97%E5%B8%82%E6%9D%BF%E6%A9%8B%E5%8D%80%E4%B8%AD%E5%B1%B1%E8%B7%AF%E4%BA%8C%E6%AE%B5255%E5%B7%B718%E8%99%9F,https://courset.k12ea.gov.tw/courseinformation/indexStu01.asp,https://www.kjsh.ntpc.edu.tw/,https://www.kjsh.ntpc.edu.tw/ischool/publish_page/78/,https://www.kjsh.ntpc.edu.tw/ischool/publish_page/78/；https://www.google.com/maps/search/?api=1&query=%E6%96%B0%E5%8C%97%E5%B8%82%E6%9D%BF%E6%A9%8B%E5%8D%80%E4%B8%AD%E5%B1%B1%E8%B7%AF%E4%BA%8C%E6%AE%B5255%E5%B7%B718%E8%99%9F,https://www.kjsh.ntpc.edu.tw/ischool/publish_page/4/?cid=1927,https://www.kjsh.ntpc.edu.tw/,https://courset.k12ea.gov.tw/courseinformation/indexStu01.asp；https://www.kjsh.ntpc.edu.tw/；https://www.kjsh.ntpc.edu.tw/ischool/publish_page/78/；https://www.google.com/maps/search/?api=1&query=%E6%96%B0%E5%8C%97%E5%B8%82%E6%9D%BF%E6%A9%8B%E5%8D%80%E4%B8%AD%E5%B1%B1%E8%B7%AF%E4%BA%8C%E6%AE%B5255%E5%B7%B718%E8%99%9F；https://www.kjsh.ntpc.edu.tw/ischool/publish_page/4/?cid=1927,2026-09-06
,011C71,私立光華高商進修學校,私立,基北區,進修部,男女兼收,新北市,板橋區,新北市板橋區南雅南路二段1號,http://www.khvs.ntpc.edu.tw,(02)89522255,資料處理科:54；應用日語科:27；觀光事業科:27；資料處理科:45；觀光事業科:45；普通科:37；媒體應用科:37,272,272,資優/特色班請依各校及基北區官方公告查詢,私立光華高商進修學校：115學年度課程依各科課程計畫安排，主要科別包括資料處理科、應用日語科、觀光事業科、普通科、媒體應用科；各科結合專業理論、校訂課程與實習／實作學習。,私立光華高商進修學校：資料處理科、應用日語科、觀光事業科、普通科、媒體應用科等科別依115學年度課程計畫安排專業實習、實作與專題製作，並透過作品、技能或成果發表整合專業學習。,私立光華高商進修學校的學生專車目前沒有公開的路線、站點或申請資訊；一般捷運、臺鐵、公車與步行路線另列於「通勤資訊」。,捷運可至亞東醫院站後轉步行或公車；藍37、藍38、585、596、843等路線均設「光華商職」站，且與捷運亞東醫院站相鄰。,私立光華高商進修學校的一般高中部住宿目前沒有公開的校內宿舍申請、床位或收費方案；特定班級、專案或其他部別住宿另行區分。,https://www.google.com/maps/search/?api=1&query=%E6%96%B0%E5%8C%97%E5%B8%82%E6%9D%BF%E6%A9%8B%E5%8D%80%E5%8D%97%E9%9B%85%E5%8D%97%E8%B7%AF%E4%BA%8C%E6%AE%B51%E8%99%9F,https://courset.k12ea.gov.tw/courseinformation/indextea01.asp,http://www.khvs.ntpc.edu.tw,https://atis.taipei.gov.tw/aspx/businfomation/presentinfo.aspx?TPC=TPC&ddlName=%E8%97%8D37&lang=zh-Hant-TW,https://atis.taipei.gov.tw/aspx/businfomation/presentinfo.aspx?TPC=TPC&ddlName=%E8%97%8D37&lang=zh-Hant-TW；https://www.google.com/maps/search/?api=1&query=%E6%96%B0%E5%8C%97%E5%B8%82%E6%9D%BF%E6%A9%8B%E5%8D%80%E5%8D%97%E9%9B%85%E5%8D%97%E8%B7%AF%E4%BA%8C%E6%AE%B51%E8%99%9F,http://www.khvs.ntpc.edu.tw,http://www.khvs.ntpc.edu.tw,https://courset.k12ea.gov.tw/courseinformation/indextea01.asp；http://www.khvs.ntpc.edu.tw；https://atis.taipei.gov.tw/aspx/businfomation/presentinfo.aspx?TPC=TPC&ddlName=%E8%97%8D37&lang=zh-Hant-TW；https://www.google.com/maps/search/?api=1&query=%E6%96%B0%E5%8C%97%E5%B8%82%E6%9D%BF%E6%A9%8B%E5%8D%80%E5%8D%97%E9%9B%85%E5%8D%97%E8%B7%AF%E4%BA%8C%E6%AE%B51%E8%99%9F,2026-09-06
,011312,私立崇義高中,私立,基北區,綜高,男女兼收,新北市,汐止區,新北市汐止區大同路三段68號,https://www.tyhs.ntpc.edu.tw/,(02)86478000,普通科:13；電子商務科:57；電子商務科:15,85,85,資優/特色班請依各校及基北區官方公告查詢,115學年度課程依校方課程計畫安排，涵蓋普通科、電子商務科；共同核心之外，依學程與選修方向配置校訂、多元選修及專業課程。,私立崇義高中：普通科、電子商務科等科別依115學年度課程計畫安排專業實習、實作與專題製作，並透過作品、技能或成果發表整合專業學習。,私立崇義高中的學生專車目前沒有公開的路線、站點或申請資訊；一般捷運、臺鐵、公車與步行路線另列於「通勤資訊」。,可搭907公車至「崇義高中（忠孝東路）」站；907可由捷運古亭、公館等方向往汐止，F915亦行經崇義高中與汐止火車站周邊。,私立崇義高中的一般高中部住宿目前沒有公開的校內宿舍申請、床位或收費方案；特定班級、專案或其他部別住宿另行區分。,https://www.google.com/maps/search/?api=1&query=%E6%96%B0%E5%8C%97%E5%B8%82%E6%B1%90%E6%AD%A2%E5%8D%80%E5%A4%A7%E5%90%8C%E8%B7%AF%E4%B8%89%E6%AE%B568%E8%99%9F,https://www.tyhs.ntpc.edu.tw/images/newshop/20231027205647.pdf,https://www.tyhs.ntpc.edu.tw/,https://ebus.gov.taipei/EBus/VsSimpleMap?rid=10724&sec=1,https://ebus.gov.taipei/EBus/VsSimpleMap?rid=10724&sec=1；https://www.google.com/maps/search/?api=1&query=%E6%96%B0%E5%8C%97%E5%B8%82%E6%B1%90%E6%AD%A2%E5%8D%80%E5%A4%A7%E5%90%8C%E8%B7%AF%E4%B8%89%E6%AE%B568%E8%99%9F,https://www.tyhs.ntpc.edu.tw/,https://www.tyhs.ntpc.edu.tw/,https://www.tyhs.ntpc.edu.tw/images/newshop/20231027205647.pdf；https://www.tyhs.ntpc.edu.tw/；https://ebus.gov.taipei/EBus/VsSimpleMap?rid=10724&sec=1；https://www.google.com/maps/search/?api=1&query=%E6%96%B0%E5%8C%97%E5%B8%82%E6%B1%90%E6%AD%A2%E5%8D%80%E5%A4%A7%E5%90%8C%E8%B7%AF%E4%B8%89%E6%AE%B568%E8%99%9F,2026-09-06
,011302,私立康橋高中,私立,基北區,高中,男女兼收,新北市,新店區,新北市新店區華城路800號,https://www.kcis.ntpc.edu.tw/_XiugangCampus/,(02)22166000,普通科:48,48,48,資優/特色班請依各校及基北區官方公告查詢,私立康橋高中：普通高中課程結合跨領域主題／專題式學習（PBL）、探索教育、第二外語與國際課程等校本特色。,私立康橋高中的主要實作學習包含自然科與社會領域探究實作、自主學習與學習成果；校訂課程、多元選修或特色班可再延伸為專題研究與成果發表。,有交通車；115學年度第1學期秀岡校區交通車涵蓋桃園、基隆、林口、汐止、三峽、三重、新莊、新店等方向，依校方115-1交通車路線與站點搭乘。,秀岡校區位於新店華城路山區；一般通勤可先搭捷運松山新店線至新店地區，再銜接華城路方向的地面交通前往校區。,秀岡校區設學生宿舍，官方資料載明男女分宿，主要為4–6人套房並設房內衛浴與冷氣；住宿申請與管理依校方舍務規定。,https://www.google.com/maps/search/?api=1&query=%E6%96%B0%E5%8C%97%E5%B8%82%E6%96%B0%E5%BA%97%E5%8D%80%E8%8F%AF%E5%9F%8E%E8%B7%AF800%E8%99%9F,https://www.kcis.ntpc.edu.tw/_Admission/XiugangCampus/index.html,https://www.kcis.ntpc.edu.tw/_Admission/XiugangCampus/index.html,https://www.kcis.ntpc.edu.tw/_XiugangCampus/zh/SchoolBus.html,https://www.kcis.ntpc.edu.tw/_XiugangCampus/zh/SchoolBus.html；https://www.google.com/maps/search/?api=1&query=%E6%96%B0%E5%8C%97%E5%B8%82%E6%96%B0%E5%BA%97%E5%8D%80%E8%8F%AF%E5%9F%8E%E8%B7%AF800%E8%99%9F,https://www.kcis.ntpc.edu.tw/_XiugangCampus/zh/Dormitory.html,https://www.kcis.ntpc.edu.tw/_XiugangCampus/,https://www.kcis.ntpc.edu.tw/_Admission/XiugangCampus/index.html；https://www.kcis.ntpc.edu.tw/_XiugangCampus/zh/SchoolBus.html；https://www.google.com/maps/search/?api=1&query=%E6%96%B0%E5%8C%97%E5%B8%82%E6%96%B0%E5%BA%97%E5%8D%80%E8%8F%AF%E5%9F%8E%E8%B7%AF800%E8%99%9F；https://www.kcis.ntpc.edu.tw/_XiugangCampus/zh/Dormitory.html；https://www.kcis.ntpc.edu.tw/_XiugangCampus/,2026-09-06
,011318,私立徐匯高中,私立,基北區,高中,男女兼收,新北市,蘆洲區,新北市蘆洲區中山一路1號,http://www.sish.ntpc.edu.tw,(02)22817565,普通科(男):64,64,64,資優/特色班請依各校及基北區官方公告查詢,私立徐匯高中115學年度普通科課程以部定必修為基礎，並配置校訂必修、多元選修、自然與社會探究實作及自主學習；內容依該校115學年度課程計畫架構整理。,私立徐匯高中的主要實作學習包含自然科與社會領域探究實作、自主學習與學習成果；校訂課程、多元選修或特色班可再延伸為專題研究與成果發表。,私立徐匯高中的學生專車目前沒有公開的路線、站點或申請資訊；一般捷運、臺鐵、公車與步行路線另列於「通勤資訊」。,臺北捷運中和新蘆線設「徐匯中學站（O52）」；由該站出站即可到達徐匯中學周邊。,私立徐匯高中的一般高中部住宿目前沒有公開的校內宿舍申請、床位或收費方案；特定班級、專案或其他部別住宿另行區分。,https://www.google.com/maps/search/?api=1&query=%E6%96%B0%E5%8C%97%E5%B8%82%E8%98%86%E6%B4%B2%E5%8D%80%E4%B8%AD%E5%B1%B1%E4%B8%80%E8%B7%AF1%E8%99%9F,https://www.sish.ntpc.edu.tw/uploads/1675829837299SOY08qox.pdf,http://www.sish.ntpc.edu.tw,https://web.metro.taipei/pages2026/WebStation/176/8,https://web.metro.taipei/pages2026/WebStation/176/8；https://www.google.com/maps/search/?api=1&query=%E6%96%B0%E5%8C%97%E5%B8%82%E8%98%86%E6%B4%B2%E5%8D%80%E4%B8%AD%E5%B1%B1%E4%B8%80%E8%B7%AF1%E8%99%9F,http://www.sish.ntpc.edu.tw,http://www.sish.ntpc.edu.tw,https://www.sish.ntpc.edu.tw/uploads/1675829837299SOY08qox.pdf；http://www.sish.ntpc.edu.tw；https://web.metro.taipei/pages2026/WebStation/176/8；https://www.google.com/maps/search/?api=1&query=%E6%96%B0%E5%8C%97%E5%B8%82%E8%98%86%E6%B4%B2%E5%8D%80%E4%B8%AD%E5%B1%B1%E4%B8%80%E8%B7%AF1%E8%99%9F,2026-09-06
,011407,私立復興商工,私立,基北區,高職,男女兼收,新北市,永和區,新北市永和區秀朗路一段201號,http://www.fhvs.ntpc.edu.tw,(02)29262121,資料處理科:23；美工科:22；廣告設計科:225；室內設計科:75；美術科:18；廣告設計科:45,408,408,資優/特色班請依各校及基北區官方公告查詢,私立復興商工：115學年度課程依各科課程計畫安排，主要科別包括資料處理科、美工科、廣告設計科、室內設計科、美術科；各科結合專業理論、校訂課程與實習／實作學習。,私立復興商工：資料處理科、美工科、廣告設計科、室內設計科、美術科等科別依115學年度課程計畫安排專業實習、實作與專題製作，並透過作品、技能或成果發表整合專業學習。,私立復興商工的學生專車目前沒有公開的路線、站點或申請資訊；一般捷運、臺鐵、公車與步行路線另列於「通勤資訊」。,校方交通資料指出，捷運永安市場站步行約13分鐘可到校；亦可搭F525免費接駁公車至復興商工周邊站點，或由頂溪、景安等捷運站轉乘公車到校。,私立復興商工的一般高中部住宿目前沒有公開的校內宿舍申請、床位或收費方案；特定班級、專案或其他部別住宿另行區分。,https://www.google.com/maps/search/?api=1&query=%E6%96%B0%E5%8C%97%E5%B8%82%E6%B0%B8%E5%92%8C%E5%8D%80%E7%A7%80%E6%9C%97%E8%B7%AF%E4%B8%80%E6%AE%B5201%E8%99%9F,https://www1.fhvs.ntpc.edu.tw/office/deans/95sum/115%E7%B8%BD%E9%AB%94%E8%AA%B2%E7%A8%8B%E8%A8%88%E7%95%AB%E6%9B%B8.pdf,http://www.fhvs.ntpc.edu.tw,https://ischool.fhvs.ntpc.edu.tw/ischool/wr/file/21/13225/3f23e11161a7878d8808a666667c761c.pdf,https://ischool.fhvs.ntpc.edu.tw/ischool/wr/file/21/13225/3f23e11161a7878d8808a666667c761c.pdf；https://www.google.com/maps/search/?api=1&query=%E6%96%B0%E5%8C%97%E5%B8%82%E6%B0%B8%E5%92%8C%E5%8D%80%E7%A7%80%E6%9C%97%E8%B7%AF%E4%B8%80%E6%AE%B5201%E8%99%9F,http://www.fhvs.ntpc.edu.tw,http://www.fhvs.ntpc.edu.tw,https://www1.fhvs.ntpc.edu.tw/office/deans/95sum/115%E7%B8%BD%E9%AB%94%E8%AA%B2%E7%A8%8B%E8%A8%88%E7%95%AB%E6%9B%B8.pdf；http://www.fhvs.ntpc.edu.tw；https://ischool.fhvs.ntpc.edu.tw/ischool/wr/file/21/13225/3f23e11161a7878d8808a666667c761c.pdf；https://www.google.com/maps/search/?api=1&query=%E6%96%B0%E5%8C%97%E5%B8%82%E6%B0%B8%E5%92%8C%E5%8D%80%E7%A7%80%E6%9C%97%E8%B7%AF%E4%B8%80%E6%AE%B5201%E8%99%9F,2026-09-06
,011399,私立時雨高中,私立,基北區,高中,男女兼收,新北市,瑞芳區,新北市瑞芳區銅山里祈堂路217號,http://www.syjh.ntpc.edu.tw,(02)24962217,普通科:84；普通科:128,212,212,資優/特色班請依各校及基北區官方公告查詢,私立時雨高中115學年度普通科課程以部定必修為基礎，並配置校訂必修、多元選修、自然與社會探究實作及自主學習；內容依該校115學年度課程計畫架構整理。,私立時雨高中的主要實作學習包含自然科與社會領域探究實作、自主學習與學習成果；校訂課程、多元選修或特色班可再延伸為專題研究與成果發表。,有返鄉／返校專車；校方招生資料列有住宿生返鄉、返校專車，路線涵蓋林口／南崁及土城／鶯歌／三峽等方向；實際站點與時間依校方當期專車安排。,可先搭臺鐵至瑞芳站，再轉乘前往金瓜石方向的788、825等公車；由臺北方向亦可搭965或1062至金瓜石一帶，再由祈堂路方向步行前往校區。,私立時雨高中的一般高中部住宿目前沒有公開的校內宿舍申請、床位或收費方案；特定班級、專案或其他部別住宿另行區分。,https://www.google.com/maps/search/?api=1&query=%E6%96%B0%E5%8C%97%E5%B8%82%E7%91%9E%E8%8A%B3%E5%8D%80%E9%8A%85%E5%B1%B1%E9%87%8C%E7%A5%88%E5%A0%82%E8%B7%AF217%E8%99%9F,https://www.syjh.ntpc.edu.tw/nss/p/251,http://www.syjh.ntpc.edu.tw,https://www.syjh.ntpc.edu.tw/uploads/1608252498998gPbt6GRl.pdf,https://www.syjh.ntpc.edu.tw/uploads/1608252498998gPbt6GRl.pdf；https://www.google.com/maps/search/?api=1&query=%E6%96%B0%E5%8C%97%E5%B8%82%E7%91%9E%E8%8A%B3%E5%8D%80%E9%8A%85%E5%B1%B1%E9%87%8C%E7%A5%88%E5%A0%82%E8%B7%AF217%E8%99%9F；https://www.syjh.ntpc.edu.tw/nss/p/181,http://www.syjh.ntpc.edu.tw,http://www.syjh.ntpc.edu.tw,https://www.syjh.ntpc.edu.tw/nss/p/251；http://www.syjh.ntpc.edu.tw；https://www.syjh.ntpc.edu.tw/uploads/1608252498998gPbt6GRl.pdf；https://www.google.com/maps/search/?api=1&query=%E6%96%B0%E5%8C%97%E5%B8%82%E7%91%9E%E8%8A%B3%E5%8D%80%E9%8A%85%E5%B1%B1%E9%87%8C%E7%A5%88%E5%A0%82%E8%B7%AF217%E8%99%9F；https://www.syjh.ntpc.edu.tw/nss/p/181,2026-09-06
,011420,私立智光商工,私立,基北區,綜高,男女兼收,新北市,永和區,新北市永和區中正路100號,https://www.ckvs.ntpc.edu.tw/home,(02)29432491,電子科:12；資料處理科:29；多媒體設計科:23；觀光事業科:12；餐飲管理科:86；普通科:27；商業經營科:27；資訊科:30；餐飲管理科:30,276,276,資優/特色班請依各校及基北區官方公告查詢,115學年度課程依校方課程計畫安排，涵蓋電子科、資料處理科、多媒體設計科、觀光事業科、餐飲管理科、普通科、商業經營科、資訊科；共同核心之外，依學程與選修方向配置校訂、多元選修及專業課程。,私立智光商工：電子科、資料處理科、多媒體設計科、觀光事業科、餐飲管理科、普通科、商業經營科、資訊科等科別依115學年度課程計畫安排專業實習、實作與專題製作，並透過作品、技能或成果發表整合專業學習。,私立智光商工的學生專車目前沒有公開的路線、站點或申請資訊；一般捷運、臺鐵、公車與步行路線另列於「通勤資訊」。,可由捷運景安站、永安市場站等轉乘校方交通頁所列公車至智光商工周邊站點，再步行到校；各公車路線依校方交通資訊頁。,私立智光商工的一般高中部住宿目前沒有公開的校內宿舍申請、床位或收費方案；特定班級、專案或其他部別住宿另行區分。,https://www.google.com/maps/search/?api=1&query=%E6%96%B0%E5%8C%97%E5%B8%82%E6%B0%B8%E5%92%8C%E5%8D%80%E4%B8%AD%E6%AD%A3%E8%B7%AF100%E8%99%9F,https://www.ckvs.ntpc.edu.tw/ischool/publish_page/4/?cid=31,https://www.ckvs.ntpc.edu.tw/home,https://www.ckvs.ntpc.edu.tw/ischool/publish_page/0/?cid=328,https://www.ckvs.ntpc.edu.tw/ischool/publish_page/0/?cid=328；https://www.google.com/maps/search/?api=1&query=%E6%96%B0%E5%8C%97%E5%B8%82%E6%B0%B8%E5%92%8C%E5%8D%80%E4%B8%AD%E6%AD%A3%E8%B7%AF100%E8%99%9F,https://www.ckvs.ntpc.edu.tw/home,https://www.ckvs.ntpc.edu.tw/home,https://www.ckvs.ntpc.edu.tw/ischool/publish_page/4/?cid=31；https://www.ckvs.ntpc.edu.tw/home；https://www.ckvs.ntpc.edu.tw/ischool/publish_page/0/?cid=328；https://www.google.com/maps/search/?api=1&query=%E6%96%B0%E5%8C%97%E5%B8%82%E6%B0%B8%E5%92%8C%E5%8D%80%E4%B8%AD%E6%AD%A3%E8%B7%AF100%E8%99%9F,2026-09-06
,011315,私立東海高中,私立,基北區,高職,男女兼收,新北市,三重區,新北市三重區忠孝路三段93巷12號,https://www.thhs.ntpc.edu.tw/,(02)29822788,汽車科:40；資訊科:13；電子科:27；餐飲管理科:27；多媒體動畫科:13,120,120,資優/特色班請依各校及基北區官方公告查詢,私立東海高中：115學年度課程依各科課程計畫安排，主要科別包括汽車科、資訊科、電子科、餐飲管理科、多媒體動畫科；各科結合專業理論、校訂課程與實習／實作學習。,私立東海高中：汽車科、資訊科、電子科、餐飲管理科、多媒體動畫科等科別依115學年度課程計畫安排專業實習、實作與專題製作，並透過作品、技能或成果發表整合專業學習。,有校車與捷運接駁。校方列有林口、泰山、五股等上學專車，並在捷運三重站1號出口提供接駁；校方交通頁列有7:20、7:50上學接駁與16:50放學返程。,一般公車可搭641至「東海中學」站後步行進校；也可先到捷運三重站，再銜接一般公車前往忠孝路三段93巷校區。,私立東海高中的一般高中部住宿目前沒有公開的校內宿舍申請、床位或收費方案；特定班級、專案或其他部別住宿另行區分。,https://www.google.com/maps/search/?api=1&query=%E6%96%B0%E5%8C%97%E5%B8%82%E4%B8%89%E9%87%8D%E5%8D%80%E5%BF%A0%E5%AD%9D%E8%B7%AF%E4%B8%89%E6%AE%B593%E5%B7%B712%E8%99%9F,https://courset.k12ea.gov.tw/courseinformation/indextea01.asp,https://www.thhs.ntpc.edu.tw/,https://www.thhs.ntpc.edu.tw/getting-to-school/,https://www.thhs.ntpc.edu.tw/getting-to-school/；https://www.google.com/maps/search/?api=1&query=%E6%96%B0%E5%8C%97%E5%B8%82%E4%B8%89%E9%87%8D%E5%8D%80%E5%BF%A0%E5%AD%9D%E8%B7%AF%E4%B8%89%E6%AE%B593%E5%B7%B712%E8%99%9F；https://atis.taipei.gov.tw/aspx/businfomation/presentinfo.aspx?ddlName=641&lang=zh-Hant-TW,https://www.thhs.ntpc.edu.tw/,https://www.thhs.ntpc.edu.tw/,https://courset.k12ea.gov.tw/courseinformation/indextea01.asp；https://www.thhs.ntpc.edu.tw/；https://www.thhs.ntpc.edu.tw/getting-to-school/；https://www.google.com/maps/search/?api=1&query=%E6%96%B0%E5%8C%97%E5%B8%82%E4%B8%89%E9%87%8D%E5%8D%80%E5%BF%A0%E5%AD%9D%E8%B7%AF%E4%B8%89%E6%AE%B593%E5%B7%B712%E8%99%9F,2026-09-06
,011316,私立格致高中,私立,基北區,高中,男女兼收,新北市,三重區,新北市三重區大智街260號,http://www.gjsh.ntpc.edu.tw,(02)29855892,普通科:183；普通科:86,269,269,資優/特色班請依各校及基北區官方公告查詢,私立格致高中115學年度普通科課程以部定必修為基礎，並配置校訂必修、多元選修、自然與社會探究實作及自主學習；內容依該校115學年度課程計畫架構整理。,私立格致高中的主要實作學習包含自然科與社會領域探究實作、自主學習與學習成果；校訂課程、多元選修或特色班可再延伸為專題研究與成果發表。,私立格致高中的學生專車目前沒有公開的路線、站點或申請資訊；一般捷運、臺鐵、公車與步行路線另列於「通勤資訊」。,由捷運三和國中站可步行或轉乘公車到校；校方交通資訊列有925、931、232副、306、225、704、藍1等路線停靠格致中學周邊。,私立格致高中的一般高中部住宿目前沒有公開的校內宿舍申請、床位或收費方案；特定班級、專案或其他部別住宿另行區分。,https://www.google.com/maps/search/?api=1&query=%E6%96%B0%E5%8C%97%E5%B8%82%E4%B8%89%E9%87%8D%E5%8D%80%E5%A4%A7%E6%99%BA%E8%A1%97260%E8%99%9F,https://www.gjsh.ntpc.edu.tw/ischool/wr/file/9/77/bccd6813bbeed839a670be3ade618b0a.pdf,http://www.gjsh.ntpc.edu.tw,https://www.gjsh.ntpc.edu.tw/ischool/publish_page/112/?cid=1516,https://www.gjsh.ntpc.edu.tw/ischool/publish_page/112/?cid=1516；https://www.google.com/maps/search/?api=1&query=%E6%96%B0%E5%8C%97%E5%B8%82%E4%B8%89%E9%87%8D%E5%8D%80%E5%A4%A7%E6%99%BA%E8%A1%97260%E8%99%9F,http://www.gjsh.ntpc.edu.tw,http://www.gjsh.ntpc.edu.tw,https://www.gjsh.ntpc.edu.tw/ischool/wr/file/9/77/bccd6813bbeed839a670be3ade618b0a.pdf；http://www.gjsh.ntpc.edu.tw；https://www.gjsh.ntpc.edu.tw/ischool/publish_page/112/?cid=1516；https://www.google.com/maps/search/?api=1&query=%E6%96%B0%E5%8C%97%E5%B8%82%E4%B8%89%E9%87%8D%E5%8D%80%E5%A4%A7%E6%99%BA%E8%A1%97260%E8%99%9F,2026-09-06
,011405,私立樹人家商,私立,基北區,高職,男女兼收,新北市,樹林區,新北市樹林區大安路216號,http://www.stgvs.ntpc.edu.tw,(02)26870391,資料處理科:10；烘焙科:4；幼兒保育科:11；美容科:6；觀光事業科:1；餐飲管理科:2；影劇科:4；表演藝術科:2,40,40,資優/特色班請依各校及基北區官方公告查詢,私立樹人家商：115學年度課程依各科課程計畫安排，主要科別包括資料處理科、烘焙科、幼兒保育科、美容科、觀光事業科、餐飲管理科、影劇科、表演藝術科；各科結合專業理論、校訂課程與實習／實作學習。,私立樹人家商：資料處理科、烘焙科、幼兒保育科、美容科、觀光事業科、餐飲管理科、影劇科、表演藝術科等科別依115學年度課程計畫安排專業實習、實作與專題製作，並透過作品、技能或成果發表整合專業學習。,有校車；校方設有「校車路線」專區，學生手冊亦載明日、進修部學生校車搭乘與收費規範；實際路線依校方當期校車安排。,臺鐵可至樹林站，從後站方向步行約8分鐘到校；公車可搭藍38至「樹人家商」站，843或701可在保安街口下車後步行前往，另有799及土城金城路－樹林大安路等路線停靠樹人家商。,私立樹人家商的一般高中部住宿目前沒有公開的校內宿舍申請、床位或收費方案；特定班級、專案或其他部別住宿另行區分。,https://www.google.com/maps/search/?api=1&query=%E6%96%B0%E5%8C%97%E5%B8%82%E6%A8%B9%E6%9E%97%E5%8D%80%E5%A4%A7%E5%AE%89%E8%B7%AF216%E8%99%9F,https://www.stgvs.ntpc.edu.tw/uploads/1768993182693v1Zx7JPo.pdf,http://www.stgvs.ntpc.edu.tw,https://www.stgvs.ntpc.edu.tw/nss/s/main/A004A02,https://www.stgvs.ntpc.edu.tw/nss/s/main/A004A02；https://www.google.com/maps/search/?api=1&query=%E6%96%B0%E5%8C%97%E5%B8%82%E6%A8%B9%E6%9E%97%E5%8D%80%E5%A4%A7%E5%AE%89%E8%B7%AF216%E8%99%9F；https://www.stgvs.ntpc.edu.tw/nss/p/A004A03；https://ebus.gov.taipei/Route/StopsOfRoute?routeid=0463003600,http://www.stgvs.ntpc.edu.tw,http://www.stgvs.ntpc.edu.tw,https://www.stgvs.ntpc.edu.tw/uploads/1768993182693v1Zx7JPo.pdf；http://www.stgvs.ntpc.edu.tw；https://www.stgvs.ntpc.edu.tw/nss/s/main/A004A02；https://www.google.com/maps/search/?api=1&query=%E6%96%B0%E5%8C%97%E5%B8%82%E6%A8%B9%E6%9E%97%E5%8D%80%E5%A4%A7%E5%AE%89%E8%B7%AF216%E8%99%9F；https://www.stgvs.ntpc.edu.tw/nss/p/A004A03；https://ebus.gov.taipei/Route/StopsOfRoute?routeid=0463003600,2026-09-06
,011301,私立淡江高中,私立,基北區,綜高,男女兼收,新北市,淡水區,新北市淡水區真理街26號,https://www.tksh.ntpc.edu.tw/,(02)26203850,綜合高中:281,281,281,資優/特色班請依各校及基北區官方公告查詢,私立淡江高中：115學年度課程依校方課程計畫安排，涵蓋綜合高中；共同核心之外，依學程與選修方向配置校訂、多元選修及專業課程。,私立淡江高中：綜合高中等科別依115學年度課程計畫安排專業實習、實作與專題製作，並透過作品、技能或成果發表整合專業學習。,有學生專車；115學年度校方已公布專車學生搭乘名單、站別與司機資訊；可確認竹圍、新市等站點及多車次專車正在使用，115學年度搭乘名單與站別已由校方公布。,可由捷運淡水站、竹圍站或淡海輕軌沿線轉乘一般公車前往淡水真理街校區；臺鐵旅客可先到臺北車站轉捷運淡水信義線，再由淡水方向銜接到校。,校方設學生宿舍；官方宿舍資料載明女生宿舍位於5樓、男生住宿區另有樓層配置，每房原則4人並設冷氣與衛浴，實際床位與費用依當學年度舍務公告。,https://www.google.com/maps/search/?api=1&query=%E6%96%B0%E5%8C%97%E5%B8%82%E6%B7%A1%E6%B0%B4%E5%8D%80%E7%9C%9F%E7%90%86%E8%A1%9726%E8%99%9F,https://courset.k12ea.gov.tw/courseinformation/indexStu01.asp,https://www.tksh.ntpc.edu.tw/,https://www.tksh.ntpc.edu.tw/nss/main/freeze/5abf2d62aa93092cee58ceb4/py4IyrD3222/697821feb9ec1d09ea036a50?static=false&vector=private,https://www.tksh.ntpc.edu.tw/nss/main/freeze/5abf2d62aa93092cee58ceb4/py4IyrD3222/697821feb9ec1d09ea036a50?static=false&vector=private；https://www.google.com/maps/search/?api=1&query=%E6%96%B0%E5%8C%97%E5%B8%82%E6%B7%A1%E6%B0%B4%E5%8D%80%E7%9C%9F%E7%90%86%E8%A1%9726%E8%99%9F,https://affair2.tksh.ntpc.edu.tw/wp/tksa/%E5%AE%BF%E8%88%8D%E4%BA%8B%E5%8B%99%E7%B5%84/%E5%AE%BF%E8%88%8D%E4%BA%8B%E5%8B%99/,https://www.tksh.ntpc.edu.tw/,https://courset.k12ea.gov.tw/courseinformation/indexStu01.asp；https://www.tksh.ntpc.edu.tw/；https://www.tksh.ntpc.edu.tw/nss/main/freeze/5abf2d62aa93092cee58ceb4/py4IyrD3222/697821feb9ec1d09ea036a50?static=false&vector=private；https://www.google.com/maps/search/?api=1&query=%E6%96%B0%E5%8C%97%E5%B8%82%E6%B7%A1%E6%B0%B4%E5%8D%80%E7%9C%9F%E7%90%86%E8%A1%9726%E8%99%9F；https://affair2.tksh.ntpc.edu.tw/wp/tksa/%E5%AE%BF%E8%88%8D%E4%BA%8B%E5%8B%99%E7%B5%84/%E5%AE%BF%E8%88%8D%E4%BA%8B%E5%8B%99/,2026-09-06
,011413,私立穀保家商,私立,基北區,高職,男女兼收,新北市,三重區,新北市三重區中正北路560巷38號,http://www.kpvs.ntpc.edu.tw,(02)29712343,資料處理科:27；多媒體設計科:27；時尚造型科:27；機械科:29,110,110,資優/特色班請依各校及基北區官方公告查詢,私立穀保家商：115學年度課程依各科課程計畫安排，主要科別包括資料處理科、多媒體設計科、時尚造型科、機械科；各科結合專業理論、校訂課程與實習／實作學習。,私立穀保家商：資料處理科、多媒體設計科、時尚造型科、機械科等科別依115學年度課程計畫安排專業實習、實作與專題製作，並透過作品、技能或成果發表整合專業學習。,有學生專車。校方交通頁列有三芝－淡水線，站點包含三芝、淡水、紅樹林、竹圍等，供學生上下學使用。,可搭806至「穀保家商」站；806串聯捷運先嗇宮站、頭前庄站、新埔站與板橋車站。另可搭641至「穀保家商」站，路線連接捷運台北橋站與臺北車站一帶。,私立穀保家商的一般高中部住宿目前沒有公開的校內宿舍申請、床位或收費方案；特定班級、專案或其他部別住宿另行區分。,https://www.google.com/maps/search/?api=1&query=%E6%96%B0%E5%8C%97%E5%B8%82%E4%B8%89%E9%87%8D%E5%8D%80%E4%B8%AD%E6%AD%A3%E5%8C%97%E8%B7%AF560%E5%B7%B738%E8%99%9F,https://www.kpvs.ntpc.edu.tw/p/412-1000-141.php,http://www.kpvs.ntpc.edu.tw,https://www.kpvs.ntpc.edu.tw/p/412-1000-198.php,https://www.kpvs.ntpc.edu.tw/p/412-1000-198.php；https://www.google.com/maps/search/?api=1&query=%E6%96%B0%E5%8C%97%E5%B8%82%E4%B8%89%E9%87%8D%E5%8D%80%E4%B8%AD%E6%AD%A3%E5%8C%97%E8%B7%AF560%E5%B7%B738%E8%99%9F；https://atis.taipei.gov.tw/aspx/businfomation/presentinfo.aspx?ddlName=806&lang=zh-Hant-TW；https://atis.taipei.gov.tw/aspx/businfomation/presentinfo.aspx?ddlName=641&lang=zh-Hant-TW,http://www.kpvs.ntpc.edu.tw,http://www.kpvs.ntpc.edu.tw,https://www.kpvs.ntpc.edu.tw/p/412-1000-141.php；http://www.kpvs.ntpc.edu.tw；https://www.kpvs.ntpc.edu.tw/p/412-1000-198.php；https://www.google.com/maps/search/?api=1&query=%E6%96%B0%E5%8C%97%E5%B8%82%E4%B8%89%E9%87%8D%E5%8D%80%E4%B8%AD%E6%AD%A3%E5%8C%97%E8%B7%AF560%E5%B7%B738%E8%99%9F,2026-09-06
,011324,私立竹林高中,私立,基北區,高中,男女兼收,新北市,中和區,新北市中和區華新街143巷12號,http://www.clsh.ntpc.edu.tw,(02)29422128,普通科:128,128,128,資優/特色班請依各校及基北區官方公告查詢,私立竹林高中115學年度普通科課程以部定必修為基礎，並配置校訂必修、多元選修、自然與社會探究實作及自主學習；內容依該校115學年度課程計畫架構整理。,私立竹林高中的主要實作學習包含自然科與社會領域探究實作、自主學習與學習成果；校訂課程、多元選修或特色班可再延伸為專題研究與成果發表。,私立竹林高中的學生專車目前沒有公開的路線、站點或申請資訊；一般捷運、臺鐵、公車與步行路線另列於「通勤資訊」。,可由捷運中和新蘆線的南勢角、景安或永安市場等站轉乘中和地區公車，再前往竹林路55號校區。,私立竹林高中的一般高中部住宿目前沒有公開的校內宿舍申請、床位或收費方案；特定班級、專案或其他部別住宿另行區分。,https://www.google.com/maps/search/?api=1&query=%E6%96%B0%E5%8C%97%E5%B8%82%E4%B8%AD%E5%92%8C%E5%8D%80%E8%8F%AF%E6%96%B0%E8%A1%97143%E5%B7%B712%E8%99%9F,https://www.clsh.ntpc.edu.tw/p/406-1000-425%2Cr15.php,http://www.clsh.ntpc.edu.tw,https://www.clsh.ntpc.edu.tw/p/412-1000-309.php,https://www.clsh.ntpc.edu.tw/p/412-1000-309.php；https://www.google.com/maps/search/?api=1&query=%E6%96%B0%E5%8C%97%E5%B8%82%E4%B8%AD%E5%92%8C%E5%8D%80%E8%8F%AF%E6%96%B0%E8%A1%97143%E5%B7%B712%E8%99%9F,http://www.clsh.ntpc.edu.tw,http://www.clsh.ntpc.edu.tw,https://www.clsh.ntpc.edu.tw/p/406-1000-425%2Cr15.php；http://www.clsh.ntpc.edu.tw；https://www.clsh.ntpc.edu.tw/p/412-1000-309.php；https://www.google.com/maps/search/?api=1&query=%E6%96%B0%E5%8C%97%E5%B8%82%E4%B8%AD%E5%92%8C%E5%8D%80%E8%8F%AF%E6%96%B0%E8%A1%97143%E5%B7%B712%E8%99%9F,2026-09-06
,011311,私立聖心女中,私立,基北區,高中,女校,新北市,八里區,24931 新北市八里區龍米路一段263號,https://www.shgsh.ntpc.edu.tw/,(02)26182287,普通科(女):40,40,40,資優/特色班請依各校及基北區官方公告查詢,私立聖心女中115學年度普通科課程以部定必修為基礎，並配置校訂必修、多元選修、自然與社會探究實作及自主學習；內容依該校115學年度課程計畫架構整理。,私立聖心女中的主要實作學習包含自然科與社會領域探究實作、自主學習與學習成果；校訂課程、多元選修或特色班可再延伸為專題研究與成果發表。,學校設有學生交通車，依招生／交通車專區公布路線與站點辦理申請；交通車為校方安排的學生運輸，與紅13、紅22、704等一般公車分開呈現。,可由捷運關渡站轉乘紅22或紅13，或由捷運蘆洲站轉乘704，在「聖心女中」站下車；682、878、963等公車亦行經聖心女中站。,校方設住宿專區，115學年度新生資訊亦提供住宿申請；實際床位、費用與生活規範依當年度公告。,https://www.google.com/maps/search/?api=1&query=24931+%E6%96%B0%E5%8C%97%E5%B8%82%E5%85%AB%E9%87%8C%E5%8D%80%E9%BE%8D%E7%B1%B3%E8%B7%AF%E4%B8%80%E6%AE%B5263%E8%99%9F,https://courset.k12ea.gov.tw/courseinformation/indexStu01.asp,https://www.shgsh.ntpc.edu.tw/,https://www.shgsh.ntpc.edu.tw/nss/s/main/admissions04,https://www.shgsh.ntpc.edu.tw/nss/s/main/admissions04；https://www.google.com/maps/search/?api=1&query=24931+%E6%96%B0%E5%8C%97%E5%B8%82%E5%85%AB%E9%87%8C%E5%8D%80%E9%BE%8D%E7%B1%B3%E8%B7%AF%E4%B8%80%E6%AE%B5263%E8%99%9F；https://www.shgsh.ntpc.edu.tw/nss/s/main/recruit,https://www.shgsh.ntpc.edu.tw/nss/s/main/dorm,https://www.shgsh.ntpc.edu.tw/,https://courset.k12ea.gov.tw/courseinformation/indexStu01.asp；https://www.shgsh.ntpc.edu.tw/；https://www.shgsh.ntpc.edu.tw/nss/s/main/admissions04；https://www.google.com/maps/search/?api=1&query=24931+%E6%96%B0%E5%8C%97%E5%B8%82%E5%85%AB%E9%87%8C%E5%8D%80%E9%BE%8D%E7%B1%B3%E8%B7%AF%E4%B8%80%E6%AE%B5263%E8%99%9F；https://www.shgsh.ntpc.edu.tw/nss/s/main/recruit；https://www.shgsh.ntpc.edu.tw/nss/s/main/dorm,2026-09-06
,011426,私立能仁家商,私立,基北區,高職,男女兼收,新北市,新店區,新北市新店區文中路53巷10號,http://www.nrvs.ntpc.edu.tw,(02)29182399,資料處理科:18；廣告設計科:13；多媒體設計科:27；幼兒保育科:13；美容科:19；流行服飾科:27；餐飲管理科:18；表演藝術科:27；美容科:180；觀光事業科:45,387,387,資優/特色班請依各校及基北區官方公告查詢,私立能仁家商：115學年度課程依各科課程計畫安排，主要科別包括資料處理科、廣告設計科、多媒體設計科、幼兒保育科、美容科、流行服飾科、餐飲管理科、表演藝術科、觀光事業科；各科結合專業理論、校訂課程與實習／實作學習。,私立能仁家商：資料處理科、廣告設計科、多媒體設計科、幼兒保育科、美容科、流行服飾科、餐飲管理科、表演藝術科、觀光事業科等科別依115學年度課程計畫安排專業實習、實作與專題製作，並透過作品、技能或成果發表整合專業學習。,私立能仁家商的學生專車目前沒有公開的路線、站點或申請資訊；一般捷運、臺鐵、公車與步行路線另列於「通勤資訊」。,由捷運新店站步行約5分鐘可達；亦可在新店站／文山國中站搭642、644、650、647、綠3、綠5、綠13等路線到校周邊。,私立能仁家商的一般高中部住宿目前沒有公開的校內宿舍申請、床位或收費方案；特定班級、專案或其他部別住宿另行區分。,https://www.google.com/maps/search/?api=1&query=%E6%96%B0%E5%8C%97%E5%B8%82%E6%96%B0%E5%BA%97%E5%8D%80%E6%96%87%E4%B8%AD%E8%B7%AF53%E5%B7%B710%E8%99%9F,https://courset.k12ea.gov.tw/courseinformation/indextea01.asp,http://www.nrvs.ntpc.edu.tw,https://iplay.sports.gov.tw/gyminfo/index/23326,https://iplay.sports.gov.tw/gyminfo/index/23326；https://www.google.com/maps/search/?api=1&query=%E6%96%B0%E5%8C%97%E5%B8%82%E6%96%B0%E5%BA%97%E5%8D%80%E6%96%87%E4%B8%AD%E8%B7%AF53%E5%B7%B710%E8%99%9F,http://www.nrvs.ntpc.edu.tw,http://www.nrvs.ntpc.edu.tw,https://courset.k12ea.gov.tw/courseinformation/indextea01.asp；http://www.nrvs.ntpc.edu.tw；https://iplay.sports.gov.tw/gyminfo/index/23326；https://www.google.com/maps/search/?api=1&query=%E6%96%B0%E5%8C%97%E5%B8%82%E6%96%B0%E5%BA%97%E5%8D%80%E6%96%87%E4%B8%AD%E8%B7%AF53%E5%B7%B710%E8%99%9F,2026-09-06
,011431,私立莊敬工家,私立,基北區,高職,男女兼收,新北市,新店區,新北市新店區民生路45號,http://www.jjvs.ntpc.edu.tw,(02)22188956,幼兒保育科:7；美容科:28；流行服飾科:7；餐飲管理科:57；音樂科:2；電影電視科:7；表演藝術科:97；多媒體動畫科:7；餐飲管理科:18；輪機科:36；航海科:18；餐飲管理科:15,299,299,資優/特色班請依各校及基北區官方公告查詢,私立莊敬工家：115學年度課程依各科課程計畫安排，主要科別包括幼兒保育科、美容科、流行服飾科、餐飲管理科、音樂科、電影電視科、表演藝術科、多媒體動畫科、輪機科、航海科；各科結合專業理論、校訂課程與實習／實作學習。,私立莊敬工家：幼兒保育科、美容科、流行服飾科、餐飲管理科、音樂科、電影電視科、表演藝術科、多媒體動畫科、輪機科、航海科等科別依115學年度課程計畫安排專業實習、實作與專題製作，並透過作品、技能或成果發表整合專業學習。,私立莊敬工家的學生專車目前沒有公開的路線、站點或申請資訊；一般捷運、臺鐵、公車與步行路線另列於「通勤資訊」。,校方公開資料列新店校區可由捷運大坪林站1號出口步行約15分鐘，或由環狀線十四張站步行約6分鐘；住宿交通頁另列合樂宿舍報到交通資訊。,校方「學生住宿交通資訊及寢具參考表」載明115學年住宿生報到、合樂宿舍交通、住宿保證金與收費標準等資料；可確認校方有住宿安排，入住與費用依115學年度宿輔公告辦理。,https://www.google.com/maps/search/?api=1&query=%E6%96%B0%E5%8C%97%E5%B8%82%E6%96%B0%E5%BA%97%E5%8D%80%E6%B0%91%E7%94%9F%E8%B7%AF45%E8%99%9F,https://www.jjvs.ntpc.edu.tw/data.php?id=136&tpl=6,https://www.jjvs.ntpc.edu.tw/data.php?id=24&tpl=7,https://www.jjvs.ntpc.edu.tw/data.php?id=6531&tpl=5,https://www.jjvs.ntpc.edu.tw/data.php?id=6531&tpl=5；https://www.google.com/maps/search/?api=1&query=%E6%96%B0%E5%8C%97%E5%B8%82%E6%96%B0%E5%BA%97%E5%8D%80%E6%B0%91%E7%94%9F%E8%B7%AF45%E8%99%9F,https://www.jjvs.ntpc.edu.tw/data.php?id=6531&tpl=5,http://www.jjvs.ntpc.edu.tw,https://www.jjvs.ntpc.edu.tw/data.php?id=136&tpl=6；https://www.jjvs.ntpc.edu.tw/data.php?id=24&tpl=7；https://www.jjvs.ntpc.edu.tw/data.php?id=6531&tpl=5；https://www.google.com/maps/search/?api=1&query=%E6%96%B0%E5%8C%97%E5%B8%82%E6%96%B0%E5%BA%97%E5%8D%80%E6%B0%91%E7%94%9F%E8%B7%AF45%E8%99%9F；http://www.jjvs.ntpc.edu.tw,2026-09-06
,011427,私立豫章工商,私立,基北區,高職,男女兼收,新北市,板橋區,新北市板橋區四川路一段391號,http://www.ycvs.ntpc.edu.tw,(02)29519810,資訊科:27；電機科:54；流通管理科:27；多媒體設計科:27；餐飲管理科:81；汽車科:7；資訊科:7；資料處理科:7；園藝科:2,239,239,資優/特色班請依各校及基北區官方公告查詢,私立豫章工商：115學年度課程依各科課程計畫安排，主要科別包括資訊科、電機科、流通管理科、多媒體設計科、餐飲管理科、汽車科、資料處理科、園藝科；各科結合專業理論、校訂課程與實習／實作學習。,私立豫章工商：資訊科、電機科、流通管理科、多媒體設計科、餐飲管理科、汽車科、資料處理科、園藝科等科別依115學年度課程計畫安排專業實習、實作與專題製作，並透過作品、技能或成果發表整合專業學習。,私立豫章工商的學生專車目前沒有公開的路線、站點或申請資訊；一般捷運、臺鐵、公車與步行路線另列於「通勤資訊」。,「豫章工商」站有234、57、656、705、806、810等公車，可由板橋、府中及周邊捷運／公車節點轉乘後在豫章工商站下車。,私立豫章工商的一般高中部住宿目前沒有公開的校內宿舍申請、床位或收費方案；特定班級、專案或其他部別住宿另行區分。,https://www.google.com/maps/search/?api=1&query=%E6%96%B0%E5%8C%97%E5%B8%82%E6%9D%BF%E6%A9%8B%E5%8D%80%E5%9B%9B%E5%B7%9D%E8%B7%AF%E4%B8%80%E6%AE%B5391%E8%99%9F,https://www.ycvs.ntpc.edu.tw/var/file/0/1000/img/43/190288811.pdf,http://www.ycvs.ntpc.edu.tw,https://ebus.gov.taipei/Stop/RoutesOfStop?Stopid=2206302060,https://ebus.gov.taipei/Stop/RoutesOfStop?Stopid=2206302060；https://www.google.com/maps/search/?api=1&query=%E6%96%B0%E5%8C%97%E5%B8%82%E6%9D%BF%E6%A9%8B%E5%8D%80%E5%9B%9B%E5%B7%9D%E8%B7%AF%E4%B8%80%E6%AE%B5391%E8%99%9F,http://www.ycvs.ntpc.edu.tw,http://www.ycvs.ntpc.edu.tw,https://www.ycvs.ntpc.edu.tw/var/file/0/1000/img/43/190288811.pdf；http://www.ycvs.ntpc.edu.tw；https://ebus.gov.taipei/Stop/RoutesOfStop?Stopid=2206302060；https://www.google.com/maps/search/?api=1&query=%E6%96%B0%E5%8C%97%E5%B8%82%E6%9D%BF%E6%A9%8B%E5%8D%80%E5%9B%9B%E5%B7%9D%E8%B7%AF%E4%B8%80%E6%AE%B5391%E8%99%9F,2026-09-06
,011317,私立醒吾高中,私立,基北區,高職,男女兼收,新北市,林口區,新北市林口區粉寮路一段75巷80號,http://www.swsh.ntpc.edu.tw,(02)26012644,幼兒保育科:20；照顧服務科:34；時尚造型科:20；觀光事業科:20,94,94,資優/特色班請依各校及基北區官方公告查詢,私立醒吾高中：115學年度課程依各科課程計畫安排，主要科別包括幼兒保育科、照顧服務科、時尚造型科、觀光事業科；各科結合專業理論、校訂課程與實習／實作學習。,私立醒吾高中：幼兒保育科、照顧服務科、時尚造型科、觀光事業科等科別依115學年度課程計畫安排專業實習、實作與專題製作，並透過作品、技能或成果發表整合專業學習。,私立醒吾高中的學生專車目前沒有公開的路線、站點或申請資訊；一般捷運、臺鐵、公車與步行路線另列於「通勤資訊」。,可搭858等公車至「醒吾科技大學」站，再步行前往校區；858可銜接林口、泰山、捷運泰山貴和站、丹鳳站與輔大站等節點。,私立醒吾高中的一般高中部住宿目前沒有公開的校內宿舍申請、床位或收費方案；特定班級、專案或其他部別住宿另行區分。,https://www.google.com/maps/search/?api=1&query=%E6%96%B0%E5%8C%97%E5%B8%82%E6%9E%97%E5%8F%A3%E5%8D%80%E7%B2%89%E5%AF%AE%E8%B7%AF%E4%B8%80%E6%AE%B575%E5%B7%B780%E8%99%9F,https://www.swsh.ntpc.edu.tw/ezfiles/0/1000/img/12/390158559.pdf,http://www.swsh.ntpc.edu.tw,https://atis.taipei.gov.tw/aspx/businfomation/presentinfo.aspx?ddlName=858&lang=zh-Hant-TW,https://atis.taipei.gov.tw/aspx/businfomation/presentinfo.aspx?ddlName=858&lang=zh-Hant-TW；https://www.google.com/maps/search/?api=1&query=%E6%96%B0%E5%8C%97%E5%B8%82%E6%9E%97%E5%8F%A3%E5%8D%80%E7%B2%89%E5%AF%AE%E8%B7%AF%E4%B8%80%E6%AE%B575%E5%B7%B780%E8%99%9F,http://www.swsh.ntpc.edu.tw,http://www.swsh.ntpc.edu.tw,https://www.swsh.ntpc.edu.tw/ezfiles/0/1000/img/12/390158559.pdf；http://www.swsh.ntpc.edu.tw；https://atis.taipei.gov.tw/aspx/businfomation/presentinfo.aspx?ddlName=858&lang=zh-Hant-TW；https://www.google.com/maps/search/?api=1&query=%E6%96%B0%E5%8C%97%E5%B8%82%E6%9E%97%E5%8F%A3%E5%8D%80%E7%B2%89%E5%AF%AE%E8%B7%AF%E4%B8%80%E6%AE%B575%E5%B7%B780%E8%99%9F,2026-09-06
,011306,私立金陵女中,私立,基北區,高中,女校,新北市,三重區,新北市三重區重新路五段656號,http://www.glghs.ntpc.edu.tw,(02)29956776,普通科(女):86,86,86,資優/特色班請依各校及基北區官方公告查詢,私立金陵女中115學年度普通科課程以部定必修為基礎，並配置校訂必修、多元選修、自然與社會探究實作及自主學習；內容依該校115學年度課程計畫架構整理。,私立金陵女中的主要實作學習包含自然科與社會領域探究實作、自主學習與學習成果；校訂課程、多元選修或特色班可再延伸為專題研究與成果發表。,有交通車；115學年度第1學期校方交通車路線包括蘆洲、五股泰山新莊、樹林新莊、土城板橋、林口、三重等方向，並有放學交通車班次；115-1交通車資料列有站點與時刻。,可搭公車235、257、616、801或806至「金陵女中」站下車；捷運環狀線幸福站可作為轉乘節點，再銜接重新路五段方向公車到校。,私立金陵女中的一般高中部住宿目前沒有公開的校內宿舍申請、床位或收費方案；特定班級、專案或其他部別住宿另行區分。,https://www.google.com/maps/search/?api=1&query=%E6%96%B0%E5%8C%97%E5%B8%82%E4%B8%89%E9%87%8D%E5%8D%80%E9%87%8D%E6%96%B0%E8%B7%AF%E4%BA%94%E6%AE%B5656%E8%99%9F,https://www.glghs.ntpc.edu.tw/p/403-1000-31.php,http://www.glghs.ntpc.edu.tw,https://www.glghs.ntpc.edu.tw/p/412-1000-222.php,https://www.glghs.ntpc.edu.tw/p/412-1000-222.php；https://www.google.com/maps/search/?api=1&query=%E6%96%B0%E5%8C%97%E5%B8%82%E4%B8%89%E9%87%8D%E5%8D%80%E9%87%8D%E6%96%B0%E8%B7%AF%E4%BA%94%E6%AE%B5656%E8%99%9F,http://www.glghs.ntpc.edu.tw,http://www.glghs.ntpc.edu.tw,https://www.glghs.ntpc.edu.tw/p/403-1000-31.php；http://www.glghs.ntpc.edu.tw；https://www.glghs.ntpc.edu.tw/p/412-1000-222.php；https://www.google.com/maps/search/?api=1&query=%E6%96%B0%E5%8C%97%E5%B8%82%E4%B8%89%E9%87%8D%E5%8D%80%E9%87%8D%E6%96%B0%E8%B7%AF%E4%BA%94%E6%AE%B5656%E8%99%9F,2026-09-06
,011310,財團法人恆毅高中,私立,基北區,高中,男女兼收,新北市,新莊區,新北市新莊區中正路108號,http://www.hchs.ntpc.edu.tw,(02)29923619,普通科:120,120,120,資優/特色班請依各校及基北區官方公告查詢,財團法人恆毅高中115學年度普通科課程以部定必修為基礎，並配置校訂必修、多元選修、自然與社會探究實作及自主學習；內容依該校115學年度課程計畫架構整理。,財團法人恆毅高中的主要實作學習包含自然科與社會領域探究實作、自主學習與學習成果；校訂課程、多元選修或特色班可再延伸為專題研究與成果發表。,有學生專車；校方提供115學年度學生專車系統與路線資料，校方按學年度公布專車站點及班次。,捷運新莊站1號出口向左步行約150公尺即可到校；公車235可在新莊站下車，99、299可在新泰路口下車後步行前往。,財團法人恆毅高中的一般高中部住宿目前沒有公開的校內宿舍申請、床位或收費方案；特定班級、專案或其他部別住宿另行區分。,https://www.google.com/maps/search/?api=1&query=%E6%96%B0%E5%8C%97%E5%B8%82%E6%96%B0%E8%8E%8A%E5%8D%80%E4%B8%AD%E6%AD%A3%E8%B7%AF108%E8%99%9F,https://www.hchs.ntpc.edu.tw/p/412-1000-873.php,http://www.hchs.ntpc.edu.tw,https://sun.hchs.ntpc.edu.tw/record/hchsbus/,https://sun.hchs.ntpc.edu.tw/record/hchsbus/；https://www.google.com/maps/search/?api=1&query=%E6%96%B0%E5%8C%97%E5%B8%82%E6%96%B0%E8%8E%8A%E5%8D%80%E4%B8%AD%E6%AD%A3%E8%B7%AF108%E8%99%9F；https://www2.hchs.ntpc.edu.tw/p/412-1000-439.php,http://www.hchs.ntpc.edu.tw,http://www.hchs.ntpc.edu.tw,https://www.hchs.ntpc.edu.tw/p/412-1000-873.php；http://www.hchs.ntpc.edu.tw；https://sun.hchs.ntpc.edu.tw/record/hchsbus/；https://www.google.com/maps/search/?api=1&query=%E6%96%B0%E5%8C%97%E5%B8%82%E6%96%B0%E8%8E%8A%E5%8D%80%E4%B8%AD%E6%AD%A3%E8%B7%AF108%E8%99%9F；https://www2.hchs.ntpc.edu.tw/p/412-1000-439.php,2026-09-06
,011329,財團法人辭修高中,私立,基北區,綜高,男女兼收,新北市,三峽區,新北市三峽區溪東路251號,http://www.tsshs.ntpc.edu.tw,(02)86761277,普通科:174；航運管理科:8；食品科:8,190,190,資優/特色班請依各校及基北區官方公告查詢,115學年度課程依校方課程計畫安排，涵蓋普通科、航運管理科、食品科；共同核心之外，依學程與選修方向配置校訂、多元選修及專業課程。,財團法人辭修高中：普通科、航運管理科、食品科等科別依115學年度課程計畫安排專業實習、實作與專題製作，並透過作品、技能或成果發表整合專業學習。,有校車；115學年度第1學期校方公布校車路線，並區分通勤與住宿相關搭乘安排；115-1校車資料列有路線、站點與班次。,搭捷運板南線至頂埔站後轉乘藍45，可直達「辭修高中」站。,財團法人辭修高中的一般高中部住宿目前沒有公開的校內宿舍申請、床位或收費方案；特定班級、專案或其他部別住宿另行區分。,https://www.google.com/maps/search/?api=1&query=%E6%96%B0%E5%8C%97%E5%B8%82%E4%B8%89%E5%B3%BD%E5%8D%80%E6%BA%AA%E6%9D%B1%E8%B7%AF251%E8%99%9F,https://www.tsshs.ntpc.edu.tw/p/403-1000-59-1.php?Lang=zh-tw,http://www.tsshs.ntpc.edu.tw,https://www.tsshs.ntpc.edu.tw/p/406-1000-3353%2Cr13.php?Lang=zh-tw,https://www.tsshs.ntpc.edu.tw/p/406-1000-3353%2Cr13.php?Lang=zh-tw；https://www.google.com/maps/search/?api=1&query=%E6%96%B0%E5%8C%97%E5%B8%82%E4%B8%89%E5%B3%BD%E5%8D%80%E6%BA%AA%E6%9D%B1%E8%B7%AF251%E8%99%9F；https://www.tsshs.ntpc.edu.tw/p/412-1000-168.php?Lang=zh-tw,http://www.tsshs.ntpc.edu.tw,http://www.tsshs.ntpc.edu.tw,https://www.tsshs.ntpc.edu.tw/p/403-1000-59-1.php?Lang=zh-tw；http://www.tsshs.ntpc.edu.tw；https://www.tsshs.ntpc.edu.tw/p/406-1000-3353%2Cr13.php?Lang=zh-tw；https://www.google.com/maps/search/?api=1&query=%E6%96%B0%E5%8C%97%E5%B8%82%E4%B8%89%E5%B3%BD%E5%8D%80%E6%BA%AA%E6%9D%B1%E8%B7%AF251%E8%99%9F；https://www.tsshs.ntpc.edu.tw/p/412-1000-168.php?Lang=zh-tw,2026-09-06
,034306,市立南崁高中,公立,基北區共同就學區,高中,男女兼收,桃園市,蘆竹區,桃園市蘆竹區仁愛路二段1號,https://www.nksh.tyc.edu.tw/ischool/publish_page/0/,(03)3525580,普通科:1；普通科:20,21,21,資優/特色班請依各校及基北區官方公告查詢,市立南崁高中115學年度普通科課程以部定必修為基礎，並配置校訂必修、多元選修、自然與社會探究實作及自主學習；內容依該校115學年度課程計畫架構整理。,市立南崁高中的主要實作學習包含自然科與社會領域探究實作、自主學習與學習成果；校訂課程、多元選修或特色班可再延伸為專題研究與成果發表。,有專車；115學年度校方招生資料明列臺北／大臺北與桃園地區均有學生專車。,另可搭國光、亞通、首都、葛瑪蘭或長榮客運至南崁站，步行約10分鐘到校。,市立南崁高中的一般高中部住宿目前沒有公開的校內宿舍申請、床位或收費方案；特定班級、專案或其他部別住宿另行區分。,https://www.google.com/maps/search/?api=1&query=%E6%A1%83%E5%9C%92%E5%B8%82%E8%98%86%E7%AB%B9%E5%8D%80%E4%BB%81%E6%84%9B%E8%B7%AF%E4%BA%8C%E6%AE%B51%E8%99%9F,https://www.nksh.tyc.edu.tw/home?cid=13102,https://www.nksh.tyc.edu.tw/ischool/publish_page/0/,https://www.nksh.tyc.edu.tw/ischool/wr/file/1/13543/a9d3b03ef11c8d8b94a57830316da057.pdf,https://www.nksh.tyc.edu.tw/ischool/wr/file/1/13543/a9d3b03ef11c8d8b94a57830316da057.pdf；https://www.google.com/maps/search/?api=1&query=%E6%A1%83%E5%9C%92%E5%B8%82%E8%98%86%E7%AB%B9%E5%8D%80%E4%BB%81%E6%84%9B%E8%B7%AF%E4%BA%8C%E6%AE%B51%E8%99%9F,https://www.nksh.tyc.edu.tw/ischool/publish_page/0/,https://www.nksh.tyc.edu.tw/ischool/publish_page/0/,https://www.nksh.tyc.edu.tw/home?cid=13102；https://www.nksh.tyc.edu.tw/ischool/publish_page/0/；https://www.nksh.tyc.edu.tw/ischool/wr/file/1/13543/a9d3b03ef11c8d8b94a57830316da057.pdf；https://www.google.com/maps/search/?api=1&query=%E6%A1%83%E5%9C%92%E5%B8%82%E8%98%86%E7%AB%B9%E5%8D%80%E4%BB%81%E6%84%9B%E8%B7%AF%E4%BA%8C%E6%AE%B51%E8%99%9F,2026-09-06
,034314,市立壽山高中,公立,基北區共同就學區,高職,男女兼收,桃園市,龜山區,桃園市龜山區大同路23號,http://www.sssh.tyc.edu.tw,(03)3501778,國際貿易科:5；應用英語科:5；廣告設計科:3,13,13,資優/特色班請依各校及基北區官方公告查詢,市立壽山高中：115學年度課程依各科課程計畫安排，主要科別包括國際貿易科、應用英語科、廣告設計科；各科結合專業理論、校訂課程與實習／實作學習。,市立壽山高中：國際貿易科、應用英語科、廣告設計科等科別依115學年度課程計畫安排專業實習、實作與專題製作，並透過作品、技能或成果發表整合專業學習。,有學生專車；115學年度校方持續提供學生專車，2026-08-27公告「大有線上學專車」自8月31日起試營運、06:20發車；新生資訊亦設有學校專車承辦窗口。,桃園市公車102C「壽山高中－桃園－景雲新村」可直接銜接壽山高中與桃園市區，作為一般公車通勤路線。,市立壽山高中的一般高中部住宿目前沒有公開的校內宿舍申請、床位或收費方案；特定班級、專案或其他部別住宿另行區分。,https://www.google.com/maps/search/?api=1&query=%E6%A1%83%E5%9C%92%E5%B8%82%E9%BE%9C%E5%B1%B1%E5%8D%80%E5%A4%A7%E5%90%8C%E8%B7%AF23%E8%99%9F,https://www.sssh.tyc.edu.tw/wp-content/uploads/doc/sssh211/113%E5%AD%B8%E5%B9%B4%E5%BA%A6%E8%AA%B2%E7%A8%8B%E8%A8%88%E5%8A%83%E6%9B%B8%28%E5%82%99%E6%9F%A5%E7%89%88_%E5%85%AC%E5%91%8A%E7%94%A8%29-1.pdf,http://www.sssh.tyc.edu.tw,https://www.sssh.tyc.edu.tw/break_news/%E3%80%90%E7%94%9F%E8%BC%94%E7%B5%84%E5%85%AC%E5%91%8A%E3%80%91%E5%A4%A7%E6%9C%89%E7%B7%9A%E3%80%8C%E4%B8%8A%E5%AD%B8%E5%B0%88%E8%BB%8A%E3%80%8D/,https://www.sssh.tyc.edu.tw/break_news/%E3%80%90%E7%94%9F%E8%BC%94%E7%B5%84%E5%85%AC%E5%91%8A%E3%80%91%E5%A4%A7%E6%9C%89%E7%B7%9A%E3%80%8C%E4%B8%8A%E5%AD%B8%E5%B0%88%E8%BB%8A%E3%80%8D/；https://www.google.com/maps/search/?api=1&query=%E6%A1%83%E5%9C%92%E5%B8%82%E9%BE%9C%E5%B1%B1%E5%8D%80%E5%A4%A7%E5%90%8C%E8%B7%AF23%E8%99%9F；https://www.sssh.tyc.edu.tw/,http://www.sssh.tyc.edu.tw,http://www.sssh.tyc.edu.tw,https://www.sssh.tyc.edu.tw/wp-content/uploads/doc/sssh211/113%E5%AD%B8%E5%B9%B4%E5%BA%A6%E8%AA%B2%E7%A8%8B%E8%A8%88%E5%8A%83%E6%9B%B8%28%E5%82%99%E6%9F%A5%E7%89%88_%E5%85%AC%E5%91%8A%E7%94%A8%29-1.pdf；http://www.sssh.tyc.edu.tw；https://www.sssh.tyc.edu.tw/break_news/%E3%80%90%E7%94%9F%E8%BC%94%E7%B5%84%E5%85%AC%E5%91%8A%E3%80%91%E5%A4%A7%E6%9C%89%E7%B7%9A%E3%80%8C%E4%B8%8A%E5%AD%B8%E5%B0%88%E8%BB%8A%E3%80%8D/；https://www.google.com/maps/search/?api=1&query=%E6%A1%83%E5%9C%92%E5%B8%82%E9%BE%9C%E5%B1%B1%E5%8D%80%E5%A4%A7%E5%90%8C%E8%B7%AF23%E8%99%9F；https://www.sssh.tyc.edu.tw/,2026-09-06
,034347,市立永豐高中,公立,基北區共同就學區,綜高,男女兼收,桃園市,八德區,桃園市八德區永豐路609號,http://www.yfms.tyc.edu.tw,(03)3692679,應用英語科:5；廣告設計科:3；普通科:1,9,9,資優/特色班請依各校及基北區官方公告查詢,115學年度課程依校方課程計畫安排，涵蓋應用英語科、廣告設計科、普通科；共同核心之外，依學程與選修方向配置校訂、多元選修及專業課程。,市立永豐高中：應用英語科、廣告設計科、普通科等科別依115學年度課程計畫安排專業實習、實作與專題製作，並透過作品、技能或成果發表整合專業學習。,有學生交通車；校方交通車專區提供桃園客運學生交通車路線，路線涵蓋龍潭、平鎮、大湳、八德、桃園、中壢等方向；實際當期路線依校方交通車專區公告。,一般公車可利用永豐路、廣福路及大湳方向的桃園市區公車到校；由桃園或中壢方向可先到八德／大湳轉乘，再前往永豐路609號。,市立永豐高中的一般高中部住宿目前沒有公開的校內宿舍申請、床位或收費方案；特定班級、專案或其他部別住宿另行區分。,https://www.google.com/maps/search/?api=1&query=%E6%A1%83%E5%9C%92%E5%B8%82%E5%85%AB%E5%BE%B7%E5%8D%80%E6%B0%B8%E8%B1%90%E8%B7%AF609%E8%99%9F,https://www.yfms.tyc.edu.tw/uploads/1632813263303noEcFsGl.pdf,http://www.yfms.tyc.edu.tw,https://www.yfms.tyc.edu.tw/nss/p/chk5,https://www.yfms.tyc.edu.tw/nss/p/chk5；https://www.google.com/maps/search/?api=1&query=%E6%A1%83%E5%9C%92%E5%B8%82%E5%85%AB%E5%BE%B7%E5%8D%80%E6%B0%B8%E8%B1%90%E8%B7%AF609%E8%99%9F,http://www.yfms.tyc.edu.tw,http://www.yfms.tyc.edu.tw,https://www.yfms.tyc.edu.tw/uploads/1632813263303noEcFsGl.pdf；http://www.yfms.tyc.edu.tw；https://www.yfms.tyc.edu.tw/nss/p/chk5；https://www.google.com/maps/search/?api=1&query=%E6%A1%83%E5%9C%92%E5%B8%82%E5%85%AB%E5%BE%B7%E5%8D%80%E6%B0%B8%E8%B1%90%E8%B7%AF609%E8%99%9F,2026-09-06
,031414,桃園市世紀綠能工商,私立,基北區共同就學區,高職,男女兼收,桃園市,龜山區,桃園市龜山區明德路162巷100號,https://web.cgehs.tyc.edu.tw/,(03)3294187,機械科:3；汽車科:3；資訊科:3；幼兒保育科:3；餐飲管理科:3,15,15,資優/特色班請依各校及基北區官方公告查詢,桃園市世紀綠能工商：115學年度課程依各科課程計畫安排，主要科別包括機械科、汽車科、資訊科、幼兒保育科、餐飲管理科；各科結合專業理論、校訂課程與實習／實作學習。,桃園市世紀綠能工商：機械科、汽車科、資訊科、幼兒保育科、餐飲管理科等科別依115學年度課程計畫安排專業實習、實作與專題製作，並透過作品、技能或成果發表整合專業學習。,有校車；校方校車路線專區列有林口一線、林口二線、三峽線及新樹迴線等，包含A9林口站、A7體育大學站、林口、三峽、鶯歌、樹林等站點。,機場捷運可利用A9林口站或A7體育大學站作為轉乘節點，再銜接龜山明德路方向的大眾運輸前往校區。,桃園市世紀綠能工商的一般高中部住宿目前沒有公開的校內宿舍申請、床位或收費方案；特定班級、專案或其他部別住宿另行區分。,https://www.google.com/maps/search/?api=1&query=%E6%A1%83%E5%9C%92%E5%B8%82%E9%BE%9C%E5%B1%B1%E5%8D%80%E6%98%8E%E5%BE%B7%E8%B7%AF162%E5%B7%B7100%E8%99%9F,https://web.cgehs.tyc.edu.tw/page/academic_affairs,https://web.cgehs.tyc.edu.tw/,https://sites.google.com/cgehs.tyc.edu.tw/schoolbus,https://sites.google.com/cgehs.tyc.edu.tw/schoolbus；https://www.google.com/maps/search/?api=1&query=%E6%A1%83%E5%9C%92%E5%B8%82%E9%BE%9C%E5%B1%B1%E5%8D%80%E6%98%8E%E5%BE%B7%E8%B7%AF162%E5%B7%B7100%E8%99%9F,https://web.cgehs.tyc.edu.tw/,https://web.cgehs.tyc.edu.tw/,https://web.cgehs.tyc.edu.tw/page/academic_affairs；https://web.cgehs.tyc.edu.tw/；https://sites.google.com/cgehs.tyc.edu.tw/schoolbus；https://www.google.com/maps/search/?api=1&query=%E6%A1%83%E5%9C%92%E5%B8%82%E9%BE%9C%E5%B1%B1%E5%8D%80%E6%98%8E%E5%BE%B7%E8%B7%AF162%E5%B7%B7100%E8%99%9F,2026-09-06
,031317,私立光啟高中,私立,基北區共同就學區,綜高,男女兼收,桃園市,龜山區,桃園市龜山區自由街40號,http://www.phsh.tyc.edu.tw,(02)82098313,普通科:10；機械科:11；汽車科:11；電機科:11；照顧服務科:11；餐飲管理科:11,65,65,資優/特色班請依各校及基北區官方公告查詢,115學年度課程依校方課程計畫安排，涵蓋普通科、機械科、汽車科、電機科、照顧服務科、餐飲管理科；共同核心之外，依學程與選修方向配置校訂、多元選修及專業課程。,私立光啟高中：普通科、機械科、汽車科、電機科、照顧服務科、餐飲管理科等科別依115學年度課程計畫安排專業實習、實作與專題製作，並透過作品、技能或成果發表整合專業學習。,私立光啟高中的學生專車目前沒有公開的路線、站點或申請資訊；一般捷運、臺鐵、公車與步行路線另列於「通勤資訊」。,可搭捷運至迴龍站後步行約10分鐘；公車可搭635、636、615、602、810、藍37、601等至龍華科技大學／迴龍周邊站點再步行到校。,私立光啟高中的一般高中部住宿目前沒有公開的校內宿舍申請、床位或收費方案；特定班級、專案或其他部別住宿另行區分。,https://www.google.com/maps/search/?api=1&query=%E6%A1%83%E5%9C%92%E5%B8%82%E9%BE%9C%E5%B1%B1%E5%8D%80%E8%87%AA%E7%94%B1%E8%A1%9740%E8%99%9F,https://courset.k12ea.gov.tw/courseinformation/indextea01.asp,http://www.phsh.tyc.edu.tw,https://www.pljhs.ntpc.edu.tw/app/index.php?Action=downloadfile&file=WVhSMFlXTm9MemMwTDNCMFlWODROamhmTXpVME1qZzBNMTgxTXpBeE9DNXdaR1k9&fname=WW54RPOKRKKK41YXDGLK54MKZSMOWTJGFGB0YSLKCCUXCC40USRO01UWWW54USOKWWTSDH05A40454TXYWOKTSWWDGB0MKLKIH35DCA0LKB0VSQKFHPOYWFCNOXWLLZXTSLKQKTXKKZWWT14STEGNKKK2135A5A4,https://www.pljhs.ntpc.edu.tw/app/index.php?Action=downloadfile&file=WVhSMFlXTm9MemMwTDNCMFlWODROamhmTXpVME1qZzBNMTgxTXpBeE9DNXdaR1k9&fname=WW54RPOKRKKK41YXDGLK54MKZSMOWTJGFGB0YSLKCCUXCC40USRO01UWWW54USOKWWTSDH05A40454TXYWOKTSWWDGB0MKLKIH35DCA0LKB0VSQKFHPOYWFCNOXWLLZXTSLKQKTXKKZWWT14STEGNKKK2135A5A4；https://www.google.com/maps/search/?api=1&query=%E6%A1%83%E5%9C%92%E5%B8%82%E9%BE%9C%E5%B1%B1%E5%8D%80%E8%87%AA%E7%94%B1%E8%A1%9740%E8%99%9F,http://www.phsh.tyc.edu.tw,http://www.phsh.tyc.edu.tw,https://courset.k12ea.gov.tw/courseinformation/indextea01.asp；http://www.phsh.tyc.edu.tw；https://www.pljhs.ntpc.edu.tw/app/index.php?Action=downloadfile&file=WVhSMFlXTm9MemMwTDNCMFlWODROamhmTXpVME1qZzBNMTgxTXpBeE9DNXdaR1k9&fname=WW54RPOKRKKK41YXDGLK54MKZSMOWTJGFGB0YSLKCCUXCC40USRO01UWWW54USOKWWTSDH05A40454TXYWOKTSWWDGB0MKLKIH35DCA0LKB0VSQKFHPOYWFCNOXWLLZXTSLKQKTXKKZWWT14STEGNKKK2135A5A4；https://www.google.com/maps/search/?api=1&query=%E6%A1%83%E5%9C%92%E5%B8%82%E9%BE%9C%E5%B1%B1%E5%8D%80%E8%87%AA%E7%94%B1%E8%A1%9740%E8%99%9F,2026-09-06
,330301,國立師大附中,公立,基北區,高中,男女兼收,臺北市,大安區,臺北市大安區和安里信義路三段143號,https://www.hs.ntnu.edu.tw/,(02)27075215,普通科(男):463；普通科(女):198,661,661,資優/特色班請依各校及基北區官方公告查詢,國立師大附中115學年度普通科課程以部定必修為基礎，並配置校訂必修、多元選修、自然與社會探究實作及自主學習；內容依該校115學年度課程計畫架構整理。,國立師大附中的主要實作學習包含自然科與社會領域探究實作、自主學習與學習成果；校訂課程、多元選修或特色班可再延伸為專題研究與成果發表。,國立師大附中的學生專車目前沒有公開的路線、站點或申請資訊；一般捷運、臺鐵、公車與步行路線另列於「通勤資訊」。,捷運文湖線或淡水信義線至「大安站」，由1、2號出口前往師大附中；公車可於「師大附中」站下車，包含0東、20、22、88、204、信義幹線、758等路線。,國立師大附中的一般高中部住宿目前沒有公開的校內宿舍申請、床位或收費方案；特定班級、專案或其他部別住宿另行區分。,https://www.google.com/maps/search/?api=1&query=%E8%87%BA%E5%8C%97%E5%B8%82%E5%A4%A7%E5%AE%89%E5%8D%80%E5%92%8C%E5%AE%89%E9%87%8C%E4%BF%A1%E7%BE%A9%E8%B7%AF%E4%B8%89%E6%AE%B5143%E8%99%9F,https://courset.k12ea.gov.tw/courseinformation/indextea01.asp,https://www.hs.ntnu.edu.tw/,https://www.hs.ntnu.edu.tw/,https://www.hs.ntnu.edu.tw/；https://www.google.com/maps/search/?api=1&query=%E8%87%BA%E5%8C%97%E5%B8%82%E5%A4%A7%E5%AE%89%E5%8D%80%E5%92%8C%E5%AE%89%E9%87%8C%E4%BF%A1%E7%BE%A9%E8%B7%AF%E4%B8%89%E6%AE%B5143%E8%99%9F,https://www.hs.ntnu.edu.tw/,https://www.hs.ntnu.edu.tw/,https://courset.k12ea.gov.tw/courseinformation/indextea01.asp；https://www.hs.ntnu.edu.tw/；https://www.google.com/maps/search/?api=1&query=%E8%87%BA%E5%8C%97%E5%B8%82%E5%A4%A7%E5%AE%89%E5%8D%80%E5%92%8C%E5%AE%89%E9%87%8C%E4%BF%A1%E7%BE%A9%E8%B7%AF%E4%B8%89%E6%AE%B5143%E8%99%9F,2026-09-06
,380301,國立政大附中,公立,基北區,高中,男女兼收,臺北市,文山區,臺北市文山區政大里政大一街353號,https://www.ahs.nccu.edu.tw/home,(02)82377500,普通科:163,163,163,資優/特色班請依各校及基北區官方公告查詢,國立政大附中115學年度普通科課程以部定必修為基礎，並配置校訂必修、多元選修、自然與社會探究實作及自主學習；內容依該校115學年度課程計畫架構整理。,國立政大附中的主要實作學習包含自然科與社會領域探究實作、自主學習與學習成果；校訂課程、多元選修或特色班可再延伸為專題研究與成果發表。,有專車；校方交通資料列有上學交通車「板橋線」，停靠中英醫院、新埔站2號出口、景安站、復興建國、考試院、文山一分局、萬壽橋頭、萬興國小後抵達政大附中。,可搭棕5、棕11、棕11副或棕18至「政大附中」站；530及上述路線也可在綠野山莊站下車後步行約4分鐘到校。,國立政大附中的一般高中部住宿目前沒有公開的校內宿舍申請、床位或收費方案；特定班級、專案或其他部別住宿另行區分。,https://www.google.com/maps/search/?api=1&query=%E8%87%BA%E5%8C%97%E5%B8%82%E6%96%87%E5%B1%B1%E5%8D%80%E6%94%BF%E5%A4%A7%E9%87%8C%E6%94%BF%E5%A4%A7%E4%B8%80%E8%A1%97353%E8%99%9F,https://courset.k12ea.gov.tw/courseinformation/indextea01.asp,https://www.ahs.nccu.edu.tw/home,https://www.ahs.nccu.edu.tw/resource/openfid.php?id=10348,https://www.ahs.nccu.edu.tw/resource/openfid.php?id=10348；https://www.google.com/maps/search/?api=1&query=%E8%87%BA%E5%8C%97%E5%B8%82%E6%96%87%E5%B1%B1%E5%8D%80%E6%94%BF%E5%A4%A7%E9%87%8C%E6%94%BF%E5%A4%A7%E4%B8%80%E8%A1%97353%E8%99%9F,https://www.ahs.nccu.edu.tw/home,https://www.ahs.nccu.edu.tw/home,https://courset.k12ea.gov.tw/courseinformation/indextea01.asp；https://www.ahs.nccu.edu.tw/home；https://www.ahs.nccu.edu.tw/resource/openfid.php?id=10348；https://www.google.com/maps/search/?api=1&query=%E8%87%BA%E5%8C%97%E5%B8%82%E6%96%87%E5%B1%B1%E5%8D%80%E6%94%BF%E5%A4%A7%E9%87%8C%E6%94%BF%E5%A4%A7%E4%B8%80%E8%A1%97353%E8%99%9F,2026-09-06
,343301,市立中山女中,公立,基北區,高中,女校,臺北市,中山區,臺北市中山區力行里長安東路2段141號,http://www.csghs.tp.edu.tw,(02)25073148,普通科(女):709,709,709,資優/特色班請依各校及基北區官方公告查詢,市立中山女中115學年度普通科課程以部定必修為基礎，並配置校訂必修、多元選修、自然與社會探究實作及自主學習；內容依該校115學年度課程計畫架構整理。,市立中山女中的主要實作學習包含自然科與社會領域探究實作、自主學習與學習成果；校訂課程、多元選修或特色班可再延伸為專題研究與成果發表。,市立中山女中的學生專車目前沒有公開的路線、站點或申請資訊；一般捷運、臺鐵、公車與步行路線另列於「通勤資訊」。,公車可直接於「中山女高」站下車，紅57等路線停靠；由捷運松江南京站或忠孝新生站轉乘市區公車前往。,市立中山女中的一般高中部住宿目前沒有公開的校內宿舍申請、床位或收費方案；特定班級、專案或其他部別住宿另行區分。,https://www.google.com/maps/search/?api=1&query=%E8%87%BA%E5%8C%97%E5%B8%82%E4%B8%AD%E5%B1%B1%E5%8D%80%E5%8A%9B%E8%A1%8C%E9%87%8C%E9%95%B7%E5%AE%89%E6%9D%B1%E8%B7%AF2%E6%AE%B5141%E8%99%9F,https://courset.k12ea.gov.tw/courseinformation/indextea01.asp,http://www.csghs.tp.edu.tw,https://ebus.gov.taipei/,https://ebus.gov.taipei/；https://www.google.com/maps/search/?api=1&query=%E8%87%BA%E5%8C%97%E5%B8%82%E4%B8%AD%E5%B1%B1%E5%8D%80%E5%8A%9B%E8%A1%8C%E9%87%8C%E9%95%B7%E5%AE%89%E6%9D%B1%E8%B7%AF2%E6%AE%B5141%E8%99%9F,http://www.csghs.tp.edu.tw,http://www.csghs.tp.edu.tw,https://courset.k12ea.gov.tw/courseinformation/indextea01.asp；http://www.csghs.tp.edu.tw；https://ebus.gov.taipei/；https://www.google.com/maps/search/?api=1&query=%E8%87%BA%E5%8C%97%E5%B8%82%E4%B8%AD%E5%B1%B1%E5%8D%80%E5%8A%9B%E8%A1%8C%E9%87%8C%E9%95%B7%E5%AE%89%E6%9D%B1%E8%B7%AF2%E6%AE%B5141%E8%99%9F,2026-09-06
,313302,市立中崙高中,公立,基北區,高中,男女兼收,臺北市,松山區,臺北市松山區吉祥里八德路四段101號,http://www.zlsh.tp.edu.tw/,(02)27535316,普通科:259,259,259,資優/特色班請依各校及基北區官方公告查詢,市立中崙高中115學年度普通科課程以部定必修為基礎，並配置校訂必修、多元選修、自然與社會探究實作及自主學習；內容依該校115學年度課程計畫架構整理。,市立中崙高中的主要實作學習包含自然科與社會領域探究實作、自主學習與學習成果；校訂課程、多元選修或特色班可再延伸為專題研究與成果發表。,市立中崙高中的學生專車目前沒有公開的路線、站點或申請資訊；一般捷運、臺鐵、公車與步行路線另列於「通勤資訊」。,可由捷運松山新店線「台北小巨蛋站」往八德路、光復北路方向步行前往；南京三民路口、榮民服務處等周邊站牌亦有多線公車可轉乘。,市立中崙高中的一般高中部住宿目前沒有公開的校內宿舍申請、床位或收費方案；特定班級、專案或其他部別住宿另行區分。,https://www.google.com/maps/search/?api=1&query=%E8%87%BA%E5%8C%97%E5%B8%82%E6%9D%BE%E5%B1%B1%E5%8D%80%E5%90%89%E7%A5%A5%E9%87%8C%E5%85%AB%E5%BE%B7%E8%B7%AF%E5%9B%9B%E6%AE%B5101%E8%99%9F,https://courset.k12ea.gov.tw/courseinformation/indextea01.asp,http://www.zlsh.tp.edu.tw/,https://www.zlsh.tp.edu.tw/,https://www.zlsh.tp.edu.tw/；https://www.google.com/maps/search/?api=1&query=%E8%87%BA%E5%8C%97%E5%B8%82%E6%9D%BE%E5%B1%B1%E5%8D%80%E5%90%89%E7%A5%A5%E9%87%8C%E5%85%AB%E5%BE%B7%E8%B7%AF%E5%9B%9B%E6%AE%B5101%E8%99%9F,http://www.zlsh.tp.edu.tw/,http://www.zlsh.tp.edu.tw/,https://courset.k12ea.gov.tw/courseinformation/indextea01.asp；http://www.zlsh.tp.edu.tw/；https://www.zlsh.tp.edu.tw/；https://www.google.com/maps/search/?api=1&query=%E8%87%BA%E5%8C%97%E5%B8%82%E6%9D%BE%E5%B1%B1%E5%8D%80%E5%90%89%E7%A5%A5%E9%87%8C%E5%85%AB%E5%BE%B7%E8%B7%AF%E5%9B%9B%E6%AE%B5101%E8%99%9F,2026-09-06
,423302,市立中正高中,公立,基北區,高中,男女兼收,臺北市,北投區,臺北市北投區建民里文林北路77號,https://www.ccsh.tp.edu.tw/,(02)28234811,普通科:449,449,449,資優/特色班請依各校及基北區官方公告查詢,市立中正高中115學年度普通科課程以部定必修為基礎，並配置校訂必修、多元選修、自然與社會探究實作及自主學習；內容依該校115學年度課程計畫架構整理。,市立中正高中的主要實作學習包含自然科與社會領域探究實作、自主學習與學習成果；校訂課程、多元選修或特色班可再延伸為專題研究與成果發表。,市立中正高中的學生專車目前沒有公開的路線、站點或申請資訊；一般捷運、臺鐵、公車與步行路線另列於「通勤資訊」。,搭捷運淡水信義線至「明德站」，步行約10分鐘可到中正高中；亦可搭公車至「中正高中」站。,市立中正高中的一般高中部住宿目前沒有公開的校內宿舍申請、床位或收費方案；特定班級、專案或其他部別住宿另行區分。,https://www.google.com/maps/search/?api=1&query=%E8%87%BA%E5%8C%97%E5%B8%82%E5%8C%97%E6%8A%95%E5%8D%80%E5%BB%BA%E6%B0%91%E9%87%8C%E6%96%87%E6%9E%97%E5%8C%97%E8%B7%AF77%E8%99%9F,https://courset.k12ea.gov.tw/courseinformation/indextea01.asp,https://www.ccsh.tp.edu.tw/,https://www.ccsh.tp.edu.tw/news/%E7%AC%AC51%E5%B1%86%E7%95%A2%E6%A5%AD%E5%85%B8%E7%A6%AE%E9%82%80%E8%AB%8B%E5%87%BD%E6%9A%A8%E5%85%B8%E7%A6%AE%E6%B5%81%E7%A8%8B/,https://www.ccsh.tp.edu.tw/news/%E7%AC%AC51%E5%B1%86%E7%95%A2%E6%A5%AD%E5%85%B8%E7%A6%AE%E9%82%80%E8%AB%8B%E5%87%BD%E6%9A%A8%E5%85%B8%E7%A6%AE%E6%B5%81%E7%A8%8B/；https://www.google.com/maps/search/?api=1&query=%E8%87%BA%E5%8C%97%E5%B8%82%E5%8C%97%E6%8A%95%E5%8D%80%E5%BB%BA%E6%B0%91%E9%87%8C%E6%96%87%E6%9E%97%E5%8C%97%E8%B7%AF77%E8%99%9F,https://www.ccsh.tp.edu.tw/,https://www.ccsh.tp.edu.tw/,https://courset.k12ea.gov.tw/courseinformation/indextea01.asp；https://www.ccsh.tp.edu.tw/；https://www.ccsh.tp.edu.tw/news/%E7%AC%AC51%E5%B1%86%E7%95%A2%E6%A5%AD%E5%85%B8%E7%A6%AE%E9%82%80%E8%AB%8B%E5%87%BD%E6%9A%A8%E5%85%B8%E7%A6%AE%E6%B5%81%E7%A8%8B/；https://www.google.com/maps/search/?api=1&query=%E8%87%BA%E5%8C%97%E5%B8%82%E5%8C%97%E6%8A%95%E5%8D%80%E5%BB%BA%E6%B0%91%E9%87%8C%E6%96%87%E6%9E%97%E5%8C%97%E8%B7%AF77%E8%99%9F,2026-09-06
,403301,市立內湖高中,公立,基北區,高中,男女兼收,臺北市,內湖區,臺北市內湖區紫陽里文德路218號,http://www.nhsh.tp.edu.tw,(02)27977035,男(5):6；女(6):5,11,11,資優/特色班請依各校及基北區官方公告查詢,市立內湖高中115學年度普通高中課程以部定必修為基礎，並安排校訂必修、多元選修、自然與社會探究實作、自主學習及彈性學習；課程內容依該校115學年度課程計畫架構整理。,市立內湖高中的實作學習以自然與社會領域探究實作、自主學習、校訂課程與學習成果為主，並透過研究、微課程或成果發表累積專題型學習經驗。,市立內湖高中的學生專車目前沒有公開的路線、站點或申請資訊；一般捷運、臺鐵、公車與步行路線另列於「通勤資訊」。,捷運文湖線「文德站」出口1在內湖高中對面、出口2在內湖高中旁，可直接步行到校。,市立內湖高中的一般高中部住宿目前沒有公開的校內宿舍申請、床位或收費方案；特定班級、專案或其他部別住宿另行區分。,https://www.google.com/maps/search/?api=1&query=%E8%87%BA%E5%8C%97%E5%B8%82%E5%85%A7%E6%B9%96%E5%8D%80%E7%B4%AB%E9%99%BD%E9%87%8C%E6%96%87%E5%BE%B7%E8%B7%AF218%E8%99%9F,https://sites.google.com/nhsh.tp.edu.tw/nhshstuact/,http://www.nhsh.tp.edu.tw,https://web.metro.taipei/pages2026/WebStation/025/1,https://web.metro.taipei/pages2026/WebStation/025/1；https://www.google.com/maps/search/?api=1&query=%E8%87%BA%E5%8C%97%E5%B8%82%E5%85%A7%E6%B9%96%E5%8D%80%E7%B4%AB%E9%99%BD%E9%87%8C%E6%96%87%E5%BE%B7%E8%B7%AF218%E8%99%9F,http://www.nhsh.tp.edu.tw,http://www.nhsh.tp.edu.tw,https://sites.google.com/nhsh.tp.edu.tw/nhshstuact/；http://www.nhsh.tp.edu.tw；https://web.metro.taipei/pages2026/WebStation/025/1；https://www.google.com/maps/search/?api=1&query=%E8%87%BA%E5%8C%97%E5%B8%82%E5%85%A7%E6%B9%96%E5%8D%80%E7%B4%AB%E9%99%BD%E9%87%8C%E6%96%87%E5%BE%B7%E8%B7%AF218%E8%99%9F,2026-09-06
,403401,市立內湖高工,公立,基北區,高職,男女兼收,臺北市,內湖區,114064 臺北市內湖區內湖路一段520號,https://www.nihs.tp.edu.tw/,(02)26574874,電子科:96；控制科:44；電機科:88；冷凍空調科:48；應用英語科:48；商業經營科:96,420,420,資優/特色班請依各校及基北區官方公告查詢,市立內湖高工：115學年度課程依各科課程計畫安排，主要科別包括電子科、控制科、電機科、冷凍空調科、應用英語科、商業經營科；各科結合專業理論、校訂課程與實習／實作學習。,市立內湖高工：電子科、控制科、電機科、冷凍空調科、應用英語科、商業經營科等科別依115學年度課程計畫安排專業實習、實作與專題製作，並透過作品、技能或成果發表整合專業學習。,市立內湖高工的學生專車目前沒有公開的路線、站點或申請資訊；一般捷運、臺鐵、公車與步行路線另列於「通勤資訊」。,搭捷運文湖線至「港墘站」，由「捷運港墘站（內湖高工）」站牌步行到校；222、247、267、28、681、紅2、藍7、內湖幹線等多線停靠。,市立內湖高工的一般高中部住宿目前沒有公開的校內宿舍申請、床位或收費方案；特定班級、專案或其他部別住宿另行區分。,https://www.google.com/maps/search/?api=1&query=114064+%E8%87%BA%E5%8C%97%E5%B8%82%E5%85%A7%E6%B9%96%E5%8D%80%E5%85%A7%E6%B9%96%E8%B7%AF%E4%B8%80%E6%AE%B5520%E8%99%9F,https://www.nihs.tp.edu.tw/uploads/1719909199584KuVGe1fo.pdf,https://www.nihs.tp.edu.tw/,https://pda5284.gov.taipei/MQS/stoplocation.jsp?slid=997,https://pda5284.gov.taipei/MQS/stoplocation.jsp?slid=997；https://www.google.com/maps/search/?api=1&query=114064+%E8%87%BA%E5%8C%97%E5%B8%82%E5%85%A7%E6%B9%96%E5%8D%80%E5%85%A7%E6%B9%96%E8%B7%AF%E4%B8%80%E6%AE%B5520%E8%99%9F,https://www.nihs.tp.edu.tw/,https://www.nihs.tp.edu.tw/,https://www.nihs.tp.edu.tw/uploads/1719909199584KuVGe1fo.pdf；https://www.nihs.tp.edu.tw/；https://pda5284.gov.taipei/MQS/stoplocation.jsp?slid=997；https://www.google.com/maps/search/?api=1&query=114064+%E8%87%BA%E5%8C%97%E5%B8%82%E5%85%A7%E6%B9%96%E5%8D%80%E5%85%A7%E6%B9%96%E8%B7%AF%E4%B8%80%E6%AE%B5520%E8%99%9F,2026-09-06
,353303,市立北一女中,公立,基北區,高中,女校,臺北市,中正區,臺北市中正區建國里重慶南路1段165號,http://www.fg.tp.edu.tw,(02)23820484,普通科(女):704,704,704,資優/特色班請依各校及基北區官方公告查詢,市立北一女中115學年度普通科課程以部定必修為基礎，並配置校訂必修、多元選修、自然與社會探究實作及自主學習；內容依該校115學年度課程計畫架構整理。,市立北一女中的主要實作學習包含自然科與社會領域探究實作、自主學習與學習成果；校訂課程、多元選修或特色班可再延伸為專題研究與成果發表。,市立北一女中的學生專車目前沒有公開的路線、站點或申請資訊；一般捷運、臺鐵、公車與步行路線另列於「通勤資訊」。,可由捷運「中正紀念堂站」、「台大醫院站」、「小南門站」步行前往；公車可在「北一女中」站下車，5、7、18、48、204、235、251、262、270等路線停靠。,市立北一女中的一般高中部住宿目前沒有公開的校內宿舍申請、床位或收費方案；特定班級、專案或其他部別住宿另行區分。,https://www.google.com/maps/search/?api=1&query=%E8%87%BA%E5%8C%97%E5%B8%82%E4%B8%AD%E6%AD%A3%E5%8D%80%E5%BB%BA%E5%9C%8B%E9%87%8C%E9%87%8D%E6%85%B6%E5%8D%97%E8%B7%AF1%E6%AE%B5165%E8%99%9F,https://www.fg.tp.edu.tw/office/div_300/section_310/課程總體計畫書/,http://www.fg.tp.edu.tw,https://www.fg.tp.edu.tw/wp-content/uploads/doc/curricula/113%E5%AD%B8%E6%A0%A1%E6%97%A5%E6%89%8B%E5%86%8A0919.pdf,https://www.fg.tp.edu.tw/wp-content/uploads/doc/curricula/113%E5%AD%B8%E6%A0%A1%E6%97%A5%E6%89%8B%E5%86%8A0919.pdf；https://www.google.com/maps/search/?api=1&query=%E8%87%BA%E5%8C%97%E5%B8%82%E4%B8%AD%E6%AD%A3%E5%8D%80%E5%BB%BA%E5%9C%8B%E9%87%8C%E9%87%8D%E6%85%B6%E5%8D%97%E8%B7%AF1%E6%AE%B5165%E8%99%9F,http://www.fg.tp.edu.tw,http://www.fg.tp.edu.tw,https://www.fg.tp.edu.tw/office/div_300/section_310/課程總體計畫書/；http://www.fg.tp.edu.tw；https://www.fg.tp.edu.tw/wp-content/uploads/doc/curricula/113%E5%AD%B8%E6%A0%A1%E6%97%A5%E6%89%8B%E5%86%8A0919.pdf；https://www.google.com/maps/search/?api=1&query=%E8%87%BA%E5%8C%97%E5%B8%82%E4%B8%AD%E6%AD%A3%E5%8D%80%E5%BB%BA%E5%9C%8B%E9%87%8C%E9%87%8D%E6%85%B6%E5%8D%97%E8%B7%AF1%E6%AE%B5165%E8%99%9F,2026-09-06
,373302,市立北市大附中,公立,基北區,綜高,男女兼收,臺北市,萬華區,108324 臺北市萬華區長順街2號,https://newweb.tlsh.tp.edu.tw/,(02)23026959,綜合高中:234,234,234,資優/特色班請依各校及基北區官方公告查詢,市立北市大附中：115學年度課程依校方課程計畫安排，涵蓋綜合高中；共同核心之外，依學程與選修方向配置校訂、多元選修及專業課程。,市立北市大附中：綜合高中等科別依115學年度課程計畫安排專業實習、實作與專題製作，並透過作品、技能或成果發表整合專業學習。,市立北市大附中的學生專車目前沒有公開的路線、站點或申請資訊；一般捷運、臺鐵、公車與步行路線另列於「通勤資訊」。,可搭臺鐵至「萬華站」後步行約10分鐘，或搭捷運板南線至「龍山寺站」後步行約15分鐘；公車1、18、907、38等可於「大理高中」站下車。,市立北市大附中的一般高中部住宿目前沒有公開的校內宿舍申請、床位或收費方案；特定班級、專案或其他部別住宿另行區分。,https://www.google.com/maps/search/?api=1&query=108324+%E8%87%BA%E5%8C%97%E5%B8%82%E8%90%AC%E8%8F%AF%E5%8D%80%E9%95%B7%E9%A0%86%E8%A1%972%E8%99%9F,https://courset.k12ea.gov.tw/courseinformation/indextea01.asp,https://newweb.tlsh.tp.edu.tw/,https://iplay.sports.gov.tw/GymInfo/Index/5113?PP=Traffic,https://iplay.sports.gov.tw/GymInfo/Index/5113?PP=Traffic；https://www.google.com/maps/search/?api=1&query=108324+%E8%87%BA%E5%8C%97%E5%B8%82%E8%90%AC%E8%8F%AF%E5%8D%80%E9%95%B7%E9%A0%86%E8%A1%972%E8%99%9F,https://newweb.tlsh.tp.edu.tw/,https://newweb.tlsh.tp.edu.tw/,https://courset.k12ea.gov.tw/courseinformation/indextea01.asp；https://newweb.tlsh.tp.edu.tw/；https://iplay.sports.gov.tw/GymInfo/Index/5113?PP=Traffic；https://www.google.com/maps/search/?api=1&query=108324+%E8%87%BA%E5%8C%97%E5%B8%82%E8%90%AC%E8%8F%AF%E5%8D%80%E9%95%B7%E9%A0%86%E8%A1%972%E8%99%9F,2026-09-06
,393301,市立南港高中,公立,基北區,高中,男女兼收,臺北市,南港區,臺北市南港區西新里向陽路21號,http://www.nksh.tp.edu.tw,(02)27837863,普通科:193,193,193,資優/特色班請依各校及基北區官方公告查詢,市立南港高中115學年度普通科課程以部定必修為基礎，並配置校訂必修、多元選修、自然與社會探究實作及自主學習；內容依該校115學年度課程計畫架構整理。,市立南港高中的主要實作學習包含自然科與社會領域探究實作、自主學習與學習成果；校訂課程、多元選修或特色班可再延伸為專題研究與成果發表。,市立南港高中的學生專車目前沒有公開的路線、站點或申請資訊；一般捷運、臺鐵、公車與步行路線另列於「通勤資訊」。,捷運板南線至「昆陽站」後可轉乘藍15，在「南港高中」站下車；亦可由南港車站方向轉乘沿向陽路行駛公車前往。,市立南港高中的一般高中部住宿目前沒有公開的校內宿舍申請、床位或收費方案；特定班級、專案或其他部別住宿另行區分。,https://www.google.com/maps/search/?api=1&query=%E8%87%BA%E5%8C%97%E5%B8%82%E5%8D%97%E6%B8%AF%E5%8D%80%E8%A5%BF%E6%96%B0%E9%87%8C%E5%90%91%E9%99%BD%E8%B7%AF21%E8%99%9F,https://www.nksh.tp.edu.tw/var/file/0/1000/attach/41/pta_27646_6543031_16484.pdf,http://www.nksh.tp.edu.tw,https://atis.taipei.gov.tw/aspx/businfomation/presentinfo.aspx?ddlName=%E8%97%8D15&lang=zh-Hant-TW,https://atis.taipei.gov.tw/aspx/businfomation/presentinfo.aspx?ddlName=%E8%97%8D15&lang=zh-Hant-TW；https://www.google.com/maps/search/?api=1&query=%E8%87%BA%E5%8C%97%E5%B8%82%E5%8D%97%E6%B8%AF%E5%8D%80%E8%A5%BF%E6%96%B0%E9%87%8C%E5%90%91%E9%99%BD%E8%B7%AF21%E8%99%9F,http://www.nksh.tp.edu.tw,http://www.nksh.tp.edu.tw,https://www.nksh.tp.edu.tw/var/file/0/1000/attach/41/pta_27646_6543031_16484.pdf；http://www.nksh.tp.edu.tw；https://atis.taipei.gov.tw/aspx/businfomation/presentinfo.aspx?ddlName=%E8%97%8D15&lang=zh-Hant-TW；https://www.google.com/maps/search/?api=1&query=%E8%87%BA%E5%8C%97%E5%B8%82%E5%8D%97%E6%B8%AF%E5%8D%80%E8%A5%BF%E6%96%B0%E9%87%8C%E5%90%91%E9%99%BD%E8%B7%AF21%E8%99%9F,2026-09-06
,393401,市立南港高工,公立,基北區,高職,男女兼收,臺北市,南港區,臺北市南港區南港里興中路29號,http://www.nkhs.tp.edu.tw,(02)27825432,汽車科:44；電子科:49；電機科:54；冷凍空調科:44；建築科:54；土木科:40；劇場藝術科:52；資訊科:72,409,409,資優/特色班請依各校及基北區官方公告查詢,市立南港高工：115學年度課程依各科課程計畫安排，主要科別包括汽車科、電子科、電機科、冷凍空調科、建築科、土木科、劇場藝術科、資訊科；各科結合專業理論、校訂課程與實習／實作學習。,市立南港高工：汽車科、電子科、電機科、冷凍空調科、建築科、土木科、劇場藝術科、資訊科等科別依115學年度課程計畫安排專業實習、實作與專題製作，並透過作品、技能或成果發表整合專業學習。,市立南港高工的學生專車目前沒有公開的路線、站點或申請資訊；一般捷運、臺鐵、公車與步行路線另列於「通勤資訊」。,搭臺鐵或捷運板南線至「南港站」，由車站北側往興中路方向步行前往；公車可利用「南港高工」或「南港行政中心」周邊站牌。,市立南港高工的一般高中部住宿目前沒有公開的校內宿舍申請、床位或收費方案；特定班級、專案或其他部別住宿另行區分。,https://www.google.com/maps/search/?api=1&query=%E8%87%BA%E5%8C%97%E5%B8%82%E5%8D%97%E6%B8%AF%E5%8D%80%E5%8D%97%E6%B8%AF%E9%87%8C%E8%88%88%E4%B8%AD%E8%B7%AF29%E8%99%9F,https://courset.k12ea.gov.tw/courseinformation/indextea01.asp,http://www.nkhs.tp.edu.tw,https://www.nkhs.tp.edu.tw/isc?cid=11844,https://www.nkhs.tp.edu.tw/isc?cid=11844；https://www.google.com/maps/search/?api=1&query=%E8%87%BA%E5%8C%97%E5%B8%82%E5%8D%97%E6%B8%AF%E5%8D%80%E5%8D%97%E6%B8%AF%E9%87%8C%E8%88%88%E4%B8%AD%E8%B7%AF29%E8%99%9F,http://www.nkhs.tp.edu.tw,http://www.nkhs.tp.edu.tw,https://courset.k12ea.gov.tw/courseinformation/indextea01.asp；http://www.nkhs.tp.edu.tw；https://www.nkhs.tp.edu.tw/isc?cid=11844；https://www.google.com/maps/search/?api=1&query=%E8%87%BA%E5%8C%97%E5%B8%82%E5%8D%97%E6%B8%AF%E5%8D%80%E5%8D%97%E6%B8%AF%E9%87%8C%E8%88%88%E4%B8%AD%E8%B7%AF29%E8%99%9F,2026-09-06
,403303,市立南湖高中,公立,基北區,高中,男女兼收,臺北市,內湖區,臺北市內湖區南湖里康寧路三段220號,http://www.nhush.tp.edu.tw,(02)26308889,普通科:442,442,442,資優/特色班請依各校及基北區官方公告查詢,市立南湖高中115學年度普通科課程以部定必修為基礎，並配置校訂必修、多元選修、自然與社會探究實作及自主學習；內容依該校115學年度課程計畫架構整理。,市立南湖高中的主要實作學習包含自然科與社會領域探究實作、自主學習與學習成果；校訂課程、多元選修或特色班可再延伸為專題研究與成果發表。,市立南湖高中的學生專車目前沒有公開的路線、站點或申請資訊；一般捷運、臺鐵、公車與步行路線另列於「通勤資訊」。,捷運文湖線至「東湖站」2號出口即可步行到校；公車可於「捷運東湖站（南湖高中）」下車，203、247等多線停靠。,市立南湖高中的一般高中部住宿目前沒有公開的校內宿舍申請、床位或收費方案；特定班級、專案或其他部別住宿另行區分。,https://www.google.com/maps/search/?api=1&query=%E8%87%BA%E5%8C%97%E5%B8%82%E5%85%A7%E6%B9%96%E5%8D%80%E5%8D%97%E6%B9%96%E9%87%8C%E5%BA%B7%E5%AF%A7%E8%B7%AF%E4%B8%89%E6%AE%B5220%E8%99%9F,https://www.nhush.tp.edu.tw/office/div_601/section_602/各項表單下載/,http://www.nhush.tp.edu.tw,https://www.nhush.tp.edu.tw/about/%E4%BA%A4%E9%80%9A%E8%B3%87%E8%A8%8A/,https://www.nhush.tp.edu.tw/about/%E4%BA%A4%E9%80%9A%E8%B3%87%E8%A8%8A/；https://www.google.com/maps/search/?api=1&query=%E8%87%BA%E5%8C%97%E5%B8%82%E5%85%A7%E6%B9%96%E5%8D%80%E5%8D%97%E6%B9%96%E9%87%8C%E5%BA%B7%E5%AF%A7%E8%B7%AF%E4%B8%89%E6%AE%B5220%E8%99%9F,http://www.nhush.tp.edu.tw,http://www.nhush.tp.edu.tw,https://www.nhush.tp.edu.tw/office/div_601/section_602/各項表單下載/；http://www.nhush.tp.edu.tw；https://www.nhush.tp.edu.tw/about/%E4%BA%A4%E9%80%9A%E8%B3%87%E8%A8%8A/；https://www.google.com/maps/search/?api=1&query=%E8%87%BA%E5%8C%97%E5%B8%82%E5%85%A7%E6%B9%96%E5%8D%80%E5%8D%97%E6%B9%96%E9%87%8C%E5%BA%B7%E5%AF%A7%E8%B7%AF%E4%B8%89%E6%AE%B5220%E8%99%9F,2026-09-06
,333301,市立和平高中,公立,基北區,高中,男女兼收,臺北市,大安區,106323 臺北市大安區臥龍街100號,https://www.hpsh.tp.edu.tw/,(02)27324300,普通科:321,321,321,資優/特色班請依各校及基北區官方公告查詢,普通型高中課程以「探索自我、關懷社會、國際視野、終身學習」等校本學生圖像為軸，搭配多元選修、微課程與自主學習。,市立和平高中以自主學習、探究實作、微課程與學習成果為主要實作形式，並透過校訂課程或多元選修發展專題與成果發表。,市立和平高中的學生專車目前沒有公開的路線、站點或申請資訊；一般捷運、臺鐵、公車與步行路線另列於「通勤資訊」。,公車可直接於「和平高中」站下車，905、紅57等路線停靠；亦可由捷運文湖線「六張犁站」轉乘公車到校。,市立和平高中的一般高中部住宿目前沒有公開的校內宿舍申請、床位或收費方案；特定班級、專案或其他部別住宿另行區分。,https://www.google.com/maps/search/?api=1&query=106323+%E8%87%BA%E5%8C%97%E5%B8%82%E5%A4%A7%E5%AE%89%E5%8D%80%E8%87%A5%E9%BE%8D%E8%A1%97100%E8%99%9F,https://admission.mail.hpsh.tp.edu.tw/,https://admission.mail.hpsh.tp.edu.tw/,https://atis.taipei.gov.tw/aspx/businfomation/presentinfo.aspx?ddlName=905&lang=zh-Hant-TW,https://atis.taipei.gov.tw/aspx/businfomation/presentinfo.aspx?ddlName=905&lang=zh-Hant-TW；https://www.google.com/maps/search/?api=1&query=106323+%E8%87%BA%E5%8C%97%E5%B8%82%E5%A4%A7%E5%AE%89%E5%8D%80%E8%87%A5%E9%BE%8D%E8%A1%97100%E8%99%9F,https://www.hpsh.tp.edu.tw/,https://www.hpsh.tp.edu.tw/,https://admission.mail.hpsh.tp.edu.tw/；https://atis.taipei.gov.tw/aspx/businfomation/presentinfo.aspx?ddlName=905&lang=zh-Hant-TW；https://www.google.com/maps/search/?api=1&query=106323+%E8%87%BA%E5%8C%97%E5%B8%82%E5%A4%A7%E5%AE%89%E5%8D%80%E8%87%A5%E9%BE%8D%E8%A1%97100%E8%99%9F；https://www.hpsh.tp.edu.tw/,2026-09-06
,413401,市立士林高商,公立,基北區,高職,男女兼收,臺北市,士林區,臺北市士林區後港里士商路150號,http://www.slhs.tp.edu.tw,(02)28313114,國際貿易科:96；會計事務科:48；資料處理科:48；應用英語科:72；廣告設計科:58；資訊科:11；商業經營科:2；商業經營科:15；國際貿易科:12；應用英語科:10,372,372,資優/特色班請依各校及基北區官方公告查詢,市立士林高商：115學年度課程依各科課程計畫安排，主要科別包括國際貿易科、會計事務科、資料處理科、應用英語科、廣告設計科、資訊科、商業經營科；各科結合專業理論、校訂課程與實習／實作學習。,市立士林高商：國際貿易科、會計事務科、資料處理科、應用英語科、廣告設計科、資訊科、商業經營科等科別依115學年度課程計畫安排專業實習、實作與專題製作，並透過作品、技能或成果發表整合專業學習。,市立士林高商的學生專車目前沒有公開的路線、站點或申請資訊；一般捷運、臺鐵、公車與步行路線另列於「通勤資訊」。,捷運淡水信義線至「士林站」1號出口，可步行約15分鐘，或轉乘255區、557、620、紅12、紅30至「士林高商」站。,市立士林高商的一般高中部住宿目前沒有公開的校內宿舍申請、床位或收費方案；特定班級、專案或其他部別住宿另行區分。,https://www.google.com/maps/search/?api=1&query=%E8%87%BA%E5%8C%97%E5%B8%82%E5%A3%AB%E6%9E%97%E5%8D%80%E5%BE%8C%E6%B8%AF%E9%87%8C%E5%A3%AB%E5%95%86%E8%B7%AF150%E8%99%9F,https://www.slhs.tp.edu.tw/other/course/%E9%80%B2%E4%BF%AE%E9%83%A8115%E5%AD%B8%E5%B9%B4%E5%BA%A6%E8%AA%B2%E7%A8%8B%E8%A8%88%E7%95%AB.pdf,http://www.slhs.tp.edu.tw,https://www.slhs.tp.edu.tw/content/index.aspx?sid=0106,https://www.slhs.tp.edu.tw/content/index.aspx?sid=0106；https://www.google.com/maps/search/?api=1&query=%E8%87%BA%E5%8C%97%E5%B8%82%E5%A3%AB%E6%9E%97%E5%8D%80%E5%BE%8C%E6%B8%AF%E9%87%8C%E5%A3%AB%E5%95%86%E8%B7%AF150%E8%99%9F,http://www.slhs.tp.edu.tw,http://www.slhs.tp.edu.tw,https://www.slhs.tp.edu.tw/other/course/%E9%80%B2%E4%BF%AE%E9%83%A8115%E5%AD%B8%E5%B9%B4%E5%BA%A6%E8%AA%B2%E7%A8%8B%E8%A8%88%E7%95%AB.pdf；http://www.slhs.tp.edu.tw；https://www.slhs.tp.edu.tw/content/index.aspx?sid=0106；https://www.google.com/maps/search/?api=1&query=%E8%87%BA%E5%8C%97%E5%B8%82%E5%A3%AB%E6%9E%97%E5%8D%80%E5%BE%8C%E6%B8%AF%E9%87%8C%E5%A3%AB%E5%95%86%E8%B7%AF150%E8%99%9F,2026-09-06
,343302,市立大同高中,公立,基北區,綜高,男女兼收,臺北市,中山區,臺北市中山區中央里長春路167號,http://www.ttsh.tp.edu.tw,(02)25054269,普通科:461；資訊科:41；資料處理科:41,543,543,資優/特色班請依各校及基北區官方公告查詢,115學年度課程依校方課程計畫安排，涵蓋普通科、資訊科、資料處理科；共同核心之外，依學程與選修方向配置校訂、多元選修及專業課程。,市立大同高中：普通科、資訊科、資料處理科等科別依115學年度課程計畫安排專業實習、實作與專題製作，並透過作品、技能或成果發表整合專業學習。,市立大同高中的學生專車目前沒有公開的路線、站點或申請資訊；一般捷運、臺鐵、公車與步行路線另列於「通勤資訊」。,捷運中和新蘆線至「行天宮站」2號出口，步行約3分鐘可到側門；亦可由「松江南京站」7號出口步行約5分鐘。,市立大同高中的一般高中部住宿目前沒有公開的校內宿舍申請、床位或收費方案；特定班級、專案或其他部別住宿另行區分。,https://www.google.com/maps/search/?api=1&query=%E8%87%BA%E5%8C%97%E5%B8%82%E4%B8%AD%E5%B1%B1%E5%8D%80%E4%B8%AD%E5%A4%AE%E9%87%8C%E9%95%B7%E6%98%A5%E8%B7%AF167%E8%99%9F,https://www.ttsh.tp.edu.tw/office/div_110/section_111/高中部課程計畫/,http://www.ttsh.tp.edu.tw,https://www.ttsh.tp.edu.tw/about/%E5%AD%B8%E6%A0%A1%E4%BD%8D%E7%BD%AE/,https://www.ttsh.tp.edu.tw/about/%E5%AD%B8%E6%A0%A1%E4%BD%8D%E7%BD%AE/；https://www.google.com/maps/search/?api=1&query=%E8%87%BA%E5%8C%97%E5%B8%82%E4%B8%AD%E5%B1%B1%E5%8D%80%E4%B8%AD%E5%A4%AE%E9%87%8C%E9%95%B7%E6%98%A5%E8%B7%AF167%E8%99%9F,http://www.ttsh.tp.edu.tw,http://www.ttsh.tp.edu.tw,https://www.ttsh.tp.edu.tw/office/div_110/section_111/高中部課程計畫/；http://www.ttsh.tp.edu.tw；https://www.ttsh.tp.edu.tw/about/%E5%AD%B8%E6%A0%A1%E4%BD%8D%E7%BD%AE/；https://www.google.com/maps/search/?api=1&query=%E8%87%BA%E5%8C%97%E5%B8%82%E4%B8%AD%E5%B1%B1%E5%8D%80%E4%B8%AD%E5%A4%AE%E9%87%8C%E9%95%B7%E6%98%A5%E8%B7%AF167%E8%99%9F,2026-09-06
,333401,市立大安高工,公立,基北區,高職,男女兼收,臺北市,大安區,臺北市大安區龍圖里復興南路2段52號,http://www.taivs.tp.edu.tw,(02)27091630,汽車科:56；資訊科:52；電子科:49；控制科:37；電機科:52；冷凍空調科:49；建築科:52；圖文傳播科:54；機械科:67；鑄造科:18；汽車科:9；電子科:9；電機科:9；建築科:9；圖文傳播科:9,531,531,資優/特色班請依各校及基北區官方公告查詢,市立大安高工：115學年度課程依各科課程計畫安排，主要科別包括汽車科、資訊科、電子科、控制科、電機科、冷凍空調科、建築科、圖文傳播科、機械科、鑄造科；各科結合專業理論、校訂課程與實習／實作學習。,市立大安高工：汽車科、資訊科、電子科、控制科、電機科、冷凍空調科、建築科、圖文傳播科、機械科、鑄造科等科別依115學年度課程計畫安排專業實習、實作與專題製作，並透過作品、技能或成果發表整合專業學習。,市立大安高工的學生專車目前沒有公開的路線、站點或申請資訊；一般捷運、臺鐵、公車與步行路線另列於「通勤資訊」。,捷運文湖線／淡水信義線至「大安站」，步行約3分鐘；公車可在「大安高工」站下車，74、278、685等路線停靠。,市立大安高工的一般高中部住宿目前沒有公開的校內宿舍申請、床位或收費方案；特定班級、專案或其他部別住宿另行區分。,https://www.google.com/maps/search/?api=1&query=%E8%87%BA%E5%8C%97%E5%B8%82%E5%A4%A7%E5%AE%89%E5%8D%80%E9%BE%8D%E5%9C%96%E9%87%8C%E5%BE%A9%E8%88%88%E5%8D%97%E8%B7%AF2%E6%AE%B552%E8%99%9F,https://www.taivs.tp.edu.tw/content?a=T0RESU5UUTBNVEExTURRPTVBek16Y1ROeGNsVGludGVseQ%3D%3D,http://www.taivs.tp.edu.tw,https://www.taivs.tp.edu.tw/content?a=T0RESU56STJORFl6TlRjPXpnek0wWVROeGNsVGludGVseQ%3D%3D&c=,https://www.taivs.tp.edu.tw/content?a=T0RESU56STJORFl6TlRjPXpnek0wWVROeGNsVGludGVseQ%3D%3D&c=；https://www.google.com/maps/search/?api=1&query=%E8%87%BA%E5%8C%97%E5%B8%82%E5%A4%A7%E5%AE%89%E5%8D%80%E9%BE%8D%E5%9C%96%E9%87%8C%E5%BE%A9%E8%88%88%E5%8D%97%E8%B7%AF2%E6%AE%B552%E8%99%9F,http://www.taivs.tp.edu.tw,http://www.taivs.tp.edu.tw,https://www.taivs.tp.edu.tw/content?a=T0RESU5UUTBNVEExTURRPTVBek16Y1ROeGNsVGludGVseQ%3D%3D；http://www.taivs.tp.edu.tw；https://www.taivs.tp.edu.tw/content?a=T0RESU56STJORFl6TlRjPXpnek0wWVROeGNsVGludGVseQ%3D%3D&c=；https://www.google.com/maps/search/?api=1&query=%E8%87%BA%E5%8C%97%E5%B8%82%E5%A4%A7%E5%AE%89%E5%8D%80%E9%BE%8D%E5%9C%96%E9%87%8C%E5%BE%A9%E8%88%88%E5%8D%97%E8%B7%AF2%E6%AE%B552%E8%99%9F,2026-09-06
,343303,市立大直高中,公立,基北區,高中,男女兼收,臺北市,中山區,臺北市中山區劍潭里北安路420號,http://www.dcsh.tp.edu.tw,(02)25334017,普通科:237,237,237,資優/特色班請依各校及基北區官方公告查詢,市立大直高中115學年度普通科課程以部定必修為基礎，並配置校訂必修、多元選修、自然與社會探究實作及自主學習；內容依該校115學年度課程計畫架構整理。,市立大直高中的主要實作學習包含自然科與社會領域探究實作、自主學習與學習成果；校訂課程、多元選修或特色班可再延伸為專題研究與成果發表。,市立大直高中的學生專車目前沒有公開的路線、站點或申請資訊；一般捷運、臺鐵、公車與步行路線另列於「通勤資訊」。,捷運文湖線至「大直站」2號出口，步行約5分鐘；公車可於「大直高中」站下車，208、247、267、556、646、902、紅2、紅3、內湖幹線等停靠。,市立大直高中的一般高中部住宿目前沒有公開的校內宿舍申請、床位或收費方案；特定班級、專案或其他部別住宿另行區分。,https://www.google.com/maps/search/?api=1&query=%E8%87%BA%E5%8C%97%E5%B8%82%E4%B8%AD%E5%B1%B1%E5%8D%80%E5%8A%8D%E6%BD%AD%E9%87%8C%E5%8C%97%E5%AE%89%E8%B7%AF420%E8%99%9F,https://d8.dcsh.tp.edu.tw/sites/default/files/user/dcsh126/%E5%82%99%E6%9F%A5/343303_%E5%B8%82%E7%AB%8B%E5%A4%A7%E7%9B%B4%E9%AB%98%E4%B8%AD_110%E8%AA%B2%E7%A8%8B%E8%A8%88%E7%95%AB_1110122.pdf,http://www.dcsh.tp.edu.tw,https://www.dcsh.tp.edu.tw/about/%E5%9C%B0%E7%90%86%E4%BA%A4%E9%80%9A/,https://www.dcsh.tp.edu.tw/about/%E5%9C%B0%E7%90%86%E4%BA%A4%E9%80%9A/；https://www.google.com/maps/search/?api=1&query=%E8%87%BA%E5%8C%97%E5%B8%82%E4%B8%AD%E5%B1%B1%E5%8D%80%E5%8A%8D%E6%BD%AD%E9%87%8C%E5%8C%97%E5%AE%89%E8%B7%AF420%E8%99%9F,http://www.dcsh.tp.edu.tw,http://www.dcsh.tp.edu.tw,https://d8.dcsh.tp.edu.tw/sites/default/files/user/dcsh126/%E5%82%99%E6%9F%A5/343303_%E5%B8%82%E7%AB%8B%E5%A4%A7%E7%9B%B4%E9%AB%98%E4%B8%AD_110%E8%AA%B2%E7%A8%8B%E8%A8%88%E7%95%AB_1110122.pdf；http://www.dcsh.tp.edu.tw；https://www.dcsh.tp.edu.tw/about/%E5%9C%B0%E7%90%86%E4%BA%A4%E9%80%9A/；https://www.google.com/maps/search/?api=1&query=%E8%87%BA%E5%8C%97%E5%B8%82%E4%B8%AD%E5%B1%B1%E5%8D%80%E5%8A%8D%E6%BD%AD%E9%87%8C%E5%8C%97%E5%AE%89%E8%B7%AF420%E8%99%9F,2026-09-06
,353301,市立建國中學,公立,基北區,高中,男女兼收,臺北市,中正區,臺北市中正區龍光里南海路56號,http://www.ck.tp.edu.tw,(02)23034381,普通科(男):840,840,840,資優/特色班請依各校及基北區官方公告查詢,市立建國中學115學年度普通科課程以部定必修為基礎，並配置校訂必修、多元選修、自然與社會探究實作及自主學習；內容依該校115學年度課程計畫架構整理。,市立建國中學的主要實作學習包含自然科與社會領域探究實作、自主學習與學習成果；校訂課程、多元選修或特色班可再延伸為專題研究與成果發表。,市立建國中學的學生專車目前沒有公開的路線、站點或申請資訊；一般捷運、臺鐵、公車與步行路線另列於「通勤資訊」。,捷運松山新店線至「小南門站」3號出口，穿越植物園方向步行約6分鐘；亦可由「中正紀念堂站」步行約8至15分鐘；公車可於「建國中學」站搭1、204、630等路線。,市立建國中學的一般高中部住宿目前沒有公開的校內宿舍申請、床位或收費方案；特定班級、專案或其他部別住宿另行區分。,https://www.google.com/maps/search/?api=1&query=%E8%87%BA%E5%8C%97%E5%B8%82%E4%B8%AD%E6%AD%A3%E5%8D%80%E9%BE%8D%E5%85%89%E9%87%8C%E5%8D%97%E6%B5%B7%E8%B7%AF56%E8%99%9F,https://courset.k12ea.gov.tw/courseinformation/indextea01.asp,http://www.ck.tp.edu.tw,https://www.ntcri.gov.tw/home/zh-tw/traffic,https://www.ntcri.gov.tw/home/zh-tw/traffic；https://www.google.com/maps/search/?api=1&query=%E8%87%BA%E5%8C%97%E5%B8%82%E4%B8%AD%E6%AD%A3%E5%8D%80%E9%BE%8D%E5%85%89%E9%87%8C%E5%8D%97%E6%B5%B7%E8%B7%AF56%E8%99%9F,http://www.ck.tp.edu.tw,http://www.ck.tp.edu.tw,https://courset.k12ea.gov.tw/courseinformation/indextea01.asp；http://www.ck.tp.edu.tw；https://www.ntcri.gov.tw/home/zh-tw/traffic；https://www.google.com/maps/search/?api=1&query=%E8%87%BA%E5%8C%97%E5%B8%82%E4%B8%AD%E6%AD%A3%E5%8D%80%E9%BE%8D%E5%85%89%E9%87%8C%E5%8D%97%E6%B5%B7%E8%B7%AF56%E8%99%9F,2026-09-06
,423301,市立復興高中,公立,基北區,高中,男女兼收,臺北市,北投區,臺北市北投區開明里復興四路70號,http://www.fhsh.tp.edu.tw,(02)28914131,普通科:381,381,381,資優/特色班請依各校及基北區官方公告查詢,市立復興高中115學年度普通科課程以部定必修為基礎，並配置校訂必修、多元選修、自然與社會探究實作及自主學習；內容依該校115學年度課程計畫架構整理。,市立復興高中的主要實作學習包含自然科與社會領域探究實作、自主學習與學習成果；校訂課程、多元選修或特色班可再延伸為專題研究與成果發表。,市立復興高中的學生專車目前沒有公開的路線、站點或申請資訊；一般捷運、臺鐵、公車與步行路線另列於「通勤資訊」。,可由捷運「北投站」轉乘218至「復興中學」，或由「新北投站」轉乘216、223、266；小6可到校門周邊。,校方生活輔導組於2026-08-14公告115學年度第一學期男女宿舍核准名單，並載明住宿生入住日期、床位由舍監安排及晚間點名規定；可確認115-1有男女宿舍住宿制度。,https://www.google.com/maps/search/?api=1&query=%E8%87%BA%E5%8C%97%E5%B8%82%E5%8C%97%E6%8A%95%E5%8D%80%E9%96%8B%E6%98%8E%E9%87%8C%E5%BE%A9%E8%88%88%E5%9B%9B%E8%B7%AF70%E8%99%9F,https://courset.k12ea.gov.tw/courseinformation/indexStu01.asp,http://www.fhsh.tp.edu.tw,https://www.fhsh.tp.edu.tw/about/%E4%BA%A4%E9%80%9A%E8%B3%87%E8%A8%8A/,https://www.fhsh.tp.edu.tw/about/%E4%BA%A4%E9%80%9A%E8%B3%87%E8%A8%8A/；https://www.google.com/maps/search/?api=1&query=%E8%87%BA%E5%8C%97%E5%B8%82%E5%8C%97%E6%8A%95%E5%8D%80%E9%96%8B%E6%98%8E%E9%87%8C%E5%BE%A9%E8%88%88%E5%9B%9B%E8%B7%AF70%E8%99%9F,https://www.fhsh.tp.edu.tw/news/臺北市立復興高中115學年度第一學期男女宿舍核准/,http://www.fhsh.tp.edu.tw,https://courset.k12ea.gov.tw/courseinformation/indexStu01.asp；http://www.fhsh.tp.edu.tw；https://www.fhsh.tp.edu.tw/about/%E4%BA%A4%E9%80%9A%E8%B3%87%E8%A8%8A/；https://www.google.com/maps/search/?api=1&query=%E8%87%BA%E5%8C%97%E5%B8%82%E5%8C%97%E6%8A%95%E5%8D%80%E9%96%8B%E6%98%8E%E9%87%8C%E5%BE%A9%E8%88%88%E5%9B%9B%E8%B7%AF70%E8%99%9F；https://www.fhsh.tp.edu.tw/news/臺北市立復興高中115學年度第一學期男女宿舍核准/,2026-09-06
,353302,市立成功中學,公立,基北區,高中,男女兼收,臺北市,中正區,臺北市中正區幸福里濟南路1段71號,http://www.cksh.tp.edu.tw,(02)23216256,普通科(男):641,641,641,資優/特色班請依各校及基北區官方公告查詢,市立成功中學115學年度普通科課程以部定必修為基礎，並配置校訂必修、多元選修、自然與社會探究實作及自主學習；內容依該校115學年度課程計畫架構整理。,市立成功中學的主要實作學習包含自然科與社會領域探究實作、自主學習與學習成果；校訂課程、多元選修或特色班可再延伸為專題研究與成果發表。,市立成功中學的學生專車目前沒有公開的路線、站點或申請資訊；一般捷運、臺鐵、公車與步行路線另列於「通勤資訊」。,捷運板南線至「善導寺站」3號出口後步行前往成功高中；校方交通頁另列校門周邊公車站與路線。,市立成功中學的一般高中部住宿目前沒有公開的校內宿舍申請、床位或收費方案；特定班級、專案或其他部別住宿另行區分。,https://www.google.com/maps/search/?api=1&query=%E8%87%BA%E5%8C%97%E5%B8%82%E4%B8%AD%E6%AD%A3%E5%8D%80%E5%B9%B8%E7%A6%8F%E9%87%8C%E6%BF%9F%E5%8D%97%E8%B7%AF1%E6%AE%B571%E8%99%9F,https://www.cksh.tp.edu.tw/office/div_211/section_212/課程總體計劃書/,http://www.cksh.tp.edu.tw,https://www.cksh.tp.edu.tw/about/%E5%9C%B0%E7%90%86%E4%BA%A4%E9%80%9A/,https://www.cksh.tp.edu.tw/about/%E5%9C%B0%E7%90%86%E4%BA%A4%E9%80%9A/；https://www.google.com/maps/search/?api=1&query=%E8%87%BA%E5%8C%97%E5%B8%82%E4%B8%AD%E6%AD%A3%E5%8D%80%E5%B9%B8%E7%A6%8F%E9%87%8C%E6%BF%9F%E5%8D%97%E8%B7%AF1%E6%AE%B571%E8%99%9F,http://www.cksh.tp.edu.tw,http://www.cksh.tp.edu.tw,https://www.cksh.tp.edu.tw/office/div_211/section_212/課程總體計劃書/；http://www.cksh.tp.edu.tw；https://www.cksh.tp.edu.tw/about/%E5%9C%B0%E7%90%86%E4%BA%A4%E9%80%9A/；https://www.google.com/maps/search/?api=1&query=%E8%87%BA%E5%8C%97%E5%B8%82%E4%B8%AD%E6%AD%A3%E5%8D%80%E5%B9%B8%E7%A6%8F%E9%87%8C%E6%BF%9F%E5%8D%97%E8%B7%AF1%E6%AE%B571%E8%99%9F,2026-09-06
,363302,市立成淵高中,公立,基北區,高中,男女兼收,臺北市,大同區,103345 臺北市大同區承德路二段235號,https://www.cyhs.tp.edu.tw/,(02)25531969,普通科:295,295,295,資優/特色班請依各校及基北區官方公告查詢,市立成淵高中115學年度普通科課程以部定必修為基礎，並配置校訂必修、多元選修、自然與社會探究實作及自主學習；內容依該校115學年度課程計畫架構整理。,市立成淵高中的主要實作學習包含自然科與社會領域探究實作、自主學習與學習成果；校訂課程、多元選修或特色班可再延伸為專題研究與成果發表。,市立成淵高中的學生專車目前沒有公開的路線、站點或申請資訊；一般捷運、臺鐵、公車與步行路線另列於「通勤資訊」。,捷運淡水信義線／中和新蘆線至「民權西路站」，2號出口位於成淵高中後方；紅29、民權幹線等公車亦停靠「成淵高中」。,市立成淵高中的一般高中部住宿目前沒有公開的校內宿舍申請、床位或收費方案；特定班級、專案或其他部別住宿另行區分。,https://www.google.com/maps/search/?api=1&query=103345+%E8%87%BA%E5%8C%97%E5%B8%82%E5%A4%A7%E5%90%8C%E5%8D%80%E6%89%BF%E5%BE%B7%E8%B7%AF%E4%BA%8C%E6%AE%B5235%E8%99%9F,https://courset.k12ea.gov.tw/courseinformation/indextea01.asp,https://www.cyhs.tp.edu.tw/,https://web.metro.taipei/pages2026/WebStation/055/1,https://web.metro.taipei/pages2026/WebStation/055/1；https://www.google.com/maps/search/?api=1&query=103345+%E8%87%BA%E5%8C%97%E5%B8%82%E5%A4%A7%E5%90%8C%E5%8D%80%E6%89%BF%E5%BE%B7%E8%B7%AF%E4%BA%8C%E6%AE%B5235%E8%99%9F,https://www.cyhs.tp.edu.tw/,https://www.cyhs.tp.edu.tw/,https://courset.k12ea.gov.tw/courseinformation/indextea01.asp；https://www.cyhs.tp.edu.tw/；https://web.metro.taipei/pages2026/WebStation/055/1；https://www.google.com/maps/search/?api=1&query=103345+%E8%87%BA%E5%8C%97%E5%B8%82%E5%A4%A7%E5%90%8C%E5%8D%80%E6%89%BF%E5%BE%B7%E8%B7%AF%E4%BA%8C%E6%AE%B5235%E8%99%9F,2026-09-06
,363301,市立明倫高中,公立,基北區,高中,男女兼收,臺北市,大同區,103332 臺北市大同區承德路三段336號,https://www.mlsh.tp.edu.tw/nss/p/index,(02)25961567,普通科:428,428,428,資優/特色班請依各校及基北區官方公告查詢,市立明倫高中115學年度普通科課程以部定必修為基礎，並配置校訂必修、多元選修、自然與社會探究實作及自主學習；內容依該校115學年度課程計畫架構整理。,市立明倫高中的主要實作學習包含自然科與社會領域探究實作、自主學習與學習成果；校訂課程、多元選修或特色班可再延伸為專題研究與成果發表。,市立明倫高中的學生專車目前沒有公開的路線、站點或申請資訊；一般捷運、臺鐵、公車與步行路線另列於「通勤資訊」。,捷運淡水信義線至「圓山站」，步行約4至5分鐘可到明倫高中；亦可搭公車至「明倫高中」或「庫倫街口」站。,市立明倫高中的一般高中部住宿目前沒有公開的校內宿舍申請、床位或收費方案；特定班級、專案或其他部別住宿另行區分。,https://www.google.com/maps/search/?api=1&query=103332+%E8%87%BA%E5%8C%97%E5%B8%82%E5%A4%A7%E5%90%8C%E5%8D%80%E6%89%BF%E5%BE%B7%E8%B7%AF%E4%B8%89%E6%AE%B5336%E8%99%9F,https://courset.k12ea.gov.tw/courseinformation/indextea01.asp,https://www.mlsh.tp.edu.tw/nss/p/index,https://www.mlsh.tp.edu.tw/nss/main/freeze/5abf2d62aa93092cee58ceb4/peazTu48090/67d37cf638d50302caf999b6,https://www.mlsh.tp.edu.tw/nss/main/freeze/5abf2d62aa93092cee58ceb4/peazTu48090/67d37cf638d50302caf999b6；https://www.google.com/maps/search/?api=1&query=103332+%E8%87%BA%E5%8C%97%E5%B8%82%E5%A4%A7%E5%90%8C%E5%8D%80%E6%89%BF%E5%BE%B7%E8%B7%AF%E4%B8%89%E6%AE%B5336%E8%99%9F,https://www.mlsh.tp.edu.tw/nss/p/index,https://www.mlsh.tp.edu.tw/nss/p/index,https://courset.k12ea.gov.tw/courseinformation/indextea01.asp；https://www.mlsh.tp.edu.tw/nss/p/index；https://www.mlsh.tp.edu.tw/nss/main/freeze/5abf2d62aa93092cee58ceb4/peazTu48090/67d37cf638d50302caf999b6；https://www.google.com/maps/search/?api=1&query=103332+%E8%87%BA%E5%8C%97%E5%B8%82%E5%A4%A7%E5%90%8C%E5%8D%80%E6%89%BF%E5%BE%B7%E8%B7%AF%E4%B8%89%E6%AE%B5336%E8%99%9F,2026-09-06
,383301,市立景美女中,公立,基北區,高中,女校,臺北市,文山區,臺北市文山區樟文里木新路三段312號,http://www.cmgsh.tp.edu.tw,(02)29368847,普通科(女):461,461,461,資優/特色班請依各校及基北區官方公告查詢,市立景美女中115學年度普通科課程以部定必修為基礎，並配置校訂必修、多元選修、自然與社會探究實作及自主學習；內容依該校115學年度課程計畫架構整理。,市立景美女中的主要實作學習包含自然科與社會領域探究實作、自主學習與學習成果；校訂課程、多元選修或特色班可再延伸為專題研究與成果發表。,有專車；115學年度校方交通資訊列有「包租式專車」與「學生公車」兩類校車服務。,可搭671、綠2左或綠2右至「景美女中」站。由捷運公館站可轉671；由捷運萬芳醫院站可轉綠2左／綠2右前往景美女中。,市立景美女中的一般高中部住宿目前沒有公開的校內宿舍申請、床位或收費方案；特定班級、專案或其他部別住宿另行區分。,https://www.google.com/maps/search/?api=1&query=%E8%87%BA%E5%8C%97%E5%B8%82%E6%96%87%E5%B1%B1%E5%8D%80%E6%A8%9F%E6%96%87%E9%87%8C%E6%9C%A8%E6%96%B0%E8%B7%AF%E4%B8%89%E6%AE%B5312%E8%99%9F,https://courset.k12ea.gov.tw/courseinformation/indextea01.asp,http://www.cmgsh.tp.edu.tw,https://www.cmgsh.tp.edu.tw/nss/s/freshman/Traffic,https://www.cmgsh.tp.edu.tw/nss/s/freshman/Traffic；https://www.google.com/maps/search/?api=1&query=%E8%87%BA%E5%8C%97%E5%B8%82%E6%96%87%E5%B1%B1%E5%8D%80%E6%A8%9F%E6%96%87%E9%87%8C%E6%9C%A8%E6%96%B0%E8%B7%AF%E4%B8%89%E6%AE%B5312%E8%99%9F；https://ebus.gov.taipei/EBus/VsSimpleMap?rid=10736&sec=1；https://ebus.gov.taipei/EBus/VsSimpleMap?routeid=0413000270,http://www.cmgsh.tp.edu.tw,http://www.cmgsh.tp.edu.tw,https://courset.k12ea.gov.tw/courseinformation/indextea01.asp；http://www.cmgsh.tp.edu.tw；https://www.cmgsh.tp.edu.tw/nss/s/freshman/Traffic；https://www.google.com/maps/search/?api=1&query=%E8%87%BA%E5%8C%97%E5%B8%82%E6%96%87%E5%B1%B1%E5%8D%80%E6%A8%9F%E6%96%87%E9%87%8C%E6%9C%A8%E6%96%B0%E8%B7%AF%E4%B8%89%E6%AE%B5312%E8%99%9F,2026-09-06
,383401,市立木柵高工,公立,基北區,高職,男女兼收,臺北市,文山區,臺北市文山區博嘉里木柵路四段77號,http://www.mcvs.tp.edu.tw,(02)22300506,配管科:18；模具科:27；製圖科:44；電子科:52；電機科:49；冷凍空調科:20；多媒體設計科:49；機械科:54；鑄造科:17；模具科:40,370,370,資優/特色班請依各校及基北區官方公告查詢,市立木柵高工：115學年度課程依各科課程計畫安排，主要科別包括配管科、模具科、製圖科、電子科、電機科、冷凍空調科、多媒體設計科、機械科、鑄造科；各科結合專業理論、校訂課程與實習／實作學習。,市立木柵高工：配管科、模具科、製圖科、電子科、電機科、冷凍空調科、多媒體設計科、機械科、鑄造科等科別依115學年度課程計畫安排專業實習、實作與專題製作，並透過作品、技能或成果發表整合專業學習。,有專車；校方設有「學校專車資訊」並列學生專車路線。,一般通勤亦可搭捷運文湖線至「木柵站」，或使用木柵路沿線公車到校。,市立木柵高工的一般高中部住宿目前沒有公開的校內宿舍申請、床位或收費方案；特定班級、專案或其他部別住宿另行區分。,https://www.google.com/maps/search/?api=1&query=%E8%87%BA%E5%8C%97%E5%B8%82%E6%96%87%E5%B1%B1%E5%8D%80%E5%8D%9A%E5%98%89%E9%87%8C%E6%9C%A8%E6%9F%B5%E8%B7%AF%E5%9B%9B%E6%AE%B577%E8%99%9F,https://www.mcvs.tp.edu.tw/Restaurant-Service/content?a=T0RESU1qQTNNakF3T0RNPTJjRE53QXpOeGNsVGludGVseQ%3D%3D,http://www.mcvs.tp.edu.tw,https://www.mcvs.tp.edu.tw/Military/content?a=T0RESU16TXlNVGMwTlRNPXpJek54a2pOeGNsVGludGVseQ%3D%3D,https://www.mcvs.tp.edu.tw/Military/content?a=T0RESU16TXlNVGMwTlRNPXpJek54a2pOeGNsVGludGVseQ%3D%3D；https://www.google.com/maps/search/?api=1&query=%E8%87%BA%E5%8C%97%E5%B8%82%E6%96%87%E5%B1%B1%E5%8D%80%E5%8D%9A%E5%98%89%E9%87%8C%E6%9C%A8%E6%9F%B5%E8%B7%AF%E5%9B%9B%E6%AE%B577%E8%99%9F,http://www.mcvs.tp.edu.tw,http://www.mcvs.tp.edu.tw,https://www.mcvs.tp.edu.tw/Restaurant-Service/content?a=T0RESU1qQTNNakF3T0RNPTJjRE53QXpOeGNsVGludGVseQ%3D%3D；http://www.mcvs.tp.edu.tw；https://www.mcvs.tp.edu.tw/Military/content?a=T0RESU16TXlNVGMwTlRNPXpJek54a2pOeGNsVGludGVseQ%3D%3D；https://www.google.com/maps/search/?api=1&query=%E8%87%BA%E5%8C%97%E5%B8%82%E6%96%87%E5%B1%B1%E5%8D%80%E5%8D%9A%E5%98%89%E9%87%8C%E6%9C%A8%E6%9F%B5%E8%B7%AF%E5%9B%9B%E6%AE%B577%E8%99%9F,2026-09-06
,323401,市立松山家商,公立,基北區,綜高,男女兼收,臺北市,信義區,臺北市信義區松隆里松山路655號,http://www.ssvs.tp.edu.tw,(02)27261118,商業經營科:102；國際貿易科:77；會計事務科:26；資料處理科:51；應用英語科:51；廣告設計科:77；室內設計科:51；綜合高中:81；機械科:48,564,564,資優/特色班請依各校及基北區官方公告查詢,115學年度課程依校方課程計畫安排，涵蓋商業經營科、國際貿易科、會計事務科、資料處理科、應用英語科、廣告設計科、室內設計科、綜合高中、機械科；共同核心之外，依學程與選修方向配置校訂、多元選修及專業課程。,市立松山家商：商業經營科、國際貿易科、會計事務科、資料處理科、應用英語科、廣告設計科、室內設計科、綜合高中、機械科等科別依115學年度課程計畫安排專業實習、實作與專題製作，並透過作品、技能或成果發表整合專業學習。,市立松山家商的學生專車目前沒有公開的路線、站點或申請資訊；一般捷運、臺鐵、公車與步行路線另列於「通勤資訊」。,捷運板南線至「永春站」4號出口，沿松山路步行約10分鐘；亦可搭33、46、207、257、277、286、299、信義幹線至「松山商職」站。,市立松山家商的一般高中部住宿目前沒有公開的校內宿舍申請、床位或收費方案；特定班級、專案或其他部別住宿另行區分。,https://www.google.com/maps/search/?api=1&query=%E8%87%BA%E5%8C%97%E5%B8%82%E4%BF%A1%E7%BE%A9%E5%8D%80%E6%9D%BE%E9%9A%86%E9%87%8C%E6%9D%BE%E5%B1%B1%E8%B7%AF655%E8%99%9F,https://www.ssvs.tp.edu.tw/static/webroot/G175876540041140/application/NW177310866626032.pdf,http://www.ssvs.tp.edu.tw,https://www.ssvs.tp.edu.tw/,https://www.ssvs.tp.edu.tw/；https://www.google.com/maps/search/?api=1&query=%E8%87%BA%E5%8C%97%E5%B8%82%E4%BF%A1%E7%BE%A9%E5%8D%80%E6%9D%BE%E9%9A%86%E9%87%8C%E6%9D%BE%E5%B1%B1%E8%B7%AF655%E8%99%9F,http://www.ssvs.tp.edu.tw,http://www.ssvs.tp.edu.tw,https://www.ssvs.tp.edu.tw/static/webroot/G175876540041140/application/NW177310866626032.pdf；http://www.ssvs.tp.edu.tw；https://www.ssvs.tp.edu.tw/；https://www.google.com/maps/search/?api=1&query=%E8%87%BA%E5%8C%97%E5%B8%82%E4%BF%A1%E7%BE%A9%E5%8D%80%E6%9D%BE%E9%9A%86%E9%87%8C%E6%9D%BE%E5%B1%B1%E8%B7%AF655%E8%99%9F,2026-09-06
,323402,市立松山工農,公立,基北區,綜高,男女兼收,臺北市,信義區,110070 臺北市信義區忠孝東路五段236巷15號,https://www.saihs.edu.tw/,(02)27226616,汽車科:48；資訊科:50；電子科:50；電機科:50；化工科:48；園藝科:44；食品加工科:48；綜合高中:124；機械科:54；電腦機械製圖科:56,572,572,資優/特色班請依各校及基北區官方公告查詢,115學年度課程依校方課程計畫安排，涵蓋汽車科、資訊科、電子科、電機科、化工科、園藝科、食品加工科、綜合高中、機械科、電腦機械製圖科；共同核心之外，依學程與選修方向配置校訂、多元選修及專業課程。,市立松山工農：汽車科、資訊科、電子科、電機科、化工科、園藝科、食品加工科、綜合高中、機械科、電腦機械製圖科等科別依115學年度課程計畫安排專業實習、實作與專題製作，並透過作品、技能或成果發表整合專業學習。,市立松山工農的學生專車目前沒有公開的路線、站點或申請資訊；一般捷運、臺鐵、公車與步行路線另列於「通勤資訊」。,捷運板南線至「永春站」2號出口或「市政府站」3號出口，步行約5至7分鐘；公車可於「市立工農」站下車。,市立松山工農的一般高中部住宿目前沒有公開的校內宿舍申請、床位或收費方案；特定班級、專案或其他部別住宿另行區分。,https://www.google.com/maps/search/?api=1&query=110070+%E8%87%BA%E5%8C%97%E5%B8%82%E4%BF%A1%E7%BE%A9%E5%8D%80%E5%BF%A0%E5%AD%9D%E6%9D%B1%E8%B7%AF%E4%BA%94%E6%AE%B5236%E5%B7%B715%E8%99%9F,https://www.saihs.edu.tw/nss/p/00215,https://www.saihs.edu.tw/,https://iplay.sports.gov.tw/GymInfo/Index/5863?PP=Traffic,https://iplay.sports.gov.tw/GymInfo/Index/5863?PP=Traffic；https://www.google.com/maps/search/?api=1&query=110070+%E8%87%BA%E5%8C%97%E5%B8%82%E4%BF%A1%E7%BE%A9%E5%8D%80%E5%BF%A0%E5%AD%9D%E6%9D%B1%E8%B7%AF%E4%BA%94%E6%AE%B5236%E5%B7%B715%E8%99%9F,https://www.saihs.edu.tw/,https://www.saihs.edu.tw/,https://www.saihs.edu.tw/nss/p/00215；https://www.saihs.edu.tw/；https://iplay.sports.gov.tw/GymInfo/Index/5863?PP=Traffic；https://www.google.com/maps/search/?api=1&query=110070+%E8%87%BA%E5%8C%97%E5%B8%82%E4%BF%A1%E7%BE%A9%E5%8D%80%E5%BF%A0%E5%AD%9D%E6%9D%B1%E8%B7%AF%E4%BA%94%E6%AE%B5236%E5%B7%B715%E8%99%9F,2026-09-06
,323301,市立松山高中,公立,基北區,高中,男女兼收,臺北市,信義區,110058 臺北市信義區基隆路一段156號,https://www.sssh.tp.edu.tw/,(02)27535968,男(7):7；女(6):6,13,13,資優/特色班請依各校及基北區官方公告查詢,市立松山高中115學年度普通高中課程以部定必修為基礎，並安排校訂必修、多元選修、自然與社會探究實作、自主學習及彈性學習；課程內容依該校115學年度課程計畫架構整理。,市立松山高中的實作學習以自然與社會領域探究實作、自主學習、校訂課程與學習成果為主，並透過研究、微課程或成果發表累積專題型學習經驗。,市立松山高中的學生專車目前沒有公開的路線、站點或申請資訊；一般捷運、臺鐵、公車與步行路線另列於「通勤資訊」。,捷運板南線至「市政府站」1號出口，步行約10分鐘至松山高中；由松山車站亦可轉乘286等公車至「松山高中」站。,市立松山高中的一般高中部住宿目前沒有公開的校內宿舍申請、床位或收費方案；特定班級、專案或其他部別住宿另行區分。,https://www.google.com/maps/search/?api=1&query=110058+%E8%87%BA%E5%8C%97%E5%B8%82%E4%BF%A1%E7%BE%A9%E5%8D%80%E5%9F%BA%E9%9A%86%E8%B7%AF%E4%B8%80%E6%AE%B5156%E8%99%9F,https://courset.k12ea.gov.tw/courseinformation/indextea01.asp,https://www.sssh.tp.edu.tw/,https://www.sssh.tp.edu.tw/,https://www.sssh.tp.edu.tw/；https://www.google.com/maps/search/?api=1&query=110058+%E8%87%BA%E5%8C%97%E5%B8%82%E4%BF%A1%E7%BE%A9%E5%8D%80%E5%9F%BA%E9%9A%86%E8%B7%AF%E4%B8%80%E6%AE%B5156%E8%99%9F,https://www.sssh.tp.edu.tw/,https://www.sssh.tp.edu.tw/,https://courset.k12ea.gov.tw/courseinformation/indextea01.asp；https://www.sssh.tp.edu.tw/；https://www.google.com/maps/search/?api=1&query=110058+%E8%87%BA%E5%8C%97%E5%B8%82%E4%BF%A1%E7%BE%A9%E5%8D%80%E5%9F%BA%E9%9A%86%E8%B7%AF%E4%B8%80%E6%AE%B5156%E8%99%9F,2026-09-06
,323302,市立永春高中,公立,基北區,高中,男女兼收,臺北市,信義區,臺北市信義區松隆里松山路654號,http://www.ycsh.tp.edu.tw,(02)27272983,普通科:419,419,419,資優/特色班請依各校及基北區官方公告查詢,市立永春高中115學年度普通科課程以部定必修為基礎，並配置校訂必修、多元選修、自然與社會探究實作及自主學習；內容依該校115學年度課程計畫架構整理。,市立永春高中的主要實作學習包含自然科與社會領域探究實作、自主學習與學習成果；校訂課程、多元選修或特色班可再延伸為專題研究與成果發表。,市立永春高中的學生專車目前沒有公開的路線、站點或申請資訊；一般捷運、臺鐵、公車與步行路線另列於「通勤資訊」。,可搭20、33、299或286至「永春高中」站；由捷運象山站2號出口可轉20或33，由捷運永春站可轉299，松山車站也可轉299前往學校。,市立永春高中的一般高中部住宿目前沒有公開的校內宿舍申請、床位或收費方案；特定班級、專案或其他部別住宿另行區分。,https://www.google.com/maps/search/?api=1&query=%E8%87%BA%E5%8C%97%E5%B8%82%E4%BF%A1%E7%BE%A9%E5%8D%80%E6%9D%BE%E9%9A%86%E9%87%8C%E6%9D%BE%E5%B1%B1%E8%B7%AF654%E8%99%9F,https://sites.google.com/ycsh.tp.edu.tw/ycsh108course/%E8%AA%B2%E7%A8%8B%E7%B8%BD%E9%AB%94%E8%A8%88%E7%95%AB%E8%88%87%E5%90%84%E7%A7%91%E9%A0%98%E7%B6%B1/114%E8%AA%B2%E7%A8%8B%E7%B8%BD%E9%AB%94%E8%A8%88%E7%95%AB,http://www.ycsh.tp.edu.tw,https://sites.google.com/ycsh.tp.edu.tw/admissions/%E4%BA%A4%E9%80%9A%E8%B3%87%E8%A8%8A,https://sites.google.com/ycsh.tp.edu.tw/admissions/%E4%BA%A4%E9%80%9A%E8%B3%87%E8%A8%8A；https://www.google.com/maps/search/?api=1&query=%E8%87%BA%E5%8C%97%E5%B8%82%E4%BF%A1%E7%BE%A9%E5%8D%80%E6%9D%BE%E9%9A%86%E9%87%8C%E6%9D%BE%E5%B1%B1%E8%B7%AF654%E8%99%9F,http://www.ycsh.tp.edu.tw,http://www.ycsh.tp.edu.tw,https://sites.google.com/ycsh.tp.edu.tw/ycsh108course/%E8%AA%B2%E7%A8%8B%E7%B8%BD%E9%AB%94%E8%A8%88%E7%95%AB%E8%88%87%E5%90%84%E7%A7%91%E9%A0%98%E7%B6%B1/114%E8%AA%B2%E7%A8%8B%E7%B8%BD%E9%AB%94%E8%A8%88%E7%95%AB；http://www.ycsh.tp.edu.tw；https://sites.google.com/ycsh.tp.edu.tw/admissions/%E4%BA%A4%E9%80%9A%E8%B3%87%E8%A8%8A；https://www.google.com/maps/search/?api=1&query=%E8%87%BA%E5%8C%97%E5%B8%82%E4%BF%A1%E7%BE%A9%E5%8D%80%E6%9D%BE%E9%9A%86%E9%87%8C%E6%9D%BE%E5%B1%B1%E8%B7%AF654%E8%99%9F,2026-09-06
,413302,市立百齡高中,公立,基北區,高中,男女兼收,臺北市,士林區,臺北市士林區義信里承德路4段177號,http://www.blsh.tp.edu.tw,(02)28831568,普通科:199,199,199,資優/特色班請依各校及基北區官方公告查詢,市立百齡高中115學年度普通科課程以部定必修為基礎，並配置校訂必修、多元選修、自然與社會探究實作及自主學習；內容依該校115學年度課程計畫架構整理。,市立百齡高中的主要實作學習包含自然科與社會領域探究實作、自主學習與學習成果；校訂課程、多元選修或特色班可再延伸為專題研究與成果發表。,市立百齡高中的學生專車目前沒有公開的路線、站點或申請資訊；一般捷運、臺鐵、公車與步行路線另列於「通勤資訊」。,捷運淡水信義線至「劍潭站」1號出口，步行約5分鐘可到百齡高中；周邊大南路口、捷運劍潭站亦有多線公車。,市立百齡高中的一般高中部住宿目前沒有公開的校內宿舍申請、床位或收費方案；特定班級、專案或其他部別住宿另行區分。,https://www.google.com/maps/search/?api=1&query=%E8%87%BA%E5%8C%97%E5%B8%82%E5%A3%AB%E6%9E%97%E5%8D%80%E7%BE%A9%E4%BF%A1%E9%87%8C%E6%89%BF%E5%BE%B7%E8%B7%AF4%E6%AE%B5177%E8%99%9F,https://courset.k12ea.gov.tw/courseinformation/indextea01.asp,http://www.blsh.tp.edu.tw,https://www-ws.gov.taipei/001/Upload/public/Attachment/565844324.pdf,https://www-ws.gov.taipei/001/Upload/public/Attachment/565844324.pdf；https://www.google.com/maps/search/?api=1&query=%E8%87%BA%E5%8C%97%E5%B8%82%E5%A3%AB%E6%9E%97%E5%8D%80%E7%BE%A9%E4%BF%A1%E9%87%8C%E6%89%BF%E5%BE%B7%E8%B7%AF4%E6%AE%B5177%E8%99%9F,http://www.blsh.tp.edu.tw,http://www.blsh.tp.edu.tw,https://courset.k12ea.gov.tw/courseinformation/indextea01.asp；http://www.blsh.tp.edu.tw；https://www-ws.gov.taipei/001/Upload/public/Attachment/565844324.pdf；https://www.google.com/maps/search/?api=1&query=%E8%87%BA%E5%8C%97%E5%B8%82%E5%A3%AB%E6%9E%97%E5%8D%80%E7%BE%A9%E4%BF%A1%E9%87%8C%E6%89%BF%E5%BE%B7%E8%B7%AF4%E6%AE%B5177%E8%99%9F,2026-09-06
,393302,市立育成高中,公立,基北區,高中,男女兼收,臺北市,南港區,臺北市南港區南港里重陽路366號,http://mars.yucsh.tp.edu.tw/ischool/publish_page/0/,(02)26530475,普通科:464,464,464,資優/特色班請依各校及基北區官方公告查詢,市立育成高中115學年度普通科課程以部定必修為基礎，並配置校訂必修、多元選修、自然與社會探究實作及自主學習；內容依該校115學年度課程計畫架構整理。,市立育成高中的主要實作學習包含自然科與社會領域探究實作、自主學習與學習成果；校訂課程、多元選修或特色班可再延伸為專題研究與成果發表。,市立育成高中的學生專車目前沒有公開的路線、站點或申請資訊；一般捷運、臺鐵、公車與步行路線另列於「通勤資訊」。,可搭板南線至南港站後步行約10分鐘，或搭文湖線至南港軟體園區站後步行約10分鐘；817、紅25、藍22等路線可在「育成高中」站下車。,市立育成高中的一般高中部住宿目前沒有公開的校內宿舍申請、床位或收費方案；特定班級、專案或其他部別住宿另行區分。,https://www.google.com/maps/search/?api=1&query=%E8%87%BA%E5%8C%97%E5%B8%82%E5%8D%97%E6%B8%AF%E5%8D%80%E5%8D%97%E6%B8%AF%E9%87%8C%E9%87%8D%E9%99%BD%E8%B7%AF366%E8%99%9F,https://sites.google.com/yucsh.tp.edu.tw/high-quality106/%E8%AA%B2%E7%A8%8B%E8%A6%8F%E5%8A%83%E9%80%B2%E5%B1%95,http://mars.yucsh.tp.edu.tw/ischool/publish_page/0/,https://mars.yucsh.tp.edu.tw/ischool/publish_page/0/?cid=1461,https://mars.yucsh.tp.edu.tw/ischool/publish_page/0/?cid=1461；https://www.google.com/maps/search/?api=1&query=%E8%87%BA%E5%8C%97%E5%B8%82%E5%8D%97%E6%B8%AF%E5%8D%80%E5%8D%97%E6%B8%AF%E9%87%8C%E9%87%8D%E9%99%BD%E8%B7%AF366%E8%99%9F；https://mars.yucsh.tp.edu.tw/home?cid=1356,http://mars.yucsh.tp.edu.tw/ischool/publish_page/0/,http://mars.yucsh.tp.edu.tw/ischool/publish_page/0/,https://sites.google.com/yucsh.tp.edu.tw/high-quality106/%E8%AA%B2%E7%A8%8B%E8%A6%8F%E5%8A%83%E9%80%B2%E5%B1%95；http://mars.yucsh.tp.edu.tw/ischool/publish_page/0/；https://mars.yucsh.tp.edu.tw/ischool/publish_page/0/?cid=1461；https://www.google.com/maps/search/?api=1&query=%E8%87%BA%E5%8C%97%E5%B8%82%E5%8D%97%E6%B8%AF%E5%8D%80%E5%8D%97%E6%B8%AF%E9%87%8C%E9%87%8D%E9%99%BD%E8%B7%AF366%E8%99%9F,2026-09-06
,373301,市立華江高中,公立,基北區,綜高,男女兼收,臺北市,萬華區,臺北市萬華區日善里西藏路213號,http://www.hcsh.tp.edu.tw,(02)23019946,普通科:433；普通科:37；電子商務科:82；應用日語科:45,597,597,資優/特色班請依各校及基北區官方公告查詢,115學年度課程依校方課程計畫安排，涵蓋普通科、電子商務科、應用日語科；共同核心之外，依學程與選修方向配置校訂、多元選修及專業課程。,市立華江高中：普通科、電子商務科、應用日語科等科別依115學年度課程計畫安排專業實習、實作與專題製作，並透過作品、技能或成果發表整合專業學習。,市立華江高中的學生專車目前沒有公開的路線、站點或申請資訊；一般捷運、臺鐵、公車與步行路線另列於「通勤資訊」。,捷運板南線至「龍山寺站」2號出口，步行約14至15分鐘；亦可轉乘234、265、705等至「華江高中」站，從萬華火車站步行約10分鐘。,市立華江高中的一般高中部住宿目前沒有公開的校內宿舍申請、床位或收費方案；特定班級、專案或其他部別住宿另行區分。,https://www.google.com/maps/search/?api=1&query=%E8%87%BA%E5%8C%97%E5%B8%82%E8%90%AC%E8%8F%AF%E5%8D%80%E6%97%A5%E5%96%84%E9%87%8C%E8%A5%BF%E8%97%8F%E8%B7%AF213%E8%99%9F,https://www.hcsh.tp.edu.tw/academic/content?a=T0RESU5UWXhOekUxTWpVPTBrek01WXpOeGNsVGludGVseQ%3D%3D,http://www.hcsh.tp.edu.tw,https://www.hcsh.tp.edu.tw/static/webroot/G157051142101259/application/NN172431760721653.pdf,https://www.hcsh.tp.edu.tw/static/webroot/G157051142101259/application/NN172431760721653.pdf；https://www.google.com/maps/search/?api=1&query=%E8%87%BA%E5%8C%97%E5%B8%82%E8%90%AC%E8%8F%AF%E5%8D%80%E6%97%A5%E5%96%84%E9%87%8C%E8%A5%BF%E8%97%8F%E8%B7%AF213%E8%99%9F,http://www.hcsh.tp.edu.tw,http://www.hcsh.tp.edu.tw,https://www.hcsh.tp.edu.tw/academic/content?a=T0RESU5UWXhOekUxTWpVPTBrek01WXpOeGNsVGludGVseQ%3D%3D；http://www.hcsh.tp.edu.tw；https://www.hcsh.tp.edu.tw/static/webroot/G157051142101259/application/NN172431760721653.pdf；https://www.google.com/maps/search/?api=1&query=%E8%87%BA%E5%8C%97%E5%B8%82%E8%90%AC%E8%8F%AF%E5%8D%80%E6%97%A5%E5%96%84%E9%87%8C%E8%A5%BF%E8%97%8F%E8%B7%AF213%E8%99%9F,2026-09-06
,383302,市立萬芳高中,公立,基北區,高中,男女兼收,臺北市,文山區,臺北市文山區興隆路三段115巷1號,https://www.wfsh.tp.edu.tw/,(02)22309585,普通科:246,246,246,資優/特色班請依各校及基北區官方公告查詢,市立萬芳高中115學年度普通科課程以部定必修為基礎，並配置校訂必修、多元選修、自然與社會探究實作及自主學習；內容依該校115學年度課程計畫架構整理。,市立萬芳高中的主要實作學習包含自然科與社會領域探究實作、自主學習與學習成果；校訂課程、多元選修或特色班可再延伸為專題研究與成果發表。,市立萬芳高中的學生專車目前沒有公開的路線、站點或申請資訊；一般捷運、臺鐵、公車與步行路線另列於「通勤資訊」。,捷運文湖線至「萬芳醫院站」，沿醫院右側巷道步行約3分鐘可到萬芳高中；236、237、253、298、530、611、671等公車亦可在萬芳醫院站轉步行。,市立萬芳高中的一般高中部住宿目前沒有公開的校內宿舍申請、床位或收費方案；特定班級、專案或其他部別住宿另行區分。,https://www.google.com/maps/search/?api=1&query=%E8%87%BA%E5%8C%97%E5%B8%82%E6%96%87%E5%B1%B1%E5%8D%80%E8%88%88%E9%9A%86%E8%B7%AF%E4%B8%89%E6%AE%B5115%E5%B7%B71%E8%99%9F,https://www.wfsh.tp.edu.tw/nss/p/NormalizingTeaching,https://www.wfsh.tp.edu.tw/,https://www.wfsh.tp.edu.tw/,https://www.wfsh.tp.edu.tw/；https://www.google.com/maps/search/?api=1&query=%E8%87%BA%E5%8C%97%E5%B8%82%E6%96%87%E5%B1%B1%E5%8D%80%E8%88%88%E9%9A%86%E8%B7%AF%E4%B8%89%E6%AE%B5115%E5%B7%B71%E8%99%9F,https://www.wfsh.tp.edu.tw/,https://www.wfsh.tp.edu.tw/,https://www.wfsh.tp.edu.tw/nss/p/NormalizingTeaching；https://www.wfsh.tp.edu.tw/；https://www.google.com/maps/search/?api=1&query=%E8%87%BA%E5%8C%97%E5%B8%82%E6%96%87%E5%B1%B1%E5%8D%80%E8%88%88%E9%9A%86%E8%B7%AF%E4%B8%89%E6%AE%B5115%E5%B7%B71%E8%99%9F,2026-09-06
,313301,市立西松高中,公立,基北區,高中,男女兼收,臺北市,松山區,臺北市松山區鵬程里健康路325巷7號,http://www.hssh.tp.edu.tw,(02)25286618,普通科:265,265,265,資優/特色班請依各校及基北區官方公告查詢,市立西松高中115學年度普通科課程以部定必修為基礎，並配置校訂必修、多元選修、自然與社會探究實作及自主學習；內容依該校115學年度課程計畫架構整理。,市立西松高中的主要實作學習包含自然科與社會領域探究實作、自主學習與學習成果；校訂課程、多元選修或特色班可再延伸為專題研究與成果發表。,市立西松高中的學生專車目前沒有公開的路線、站點或申請資訊；一般捷運、臺鐵、公車與步行路線另列於「通勤資訊」。,捷運松山新店線至「南京三民站」3或4號出口，步行約10分鐘；亦可搭53至「西松高中」站。,市立西松高中的一般高中部住宿目前沒有公開的校內宿舍申請、床位或收費方案；特定班級、專案或其他部別住宿另行區分。,https://www.google.com/maps/search/?api=1&query=%E8%87%BA%E5%8C%97%E5%B8%82%E6%9D%BE%E5%B1%B1%E5%8D%80%E9%B5%AC%E7%A8%8B%E9%87%8C%E5%81%A5%E5%BA%B7%E8%B7%AF325%E5%B7%B77%E8%99%9F,https://www.hssh.tp.edu.tw/p/406-1000-51659%2Cr15.php?Lang=zh-tw,http://www.hssh.tp.edu.tw,https://www.hssh.tp.edu.tw/p/412-1000-215.php?Lang=zh-tw,https://www.hssh.tp.edu.tw/p/412-1000-215.php?Lang=zh-tw；https://www.google.com/maps/search/?api=1&query=%E8%87%BA%E5%8C%97%E5%B8%82%E6%9D%BE%E5%B1%B1%E5%8D%80%E9%B5%AC%E7%A8%8B%E9%87%8C%E5%81%A5%E5%BA%B7%E8%B7%AF325%E5%B7%B77%E8%99%9F,http://www.hssh.tp.edu.tw,http://www.hssh.tp.edu.tw,https://www.hssh.tp.edu.tw/p/406-1000-51659%2Cr15.php?Lang=zh-tw；http://www.hssh.tp.edu.tw；https://www.hssh.tp.edu.tw/p/412-1000-215.php?Lang=zh-tw；https://www.google.com/maps/search/?api=1&query=%E8%87%BA%E5%8C%97%E5%B8%82%E6%9D%BE%E5%B1%B1%E5%8D%80%E9%B5%AC%E7%A8%8B%E9%87%8C%E5%81%A5%E5%BA%B7%E8%B7%AF325%E5%B7%B77%E8%99%9F,2026-09-06
,413301,市立陽明高中,公立,基北區,高中,男女兼收,臺北市,士林區,臺北市士林區後港里中正路510號,http://www.ymsh.tp.edu.tw,(02)28316675,普通科:342,342,342,資優/特色班請依各校及基北區官方公告查詢,市立陽明高中115學年度普通科課程以部定必修為基礎，並配置校訂必修、多元選修、自然與社會探究實作及自主學習；內容依該校115學年度課程計畫架構整理。,市立陽明高中的主要實作學習包含自然科與社會領域探究實作、自主學習與學習成果；校訂課程、多元選修或特色班可再延伸為專題研究與成果發表。,市立陽明高中的學生專車目前沒有公開的路線、站點或申請資訊；一般捷運、臺鐵、公車與步行路線另列於「通勤資訊」。,捷運淡水信義線於「士林站」或「劍潭站」下車，步行約15分鐘；亦可轉乘206、223、250、255、302、304等至「陽明高中」站。,市立陽明高中的一般高中部住宿目前沒有公開的校內宿舍申請、床位或收費方案；特定班級、專案或其他部別住宿另行區分。,https://www.google.com/maps/search/?api=1&query=%E8%87%BA%E5%8C%97%E5%B8%82%E5%A3%AB%E6%9E%97%E5%8D%80%E5%BE%8C%E6%B8%AF%E9%87%8C%E4%B8%AD%E6%AD%A3%E8%B7%AF510%E8%99%9F,https://www.ymsh.tp.edu.tw/category/office/div_110/d1102/d11022_list/,http://www.ymsh.tp.edu.tw,https://www.ymsh.tp.edu.tw/about/%E4%BA%A4%E9%80%9A%E4%BD%8D%E7%BD%AE/,https://www.ymsh.tp.edu.tw/about/%E4%BA%A4%E9%80%9A%E4%BD%8D%E7%BD%AE/；https://www.google.com/maps/search/?api=1&query=%E8%87%BA%E5%8C%97%E5%B8%82%E5%A3%AB%E6%9E%97%E5%8D%80%E5%BE%8C%E6%B8%AF%E9%87%8C%E4%B8%AD%E6%AD%A3%E8%B7%AF510%E8%99%9F,http://www.ymsh.tp.edu.tw,http://www.ymsh.tp.edu.tw,https://www.ymsh.tp.edu.tw/category/office/div_110/d1102/d11022_list/；http://www.ymsh.tp.edu.tw；https://www.ymsh.tp.edu.tw/about/%E4%BA%A4%E9%80%9A%E4%BD%8D%E7%BD%AE/；https://www.google.com/maps/search/?api=1&query=%E8%87%BA%E5%8C%97%E5%B8%82%E5%A3%AB%E6%9E%97%E5%8D%80%E5%BE%8C%E6%B8%AF%E9%87%8C%E4%B8%AD%E6%AD%A3%E8%B7%AF510%E8%99%9F,2026-09-06
,403302,市立麗山高中,公立,基北區,高中,男女兼收,臺北市,內湖區,臺北市內湖區港華里環山路二段100號,http://www.lssh.tp.edu.tw,(02)26570435,普通科:230,230,230,資優/特色班請依各校及基北區官方公告查詢,市立麗山高中115學年度普通科課程以部定必修為基礎，並配置校訂必修、多元選修、自然與社會探究實作及自主學習；內容依該校115學年度課程計畫架構整理。,市立麗山高中的主要實作學習包含自然科與社會領域探究實作、自主學習與學習成果；校訂課程、多元選修或特色班可再延伸為專題研究與成果發表。,市立麗山高中的學生專車目前沒有公開的路線、站點或申請資訊；一般捷運、臺鐵、公車與步行路線另列於「通勤資訊」。,捷運文湖線至「港墘站」1號出口，沿港墘路往環山路方向步行約650公尺；214、222、551、紅31、藍27等可在「麗山高中」站下車。,市立麗山高中的一般高中部住宿目前沒有公開的校內宿舍申請、床位或收費方案；特定班級、專案或其他部別住宿另行區分。,https://www.google.com/maps/search/?api=1&query=%E8%87%BA%E5%8C%97%E5%B8%82%E5%85%A7%E6%B9%96%E5%8D%80%E6%B8%AF%E8%8F%AF%E9%87%8C%E7%92%B0%E5%B1%B1%E8%B7%AF%E4%BA%8C%E6%AE%B5100%E8%99%9F,https://www.lssh.tp.edu.tw/admission/course_desc/110-%E5%AD%B8%E5%B9%B4%E8%AA%B2%E7%A8%8B%E7%B8%BD%E9%AB%94%E8%A8%88%E7%95%AB/,http://www.lssh.tp.edu.tw,https://sites.google.com/lssh.tp.edu.tw/112tpshmsc/traffic,https://sites.google.com/lssh.tp.edu.tw/112tpshmsc/traffic；https://www.google.com/maps/search/?api=1&query=%E8%87%BA%E5%8C%97%E5%B8%82%E5%85%A7%E6%B9%96%E5%8D%80%E6%B8%AF%E8%8F%AF%E9%87%8C%E7%92%B0%E5%B1%B1%E8%B7%AF%E4%BA%8C%E6%AE%B5100%E8%99%9F,http://www.lssh.tp.edu.tw,http://www.lssh.tp.edu.tw,https://www.lssh.tp.edu.tw/admission/course_desc/110-%E5%AD%B8%E5%B9%B4%E8%AA%B2%E7%A8%8B%E7%B8%BD%E9%AB%94%E8%A8%88%E7%95%AB/；http://www.lssh.tp.edu.tw；https://sites.google.com/lssh.tp.edu.tw/112tpshmsc/traffic；https://www.google.com/maps/search/?api=1&query=%E8%87%BA%E5%8C%97%E5%B8%82%E5%85%A7%E6%B9%96%E5%8D%80%E6%B8%AF%E8%8F%AF%E9%87%8C%E7%92%B0%E5%B1%B1%E8%B7%AF%E4%BA%8C%E6%AE%B5100%E8%99%9F,2026-09-06
,381304,私立再興中學,私立,基北區,高中,男女兼收,臺北市,文山區,臺北市文山區明義里興隆路4段2號,http://www.thsh.tp.edu.tw,(02)29366803,普通科:41,41,41,資優/特色班請依各校及基北區官方公告查詢,私立再興中學115學年度普通科課程以部定必修為基礎，並配置校訂必修、多元選修、自然與社會探究實作及自主學習；內容依該校115學年度課程計畫架構整理。,私立再興中學的主要實作學習包含自然科與社會領域探究實作、自主學習與學習成果；校訂課程、多元選修或特色班可再延伸為專題研究與成果發表。,私立再興中學的學生專車目前沒有公開的路線、站點或申請資訊；一般捷運、臺鐵、公車與步行路線另列於「通勤資訊」。,可由捷運文湖線「萬芳醫院站」轉乘237等公車，在「馬明潭（再興中學）」站下車；294、647、660、671、915、棕6、棕12等亦停靠「再興中學」周邊站牌。,私立再興中學的一般高中部住宿目前沒有公開的校內宿舍申請、床位或收費方案；特定班級、專案或其他部別住宿另行區分。,https://www.google.com/maps/search/?api=1&query=%E8%87%BA%E5%8C%97%E5%B8%82%E6%96%87%E5%B1%B1%E5%8D%80%E6%98%8E%E7%BE%A9%E9%87%8C%E8%88%88%E9%9A%86%E8%B7%AF4%E6%AE%B52%E8%99%9F,https://courset.k12ea.gov.tw/courseinformation/indextea01.asp,http://www.thsh.tp.edu.tw,https://pda5284.gov.taipei/MQS/stoplocation.jsp?slid=1164500260,https://pda5284.gov.taipei/MQS/stoplocation.jsp?slid=1164500260；https://www.google.com/maps/search/?api=1&query=%E8%87%BA%E5%8C%97%E5%B8%82%E6%96%87%E5%B1%B1%E5%8D%80%E6%98%8E%E7%BE%A9%E9%87%8C%E8%88%88%E9%9A%86%E8%B7%AF4%E6%AE%B52%E8%99%9F,http://www.thsh.tp.edu.tw,http://www.thsh.tp.edu.tw,https://courset.k12ea.gov.tw/courseinformation/indextea01.asp；http://www.thsh.tp.edu.tw；https://pda5284.gov.taipei/MQS/stoplocation.jsp?slid=1164500260；https://www.google.com/maps/search/?api=1&query=%E8%87%BA%E5%8C%97%E5%B8%82%E6%96%87%E5%B1%B1%E5%8D%80%E6%98%8E%E7%BE%A9%E9%87%8C%E8%88%88%E9%9A%86%E8%B7%AF4%E6%AE%B52%E8%99%9F,2026-09-06
,321399,私立協和祐德高中,私立,基北區,綜高,男女兼收,臺北市,信義區,臺北市信義區大道里忠孝東路五段790巷27號,https://www.hhvs.tp.edu.tw/,(02)27263131,普通科:24；汽車科:39,63,63,資優/特色班請依各校及基北區官方公告查詢,115學年度課程依校方課程計畫安排，涵蓋普通科、汽車科；共同核心之外，依學程與選修方向配置校訂、多元選修及專業課程。,私立協和祐德高中：普通科、汽車科等科別依115學年度課程計畫安排專業實習、實作與專題製作，並透過作品、技能或成果發表整合專業學習。,私立協和祐德高中的學生專車目前沒有公開的路線、站點或申請資訊；一般捷運、臺鐵、公車與步行路線另列於「通勤資訊」。,捷運板南線至「後山埤站」後往忠孝東路五段790巷方向步行；207、信義幹線等公車可直接於「協和祐德高中」站下車。,私立協和祐德高中的一般高中部住宿目前沒有公開的校內宿舍申請、床位或收費方案；特定班級、專案或其他部別住宿另行區分。,https://www.google.com/maps/search/?api=1&query=%E8%87%BA%E5%8C%97%E5%B8%82%E4%BF%A1%E7%BE%A9%E5%8D%80%E5%A4%A7%E9%81%93%E9%87%8C%E5%BF%A0%E5%AD%9D%E6%9D%B1%E8%B7%AF%E4%BA%94%E6%AE%B5790%E5%B7%B727%E8%99%9F,https://www.hhvs.tp.edu.tw/ischool/wr/file/21/7452/47b4fdb3b5c373e8483856a01c1c237c.pdf,https://www.hhvs.tp.edu.tw/,https://atis.taipei.gov.tw/aspx/businfomation/presentinfo.aspx?ddlName=207&lang=zh-Hant-TW,https://atis.taipei.gov.tw/aspx/businfomation/presentinfo.aspx?ddlName=207&lang=zh-Hant-TW；https://www.google.com/maps/search/?api=1&query=%E8%87%BA%E5%8C%97%E5%B8%82%E4%BF%A1%E7%BE%A9%E5%8D%80%E5%A4%A7%E9%81%93%E9%87%8C%E5%BF%A0%E5%AD%9D%E6%9D%B1%E8%B7%AF%E4%BA%94%E6%AE%B5790%E5%B7%B727%E8%99%9F,https://www.hhvs.tp.edu.tw/,https://www.hhvs.tp.edu.tw/,https://www.hhvs.tp.edu.tw/ischool/wr/file/21/7452/47b4fdb3b5c373e8483856a01c1c237c.pdf；https://www.hhvs.tp.edu.tw/；https://atis.taipei.gov.tw/aspx/businfomation/presentinfo.aspx?ddlName=207&lang=zh-Hant-TW；https://www.google.com/maps/search/?api=1&query=%E8%87%BA%E5%8C%97%E5%B8%82%E4%BF%A1%E7%BE%A9%E5%8D%80%E5%A4%A7%E9%81%93%E9%87%8C%E5%BF%A0%E5%AD%9D%E6%9D%B1%E8%B7%AF%E4%BA%94%E6%AE%B5790%E5%B7%B727%E8%99%9F,2026-09-06
,351B09,私立南華高中進修學校,私立,基北區,進修部,男女兼收,臺北市,中正區,臺北市中正區富水里汀州路3段58號,http://www.nhwsh.tp.edu.tw,(02)23686818,普通科:37；觀光事業科:37；資料處理科:37；美容科:37；資料處理科:33；媒體設計科:33；觀光事業科:66；餐飲管理科:66,383,383,資優/特色班請依各校及基北區官方公告查詢,私立南華高中進修學校：115學年度課程依各科課程計畫安排，主要科別包括普通科、觀光事業科、資料處理科、美容科、媒體設計科、餐飲管理科；各科結合專業理論、校訂課程與實習／實作學習。,私立南華高中進修學校：普通科、觀光事業科、資料處理科、美容科、媒體設計科、餐飲管理科等科別依115學年度課程計畫安排專業實習、實作與專題製作，並透過作品、技能或成果發表整合專業學習。,私立南華高中進修學校的學生專車目前沒有公開的路線、站點或申請資訊；一般捷運、臺鐵、公車與步行路線另列於「通勤資訊」。,捷運松山新店線至「公館站」4號出口後沿汀州路前往；公館站與台電大樓站周邊另有0南、1、52、74、207、208、236、251、252、253、278等多線公車。,私立南華高中進修學校的一般高中部住宿目前沒有公開的校內宿舍申請、床位或收費方案；特定班級、專案或其他部別住宿另行區分。,https://www.google.com/maps/search/?api=1&query=%E8%87%BA%E5%8C%97%E5%B8%82%E4%B8%AD%E6%AD%A3%E5%8D%80%E5%AF%8C%E6%B0%B4%E9%87%8C%E6%B1%80%E5%B7%9E%E8%B7%AF3%E6%AE%B558%E8%99%9F,https://www.nhwsh.tp.edu.tw/KC1.php,http://www.nhwsh.tp.edu.tw,https://tnsrc.tp.edu.tw/uploadfiles/annex/20251124150618_1.pdf,https://tnsrc.tp.edu.tw/uploadfiles/annex/20251124150618_1.pdf；https://www.google.com/maps/search/?api=1&query=%E8%87%BA%E5%8C%97%E5%B8%82%E4%B8%AD%E6%AD%A3%E5%8D%80%E5%AF%8C%E6%B0%B4%E9%87%8C%E6%B1%80%E5%B7%9E%E8%B7%AF3%E6%AE%B558%E8%99%9F,http://www.nhwsh.tp.edu.tw,http://www.nhwsh.tp.edu.tw,https://www.nhwsh.tp.edu.tw/KC1.php；http://www.nhwsh.tp.edu.tw；https://tnsrc.tp.edu.tw/uploadfiles/annex/20251124150618_1.pdf；https://www.google.com/maps/search/?api=1&query=%E8%87%BA%E5%8C%97%E5%B8%82%E4%B8%AD%E6%AD%A3%E5%8D%80%E5%AF%8C%E6%B0%B4%E9%87%8C%E6%B1%80%E5%B7%9E%E8%B7%AF3%E6%AE%B558%E8%99%9F,2026-09-06
,331403,私立喬治工商,私立,基北區,高職,男女兼收,臺北市,信義區,臺北市信義區黎順里基隆路二段155號,https://www.gvs.tp.edu.tw/,(02)27386515,時尚造型科:20；餐飲管理科:10；照顧服務科:12；時尚造型科:24；觀光事業科:12；餐飲管理科:12；汽車科:45；建築科:22；時尚造型科:60；餐飲管理科:22；觀光事業科:89,328,328,資優/特色班請依各校及基北區官方公告查詢,私立喬治工商：115學年度課程依各科課程計畫安排，主要科別包括時尚造型科、餐飲管理科、照顧服務科、觀光事業科、汽車科、建築科；各科結合專業理論、校訂課程與實習／實作學習。,私立喬治工商：時尚造型科、餐飲管理科、照顧服務科、觀光事業科、汽車科、建築科等科別依115學年度課程計畫安排專業實習、實作與專題製作，並透過作品、技能或成果發表整合專業學習。,私立喬治工商的學生專車目前沒有公開的路線、站點或申請資訊；一般捷運、臺鐵、公車與步行路線另列於「通勤資訊」。,捷運文湖線至「六張犁站」，往基隆路二段155號方向步行約4分鐘；207等公車可於「喬治商職」站下車。,私立喬治工商的一般高中部住宿目前沒有公開的校內宿舍申請、床位或收費方案；特定班級、專案或其他部別住宿另行區分。,https://www.google.com/maps/search/?api=1&query=%E8%87%BA%E5%8C%97%E5%B8%82%E4%BF%A1%E7%BE%A9%E5%8D%80%E9%BB%8E%E9%A0%86%E9%87%8C%E5%9F%BA%E9%9A%86%E8%B7%AF%E4%BA%8C%E6%AE%B5155%E8%99%9F,https://courset.k12ea.gov.tw/courseinformation/indextea01.asp,https://www.gvs.tp.edu.tw/,https://atis.taipei.gov.tw/aspx/businfomation/presentinfo.aspx?ddlName=207&lang=zh-Hant-TW,https://atis.taipei.gov.tw/aspx/businfomation/presentinfo.aspx?ddlName=207&lang=zh-Hant-TW；https://www.google.com/maps/search/?api=1&query=%E8%87%BA%E5%8C%97%E5%B8%82%E4%BF%A1%E7%BE%A9%E5%8D%80%E9%BB%8E%E9%A0%86%E9%87%8C%E5%9F%BA%E9%9A%86%E8%B7%AF%E4%BA%8C%E6%AE%B5155%E8%99%9F,https://www.gvs.tp.edu.tw/,https://www.gvs.tp.edu.tw/,https://courset.k12ea.gov.tw/courseinformation/indextea01.asp；https://www.gvs.tp.edu.tw/；https://atis.taipei.gov.tw/aspx/businfomation/presentinfo.aspx?ddlName=207&lang=zh-Hant-TW；https://www.google.com/maps/search/?api=1&query=%E8%87%BA%E5%8C%97%E5%B8%82%E4%BF%A1%E7%BE%A9%E5%8D%80%E9%BB%8E%E9%A0%86%E9%87%8C%E5%9F%BA%E9%9A%86%E8%B7%AF%E4%BA%8C%E6%AE%B5155%E8%99%9F,2026-09-06
,381303,私立大誠高中,私立,基北區,綜高,男女兼收,臺北市,文山區,臺北市文山區萬興里秀明路二段175號,https://www.tcsh.tp.edu.tw/,(02)22348989,綜合高中:234；餐飲管理科:28,290,290,資優/特色班請依各校及基北區官方公告查詢,115學年度課程依校方課程計畫安排，涵蓋綜合高中、餐飲管理科；共同核心之外，依學程與選修方向配置校訂、多元選修及專業課程。,私立大誠高中：綜合高中、餐飲管理科等科別依115學年度課程計畫安排專業實習、實作與專題製作，並透過作品、技能或成果發表整合專業學習。,私立大誠高中的學生專車目前沒有公開的路線、站點或申請資訊；一般捷運、臺鐵、公車與步行路線另列於「通勤資訊」。,可由捷運文湖線「動物園站」轉乘295、237、679等路線，在「大誠高中」站下車；校址位於秀明路二段175號。,私立大誠高中的一般高中部住宿目前沒有公開的校內宿舍申請、床位或收費方案；特定班級、專案或其他部別住宿另行區分。,https://www.google.com/maps/search/?api=1&query=%E8%87%BA%E5%8C%97%E5%B8%82%E6%96%87%E5%B1%B1%E5%8D%80%E8%90%AC%E8%88%88%E9%87%8C%E7%A7%80%E6%98%8E%E8%B7%AF%E4%BA%8C%E6%AE%B5175%E8%99%9F,https://www.tcsh.tp.edu.tw/uploadfiles/2025061923421414a.pdf,https://www.tcsh.tp.edu.tw/,https://atis.taipei.gov.tw/aspx/businfomation/presentinfo.aspx?ddlName=295&lang=zh-Hant-TW,https://atis.taipei.gov.tw/aspx/businfomation/presentinfo.aspx?ddlName=295&lang=zh-Hant-TW；https://www.google.com/maps/search/?api=1&query=%E8%87%BA%E5%8C%97%E5%B8%82%E6%96%87%E5%B1%B1%E5%8D%80%E8%90%AC%E8%88%88%E9%87%8C%E7%A7%80%E6%98%8E%E8%B7%AF%E4%BA%8C%E6%AE%B5175%E8%99%9F,https://www.tcsh.tp.edu.tw/,https://www.tcsh.tp.edu.tw/,https://www.tcsh.tp.edu.tw/uploadfiles/2025061923421414a.pdf；https://www.tcsh.tp.edu.tw/；https://atis.taipei.gov.tw/aspx/businfomation/presentinfo.aspx?ddlName=295&lang=zh-Hant-TW；https://www.google.com/maps/search/?api=1&query=%E8%87%BA%E5%8C%97%E5%B8%82%E6%96%87%E5%B1%B1%E5%8D%80%E8%90%AC%E8%88%88%E9%87%8C%E7%A7%80%E6%98%8E%E8%B7%AF%E4%BA%8C%E6%AE%B5175%E8%99%9F,2026-09-06
,421303,私立奎山實驗高級中學,私立,基北區,綜高,男女兼收,臺北市,北投區,臺北市北投區榮華里明德路200號,https://www.kshs.tp.edu.tw/,(02)28212009,普通科:8；綜合高中:50；機械科:25,83,83,資優/特色班請依各校及基北區官方公告查詢,115學年度課程依校方課程計畫安排，涵蓋普通科、綜合高中、機械科；共同核心之外，依學程與選修方向配置校訂、多元選修及專業課程。,私立奎山實驗高級中學：普通科、綜合高中、機械科等科別依115學年度課程計畫安排專業實習、實作與專題製作，並透過作品、技能或成果發表整合專業學習。,私立奎山實驗高級中學的學生專車目前沒有公開的路線、站點或申請資訊；一般捷運、臺鐵、公車與步行路線另列於「通勤資訊」。,捷運淡水信義線至「明德站」，出口左轉後步行約7分鐘；216、223、267、665可於「奎山中學」站下車。,私立奎山實驗高級中學的一般高中部住宿目前沒有公開的校內宿舍申請、床位或收費方案；特定班級、專案或其他部別住宿另行區分。,https://www.google.com/maps/search/?api=1&query=%E8%87%BA%E5%8C%97%E5%B8%82%E5%8C%97%E6%8A%95%E5%8D%80%E6%A6%AE%E8%8F%AF%E9%87%8C%E6%98%8E%E5%BE%B7%E8%B7%AF200%E8%99%9F,https://courset.k12ea.gov.tw/courseinformation/indextea01.asp,https://www.kshs.tp.edu.tw/,https://www.kshs.tp.edu.tw/,https://www.kshs.tp.edu.tw/；https://www.google.com/maps/search/?api=1&query=%E8%87%BA%E5%8C%97%E5%B8%82%E5%8C%97%E6%8A%95%E5%8D%80%E6%A6%AE%E8%8F%AF%E9%87%8C%E6%98%8E%E5%BE%B7%E8%B7%AF200%E8%99%9F,https://www.kshs.tp.edu.tw/,https://www.kshs.tp.edu.tw/,https://courset.k12ea.gov.tw/courseinformation/indextea01.asp；https://www.kshs.tp.edu.tw/；https://www.google.com/maps/search/?api=1&query=%E8%87%BA%E5%8C%97%E5%B8%82%E5%8C%97%E6%8A%95%E5%8D%80%E6%A6%AE%E8%8F%AF%E9%87%8C%E6%98%8E%E5%BE%B7%E8%B7%AF200%E8%99%9F,2026-09-06
,331301,私立延平中學,私立,基北區,高中,男女兼收,臺北市,大安區,臺北市大安區和安里建國南路1段275號,http://www.yphs.tp.edu.tw,(02)27071478,普通科:96；普通科(女):158,254,254,資優/特色班請依各校及基北區官方公告查詢,私立延平中學115學年度普通科課程以部定必修為基礎，並配置校訂必修、多元選修、自然與社會探究實作及自主學習；內容依該校115學年度課程計畫架構整理。,私立延平中學的主要實作學習包含自然科與社會領域探究實作、自主學習與學習成果；校訂課程、多元選修或特色班可再延伸為專題研究與成果發表。,私立延平中學的學生專車目前沒有公開的路線、站點或申請資訊；一般捷運、臺鐵、公車與步行路線另列於「通勤資訊」。,公車可直接於「延平中學」站下車，紅57等路線停靠；由捷運忠孝新生站或忠孝復興站可再轉乘市區公車前往建國南路一段校址。,私立延平中學的一般高中部住宿目前沒有公開的校內宿舍申請、床位或收費方案；特定班級、專案或其他部別住宿另行區分。,https://www.google.com/maps/search/?api=1&query=%E8%87%BA%E5%8C%97%E5%B8%82%E5%A4%A7%E5%AE%89%E5%8D%80%E5%92%8C%E5%AE%89%E9%87%8C%E5%BB%BA%E5%9C%8B%E5%8D%97%E8%B7%AF1%E6%AE%B5275%E8%99%9F,https://www.yphs.tp.edu.tw/office/div_200/section_210/學校課程計畫/,http://www.yphs.tp.edu.tw,https://atis.taipei.gov.tw/aspx/businfomation/presentinfo.aspx?ddlName=%E7%B4%8557&lang=zh-Hant-TW,https://atis.taipei.gov.tw/aspx/businfomation/presentinfo.aspx?ddlName=%E7%B4%8557&lang=zh-Hant-TW；https://www.google.com/maps/search/?api=1&query=%E8%87%BA%E5%8C%97%E5%B8%82%E5%A4%A7%E5%AE%89%E5%8D%80%E5%92%8C%E5%AE%89%E9%87%8C%E5%BB%BA%E5%9C%8B%E5%8D%97%E8%B7%AF1%E6%AE%B5275%E8%99%9F,http://www.yphs.tp.edu.tw,http://www.yphs.tp.edu.tw,https://www.yphs.tp.edu.tw/office/div_200/section_210/學校課程計畫/；http://www.yphs.tp.edu.tw；https://atis.taipei.gov.tw/aspx/businfomation/presentinfo.aspx?ddlName=%E7%B4%8557&lang=zh-Hant-TW；https://www.google.com/maps/search/?api=1&query=%E8%87%BA%E5%8C%97%E5%B8%82%E5%A4%A7%E5%AE%89%E5%8D%80%E5%92%8C%E5%AE%89%E9%87%8C%E5%BB%BA%E5%9C%8B%E5%8D%97%E8%B7%AF1%E6%AE%B5275%E8%99%9F,2026-09-06
,331304,私立復興實驗高中,私立,基北區,高中,男女兼收,臺北市,大安區,臺北市大安區仁愛里敦化南路一段262號,https://www.fhjh.tp.edu.tw/,(02)27715859,普通科:29,29,29,資優/特色班請依各校及基北區官方公告查詢,私立復興實驗高中115學年度普通科課程以部定必修為基礎，並配置校訂必修、多元選修、自然與社會探究實作及自主學習；內容依該校115學年度課程計畫架構整理。,私立復興實驗高中的主要實作學習包含自然科與社會領域探究實作、自主學習與學習成果；校訂課程、多元選修或特色班可再延伸為專題研究與成果發表。,私立復興實驗高中的學生專車目前沒有公開的路線、站點或申請資訊；一般捷運、臺鐵、公車與步行路線另列於「通勤資訊」。,捷運板南線至「忠孝敦化站」或「忠孝復興站」後步行前往；公車可利用頂好市場、仁愛國中、仁愛醫院等周邊站牌。,私立復興實驗高中的一般高中部住宿目前沒有公開的校內宿舍申請、床位或收費方案；特定班級、專案或其他部別住宿另行區分。,https://www.google.com/maps/search/?api=1&query=%E8%87%BA%E5%8C%97%E5%B8%82%E5%A4%A7%E5%AE%89%E5%8D%80%E4%BB%81%E6%84%9B%E9%87%8C%E6%95%A6%E5%8C%96%E5%8D%97%E8%B7%AF%E4%B8%80%E6%AE%B5262%E8%99%9F,https://www.fhjh.tp.edu.tw/faculty-introduction/672,https://www.fhjh.tp.edu.tw/,https://cell.moe.edu.tw/Guests/SchlOne.aspx?gschlid=6,https://cell.moe.edu.tw/Guests/SchlOne.aspx?gschlid=6；https://www.google.com/maps/search/?api=1&query=%E8%87%BA%E5%8C%97%E5%B8%82%E5%A4%A7%E5%AE%89%E5%8D%80%E4%BB%81%E6%84%9B%E9%87%8C%E6%95%A6%E5%8C%96%E5%8D%97%E8%B7%AF%E4%B8%80%E6%AE%B5262%E8%99%9F,https://www.fhjh.tp.edu.tw/,https://www.fhjh.tp.edu.tw/,https://www.fhjh.tp.edu.tw/faculty-introduction/672；https://www.fhjh.tp.edu.tw/；https://cell.moe.edu.tw/Guests/SchlOne.aspx?gschlid=6；https://www.google.com/maps/search/?api=1&query=%E8%87%BA%E5%8C%97%E5%B8%82%E5%A4%A7%E5%AE%89%E5%8D%80%E4%BB%81%E6%84%9B%E9%87%8C%E6%95%A6%E5%8C%96%E5%8D%97%E8%B7%AF%E4%B8%80%E6%AE%B5262%E8%99%9F,2026-09-06
,361B09,私立志仁中學進修學校,私立,基北區,進修部,男女兼收,臺北市,大同區,臺北市大同區建泰里南京西路64巷17號,http://www.cjvs.tp.edu.tw,(02)25551656,餐飲管理科:33；媒體設計科:33；觀光事業科:33；資料處理科:33；美容科:66；普通科:1,265,265,資優/特色班請依各校及基北區官方公告查詢,私立志仁中學進修學校：115學年度課程依各科課程計畫安排，主要科別包括餐飲管理科、媒體設計科、觀光事業科、資料處理科、美容科、普通科；各科結合專業理論、校訂課程與實習／實作學習。,私立志仁中學進修學校：餐飲管理科、媒體設計科、觀光事業科、資料處理科、美容科、普通科等科別依115學年度課程計畫安排專業實習、實作與專題製作，並透過作品、技能或成果發表整合專業學習。,私立志仁中學進修學校的學生專車目前沒有公開的路線、站點或申請資訊；一般捷運、臺鐵、公車與步行路線另列於「通勤資訊」。,捷運淡水信義線／松山新店線至「中山站」，由南京西路往南京西路64巷步行前往；校址位於南京西路64巷17號。,私立志仁中學進修學校的一般高中部住宿目前沒有公開的校內宿舍申請、床位或收費方案；特定班級、專案或其他部別住宿另行區分。,https://www.google.com/maps/search/?api=1&query=%E8%87%BA%E5%8C%97%E5%B8%82%E5%A4%A7%E5%90%8C%E5%8D%80%E5%BB%BA%E6%B3%B0%E9%87%8C%E5%8D%97%E4%BA%AC%E8%A5%BF%E8%B7%AF64%E5%B7%B717%E8%99%9F,https://courset.k12ea.gov.tw/courseinformation/indextea01.asp,http://www.cjvs.tp.edu.tw,http://www.cjvs.tp.edu.tw,http://www.cjvs.tp.edu.tw；https://www.google.com/maps/search/?api=1&query=%E8%87%BA%E5%8C%97%E5%B8%82%E5%A4%A7%E5%90%8C%E5%8D%80%E5%BB%BA%E6%B3%B0%E9%87%8C%E5%8D%97%E4%BA%AC%E8%A5%BF%E8%B7%AF64%E5%B7%B717%E8%99%9F,http://www.cjvs.tp.edu.tw,http://www.cjvs.tp.edu.tw,https://courset.k12ea.gov.tw/courseinformation/indextea01.asp；http://www.cjvs.tp.edu.tw；https://www.google.com/maps/search/?api=1&query=%E8%87%BA%E5%8C%97%E5%B8%82%E5%A4%A7%E5%90%8C%E5%8D%80%E5%BB%BA%E6%B3%B0%E9%87%8C%E5%8D%97%E4%BA%AC%E8%A5%BF%E8%B7%AF64%E5%B7%B717%E8%99%9F,2026-09-06
,381305,私立景文高中,私立,基北區,綜高,男女兼收,臺北市,文山區,臺北市文山區木新里保儀路127號,https://www.jwsh.tp.edu.tw/,(02)29390310,普通科:78；商業經營科:21；室內空間設計科:12；廣告設計科:12,123,123,資優/特色班請依各校及基北區官方公告查詢,115學年度課程依校方課程計畫安排，涵蓋普通科、商業經營科、室內空間設計科、廣告設計科；共同核心之外，依學程與選修方向配置校訂、多元選修及專業課程。,私立景文高中：普通科、商業經營科、室內空間設計科、廣告設計科等科別依115學年度課程計畫安排專業實習、實作與專題製作，並透過作品、技能或成果發表整合專業學習。,有專車；校方新生專區列有學生專車，服務臺北市多區及三重、蘆洲、新莊、樹林、中永和、板橋、土城、三峽、南港、汐止等方向。,另有木柵、萬芳醫院、七張、景美、大坪林等捷運站轉乘公車路線。,私立景文高中的一般高中部住宿目前沒有公開的校內宿舍申請、床位或收費方案；特定班級、專案或其他部別住宿另行區分。,https://www.google.com/maps/search/?api=1&query=%E8%87%BA%E5%8C%97%E5%B8%82%E6%96%87%E5%B1%B1%E5%8D%80%E6%9C%A8%E6%96%B0%E9%87%8C%E4%BF%9D%E5%84%80%E8%B7%AF127%E8%99%9F,https://www.jwsh.tp.edu.tw/wp-content/uploads/2026/03/115%E9%AB%98%E8%81%B7.pdf,https://www.jwsh.tp.edu.tw/,https://www.jwsh.tp.edu.tw/%E6%96%B0%E7%94%9F%E5%B0%88%E5%8D%80/,https://www.jwsh.tp.edu.tw/%E6%96%B0%E7%94%9F%E5%B0%88%E5%8D%80/；https://www.google.com/maps/search/?api=1&query=%E8%87%BA%E5%8C%97%E5%B8%82%E6%96%87%E5%B1%B1%E5%8D%80%E6%9C%A8%E6%96%B0%E9%87%8C%E4%BF%9D%E5%84%80%E8%B7%AF127%E8%99%9F,https://www.jwsh.tp.edu.tw/,https://www.jwsh.tp.edu.tw/,https://www.jwsh.tp.edu.tw/wp-content/uploads/2026/03/115%E9%AB%98%E8%81%B7.pdf；https://www.jwsh.tp.edu.tw/；https://www.jwsh.tp.edu.tw/%E6%96%B0%E7%94%9F%E5%B0%88%E5%8D%80/；https://www.google.com/maps/search/?api=1&query=%E8%87%BA%E5%8C%97%E5%B8%82%E6%96%87%E5%B1%B1%E5%8D%80%E6%9C%A8%E6%96%B0%E9%87%8C%E4%BF%9D%E5%84%80%E8%B7%AF127%E8%99%9F,2026-09-06
,381301,私立東山高中,私立,基北區,高中,男女兼收,臺北市,文山區,臺北市文山區老泉里老泉街26巷3號,http://www.tshs.tp.edu.tw,(02)29395826,普通科:72,72,72,資優/特色班請依各校及基北區官方公告查詢,私立東山高中115學年度普通科課程以部定必修為基礎，並配置校訂必修、多元選修、自然與社會探究實作及自主學習；內容依該校115學年度課程計畫架構整理。,私立東山高中的主要實作學習包含自然科與社會領域探究實作、自主學習與學習成果；校訂課程、多元選修或特色班可再延伸為專題研究與成果發表。,有校車；115學年度第1學期校方公布校車路線表，校方按學期公布校車路線、站點及發車時間。,可搭捷運文湖線至萬芳社區站後轉乘小11往老泉方向，在東山高中／老泉街26巷一帶下車前往校區；由新店方向也可先至七張、大坪林一帶再轉乘地面交通。,私立東山高中的一般高中部住宿目前沒有公開的校內宿舍申請、床位或收費方案；特定班級、專案或其他部別住宿另行區分。,https://www.google.com/maps/search/?api=1&query=%E8%87%BA%E5%8C%97%E5%B8%82%E6%96%87%E5%B1%B1%E5%8D%80%E8%80%81%E6%B3%89%E9%87%8C%E8%80%81%E6%B3%89%E8%A1%9726%E5%B7%B73%E8%99%9F,https://courset.k12ea.gov.tw/courseinformation/indextea01.asp,http://www.tshs.tp.edu.tw,https://www.tshs.tp.edu.tw/p20_schoolbus.asp,https://www.tshs.tp.edu.tw/p20_schoolbus.asp；https://www.google.com/maps/search/?api=1&query=%E8%87%BA%E5%8C%97%E5%B8%82%E6%96%87%E5%B1%B1%E5%8D%80%E8%80%81%E6%B3%89%E9%87%8C%E8%80%81%E6%B3%89%E8%A1%9726%E5%B7%B73%E8%99%9F,http://www.tshs.tp.edu.tw,http://www.tshs.tp.edu.tw,https://courset.k12ea.gov.tw/courseinformation/indextea01.asp；http://www.tshs.tp.edu.tw；https://www.tshs.tp.edu.tw/p20_schoolbus.asp；https://www.google.com/maps/search/?api=1&query=%E8%87%BA%E5%8C%97%E5%B8%82%E6%96%87%E5%B1%B1%E5%8D%80%E8%80%81%E6%B3%89%E9%87%8C%E8%80%81%E6%B3%89%E8%A1%9726%E5%B7%B73%E8%99%9F,2026-09-06
,411301,私立泰北高中,私立,基北區,高職,男女兼收,臺北市,士林區,臺北市士林區福林里福林路240號,https://www.tpsh.tp.edu.tw/,(02)28825560,應用日語科:8；美工科:7；廣告設計科:7；多媒體設計科:26；表演藝術科:26,74,74,資優/特色班請依各校及基北區官方公告查詢,私立泰北高中：115學年度課程依各科課程計畫安排，主要科別包括應用日語科、美工科、廣告設計科、多媒體設計科、表演藝術科；各科結合專業理論、校訂課程與實習／實作學習。,私立泰北高中：應用日語科、美工科、廣告設計科、多媒體設計科、表演藝術科等科別依115學年度課程計畫安排專業實習、實作與專題製作，並透過作品、技能或成果發表整合專業學習。,私立泰北高中的學生專車目前沒有公開的路線、站點或申請資訊；一般捷運、臺鐵、公車與步行路線另列於「通勤資訊」。,捷運淡水信義線至「士林站」，1號出口可轉乘206、255、260、303、304、紅5等至「泰北中學」站；亦可由士林站2號出口步行前往。,校方首頁於2026-08-26公告115學年度第1學期住宿生名單；可確認本學期有住宿生制度，住宿資格與入住事項依生輔組公告辦理。,https://www.google.com/maps/search/?api=1&query=%E8%87%BA%E5%8C%97%E5%B8%82%E5%A3%AB%E6%9E%97%E5%8D%80%E7%A6%8F%E6%9E%97%E9%87%8C%E7%A6%8F%E6%9E%97%E8%B7%AF240%E8%99%9F,https://www.tpsh.tp.edu.tw/academic-affairs-office/teaching-group/high-school-plan,https://www.tpsh.tp.edu.tw/news/news-filter/news/internship-group-news,https://www.tpsh.tp.edu.tw/index.php?Itemid=256&id=59&option=com_content&view=article,https://www.tpsh.tp.edu.tw/index.php?Itemid=256&id=59&option=com_content&view=article；https://www.google.com/maps/search/?api=1&query=%E8%87%BA%E5%8C%97%E5%B8%82%E5%A3%AB%E6%9E%97%E5%8D%80%E7%A6%8F%E6%9E%97%E9%87%8C%E7%A6%8F%E6%9E%97%E8%B7%AF240%E8%99%9F,https://www.tpsh.tp.edu.tw/,https://www.tpsh.tp.edu.tw/,https://www.tpsh.tp.edu.tw/academic-affairs-office/teaching-group/high-school-plan；https://www.tpsh.tp.edu.tw/news/news-filter/news/internship-group-news；https://www.tpsh.tp.edu.tw/index.php?Itemid=256&id=59&option=com_content&view=article；https://www.google.com/maps/search/?api=1&query=%E8%87%BA%E5%8C%97%E5%B8%82%E5%A3%AB%E6%9E%97%E5%8D%80%E7%A6%8F%E6%9E%97%E9%87%8C%E7%A6%8F%E6%9E%97%E8%B7%AF240%E8%99%9F；https://www.tpsh.tp.edu.tw/,2026-09-06
,381302,私立滬江高中,私立,基北區,高職,男女兼收,臺北市,文山區,臺北市文山區景美里羅斯福路六段336號,https://www.hchs.tp.edu.tw/,(02)86631122,室內空間設計科:25；餐飲管理科:25,50,50,資優/特色班請依各校及基北區官方公告查詢,私立滬江高中：115學年度課程依各科課程計畫安排，主要科別包括室內空間設計科、餐飲管理科；各科結合專業理論、校訂課程與實習／實作學習。,私立滬江高中：室內空間設計科、餐飲管理科等科別依115學年度課程計畫安排專業實習、實作與專題製作，並透過作品、技能或成果發表整合專業學習。,私立滬江高中的學生專車目前沒有公開的路線、站點或申請資訊；一般捷運、臺鐵、公車與步行路線另列於「通勤資訊」。,捷運松山新店線至「景美站」，由3號出口右轉或1號出口過羅斯福路後步行約5分鐘；252、290、643、644、648、基隆路幹線等可於「滬江中學」站下車。,私立滬江高中的一般高中部住宿目前沒有公開的校內宿舍申請、床位或收費方案；特定班級、專案或其他部別住宿另行區分。,https://www.google.com/maps/search/?api=1&query=%E8%87%BA%E5%8C%97%E5%B8%82%E6%96%87%E5%B1%B1%E5%8D%80%E6%99%AF%E7%BE%8E%E9%87%8C%E7%BE%85%E6%96%AF%E7%A6%8F%E8%B7%AF%E5%85%AD%E6%AE%B5336%E8%99%9F,https://hchs.tp.edu.tw/hujiang/108CourseOutline.html,https://www.hchs.tp.edu.tw/,https://www.hchs.tp.edu.tw/hujiang/a5.html,https://www.hchs.tp.edu.tw/hujiang/a5.html；https://www.google.com/maps/search/?api=1&query=%E8%87%BA%E5%8C%97%E5%B8%82%E6%96%87%E5%B1%B1%E5%8D%80%E6%99%AF%E7%BE%8E%E9%87%8C%E7%BE%85%E6%96%AF%E7%A6%8F%E8%B7%AF%E5%85%AD%E6%AE%B5336%E8%99%9F,https://www.hchs.tp.edu.tw/,https://www.hchs.tp.edu.tw/,https://hchs.tp.edu.tw/hujiang/108CourseOutline.html；https://www.hchs.tp.edu.tw/；https://www.hchs.tp.edu.tw/hujiang/a5.html；https://www.google.com/maps/search/?api=1&query=%E8%87%BA%E5%8C%97%E5%B8%82%E6%96%87%E5%B1%B1%E5%8D%80%E6%99%AF%E7%BE%8E%E9%87%8C%E7%BE%85%E6%96%AF%E7%A6%8F%E8%B7%AF%E5%85%AD%E6%AE%B5336%E8%99%9F,2026-09-06
,341402,私立稻江護家,私立,基北區,綜高,男女兼收,臺北市,中山區,臺北市中山區新庄里新生北路三段55號,http://www.tcnvs.tp.edu.tw,(02)25955161,家政科:31；幼兒保育科:72；時尚造型科:63；餐飲管理科:63；綜合高中:37；機電科:37,303,303,資優/特色班請依各校及基北區官方公告查詢,115學年度課程依校方課程計畫安排，涵蓋家政科、幼兒保育科、時尚造型科、餐飲管理科、綜合高中、機電科；共同核心之外，依學程與選修方向配置校訂、多元選修及專業課程。,私立稻江護家：家政科、幼兒保育科、時尚造型科、餐飲管理科、綜合高中、機電科等科別依115學年度課程計畫安排專業實習、實作與專題製作，並透過作品、技能或成果發表整合專業學習。,私立稻江護家的學生專車目前沒有公開的路線、站點或申請資訊；一般捷運、臺鐵、公車與步行路線另列於「通勤資訊」。,捷運中和新蘆線至「中山國小站」4號出口，步行約5分鐘；公車可於「稻江護校」站下車。,私立稻江護家的一般高中部住宿目前沒有公開的校內宿舍申請、床位或收費方案；特定班級、專案或其他部別住宿另行區分。,https://www.google.com/maps/search/?api=1&query=%E8%87%BA%E5%8C%97%E5%B8%82%E4%B8%AD%E5%B1%B1%E5%8D%80%E6%96%B0%E5%BA%84%E9%87%8C%E6%96%B0%E7%94%9F%E5%8C%97%E8%B7%AF%E4%B8%89%E6%AE%B555%E8%99%9F,https://courset.k12ea.gov.tw/courseinformation/indextea01.asp,http://www.tcnvs.tp.edu.tw,https://djbabycare.tcnvs.tp.edu.tw/elementor-1055/,https://djbabycare.tcnvs.tp.edu.tw/elementor-1055/；https://www.google.com/maps/search/?api=1&query=%E8%87%BA%E5%8C%97%E5%B8%82%E4%B8%AD%E5%B1%B1%E5%8D%80%E6%96%B0%E5%BA%84%E9%87%8C%E6%96%B0%E7%94%9F%E5%8C%97%E8%B7%AF%E4%B8%89%E6%AE%B555%E8%99%9F,http://www.tcnvs.tp.edu.tw,http://www.tcnvs.tp.edu.tw,https://courset.k12ea.gov.tw/courseinformation/indextea01.asp；http://www.tcnvs.tp.edu.tw；https://djbabycare.tcnvs.tp.edu.tw/elementor-1055/；https://www.google.com/maps/search/?api=1&query=%E8%87%BA%E5%8C%97%E5%B8%82%E4%B8%AD%E5%B1%B1%E5%8D%80%E6%96%B0%E5%BA%84%E9%87%8C%E6%96%B0%E7%94%9F%E5%8C%97%E8%B7%AF%E4%B8%89%E6%AE%B555%E8%99%9F,2026-09-06
,361401,私立稻江高商,私立,基北區,高職,男女兼收,臺北市,大同區,臺北市大同區隆和里民權西路225巷24號,http://www.tkcvs.tp.edu.tw,(02)25912001,商業經營科:31；應用日語科:31；廣告設計科:63；觀光事業科:52,177,177,資優/特色班請依各校及基北區官方公告查詢,私立稻江高商：115學年度課程依各科課程計畫安排，主要科別包括商業經營科、應用日語科、廣告設計科、觀光事業科；各科結合專業理論、校訂課程與實習／實作學習。,私立稻江高商：商業經營科、應用日語科、廣告設計科、觀光事業科等科別依115學年度課程計畫安排專業實習、實作與專題製作，並透過作品、技能或成果發表整合專業學習。,私立稻江高商的學生專車目前沒有公開的路線、站點或申請資訊；一般捷運、臺鐵、公車與步行路線另列於「通勤資訊」。,捷運中和新蘆線至「大橋頭站」，沿民權西路往225巷方向步行前往；校址位於民權西路225巷24號。,私立稻江高商的一般高中部住宿目前沒有公開的校內宿舍申請、床位或收費方案；特定班級、專案或其他部別住宿另行區分。,https://www.google.com/maps/search/?api=1&query=%E8%87%BA%E5%8C%97%E5%B8%82%E5%A4%A7%E5%90%8C%E5%8D%80%E9%9A%86%E5%92%8C%E9%87%8C%E6%B0%91%E6%AC%8A%E8%A5%BF%E8%B7%AF225%E5%B7%B724%E8%99%9F,https://www.tkcvs.tp.edu.tw/files/14-1000-5588%2Cr107-1.php?Lang=zh-tw,https://www.tkcvs.tp.edu.tw/files/131-1000-77.php?Lang=zh-tw,http://www.tkcvs.tp.edu.tw,http://www.tkcvs.tp.edu.tw；https://www.google.com/maps/search/?api=1&query=%E8%87%BA%E5%8C%97%E5%B8%82%E5%A4%A7%E5%90%8C%E5%8D%80%E9%9A%86%E5%92%8C%E9%87%8C%E6%B0%91%E6%AC%8A%E8%A5%BF%E8%B7%AF225%E5%B7%B724%E8%99%9F,http://www.tkcvs.tp.edu.tw,http://www.tkcvs.tp.edu.tw,https://www.tkcvs.tp.edu.tw/files/14-1000-5588%2Cr107-1.php?Lang=zh-tw；https://www.tkcvs.tp.edu.tw/files/131-1000-77.php?Lang=zh-tw；http://www.tkcvs.tp.edu.tw；https://www.google.com/maps/search/?api=1&query=%E8%87%BA%E5%8C%97%E5%B8%82%E5%A4%A7%E5%90%8C%E5%8D%80%E9%9A%86%E5%92%8C%E9%87%8C%E6%B0%91%E6%AC%8A%E8%A5%BF%E8%B7%AF225%E5%B7%B724%E8%99%9F,2026-09-06
,311401,私立育達高中,私立,基北區,高職,男女兼收,臺北市,松山區,105 臺北市松山區寧安街12號,https://www.yudah.tp.edu.tw/,(02)25706767,烘焙科:131；時尚造型科:178；觀光事業科:89；餐飲管理科:319；表演藝術科:178,895,895,資優/特色班請依各校及基北區官方公告查詢,普通高中與多媒體設計、觀光、餐飲、時尚造型、表演藝術、烘焙等專業方向並行，另有新媒體等特色／實驗課程。,專業科別依實習與產學合作辦理校外實習、技能實作及作品／展演成果；實習單位與專題依各科課程及合作安排進行。,私立育達高中的學生專車目前沒有公開的路線、站點或申請資訊；一般捷運、臺鐵、公車與步行路線另列於「通勤資訊」。,捷運可在台北小巨蛋站3號或4號出口下車後步行約3分鐘；南京東路寧安街口有46、248、266、277、279、282、288、306、307、604、605、622、668、675等公車。,私立育達高中的一般高中部住宿目前沒有公開的校內宿舍申請、床位或收費方案；特定班級、專案或其他部別住宿另行區分。,https://www.google.com/maps/search/?api=1&query=105+%E8%87%BA%E5%8C%97%E5%B8%82%E6%9D%BE%E5%B1%B1%E5%8D%80%E5%AF%A7%E5%AE%89%E8%A1%9712%E8%99%9F,https://courset.k12ea.gov.tw/courseinformation/indextea01.asp,https://www.yudah.tp.edu.tw/,https://www.yudah.tp.edu.tw/,https://www.yudah.tp.edu.tw/；https://www.google.com/maps/search/?api=1&query=105+%E8%87%BA%E5%8C%97%E5%B8%82%E6%9D%BE%E5%B1%B1%E5%8D%80%E5%AF%A7%E5%AE%89%E8%A1%9712%E8%99%9F,https://www.yudah.tp.edu.tw/,https://www.yudah.tp.edu.tw/,https://courset.k12ea.gov.tw/courseinformation/indextea01.asp；https://www.yudah.tp.edu.tw/；https://www.google.com/maps/search/?api=1&query=105+%E8%87%BA%E5%8C%97%E5%B8%82%E6%9D%BE%E5%B1%B1%E5%8D%80%E5%AF%A7%E5%AE%89%E8%A1%9712%E8%99%9F,2026-09-06
,411303,私立華興中學,私立,基北區,高中,男女兼收,臺北市,士林區,臺北市士林區芝山里仰德大道1段101號,http://www.hhhs.tp.edu.tw,(02)28316834,普通科:27,27,27,資優/特色班請依各校及基北區官方公告查詢,私立華興中學115學年度普通科課程以部定必修為基礎，並配置校訂必修、多元選修、自然與社會探究實作及自主學習；內容依該校115學年度課程計畫架構整理。,私立華興中學的主要實作學習包含自然科與社會領域探究實作、自主學習與學習成果；校訂課程、多元選修或特色班可再延伸為專題研究與成果發表。,有專車；華興中學設有學生校車，通勤路線包含榮總、石牌、圓環、東湖、內湖、大直、劍潭、忠孝復興及三重蘆洲等方向。,一般公車109、111、260、303、681、紅5等亦可於「華興中學」站下車。,私立華興中學的一般高中部住宿目前沒有公開的校內宿舍申請、床位或收費方案；特定班級、專案或其他部別住宿另行區分。,https://www.google.com/maps/search/?api=1&query=%E8%87%BA%E5%8C%97%E5%B8%82%E5%A3%AB%E6%9E%97%E5%8D%80%E8%8A%9D%E5%B1%B1%E9%87%8C%E4%BB%B0%E5%BE%B7%E5%A4%A7%E9%81%931%E6%AE%B5101%E8%99%9F,https://courset.k12ea.gov.tw/courseinformation/indextea01.asp,http://www.hhhs.tp.edu.tw,https://sites.google.com/hhhs.tp.edu.tw/hxbc/,https://sites.google.com/hhhs.tp.edu.tw/hxbc/；https://www.google.com/maps/search/?api=1&query=%E8%87%BA%E5%8C%97%E5%B8%82%E5%A3%AB%E6%9E%97%E5%8D%80%E8%8A%9D%E5%B1%B1%E9%87%8C%E4%BB%B0%E5%BE%B7%E5%A4%A7%E9%81%931%E6%AE%B5101%E8%99%9F,http://www.hhhs.tp.edu.tw,http://www.hhhs.tp.edu.tw,https://courset.k12ea.gov.tw/courseinformation/indextea01.asp；http://www.hhhs.tp.edu.tw；https://sites.google.com/hhhs.tp.edu.tw/hxbc/；https://www.google.com/maps/search/?api=1&query=%E8%87%BA%E5%8C%97%E5%B8%82%E5%A3%AB%E6%9E%97%E5%8D%80%E8%8A%9D%E5%B1%B1%E9%87%8C%E4%BB%B0%E5%BE%B7%E5%A4%A7%E9%81%931%E6%AE%B5101%E8%99%9F,2026-09-06
,421301,私立薇閣高中,私立,基北區,高中,男女兼收,臺北市,北投區,臺北市北投區中心里珠海路50號,https://www.wghs.tp.edu.tw/nss/p/index,(02)28925332,普通科:57,57,57,資優/特色班請依各校及基北區官方公告查詢,私立薇閣高中115學年度普通科課程以部定必修為基礎，並配置校訂必修、多元選修、自然與社會探究實作及自主學習；內容依該校115學年度課程計畫架構整理。,私立薇閣高中的主要實作學習包含自然科與社會領域探究實作、自主學習與學習成果；校訂課程、多元選修或特色班可再延伸為專題研究與成果發表。,有校車；校方設有校車路線專區，校方公布校車路線、站點及時刻供學生搭乘。,可先搭捷運淡水信義線至北投或新北投站，再轉乘北投珠海路方向公車或步行前往珠海路50號校區。,私立薇閣高中的一般高中部住宿目前沒有公開的校內宿舍申請、床位或收費方案；特定班級、專案或其他部別住宿另行區分。,https://www.google.com/maps/search/?api=1&query=%E8%87%BA%E5%8C%97%E5%B8%82%E5%8C%97%E6%8A%95%E5%8D%80%E4%B8%AD%E5%BF%83%E9%87%8C%E7%8F%A0%E6%B5%B7%E8%B7%AF50%E8%99%9F,https://courset.k12ea.gov.tw/courseinformation/indextea01.asp,https://www.wghs.tp.edu.tw/nss/p/index,https://www.wghs.tp.edu.tw/nss/p/About1busmap,https://www.wghs.tp.edu.tw/nss/p/About1busmap；https://www.google.com/maps/search/?api=1&query=%E8%87%BA%E5%8C%97%E5%B8%82%E5%8C%97%E6%8A%95%E5%8D%80%E4%B8%AD%E5%BF%83%E9%87%8C%E7%8F%A0%E6%B5%B7%E8%B7%AF50%E8%99%9F,https://www.wghs.tp.edu.tw/nss/p/index,https://www.wghs.tp.edu.tw/nss/p/index,https://courset.k12ea.gov.tw/courseinformation/indextea01.asp；https://www.wghs.tp.edu.tw/nss/p/index；https://www.wghs.tp.edu.tw/nss/p/About1busmap；https://www.google.com/maps/search/?api=1&query=%E8%87%BA%E5%8C%97%E5%B8%82%E5%8C%97%E6%8A%95%E5%8D%80%E4%B8%AD%E5%BF%83%E9%87%8C%E7%8F%A0%E6%B5%B7%E8%B7%AF50%E8%99%9F,2026-09-06
,411302,私立衛理女中,私立,基北區,高中,女校,臺北市,士林區,111003 臺北市士林區至善路二段321號,https://www.wlgsh.tp.edu.tw/,(02)28411487,普通科(女):64,64,64,資優/特色班請依各校及基北區官方公告查詢,私立衛理女中115學年度普通科課程以部定必修為基礎，並配置校訂必修、多元選修、自然與社會探究實作及自主學習；內容依該校115學年度課程計畫架構整理。,私立衛理女中的主要實作學習包含自然科與社會領域探究實作、自主學習與學習成果；校訂課程、多元選修或特色班可再延伸為專題研究與成果發表。,私立衛理女中的學生專車目前沒有公開的路線、站點或申請資訊；一般捷運、臺鐵、公車與步行路線另列於「通勤資訊」。,由捷運士林站可搭255、小18、小19至「衛理女中」站，或搭304、815至故宮後步行約5分鐘；由捷運大直站3號出口可搭棕13前往學校。,校方設學生宿舍與住宿專區；入住資格、床位、費用及作息依當學年度住宿公告。,https://www.google.com/maps/search/?api=1&query=111003+%E8%87%BA%E5%8C%97%E5%B8%82%E5%A3%AB%E6%9E%97%E5%8D%80%E8%87%B3%E5%96%84%E8%B7%AF%E4%BA%8C%E6%AE%B5321%E8%99%9F,https://courset.k12ea.gov.tw/courseinformation/indexStu01.asp,https://www.wlgsh.tp.edu.tw/,https://www.wlgsh.tp.edu.tw/uploads/17013307572045GlZHohV.pdf,https://www.wlgsh.tp.edu.tw/uploads/17013307572045GlZHohV.pdf；https://www.google.com/maps/search/?api=1&query=111003+%E8%87%BA%E5%8C%97%E5%B8%82%E5%A3%AB%E6%9E%97%E5%8D%80%E8%87%B3%E5%96%84%E8%B7%AF%E4%BA%8C%E6%AE%B5321%E8%99%9F,https://www.wlgsh.tp.edu.tw/nss/p/Res001,https://www.wlgsh.tp.edu.tw/,https://courset.k12ea.gov.tw/courseinformation/indexStu01.asp；https://www.wlgsh.tp.edu.tw/；https://www.wlgsh.tp.edu.tw/uploads/17013307572045GlZHohV.pdf；https://www.google.com/maps/search/?api=1&query=111003+%E8%87%BA%E5%8C%97%E5%B8%82%E5%A3%AB%E6%9E%97%E5%8D%80%E8%87%B3%E5%96%84%E8%B7%AF%E4%BA%8C%E6%AE%B5321%E8%99%9F；https://www.wlgsh.tp.edu.tw/nss/p/Res001,2026-09-06
,401303,私立達人高中,私立,基北區,高中,男女兼收,臺北市,內湖區,臺北市內湖區湖濱里內湖路二段314號,https://www1.trgsh.tp.edu.tw/,(02)27956899,普通科(女):29；普通科:56,85,85,資優/特色班請依各校及基北區官方公告查詢,私立達人高中115學年度普通科課程以部定必修為基礎，並配置校訂必修、多元選修、自然與社會探究實作及自主學習；內容依該校115學年度課程計畫架構整理。,私立達人高中的主要實作學習包含自然科與社會領域探究實作、自主學習與學習成果；校訂課程、多元選修或特色班可再延伸為專題研究與成果發表。,有校車；校方總務處設有校車資訊，提供上學、放學及課後時段校車路線；校方按學期公布校車路線及站點。,捷運文湖線內湖站或文德站下車後步行約10分鐘；公車21、28、247、247區、267、278、552、小2可在「達人高中」站下車後步行約2分鐘。,私立達人高中的一般高中部住宿目前沒有公開的校內宿舍申請、床位或收費方案；特定班級、專案或其他部別住宿另行區分。,https://www.google.com/maps/search/?api=1&query=%E8%87%BA%E5%8C%97%E5%B8%82%E5%85%A7%E6%B9%96%E5%8D%80%E6%B9%96%E6%BF%B1%E9%87%8C%E5%85%A7%E6%B9%96%E8%B7%AF%E4%BA%8C%E6%AE%B5314%E8%99%9F,https://www1.trgsh.tp.edu.tw/static/webroot/G157381724340374/application/NL161404994409238.pdf,https://www1.trgsh.tp.edu.tw/,https://www1.trgsh.tp.edu.tw/general/content?a=T0RESU9EQTBNelU0TmpFPTJJek00a1ROeGNsVGludGVseQ%3D%3D,https://www1.trgsh.tp.edu.tw/general/content?a=T0RESU9EQTBNelU0TmpFPTJJek00a1ROeGNsVGludGVseQ%3D%3D；https://www.google.com/maps/search/?api=1&query=%E8%87%BA%E5%8C%97%E5%B8%82%E5%85%A7%E6%B9%96%E5%8D%80%E6%B9%96%E6%BF%B1%E9%87%8C%E5%85%A7%E6%B9%96%E8%B7%AF%E4%BA%8C%E6%AE%B5314%E8%99%9F；https://sites.google.com/trgsh.tp.edu.tw/senior/%E9%A6%96%E9%A0%81,https://www1.trgsh.tp.edu.tw/,https://www1.trgsh.tp.edu.tw/,https://www1.trgsh.tp.edu.tw/static/webroot/G157381724340374/application/NL161404994409238.pdf；https://www1.trgsh.tp.edu.tw/；https://www1.trgsh.tp.edu.tw/general/content?a=T0RESU9EQTBNelU0TmpFPTJJek00a1ROeGNsVGludGVseQ%3D%3D；https://www.google.com/maps/search/?api=1&query=%E8%87%BA%E5%8C%97%E5%B8%82%E5%85%A7%E6%B9%96%E5%8D%80%E6%B9%96%E6%BF%B1%E9%87%8C%E5%85%A7%E6%B9%96%E8%B7%AF%E4%BA%8C%E6%AE%B5314%E8%99%9F；https://sites.google.com/trgsh.tp.edu.tw/senior/%E9%A6%96%E9%A0%81,2026-09-06
,331302,私立金甌女中,私立,基北區,高職,女校,臺北市,大安區,106301 臺北市大安區杭州南路二段1號,https://www.cogsh.tp.edu.tw/,(02)23214765,日間部(女):65；應用日語科(女):45；多媒體設計科(女):45,155,155,資優/特色班請依各校及基北區官方公告查詢,私立金甌女中：115學年度課程依各科課程計畫安排，主要科別包括日間部、應用日語科、多媒體設計科；各科結合專業理論、校訂課程與實習／實作學習。,私立金甌女中：日間部、應用日語科、多媒體設計科等科別依115學年度課程計畫安排專業實習、實作與專題製作，並透過作品、技能或成果發表整合專業學習。,私立金甌女中的學生專車目前沒有公開的路線、站點或申請資訊；一般捷運、臺鐵、公車與步行路線另列於「通勤資訊」。,捷運東門站3號出口下車後步行約5分鐘；公車可在「金甌女中」站搭38、237、249、253，或在信義杭州路口搭0東、20、22、38、88、204、670、671、758、信義幹線。,私立金甌女中的一般高中部住宿目前沒有公開的校內宿舍申請、床位或收費方案；特定班級、專案或其他部別住宿另行區分。,https://www.google.com/maps/search/?api=1&query=106301+%E8%87%BA%E5%8C%97%E5%B8%82%E5%A4%A7%E5%AE%89%E5%8D%80%E6%9D%AD%E5%B7%9E%E5%8D%97%E8%B7%AF%E4%BA%8C%E6%AE%B51%E8%99%9F,https://www.cogsh.tp.edu.tw/ischool/wr/file/1/3877/9a1aa3f5362dc0884f1da61113a1aff4.pdf,https://www.cogsh.tp.edu.tw/,https://www.cogsh.tp.edu.tw/,https://www.cogsh.tp.edu.tw/；https://www.google.com/maps/search/?api=1&query=106301+%E8%87%BA%E5%8C%97%E5%B8%82%E5%A4%A7%E5%AE%89%E5%8D%80%E6%9D%AD%E5%B7%9E%E5%8D%97%E8%B7%AF%E4%BA%8C%E6%AE%B51%E8%99%9F；https://www.cogsh.tp.edu.tw/home?cid=1768,https://www.cogsh.tp.edu.tw/,https://www.cogsh.tp.edu.tw/,https://www.cogsh.tp.edu.tw/ischool/wr/file/1/3877/9a1aa3f5362dc0884f1da61113a1aff4.pdf；https://www.cogsh.tp.edu.tw/；https://www.google.com/maps/search/?api=1&query=106301+%E8%87%BA%E5%8C%97%E5%B8%82%E5%A4%A7%E5%AE%89%E5%8D%80%E6%9D%AD%E5%B7%9E%E5%8D%97%E8%B7%AF%E4%BA%8C%E6%AE%B51%E8%99%9F；https://www.cogsh.tp.edu.tw/home?cid=1768,2026-09-06
,331404,私立開平餐飲,私立,基北區,高職,男女兼收,臺北市,大安區,臺北市大安區龍陣里復興南路二段148巷24號,http://www.kpvs.tp.edu.tw,(02)27556939,餐飲管理科:22,22,22,資優/特色班請依各校及基北區官方公告查詢,私立開平餐飲：115學年度課程依各科課程計畫安排，主要科別包括餐飲管理科；各科結合專業理論、校訂課程與實習／實作學習。,私立開平餐飲：餐飲管理科等科別依115學年度課程計畫安排專業實習、實作與專題製作，並透過作品、技能或成果發表整合專業學習。,私立開平餐飲的學生專車目前沒有公開的路線、站點或申請資訊；一般捷運、臺鐵、公車與步行路線另列於「通勤資訊」。,捷運文湖線「科技大樓站」或淡水信義線「大安站」步行約5分鐘；74、278、685可於「開平餐飲學校」站下車。,私立開平餐飲的一般高中部住宿目前沒有公開的校內宿舍申請、床位或收費方案；特定班級、專案或其他部別住宿另行區分。,https://www.google.com/maps/search/?api=1&query=%E8%87%BA%E5%8C%97%E5%B8%82%E5%A4%A7%E5%AE%89%E5%8D%80%E9%BE%8D%E9%99%A3%E9%87%8C%E5%BE%A9%E8%88%88%E5%8D%97%E8%B7%AF%E4%BA%8C%E6%AE%B5148%E5%B7%B724%E8%99%9F,https://sites.google.com/kpvs.tp.edu.tw/2020/%E8%AA%B2%E7%A8%8B%E8%A8%88%E7%95%AB%E8%88%87%E7%95%A2%E6%A5%AD%E6%A2%9D%E4%BB%B6/115%E5%AD%B8%E5%B9%B4%E5%BA%A6%E5%85%A5%E5%AD%B8118%E5%B9%B4%E7%8F%AD,http://www.kpvs.tp.edu.tw,https://www.kpvs.tp.edu.tw/abount-us/map/,https://www.kpvs.tp.edu.tw/abount-us/map/；https://www.google.com/maps/search/?api=1&query=%E8%87%BA%E5%8C%97%E5%B8%82%E5%A4%A7%E5%AE%89%E5%8D%80%E9%BE%8D%E9%99%A3%E9%87%8C%E5%BE%A9%E8%88%88%E5%8D%97%E8%B7%AF%E4%BA%8C%E6%AE%B5148%E5%B7%B724%E8%99%9F,http://www.kpvs.tp.edu.tw,http://www.kpvs.tp.edu.tw,https://sites.google.com/kpvs.tp.edu.tw/2020/%E8%AA%B2%E7%A8%8B%E8%A8%88%E7%95%AB%E8%88%87%E7%95%A2%E6%A5%AD%E6%A2%9D%E4%BB%B6/115%E5%AD%B8%E5%B9%B4%E5%BA%A6%E5%85%A5%E5%AD%B8118%E5%B9%B4%E7%8F%AD；http://www.kpvs.tp.edu.tw；https://www.kpvs.tp.edu.tw/abount-us/map/；https://www.google.com/maps/search/?api=1&query=%E8%87%BA%E5%8C%97%E5%B8%82%E5%A4%A7%E5%AE%89%E5%8D%80%E9%BE%8D%E9%99%A3%E9%87%8C%E5%BE%A9%E8%88%88%E5%8D%97%E8%B7%AF%E4%BA%8C%E6%AE%B5148%E5%B7%B724%E8%99%9F,2026-09-06
,361301,私立靜修高中,私立,基北區,綜高,男女兼收,臺北市,大同區,臺北市大同區雙連里寧夏路59號,http://www.bish.tp.edu.tw,(02)25574345,普通科(女):95；應用日語科(女):27,122,122,資優/特色班請依各校及基北區官方公告查詢,115學年度課程依校方課程計畫安排，涵蓋普通科、應用日語科；共同核心之外，依學程與選修方向配置校訂、多元選修及專業課程。,私立靜修高中：普通科、應用日語科等科別依115學年度課程計畫安排專業實習、實作與專題製作，並透過作品、技能或成果發表整合專業學習。,有專車；115學年度高中新生報到資料設有交通車需求登記，路線包含林口、中永和、三重、蘆洲、土城、板橋、新莊、五股等方向；回程配合晚自習時段另有發車安排。,可由捷運雙連站步行前往；公車42、民生幹線、紅33可在「靜修女中」站下車，民生重慶路口另有2、215、223、250、255、288、302、304重慶線、306、46、601、63、636、639、641、704等路線。,私立靜修高中的一般高中部住宿目前沒有公開的校內宿舍申請、床位或收費方案；特定班級、專案或其他部別住宿另行區分。,https://www.google.com/maps/search/?api=1&query=%E8%87%BA%E5%8C%97%E5%B8%82%E5%A4%A7%E5%90%8C%E5%8D%80%E9%9B%99%E9%80%A3%E9%87%8C%E5%AF%A7%E5%A4%8F%E8%B7%AF59%E8%99%9F,https://www.bish.tp.edu.tw/data.php?id=13267&tpl=14,http://www.bish.tp.edu.tw,https://www.bish.tp.edu.tw/data.php?id=11894&tpl=5,https://www.bish.tp.edu.tw/data.php?id=11894&tpl=5；https://www.google.com/maps/search/?api=1&query=%E8%87%BA%E5%8C%97%E5%B8%82%E5%A4%A7%E5%90%8C%E5%8D%80%E9%9B%99%E9%80%A3%E9%87%8C%E5%AF%A7%E5%A4%8F%E8%B7%AF59%E8%99%9F；https://www.bish.tp.edu.tw/data.php?id=6365&tpl=1,http://www.bish.tp.edu.tw,http://www.bish.tp.edu.tw,https://www.bish.tp.edu.tw/data.php?id=13267&tpl=14；http://www.bish.tp.edu.tw；https://www.bish.tp.edu.tw/data.php?id=11894&tpl=5；https://www.google.com/maps/search/?api=1&query=%E8%87%BA%E5%8C%97%E5%B8%82%E5%A4%A7%E5%90%8C%E5%8D%80%E9%9B%99%E9%80%A3%E9%87%8C%E5%AF%A7%E5%A4%8F%E8%B7%AF59%E8%99%9F；https://www.bish.tp.edu.tw/data.php?id=6365&tpl=1,2026-09-06
,381306,私立靜心高中,私立,基北區,高中,男女兼收,臺北市,文山區,臺北市文山區興福里興隆路二段46號,http://www.chjhs.tp.edu.tw/dispPageBox/MainHp.aspx?ddsPageID=MAINHP,(02)29323118,普通科:16,16,16,資優/特色班請依各校及基北區官方公告查詢,私立靜心高中115學年度普通科課程以部定必修為基礎，並配置校訂必修、多元選修、自然與社會探究實作及自主學習；內容依該校115學年度課程計畫架構整理。,私立靜心高中的主要實作學習包含自然科與社會領域探究實作、自主學習與學習成果；校訂課程、多元選修或特色班可再延伸為專題研究與成果發表。,有校車；115學年度第1學期校方開放校車登記並公布校車路線，包含放學16:15及18:05等時段；115-1校車資料列有站點與路線。,捷運可由松山新店線公館站或文湖線萬芳醫院站轉乘公車；0南、236、253、530、606、棕2、棕6可在「靜心中小學」站或興隆市場站下車。,私立靜心高中的一般高中部住宿目前沒有公開的校內宿舍申請、床位或收費方案；特定班級、專案或其他部別住宿另行區分。,https://www.google.com/maps/search/?api=1&query=%E8%87%BA%E5%8C%97%E5%B8%82%E6%96%87%E5%B1%B1%E5%8D%80%E8%88%88%E7%A6%8F%E9%87%8C%E8%88%88%E9%9A%86%E8%B7%AF%E4%BA%8C%E6%AE%B546%E8%99%9F,https://courset.k12ea.gov.tw/courseinformation/indextea01.asp,http://www.chjhs.tp.edu.tw/dispPageBox/MainHp.aspx?ddsPageID=MAINHP,https://www.chjhs.tp.edu.tw/dispPageBox/MainCp.aspx?ddsPageID=MAINHPADMD,https://www.chjhs.tp.edu.tw/dispPageBox/MainCp.aspx?ddsPageID=MAINHPADMD；https://www.google.com/maps/search/?api=1&query=%E8%87%BA%E5%8C%97%E5%B8%82%E6%96%87%E5%B1%B1%E5%8D%80%E8%88%88%E7%A6%8F%E9%87%8C%E8%88%88%E9%9A%86%E8%B7%AF%E4%BA%8C%E6%AE%B546%E8%99%9F；https://www.chjhs.tp.edu.tw/dispPageBox/MainCp.aspx?ddsPageID=MAINABOUTE,http://www.chjhs.tp.edu.tw/dispPageBox/MainHp.aspx?ddsPageID=MAINHP,http://www.chjhs.tp.edu.tw/dispPageBox/MainHp.aspx?ddsPageID=MAINHP,https://courset.k12ea.gov.tw/courseinformation/indextea01.asp；http://www.chjhs.tp.edu.tw/dispPageBox/MainHp.aspx?ddsPageID=MAINHP；https://www.chjhs.tp.edu.tw/dispPageBox/MainCp.aspx?ddsPageID=MAINHPADMD；https://www.google.com/maps/search/?api=1&query=%E8%87%BA%E5%8C%97%E5%B8%82%E6%96%87%E5%B1%B1%E5%8D%80%E8%88%88%E7%A6%8F%E9%87%8C%E8%88%88%E9%9A%86%E8%B7%AF%E4%BA%8C%E6%AE%B546%E8%99%9F；https://www.chjhs.tp.edu.tw/dispPageBox/MainCp.aspx?ddsPageID=MAINABOUTE,2026-09-06
,351402,臺北市開南高中,私立,基北區,高職,男女兼收,臺北市,中正區,臺北市中正區東門里濟南路一段6號,https://www.knvs.tp.edu.tw/,(02)23212666,汽車科:37；資訊科:37；電機科:37；廣告設計科:37；照顧服務科:22；餐飲管理科:32,202,202,資優/特色班請依各校及基北區官方公告查詢,臺北市開南高中：115學年度課程依各科課程計畫安排，主要科別包括汽車科、資訊科、電機科、廣告設計科、照顧服務科、餐飲管理科；各科結合專業理論、校訂課程與實習／實作學習。,臺北市開南高中：汽車科、資訊科、電機科、廣告設計科、照顧服務科、餐飲管理科等科別依115學年度課程計畫安排專業實習、實作與專題製作，並透過作品、技能或成果發表整合專業學習。,臺北市開南高中的學生專車目前沒有公開的路線、站點或申請資訊；一般捷運、臺鐵、公車與步行路線另列於「通勤資訊」。,可由捷運板南線「善導寺站」或淡水信義線「台大醫院站」步行／轉乘公車前往；295可於「開南中學」站下車，仁愛林森路口及成功中學周邊亦有多線公車。,臺北市開南高中的一般高中部住宿目前沒有公開的校內宿舍申請、床位或收費方案；特定班級、專案或其他部別住宿另行區分。,https://www.google.com/maps/search/?api=1&query=%E8%87%BA%E5%8C%97%E5%B8%82%E4%B8%AD%E6%AD%A3%E5%8D%80%E6%9D%B1%E9%96%80%E9%87%8C%E6%BF%9F%E5%8D%97%E8%B7%AF%E4%B8%80%E6%AE%B56%E8%99%9F,https://courset.k12ea.gov.tw/courseinformation/indextea01.asp,https://www.knvs.tp.edu.tw/,https://atis.taipei.gov.tw/aspx/businfomation/presentinfo.aspx?ddlName=295&lang=zh-Hant-TW,https://atis.taipei.gov.tw/aspx/businfomation/presentinfo.aspx?ddlName=295&lang=zh-Hant-TW；https://www.google.com/maps/search/?api=1&query=%E8%87%BA%E5%8C%97%E5%B8%82%E4%B8%AD%E6%AD%A3%E5%8D%80%E6%9D%B1%E9%96%80%E9%87%8C%E6%BF%9F%E5%8D%97%E8%B7%AF%E4%B8%80%E6%AE%B56%E8%99%9F,https://www.knvs.tp.edu.tw/,https://www.knvs.tp.edu.tw/,https://courset.k12ea.gov.tw/courseinformation/indextea01.asp；https://www.knvs.tp.edu.tw/；https://atis.taipei.gov.tw/aspx/businfomation/presentinfo.aspx?ddlName=295&lang=zh-Hant-TW；https://www.google.com/maps/search/?api=1&query=%E8%87%BA%E5%8C%97%E5%B8%82%E4%B8%AD%E6%AD%A3%E5%8D%80%E6%9D%B1%E9%96%80%E9%87%8C%E6%BF%9F%E5%8D%97%E8%B7%AF%E4%B8%80%E6%AE%B56%E8%99%9F,2026-09-06
