排名,學校代碼,學校名稱,公私立,招生區,學制分類,男女校,縣市,區,地址,官網,電話,科系與名額,簡章招生名額,招生名額,資優班/特色班,課程方向,實習／專題,校車／專車資訊,通勤資訊,住宿資訊,Google地圖,課程資料來源,實習專題資料來源,校車／專車資料來源,通勤資料來源,住宿資料來源,地址資料來源,生活資料來源,資料更新日期
,170404,國立基隆商工,公立,基北區,高職,男女兼收,基隆市,七堵區,基隆市七堵區東新街22號,https://www.klcivs.kl.edu.tw/home,(02)24567126,航空電子科:1；商業經營科:1；國際貿易科:1；會計事務科:2；資料處理科:1；美工科:6；廣告設計科:6；商業經營科:11；國際貿易科:11；資料處理科:11；機械科:9,60,60,校方招生資料列有技優甄審／特色招生；本校為技術型高中，特色方向包含商業、設計、機械與資料處理等群科。,115課程計畫書頁依本校招生科別提供課程計畫；招生科別涵蓋航空電子、商業經營、國際貿易、會計事務、資料處理、美工、廣告設計及機械等方向。,各科依115學年度課程計畫安排專業實習、實作與專題課程，學生透過技能實作、專題製作與成果展示整合專業學習。,國立基隆商工的學生專車目前沒有公開的路線、站點或申請資訊；一般捷運、臺鐵、公車與步行路線另列於「通勤資訊」。,臺鐵七堵站下車，沿東新街經明德國中步行約3分鐘；403A/B/C/D、606、6064C至基隆商工站；R66、R82、R82A、R86、R86A至七堵區行政大樓站步行約300公尺；最直接節點為七堵車站；七堵站步行約450公尺，七堵郵局／七堵國小等站步行約400至500公尺。,國立基隆商工的一般高中部住宿目前沒有公開的校內宿舍申請、床位或收費方案；特定班級、專案或其他部別住宿另行區分。,https://www.google.com/maps/search/?api=1&query=%E5%9F%BA%E9%9A%86%E5%B8%82%E4%B8%83%E5%A0%B5%E5%8D%80%E6%9D%B1%E6%96%B0%E8%A1%9722%E8%99%9F,https://www.klcivs.kl.edu.tw/ischool/publish_page/3/?cid=3147,https://www.klcivs.kl.edu.tw/ischool/publish_page/3/?cid=3147,https://www.klcivs.kl.edu.tw/ischool/widget/main_menu/show.php?cid=2775,https://www.klcivs.kl.edu.tw/ischool/widget/main_menu/show.php?cid=2775；https://www.google.com/maps/search/?api=1&query=%E5%9F%BA%E9%9A%86%E5%B8%82%E4%B8%83%E5%A0%B5%E5%8D%80%E6%9D%B1%E6%96%B0%E8%A1%9722%E8%99%9F,https://www.klcivs.kl.edu.tw/ischool/publish_page/3/?cid=3147,https://www.klcivs.kl.edu.tw/home,https://www.klcivs.kl.edu.tw/ischool/publish_page/3/?cid=3147；https://www.klcivs.kl.edu.tw/ischool/widget/main_menu/show.php?cid=2775；https://www.google.com/maps/search/?api=1&query=%E5%9F%BA%E9%9A%86%E5%B8%82%E4%B8%83%E5%A0%B5%E5%8D%80%E6%9D%B1%E6%96%B0%E8%A1%9722%E8%99%9F；https://www.klcivs.kl.edu.tw/home,2026-09-06
,170301,國立基隆女中,公立,基北區,高中,女校,基隆市,信義區,201013 基隆市信義區東信路324號,https://www.klgsh.kl.edu.tw/,(02)24278274,普通科(女):202,202,202,特色班包含數理科技實驗班、雙語教育實驗班、人文AI實驗學程及體育班。,校方教學組公開115課程計畫書備查版與115課程地圖；本校普通科課程依該學年度課程計畫與課程地圖安排。,實作學習以自然與社會領域探究實作、自主學習、校訂課程與學習成果為主，並透過課程地圖所列課程、學生作品與成果發表累積研究經驗。,115-1另公告學生接駁專車，站點與時間依該公告附件。,校方交通頁列市區公車201、202、203、204至「基隆女中」站，2088至「基隆女中／月眉路口」後步行約5分鐘。,校方招生與學務公開資料載有學生宿舍資訊；住宿資格、床位與費用依校方住宿制度辦理。,https://www.google.com/maps/search/?api=1&query=201013+%E5%9F%BA%E9%9A%86%E5%B8%82%E4%BF%A1%E7%BE%A9%E5%8D%80%E6%9D%B1%E4%BF%A1%E8%B7%AF324%E8%99%9F,https://www.klgsh.kl.edu.tw/行政單位/教務處/👉🏻教務處/教學組專區/2/,https://www.klgsh.kl.edu.tw/行政單位/教務處/👉🏻教務處/教學組專區/2/,https://www.klgsh.kl.edu.tw/關於基女/地理交通/；https://www.klgsh.kl.edu.tw/學務處/置頂公告115-1學生接駁專車最新公告/,https://www.klgsh.kl.edu.tw/關於基女/地理交通/；https://www.klgsh.kl.edu.tw/學務處/置頂公告115-1學生接駁專車最新公告/；https://www.google.com/maps/search/?api=1&query=201013+%E5%9F%BA%E9%9A%86%E5%B8%82%E4%BF%A1%E7%BE%A9%E5%8D%80%E6%9D%B1%E4%BF%A1%E8%B7%AF324%E8%99%9F,https://www.klgsh.kl.edu.tw/招生資訊/；https://www.klgsh.kl.edu.tw/學務處/置頂公告115-1學生接駁專車最新公告/,https://www.klgsh.kl.edu.tw/,https://www.klgsh.kl.edu.tw/行政單位/教務處/👉🏻教務處/教學組專區/2/；https://www.klgsh.kl.edu.tw/關於基女/地理交通/；https://www.klgsh.kl.edu.tw/學務處/置頂公告115-1學生接駁專車最新公告/；https://www.google.com/maps/search/?api=1&query=201013+%E5%9F%BA%E9%9A%86%E5%B8%82%E4%BF%A1%E7%BE%A9%E5%8D%80%E6%9D%B1%E4%BF%A1%E8%B7%AF324%E8%99%9F；https://www.klgsh.kl.edu.tw/招生資訊/；https://www.klgsh.kl.edu.tw/,2026-09-06
,170302,國立基隆高中,公立,基北區,高中,男女兼收,基隆市,暖暖區,205 基隆市暖暖區源遠路20號,https://www.klsh.kl.edu.tw/,(02)24582052,普通科(女):30,30,30,特色班包含數理實驗班、雙語實驗班、海洋科技班、國際人文班、音樂資優班、美術資優班及體育班。,校方網站公開115學年度課程計畫核定版入口；本校普通科課程依115學年度課程計畫及校訂多元課程安排。,實作學習以自然與社會領域探究實作、自主學習、校訂課程與學習成果為主，學生可透過跨域選修與成果發表累積專題型學習經驗。,另校方招生頁說明有臺北及新北學生交通車，班次與路線依當學年度公告。,校方交通頁列臺鐵八堵站，出站步行約10分鐘；公車601、605可在「八堵國小」或「礦工醫院」站下車。,校方115學年度第一學期住宿公告已公布住宿生核定名冊、入住事項、宿舍管理要點與宿舍環境資料；住宿資格與床位依校方核定名冊及住宿制度辦理。,https://www.google.com/maps/search/?api=1&query=205+%E5%9F%BA%E9%9A%86%E5%B8%82%E6%9A%96%E6%9A%96%E5%8D%80%E6%BA%90%E9%81%A0%E8%B7%AF20%E8%99%9F,https://courset.k12ea.gov.tw/courseinformation/indexStu01.asp,https://www.klsh.kl.edu.tw/,https://www.klsh.kl.edu.tw/about/traffic/；https://www.klsh.kl.edu.tw/gov/aca/nst/,https://www.klsh.kl.edu.tw/about/traffic/；https://www.klsh.kl.edu.tw/gov/aca/nst/；https://www.google.com/maps/search/?api=1&query=205+%E5%9F%BA%E9%9A%86%E5%B8%82%E6%9A%96%E6%9A%96%E5%8D%80%E6%BA%90%E9%81%A0%E8%B7%AF20%E8%99%9F,https://www.klsh.kl.edu.tw/2026/08/12/115%E5%AD%B8%E5%B9%B4%E5%BA%A6%E7%AC%AC%E4%B8%80%E5%AD%B8%E6%9C%9F%E4%BD%8F%E5%AE%BF%E7%94%9F%E6%A0%B8%E5%AE%9A%E5%90%8D%E5%86%8A%E6%9A%A8%E5%AD%B8%E7%94%9F%E5%AE%BF%E8%88%8D%E5%85%A5%E4%BD%8F/,https://www.klsh.kl.edu.tw/,https://courset.k12ea.gov.tw/courseinformation/indexStu01.asp；https://www.klsh.kl.edu.tw/；https://www.klsh.kl.edu.tw/about/traffic/；https://www.klsh.kl.edu.tw/gov/aca/nst/；https://www.google.com/maps/search/?api=1&query=205+%E5%9F%BA%E9%9A%86%E5%B8%82%E6%9A%96%E6%9A%96%E5%8D%80%E6%BA%90%E9%81%A0%E8%B7%AF20%E8%99%9F；https://www.klsh.kl.edu.tw/2026/08/12/115%E5%AD%B8%E5%B9%B4%E5%BA%A6%E7%AC%AC%E4%B8%80%E5%AD%B8%E6%9C%9F%E4%BD%8F%E5%AE%BF%E7%94%9F%E6%A0%B8%E5%AE%9A%E5%90%8D%E5%86%8A%E6%9A%A8%E5%AD%B8%E7%94%9F%E5%AE%BF%E8%88%8D%E5%85%A5%E4%BD%8F/,2026-09-06
,170403,國立海洋大學附屬基隆海事,公立,基北區,高職,男女兼收,基隆市,中正區,基隆市中正區祥豐街246號,https://www.klms.ntou.edu.tw/,(02)24633655,食品科:8,8,8,普通科設海洋科技人才培育實驗班；技職特色涵蓋海事、水產、食品、商管、電機電子、餐旅與服務群。,校方課程計畫書頁公開115學年度課程計畫，涵蓋普通科與技術型專業科課程；招生科別為食品科，課程方向以食品專業與實習課程為主。,校方實習處公開專題實作及創意競賽、實習科目與專業課程資料；實習科目頁列有專題製作及電子專業實習，食品科實際課程依115學年度課程計畫辦理。,國立海洋大學附屬基隆海事的學生專車目前沒有公開的路線、站點或申請資訊；一般捷運、臺鐵、公車與步行路線另列於「通勤資訊」。,校方新生手冊列明可先搭客運或臺鐵至基隆，再轉乘市區公車或計程車到校；1579快捷公車可在海大（祥豐校門）站下車，步行約3至5分鐘到校；校址為基隆市中正區祥豐街246號。,115學年度校方公告代辦租借國立臺灣海洋大學男生學生宿舍，申請對象為非北北基的產業特殊需求類科學生；另公告115學年度第1學期宿舍核准名單已額滿。,https://www.google.com/maps/search/?api=1&query=%E5%9F%BA%E9%9A%86%E5%B8%82%E4%B8%AD%E6%AD%A3%E5%8D%80%E7%A5%A5%E8%B1%90%E8%A1%97246%E8%99%9F,https://www.klms.ntou.edu.tw/%E8%AA%B2%E7%A8%8B%E8%A8%88%E7%95%AB%E6%9B%B8/,https://www.klms.ntou.edu.tw/%E5%B0%88%E6%A5%AD%E8%AA%B2%E7%A8%8B-%E8%B3%87/%E5%AF%A6%E7%BF%92%E7%A7%91%E7%9B%AE；https://www.klms.ntou.edu.tw/%E8%BC%AA%E6%A9%9F%E7%A7%91.html?days_ago=120&id=43&view=category,https://www.klms.ntou.edu.tw/attachments/article/3144/114%E5%AD%B8%E5%B9%B4%E5%BA%A6%E6%96%B0%E7%94%9F%E6%89%8B%E5%86%8A-1140710.pdf；https://www.klms.ntou.edu.tw/attachments/article/4670/%E9%A6%96%E9%83%BD%E5%AE%A2%E9%81%8B%E5%87%BD%E6%96%87.pdf,https://www.klms.ntou.edu.tw/attachments/article/3144/114%E5%AD%B8%E5%B9%B4%E5%BA%A6%E6%96%B0%E7%94%9F%E6%89%8B%E5%86%8A-1140710.pdf；https://www.klms.ntou.edu.tw/attachments/article/4670/%E9%A6%96%E9%83%BD%E5%AE%A2%E9%81%8B%E5%87%BD%E6%96%87.pdf；https://www.google.com/maps/search/?api=1&query=%E5%9F%BA%E9%9A%86%E5%B8%82%E4%B8%AD%E6%AD%A3%E5%8D%80%E7%A5%A5%E8%B1%90%E8%A1%97246%E8%99%9F,https://www.klms.ntou.edu.tw/%E5%85%AC%E5%91%8A115%E5%AD%B8%E5%B9%B4%E5%BA%A6%E6%9C%AC%E6%A0%A1%E4%BB%A3%E8%BE%A6%E7%A7%9F%E5%80%9F%E5%9C%8B%E7%AB%8B%E8%87%BA%E7%81%A3%E6%B5%B7%E6%B4%8B%E5%A4%A7%E5%AD%B8%E7%94%B7%E7%94%9F/,https://www.klms.ntou.edu.tw/,https://www.klms.ntou.edu.tw/%E8%AA%B2%E7%A8%8B%E8%A8%88%E7%95%AB%E6%9B%B8/；https://www.klms.ntou.edu.tw/%E5%B0%88%E6%A5%AD%E8%AA%B2%E7%A8%8B-%E8%B3%87/%E5%AF%A6%E7%BF%92%E7%A7%91%E7%9B%AE；https://www.klms.ntou.edu.tw/%E8%BC%AA%E6%A9%9F%E7%A7%91.html?days_ago=120&id=43&view=category；https://www.klms.ntou.edu.tw/attachments/article/3144/114%E5%AD%B8%E5%B9%B4%E5%BA%A6%E6%96%B0%E7%94%9F%E6%89%8B%E5%86%8A-1140710.pdf；https://www.klms.ntou.edu.tw/attachments/article/4670/%E9%A6%96%E9%83%BD%E5%AE%A2%E9%81%8B%E5%87%BD%E6%96%87.pdf；https://www.google.com/maps/search/?api=1&query=%E5%9F%BA%E9%9A%86%E5%B8%82%E4%B8%AD%E6%AD%A3%E5%8D%80%E7%A5%A5%E8%B1%90%E8%A1%97246%E8%99%9F；https://www.klms.ntou.edu.tw/%E5%85%AC%E5%91%8A115%E5%AD%B8%E5%B9%B4%E5%BA%A6%E6%9C%AC%E6%A0%A1%E4%BB%A3%E8%BE%A6%E7%A7%9F%E5%80%9F%E5%9C%8B%E7%AB%8B%E8%87%BA%E7%81%A3%E6%B5%B7%E6%B4%8B%E5%A4%A7%E5%AD%B8%E7%94%B7%E7%94%9F/；https://www.klms.ntou.edu.tw/,2026-09-06
,173304,市立中山高中,公立,基北區,高中,男女兼收,基隆市,中山區,基隆市中山區文化路162號,https://csjh.kl.edu.tw/,(02)24248191,普通科:9,9,9,高中部設體育班特色招生；學校另有多元社團與校本特色課程。,校方公開115學年度入學高中部課程計畫，內容涵蓋普通班與體育班；高中部課程依該課程計畫及115-1高一選課說明辦理。,實作學習以自然與社會領域探究、科學展覽、自主學習及成果發表為主；115學年度校內科學展覽提供學生將研究問題、實驗與成果整合成作品的機會。,市立中山高中的學生專車目前沒有公開的路線、站點或申請資訊；一般捷運、臺鐵、公車與步行路線另列於「通勤資訊」。,可由基隆火車站方向搭乘基隆市公車302「中山高中」線，在中山高中站下車後步行進校；校址位於文化路162號。,校方公開資料中的住宿型安排是大德分校慈輝班專案，服務對象與一般高中部招生不同；本欄不把慈輝班住宿推定為一般高中生宿舍。,https://www.google.com/maps/search/?api=1&query=%E5%9F%BA%E9%9A%86%E5%B8%82%E4%B8%AD%E5%B1%B1%E5%8D%80%E6%96%87%E5%8C%96%E8%B7%AF162%E8%99%9F,https://csjh.kl.edu.tw/ke-cheng-ji-hua/gao-zhong-bu-san-nian-ke-cheng-hua-shu-han-ge-ru-xue-nian-du-ji-hua,https://csjh.kl.edu.tw/xing-zheng-dan-wei/jiao-wu-chu,https://csjh.kl.edu.tw/,https://csjh.kl.edu.tw/；https://www.google.com/maps/search/?api=1&query=%E5%9F%BA%E9%9A%86%E5%B8%82%E4%B8%AD%E5%B1%B1%E5%8D%80%E6%96%87%E5%8C%96%E8%B7%AF162%E8%99%9F；https://www.klcba.gov.tw/bus_route.aspx?busno=302&no=,https://csjh.kl.edu.tw/,https://csjh.kl.edu.tw/,https://csjh.kl.edu.tw/ke-cheng-ji-hua/gao-zhong-bu-san-nian-ke-cheng-hua-shu-han-ge-ru-xue-nian-du-ji-hua；https://csjh.kl.edu.tw/xing-zheng-dan-wei/jiao-wu-chu；https://csjh.kl.edu.tw/；https://www.google.com/maps/search/?api=1&query=%E5%9F%BA%E9%9A%86%E5%B8%82%E4%B8%AD%E5%B1%B1%E5%8D%80%E6%96%87%E5%8C%96%E8%B7%AF162%E8%99%9F；https://www.klcba.gov.tw/bus_route.aspx?busno=302&no=,2026-09-06
,173314,市立八斗高中,公立,基北區,高中,男女兼收,基隆市,中正區,基隆市中正區新豐街100號,https://bdjh.kl.edu.tw/,(02)24692366,普通科:12,12,12,高中部特色班包含原住民族實驗教育班及體育班；體育項目包含男子橄欖球、女子排球、跆拳道與拳擊。,校方網站設有高中課程計畫與選課手冊入口；本校普通科課程另包含原住民族實驗教育班的原民文化、潮間帶與走讀等課程方向，實際115學年度內容依校方課程計畫附件。,原住民族實驗教育班包含潮間帶採集、海象觀察、成果發表與導覽實習；高中部其他實作學習則以探究、自主學習及專題研習等形式進行。,市立八斗高中的學生專車目前沒有公開的路線、站點或申請資訊；一般捷運、臺鐵、公車與步行路線另列於「通勤資訊」。,基隆市公車管理處104路線行經「八斗高中」站，路線連接新豐街與基隆轉運站；103路線行經八斗高中並連接八斗子車站、海科館與基隆轉運站；學校地址為基隆市中正區新豐街100號。,市立八斗高中的一般高中部住宿目前沒有公開的校內宿舍申請、床位或收費方案；特定班級、專案或其他部別住宿另行區分。,https://www.google.com/maps/search/?api=1&query=%E5%9F%BA%E9%9A%86%E5%B8%82%E4%B8%AD%E6%AD%A3%E5%8D%80%E6%96%B0%E8%B1%90%E8%A1%97100%E8%99%9F,https://bdjh.kl.edu.tw/；https://bdjh.kl.edu.tw/%E7%B6%B2%E7%AB%99%E5%B0%8E%E8%A6%BD,https://bdjh.kl.edu.tw/news/file/1905/110%E5%AD%B8%E5%B9%B4%E5%BA%A6%E5%85%AB%E6%96%97%E9%AB%98%E4%B8%AD%E5%8E%9F%E6%B0%91%E5%AF%A6%E9%A9%97%E6%95%99%E8%82%B2%E8%A8%88%E5%8A%83%E6%9B%B83.3.pdf；https://bdjh.kl.edu.tw/%E6%9C%80%E6%96%B0%E5%85%AC%E5%91%8A/%E6%B4%BB%E5%8B%95%E5%AE%A3%E5%B0%8E/%E8%BD%89%E7%9F%A5%E5%9C%8B%E7%AB%8B%E5%B1%8F%E6%9D%B1%E7%A7%91%E6%8A%80%E5%A4%A7%E5%AD%B8%E5%B7%A5%E4%BD%9C%E7%8A%AC%E8%A8%93%E7%B7%B4%E4%B8%AD%E5%BF%83=115%E5%B9%B4%E5%AD%B8%E7%94%9F%E6%9A%91%E6%9C%9F%E5%AF%A6%E7%BF%92%E8%A8%88%E7%95%AB,https://www.klcba.gov.tw/bus_route.aspx?busno=104&no=4；https://www.klcba.gov.tw/bus_route.aspx?busno=103&no=,https://www.klcba.gov.tw/bus_route.aspx?busno=104&no=4；https://www.klcba.gov.tw/bus_route.aspx?busno=103&no=；https://www.google.com/maps/search/?api=1&query=%E5%9F%BA%E9%9A%86%E5%B8%82%E4%B8%AD%E6%AD%A3%E5%8D%80%E6%96%B0%E8%B1%90%E8%A1%97100%E8%99%9F,https://bdjh.kl.edu.tw/；https://bdjh.kl.edu.tw/%E7%B6%B2%E7%AB%99%E5%B0%8E%E8%A6%BD,https://bdjh.kl.edu.tw/,https://bdjh.kl.edu.tw/；https://bdjh.kl.edu.tw/%E7%B6%B2%E7%AB%99%E5%B0%8E%E8%A6%BD；https://bdjh.kl.edu.tw/news/file/1905/110%E5%AD%B8%E5%B9%B4%E5%BA%A6%E5%85%AB%E6%96%97%E9%AB%98%E4%B8%AD%E5%8E%9F%E6%B0%91%E5%AF%A6%E9%A9%97%E6%95%99%E8%82%B2%E8%A8%88%E5%8A%83%E6%9B%B83.3.pdf；https://bdjh.kl.edu.tw/%E6%9C%80%E6%96%B0%E5%85%AC%E5%91%8A/%E6%B4%BB%E5%8B%95%E5%AE%A3%E5%B0%8E/%E8%BD%89%E7%9F%A5%E5%9C%8B%E7%AB%8B%E5%B1%8F%E6%9D%B1%E7%A7%91%E6%8A%80%E5%A4%A7%E5%AD%B8%E5%B7%A5%E4%BD%9C%E7%8A%AC%E8%A8%93%E7%B7%B4%E4%B8%AD%E5%BF%83=115%E5%B9%B4%E5%AD%B8%E7%94%9F%E6%9A%91%E6%9C%9F%E5%AF%A6%E7%BF%92%E8%A8%88%E7%95%AB；https://www.klcba.gov.tw/bus_route.aspx?busno=104&no=4；https://www.klcba.gov.tw/bus_route.aspx?busno=103&no=；https://www.google.com/maps/search/?api=1&query=%E5%9F%BA%E9%9A%86%E5%B8%82%E4%B8%AD%E6%AD%A3%E5%8D%80%E6%96%B0%E8%B1%90%E8%A1%97100%E8%99%9F,2026-09-06
,173306,市立安樂高中,公立,基北區,高中,男女兼收,基隆市,安樂區,基隆市安樂區安一路360號,https://aljh.kl.edu.tw/,(02)24236600,普通科:24,24,24,高中部設創造力資優班；校方另推動雙語、國際交流與無人機等特色學習活動。,校方首頁公告115學年度課程計畫，並列有高中部115課程計畫附件；高中部普通科課程依該公告附件辦理。,實作學習以自然與社會領域探究實作、自主學習、校訂課程與學習成果為主，並依115學年度課程計畫安排研究與成果發表。,市立安樂高中設有學生校車／專車或交通車服務，供符合校方路線與申請條件的學生上下學使用。,可由基隆轉運站搭862、789或790等客運至「安樂高中」站；亦可搭基隆市公車505、509。由「安樂高中」站步行約2–3分鐘可抵達校門口。,市立安樂高中的一般高中部住宿目前沒有公開的校內宿舍申請、床位或收費方案；特定班級、專案或其他部別住宿另行區分。,https://www.google.com/maps/search/?api=1&query=%E5%9F%BA%E9%9A%86%E5%B8%82%E5%AE%89%E6%A8%82%E5%8D%80%E5%AE%89%E4%B8%80%E8%B7%AF360%E8%99%9F,https://aljh.kl.edu.tw/?id=87&view=category,https://aljh.kl.edu.tw/,https://aljh.kl.edu.tw/,https://aljh.kl.edu.tw/；https://www.google.com/maps/search/?api=1&query=%E5%9F%BA%E9%9A%86%E5%B8%82%E5%AE%89%E6%A8%82%E5%8D%80%E5%AE%89%E4%B8%80%E8%B7%AF360%E8%99%9F；https://oldaljh.kl.edu.tw/4；https://pda5284.gov.taipei/MQS/route.jsp?rid=17528,https://aljh.kl.edu.tw/,https://aljh.kl.edu.tw/,https://aljh.kl.edu.tw/?id=87&view=category；https://aljh.kl.edu.tw/；https://www.google.com/maps/search/?api=1&query=%E5%9F%BA%E9%9A%86%E5%B8%82%E5%AE%89%E6%A8%82%E5%8D%80%E5%AE%89%E4%B8%80%E8%B7%AF360%E8%99%9F,2026-09-06
,173307,市立暖暖高中,公立,基北區,高中,男女兼收,基隆市,暖暖區,基隆市暖暖區暖中路112號,https://nnjh.kl.edu.tw/,(02)24575534,普通科:6,6,6,高中部特色發展包含雙語實驗班；學校另有普通高中課程與多元自主學習。,校方教務處公告113、114、115課程計畫；高中部普通科課程依115學年度課程計畫附件辦理。,實作學習以自然與社會領域探究實作、自主學習、校訂課程與學習成果為主，並透過課堂實作與成果發表累積專題型學習經驗。,校方115學年度高中部新生入學指南列有學校專車申請，申請對象為居住於武崙、建德、百福、七堵區域且有需求者；站點、班次與搭乘資格依該指南及校方申請結果辦理。,臺鐵可在暖暖站下車後步行約10分鐘，或在八堵站下車後步行約15分鐘；公車602可在「暖暖高中」站下車後步行約5分鐘，402、403、406、407、503、601、602、603、605、787等亦可在海會寺站下車後步行約5分鐘。,市立暖暖高中的一般高中部住宿目前沒有公開的校內宿舍申請、床位或收費方案；特定班級、專案或其他部別住宿另行區分。,https://www.google.com/maps/search/?api=1&query=%E5%9F%BA%E9%9A%86%E5%B8%82%E6%9A%96%E6%9A%96%E5%8D%80%E6%9A%96%E4%B8%AD%E8%B7%AF112%E8%99%9F,https://nnjh.kl.edu.tw/%E6%95%99%E5%8B%99%E8%99%95,https://nnjh.kl.edu.tw/%E6%95%99%E5%8B%99%E8%99%95,https://nnjh.kl.edu.tw/images/files/adma05/115%E6%9A%96%E4%B8%AD%E6%96%B0%E7%94%9F%E5%85%A5%E5%AD%B8%E6%8C%87%E5%8D%97.pdf,https://nnjh.kl.edu.tw/images/files/adma05/115%E6%9A%96%E4%B8%AD%E6%96%B0%E7%94%9F%E5%85%A5%E5%AD%B8%E6%8C%87%E5%8D%97.pdf；https://www.google.com/maps/search/?api=1&query=%E5%9F%BA%E9%9A%86%E5%B8%82%E6%9A%96%E6%9A%96%E5%8D%80%E6%9A%96%E4%B8%AD%E8%B7%AF112%E8%99%9F；https://nnjh.kl.edu.tw/%E5%AD%B8%E6%A0%A1%E7%B0%A1%E4%BB%8B/%E4%BA%A4%E9%80%9A%E8%B7%AF%E7%B7%9A；https://www.klcba.gov.tw/bus_route.aspx?busno=602&no=,https://nnjh.kl.edu.tw/images/files/adma05/115%E6%9A%96%E4%B8%AD%E6%96%B0%E7%94%9F%E5%85%A5%E5%AD%B8%E6%8C%87%E5%8D%97.pdf,https://nnjh.kl.edu.tw/,https://nnjh.kl.edu.tw/%E6%95%99%E5%8B%99%E8%99%95；https://nnjh.kl.edu.tw/images/files/adma05/115%E6%9A%96%E4%B8%AD%E6%96%B0%E7%94%9F%E5%85%A5%E5%AD%B8%E6%8C%87%E5%8D%97.pdf；https://www.google.com/maps/search/?api=1&query=%E5%9F%BA%E9%9A%86%E5%B8%82%E6%9A%96%E6%9A%96%E5%8D%80%E6%9A%96%E4%B8%AD%E8%B7%AF112%E8%99%9F；https://nnjh.kl.edu.tw/%E5%AD%B8%E6%A0%A1%E7%B0%A1%E4%BB%8B/%E4%BA%A4%E9%80%9A%E8%B7%AF%E7%B7%9A；https://www.klcba.gov.tw/bus_route.aspx?busno=602&no=；https://nnjh.kl.edu.tw/,2026-09-06
,171306,私立二信高中,私立,基北區,高職,男女兼收,基隆市,中正區,基隆市中正區立德路243號,https://www.essh.kl.edu.tw/,(02)24623131,電機科:9；商業經營科:10；資料處理科:15；廣告設計科:8,42,42,普通科發展頂大班與藍碳研究班；技高部設機械、電機、廣設、商經、資處、應英、應日等專業特色課程。,私立二信高中：115學年度課程依各科課程計畫安排，主要科別包括電機科、商業經營科、資料處理科、廣告設計科；各科結合專業理論、校訂課程與實習／實作學習。,私立二信高中：電機科、商業經營科、資料處理科、廣告設計科等科別依115學年度課程計畫安排專業實習、實作與專題製作，並透過作品、技能或成果發表整合專業學習。,有交通車。115學年度第一學期校方已公告技高一年級上下學交通車路線與各站車資；這份路線表適用對象明確標示為技高一年級。,可由基隆市區搭101、103、104或1579等路線，在「二信中學」站下車後步行約3–7分鐘到校；基隆客運往福隆方向的班車也可在二信中學周邊下車。,私立二信高中的一般高中部住宿目前沒有公開的校內宿舍申請、床位或收費方案；特定班級、專案或其他部別住宿另行區分。,https://www.google.com/maps/search/?api=1&query=%E5%9F%BA%E9%9A%86%E5%B8%82%E4%B8%AD%E6%AD%A3%E5%8D%80%E7%AB%8B%E5%BE%B7%E8%B7%AF243%E8%99%9F,https://www.essh.kl.edu.tw/?page_id=744,https://www.essh.kl.edu.tw/,https://www.essh.kl.edu.tw/；https://ww2.essh.kl.edu.tw/essh/studentaffair/bulletin/HB/HB-35.htm；https://www.essh.kl.edu.tw/?p=4498,https://www.essh.kl.edu.tw/；https://ww2.essh.kl.edu.tw/essh/studentaffair/bulletin/HB/HB-35.htm；https://www.google.com/maps/search/?api=1&query=%E5%9F%BA%E9%9A%86%E5%B8%82%E4%B8%AD%E6%AD%A3%E5%8D%80%E7%AB%8B%E5%BE%B7%E8%B7%AF243%E8%99%9F；https://www.essh.kl.edu.tw/?page_id=94,https://ww2.essh.kl.edu.tw/essh/studentaffair/bulletin/HB/HB-35.htm,https://www.essh.kl.edu.tw/,https://www.essh.kl.edu.tw/?page_id=744；https://www.essh.kl.edu.tw/；https://ww2.essh.kl.edu.tw/essh/studentaffair/bulletin/HB/HB-35.htm；https://www.google.com/maps/search/?api=1&query=%E5%9F%BA%E9%9A%86%E5%B8%82%E4%B8%AD%E6%AD%A3%E5%8D%80%E7%AB%8B%E5%BE%B7%E8%B7%AF243%E8%99%9F,2026-09-06
,171407,私立培德工家,私立,基北區,綜高,男女兼收,基隆市,信義區,201004 基隆市信義區培德路73號,https://www.ptvs.kl.edu.tw/,(02)24652121,汽車科:6；餐飲管理科:18；普通科:44；多媒體設計科:178,246,246,職業類科特色為餐飲管理與汽車科實作；餐飲含中西餐、烘焙與飲調，汽車含機車修護、電動機車、引擎、鈑金、噴漆與空調。,115學年度課程依校方課程計畫安排，涵蓋汽車科、餐飲管理科、普通科、多媒體設計科；共同核心之外，依學程與選修方向配置校訂、多元選修及專業課程。,私立培德工家：汽車科、餐飲管理科、普通科、多媒體設計科等科別依115學年度課程計畫安排專業實習、實作與專題製作，並透過作品、技能或成果發表整合專業學習。,私立培德工家的學生專車目前沒有公開的路線、站點或申請資訊；一般捷運、臺鐵、公車與步行路線另列於「通勤資訊」。,可搭基隆市公車107、201、202、803，或公路客運2088A，在「培德工家」站下車後步行進校。,私立培德工家的一般高中部住宿目前沒有公開的校內宿舍申請、床位或收費方案；特定班級、專案或其他部別住宿另行區分。,https://www.google.com/maps/search/?api=1&query=201004+%E5%9F%BA%E9%9A%86%E5%B8%82%E4%BF%A1%E7%BE%A9%E5%8D%80%E5%9F%B9%E5%BE%B7%E8%B7%AF73%E8%99%9F,https://courset.k12ea.gov.tw/courseinformation/indexStu01.asp,https://www.ptvs.kl.edu.tw/,https://12basic.kl.edu.tw/255,https://12basic.kl.edu.tw/255；https://www.google.com/maps/search/?api=1&query=培德工家+基隆市信義區培德路73號；https://www.google.com/maps/search/?api=1&query=201004+%E5%9F%BA%E9%9A%86%E5%B8%82%E4%BF%A1%E7%BE%A9%E5%8D%80%E5%9F%B9%E5%BE%B7%E8%B7%AF73%E8%99%9F；https://www.thb.gov.tw/News_Content.aspx?n=87&s=62495,https://12basic.kl.edu.tw/255,https://www.ptvs.kl.edu.tw/,https://courset.k12ea.gov.tw/courseinformation/indexStu01.asp；https://www.ptvs.kl.edu.tw/；https://12basic.kl.edu.tw/255；https://www.google.com/maps/search/?api=1&query=培德工家+基隆市信義區培德路73號；https://www.google.com/maps/search/?api=1&query=201004+%E5%9F%BA%E9%9A%86%E5%B8%82%E4%BF%A1%E7%BE%A9%E5%8D%80%E5%9F%B9%E5%BE%B7%E8%B7%AF73%E8%99%9F,2026-09-06
,171308,輔大聖心高中,私立,基北區,高中,男女兼收,基隆市,中山區,基隆市中山區西定路166號,http://www.shsh.kl.edu.tw,(02)24282454,普通科:9,9,9,高中部特色為英語ESL、國際教育、自然科學探究、社會人文專題與延伸課程；學校採 K-12 全人教育。,輔大聖心高中115學年度普通科課程以部定必修為基礎，並配置校訂必修、多元選修、自然與社會探究實作及自主學習；內容依該校115學年度課程計畫架構整理。,輔大聖心高中的主要實作學習包含自然科與社會領域探究實作、自主學習與學習成果；校訂課程、多元選修或特色班可再延伸為專題研究與成果發表。,輔大聖心高中的學生專車目前沒有公開的路線、站點或申請資訊；一般捷運、臺鐵、公車與步行路線另列於「通勤資訊」。,搭基隆市公車302或303至聖心高中站；金山／萬里線至安樂市場後，沿安一路轉西定路步行約7分鐘；基隆火車站步行約12分鐘；市區通勤以302、303最直接；由基隆車站步行約12分鐘，金山／萬里方向在安樂市場下車步行約7分鐘。,輔大聖心高中的一般高中部住宿目前沒有公開的校內宿舍申請、床位或收費方案；特定班級、專案或其他部別住宿另行區分。,https://www.google.com/maps/search/?api=1&query=%E5%9F%BA%E9%9A%86%E5%B8%82%E4%B8%AD%E5%B1%B1%E5%8D%80%E8%A5%BF%E5%AE%9A%E8%B7%AF166%E8%99%9F,https://courset.k12ea.gov.tw/courseinformation/indexStu01.asp,http://www.shsh.kl.edu.tw,https://www.shsh.kl.edu.tw/senior?cid=1998,https://www.shsh.kl.edu.tw/senior?cid=1998；https://www.google.com/maps/search/?api=1&query=%E5%9F%BA%E9%9A%86%E5%B8%82%E4%B8%AD%E5%B1%B1%E5%8D%80%E8%A5%BF%E5%AE%9A%E8%B7%AF166%E8%99%9F,https://www.shsh.kl.edu.tw/ischool/publish_page/98/?cid=845,http://www.shsh.kl.edu.tw,https://courset.k12ea.gov.tw/courseinformation/indexStu01.asp；http://www.shsh.kl.edu.tw；https://www.shsh.kl.edu.tw/senior?cid=1998；https://www.google.com/maps/search/?api=1&query=%E5%9F%BA%E9%9A%86%E5%B8%82%E4%B8%AD%E5%B1%B1%E5%8D%80%E8%A5%BF%E5%AE%9A%E8%B7%AF166%E8%99%9F；https://www.shsh.kl.edu.tw/ischool/publish_page/98/?cid=845,2026-09-06
,020409,國立頭城家商,公立,基北區共同就學區,高職,男女兼收,宜蘭縣,頭城鎮,261 宜蘭縣頭城鎮新興路111號,https://www.tcvs.ilc.edu.tw/,(03)9771131,幼兒保育科:1；觀光事業科:2；餐飲管理科:1；表演藝術科:1,5,5,校方設特色招生管道；技高部以家事、商業、餐旅與設計相關專業課程及技能實作為主要特色。,國立頭城家商：115學年度課程依各科課程計畫安排，主要科別包括幼兒保育科、觀光事業科、餐飲管理科、表演藝術科；各科結合專業理論、校訂課程與實習／實作學習。,各專業科別安排實習實作、技能訓練與專題製作；幼兒保育、觀光事業、餐飲管理與表演藝術等科別透過科內專業課程、作品與成果發表整合實作學習。,國立頭城家商的學生專車目前沒有公開的路線、站點或申請資訊；一般捷運、臺鐵、公車與步行路線另列於「通勤資訊」。,可搭臺鐵至頭城站，再步行或轉乘前往新興路111號校區；115學年度新生專區另公告國光客運通學加班車與1766車次可到「頭城家商」站。,校方設有學生宿舍；115學年度已公告新生住宿申請結果，住宿申請由生輔組辦理，弱勢學生可申請住宿費補助。,https://www.google.com/maps/search/?api=1&query=261+%E5%AE%9C%E8%98%AD%E7%B8%A3%E9%A0%AD%E5%9F%8E%E9%8E%AE%E6%96%B0%E8%88%88%E8%B7%AF111%E8%99%9F,https://www.tcvs.ilc.edu.tw/pages/127,https://www.tcvs.ilc.edu.tw/boxlists/533?menu_id=70,https://www.tcvs.ilc.edu.tw/,https://www.tcvs.ilc.edu.tw/；https://www.google.com/maps/search/?api=1&query=國立頭城家商+宜蘭縣頭城鎮新興路111號；https://www.google.com/maps/search/?api=1&query=261+%E5%AE%9C%E8%98%AD%E7%B8%A3%E9%A0%AD%E5%9F%8E%E9%8E%AE%E6%96%B0%E8%88%88%E8%B7%AF111%E8%99%9F；https://www.tcvs.ilc.edu.tw/boxlists/1293?menu_id=188,https://www.tcvs.ilc.edu.tw/boxlists/1290?menu_id=188；https://www.tcvs.ilc.edu.tw/uploads/downloads/edit_1753672242_BdEuKiNItI.pdf,https://www.tcvs.ilc.edu.tw/,https://www.tcvs.ilc.edu.tw/pages/127；https://www.tcvs.ilc.edu.tw/boxlists/533?menu_id=70；https://www.tcvs.ilc.edu.tw/；https://www.google.com/maps/search/?api=1&query=國立頭城家商+宜蘭縣頭城鎮新興路111號；https://www.google.com/maps/search/?api=1&query=261+%E5%AE%9C%E8%98%AD%E7%B8%A3%E9%A0%AD%E5%9F%8E%E9%8E%AE%E6%96%B0%E8%88%88%E8%B7%AF111%E8%99%9F；https://www.tcvs.ilc.edu.tw/boxlists/1290?menu_id=188；https://www.tcvs.ilc.edu.tw/uploads/downloads/edit_1753672242_BdEuKiNItI.pdf,2026-09-06
,010301,國立華僑高級中等學校,公立,基北區,綜高,男女兼收,新北市,板橋區,220306 新北市板橋區大觀路一段32號,https://www.nocsh.ntpc.edu.tw/home,(02)29684131,綜合高中:224；普通科:271,495,495,高中部設體育班；綜合高中另有學術自然、學術社會、資訊應用與應用英語學程。,115學年度課程依校方課程計畫安排，涵蓋綜合高中、普通科；共同核心之外，依學程與選修方向配置校訂、多元選修及專業課程。,國立華僑高級中等學校：綜合高中、普通科等科別依115學年度課程計畫安排專業實習、實作與專題製作，並透過作品、技能或成果發表整合專業學習。,國立華僑高級中等學校的學生專車目前沒有公開的路線、站點或申請資訊；一般捷運、臺鐵、公車與步行路線另列於「通勤資訊」。,臺鐵浮洲站下車步行約5分鐘；234、264、585、701、702、793、824等臺北客運至國立臺灣藝術大學站下車；浮洲站為最直接鐵路節點，步行約5分鐘；公車至國立臺灣藝術大學站下車即到校。,教育部高中職資料列有學生宿舍；住宿申請與床位依校方住宿制度辦理。,https://www.google.com/maps/search/?api=1&query=220306+%E6%96%B0%E5%8C%97%E5%B8%82%E6%9D%BF%E6%A9%8B%E5%8D%80%E5%A4%A7%E8%A7%80%E8%B7%AF%E4%B8%80%E6%AE%B532%E8%99%9F,https://courset.k12ea.gov.tw/courseinformation/indexStu01.asp,https://www.nocsh.ntpc.edu.tw/home,https://expo.efroip.tw/ischool/publish_page/42/,https://expo.efroip.tw/ischool/publish_page/42/；https://www.google.com/maps/search/?api=1&query=220306+%E6%96%B0%E5%8C%97%E5%B8%82%E6%9D%BF%E6%A9%8B%E5%8D%80%E5%A4%A7%E8%A7%80%E8%B7%AF%E4%B8%80%E6%AE%B532%E8%99%9F,https://ws.moe.edu.tw/001/Upload/7/relfile/7843/97896/a0f92aee-c182-45de-9903-8dd5363bbd87.pdf,https://www.nocsh.ntpc.edu.tw/home,https://courset.k12ea.gov.tw/courseinformation/indexStu01.asp；https://www.nocsh.ntpc.edu.tw/home；https://expo.efroip.tw/ischool/publish_page/42/；https://www.google.com/maps/search/?api=1&query=220306+%E6%96%B0%E5%8C%97%E5%B8%82%E6%9D%BF%E6%A9%8B%E5%8D%80%E5%A4%A7%E8%A7%80%E8%B7%AF%E4%B8%80%E6%AE%B532%E8%99%9F；https://ws.moe.edu.tw/001/Upload/7/relfile/7843/97896/a0f92aee-c182-45de-9903-8dd5363bbd87.pdf,2026-09-06
,014357,市立三民高中,公立,基北區,高中,男女兼收,新北市,蘆洲區,24760 新北市蘆洲區三民路96號,https://www.smsh.ntpc.edu.tw/,(02)22894675,普通科:290,290,290,高中部設體育班；普通課程配合校本多元社團與適性學習。,市立三民高中115學年度普通科課程以部定必修為基礎，並配置校訂必修、多元選修、自然與社會探究實作及自主學習；內容依該校115學年度課程計畫架構整理。,市立三民高中的主要實作學習包含自然科與社會領域探究實作、自主學習與學習成果；校訂課程、多元選修或特色班可再延伸為專題研究與成果發表。,市立三民高中的學生專車目前沒有公開的路線、站點或申請資訊；一般捷運、臺鐵、公車與步行路線另列於「通勤資訊」。,捷運中和新蘆線至三民高中站1號出口，步行約3至5分鐘；14、225、232、508、704、785、806、857、925、橘16至橘20、紅9等公車至三民高中站；捷運三民高中站是主要通勤節點，出站步行約3至5分鐘；周邊公車可直接抵達校門附近。,市立三民高中的一般高中部住宿目前沒有公開的校內宿舍申請、床位或收費方案；特定班級、專案或其他部別住宿另行區分。,https://www.google.com/maps/search/?api=1&query=24760+%E6%96%B0%E5%8C%97%E5%B8%82%E8%98%86%E6%B4%B2%E5%8D%80%E4%B8%89%E6%B0%91%E8%B7%AF96%E8%99%9F,https://www.smsh.ntpc.edu.tw/p/403-1000-216.php,https://www.smsh.ntpc.edu.tw/,https://www.smsh.ntpc.edu.tw/p/412-1000-719.php,https://www.smsh.ntpc.edu.tw/p/412-1000-719.php；https://www.google.com/maps/search/?api=1&query=24760+%E6%96%B0%E5%8C%97%E5%B8%82%E8%98%86%E6%B4%B2%E5%8D%80%E4%B8%89%E6%B0%91%E8%B7%AF96%E8%99%9F,https://www.smsh.ntpc.edu.tw/,https://www.smsh.ntpc.edu.tw/,https://www.smsh.ntpc.edu.tw/p/403-1000-216.php；https://www.smsh.ntpc.edu.tw/；https://www.smsh.ntpc.edu.tw/p/412-1000-719.php；https://www.google.com/maps/search/?api=1&query=24760+%E6%96%B0%E5%8C%97%E5%B8%82%E8%98%86%E6%B4%B2%E5%8D%80%E4%B8%89%E6%B0%91%E8%B7%AF96%E8%99%9F,2026-09-06
,013430,市立三重商工,公立,基北區,高職,男女兼收,新北市,三重區,241026 新北市三重區中正北路163號,https://www.scvs.ntpc.edu.tw/index.php,(02)29715606,模具科:37；製圖科:41；汽車科:41；商業經營科:36；國際貿易科:42；資料處理科:41；應用英語科:42；機械科:44；鑄造科:40；板金科:5；模具科:30；製圖科:32；商業經營科:12,443,443,特色招生科包含機械科、製圖科、商業經營科與汽車科；另有進修部特色招生。,技術型高中課程涵蓋機械、鑄造、板金、模具、製圖、汽車、商業經營、國際貿易、資料處理與應用英語等專業方向；115學年度課程計畫由校方公告。,校方網站明列機械群共同實習科目，如機械基礎實習、電腦輔助製圖與實習、基礎電學實習、機械加工實習、機械製圖實習；另有新北市專題實作Power競賽等成果活動。,市立三重商工的學生專車目前沒有公開的路線、站點或申請資訊；一般捷運、臺鐵、公車與步行路線另列於「通勤資訊」。,可搭14、227、274、292、640、806、815、816、933或橘25等公車，在「三重商工」站下車後到校；由捷運先嗇宮、頭前庄、新埔等站可透過806轉乘。,學校設有學生宿舍；住宿床位與申請依三重商工學務處當學年度公告。,https://www.google.com/maps/search/?api=1&query=241026+%E6%96%B0%E5%8C%97%E5%B8%82%E4%B8%89%E9%87%8D%E5%8D%80%E4%B8%AD%E6%AD%A3%E5%8C%97%E8%B7%AF163%E8%99%9F,https://courset.k12ea.gov.tw/courseinformation/indexStu01.asp,https://www.scvs.ntpc.edu.tw/index.php,https://www.ssvs.ntpc.edu.tw/,https://www.ssvs.ntpc.edu.tw/；https://www.google.com/maps/search/?api=1&query=241026+%E6%96%B0%E5%8C%97%E5%B8%82%E4%B8%89%E9%87%8D%E5%8D%80%E4%B8%AD%E6%AD%A3%E5%8C%97%E8%B7%AF163%E8%99%9F；https://iplay.sports.gov.tw/GymInfo/Index/7988?PP=Traffic；https://atis.taipei.gov.tw/aspx/businfomation/presentinfo.aspx?ddlName=806&lang=zh-Hant-TW,https://www.scvs.ntpc.edu.tw/index.php,https://www.scvs.ntpc.edu.tw/index.php,https://courset.k12ea.gov.tw/courseinformation/indexStu01.asp；https://www.scvs.ntpc.edu.tw/index.php；https://www.ssvs.ntpc.edu.tw/；https://www.google.com/maps/search/?api=1&query=241026+%E6%96%B0%E5%8C%97%E5%B8%82%E4%B8%89%E9%87%8D%E5%8D%80%E4%B8%AD%E6%AD%A3%E5%8C%97%E8%B7%AF163%E8%99%9F,2026-09-06
,014311,市立三重高中,公立,基北區,高中,男女兼收,新北市,三重區,新北市三重區集美街212號,https://www3.schs.ntpc.edu.tw/,(02)29760501,普通科:308,308,308,高中部設體育班與語文實驗班；校內另有高中部美術班及多元社團。,市立三重高中115學年度普通科課程以部定必修為基礎，並配置校訂必修、多元選修、自然與社會探究實作及自主學習；內容依該校115學年度課程計畫架構整理。,市立三重高中的主要實作學習包含自然科與社會領域探究實作、自主學習與學習成果；校訂課程、多元選修或特色班可再延伸為專題研究與成果發表。,市立三重高中的學生專車目前沒有公開的路線、站點或申請資訊；一般捷運、臺鐵、公車與步行路線另列於「通勤資訊」。,可搭捷運中和新蘆線至菜寮站2號出口，步行約10–15分鐘到校；由三重站2號出口沿捷運路、集美街步行，約15–20分鐘可到校。,市立三重高中的一般高中部住宿目前沒有公開的校內宿舍申請、床位或收費方案；特定班級、專案或其他部別住宿另行區分。,https://www.google.com/maps/search/?api=1&query=%E6%96%B0%E5%8C%97%E5%B8%82%E4%B8%89%E9%87%8D%E5%8D%80%E9%9B%86%E7%BE%8E%E8%A1%97212%E8%99%9F,https://www3.schs.ntpc.edu.tw/p/412-1000-738.php,https://www3.schs.ntpc.edu.tw/,https://www3.schs.ntpc.edu.tw/,https://www3.schs.ntpc.edu.tw/；https://www.google.com/maps/search/?api=1&query=%E6%96%B0%E5%8C%97%E5%B8%82%E4%B8%89%E9%87%8D%E5%8D%80%E9%9B%86%E7%BE%8E%E8%A1%97212%E8%99%9F；https://www.ntpc.gov.tw/ch/home.jsp?dataserno=c718a61c7efa7b866a6acb3a81bb6a35&id=2d113acd09f81b46,https://www3.schs.ntpc.edu.tw/p/404-1000-7026.php,https://www3.schs.ntpc.edu.tw/,https://www3.schs.ntpc.edu.tw/p/412-1000-738.php；https://www3.schs.ntpc.edu.tw/；https://www.google.com/maps/search/?api=1&query=%E6%96%B0%E5%8C%97%E5%B8%82%E4%B8%89%E9%87%8D%E5%8D%80%E9%9B%86%E7%BE%8E%E8%A1%97212%E8%99%9F；https://www3.schs.ntpc.edu.tw/p/404-1000-7026.php,2026-09-06
,013336,市立中和高中,公立,基北區,高中,男女兼收,新北市,中和區,新北市中和區連城路460號,http://www.chshs.ntpc.edu.tw,(02)22227146,普通科:465,465,465,資優/特色班請依各校及基北區官方公告查詢,115學年度高中部總體課程計畫以部定必修、校訂必修、選修與多元選修組成；課程規劃涵蓋語文、人文社會、數理科技及藝能健康等學習領域，實際開課依校方課程計畫與選課公告。,高中部以探究與實作、自主學習及校訂／多元選修作為實作與研究學習入口；課程名稱、學分與實施方式依115學年度總體課程計畫。,市立中和高中的學生專車目前沒有公開的路線、站點或申請資訊；一般捷運、臺鐵、公車與步行路線另列於「通勤資訊」。,校方交通頁列明：由捷運景安站轉搭262或275公車至「中和高中站」；由捷運海山站轉搭藍41或985至「中和高中站」；校址為新北市中和區連城路460號，通勤路線採校方交通頁公開列示的站點。,市立中和高中的一般高中部住宿目前沒有公開的校內宿舍申請、床位或收費方案；特定班級、專案或其他部別住宿另行區分。,https://www.google.com/maps/search/?api=1&query=235032+新北市中和區連城路460號,https://www.chshs.ntpc.edu.tw/,https://www.chshs.ntpc.edu.tw/,https://www.chshs.ntpc.edu.tw/p/412-1000-716.php,https://www.chshs.ntpc.edu.tw/p/412-1000-716.php；https://www.google.com/maps/search/?api=1&query=235032+新北市中和區連城路460號,https://www.chshs.ntpc.edu.tw/,https://www.chshs.ntpc.edu.tw/p/412-1000-716.php,https://www.chshs.ntpc.edu.tw/；https://www.chshs.ntpc.edu.tw/p/412-1000-716.php；https://www.google.com/maps/search/?api=1&query=235032+新北市中和區連城路460號,2026-09-06
,014353,市立丹鳳高中,公立,基北區,高中,男女兼收,新北市,新莊區,新北市新莊區龍安路72號,http://www.dfsh.ntpc.edu.tw/,(02)29089627,普通科:223,223,223,資優/特色班請依各校及基北區官方公告查詢,115學年度入學課程計畫包含普通班課程與語文、數理實驗班計畫；數理實驗班安排科學試探、實驗設計及數學／物理／化學／生物／地科專題研究，普通班課程依校方115課程計畫。,數理實驗班於高一進行科學試探，高二以實驗設計延續科展或小論文研究；普通班則依115學年度總體課程計畫實施探究與實作及自主學習。,市立丹鳳高中的學生專車目前沒有公開的路線、站點或申請資訊；一般捷運、臺鐵、公車與步行路線另列於「通勤資訊」。,捷運中和新蘆線至迴龍站2號出口，步行約5至10分鐘到校；公車可在「丹鳳高中站」下車，藍2、663、712、859、F201直達，或在「丹鳳國小站」下車步行約5分鐘，635、636、810、985、橘26、898、橘21、藍37可達。,市立丹鳳高中的一般高中部住宿目前沒有公開的校內宿舍申請、床位或收費方案；校方學生專車屬交通服務，不列為住宿安排。,https://www.google.com/maps/search/?api=1&query=242046+新北市新莊區龍安路72號,https://www.dfsh.ntpc.edu.tw/p/406-1000-9217%2Cr223.php,https://www.dfsh.ntpc.edu.tw/app/index.php?Action=downloadfile&file=WVhSMFlXTm9MelUzTDNCMFlWOHpNamc0WHprd05UUTJNekpmT0RjM09ETXVjR1Jt,https://www.dfsh.ntpc.edu.tw/p/412-1000-825.php,https://www.dfsh.ntpc.edu.tw/p/412-1000-825.php；https://www.google.com/maps/search/?api=1&query=242046+新北市新莊區龍安路72號,https://www.dfsh.ntpc.edu.tw/,https://www.dfsh.ntpc.edu.tw/p/406-1000-9217%2Cr223.php,https://www.dfsh.ntpc.edu.tw/p/406-1000-9217%2Cr223.php；https://www.dfsh.ntpc.edu.tw/app/index.php?Action=downloadfile&file=WVhSMFlXTm9MelUzTDNCMFlWOHpNamc0WHprd05UUTJNekpmT0RjM09ETXVjR1Jt；https://www.dfsh.ntpc.edu.tw/p/412-1000-825.php；https://www.google.com/maps/search/?api=1&query=242046+新北市新莊區龍安路72號；https://www.dfsh.ntpc.edu.tw/,2026-09-06
,014363,市立光復高中,公立,基北區,綜高,男女兼收,新北市,板橋區,新北市板橋區光環路一段7號,http://www.gfhs.ntpc.edu.tw/,(02)29582366,綜合高中:150,150,150,資優/特色班請依各校及基北區官方公告查詢,115學年度入學新生適用的學校課程總體計畫以普通高中部定必修、校訂必修、選修、多元選修及彈性學習組成；課程細目與開課清單依校方課程手冊。,高中部以探究與實作、自主學習、校訂課程與多元選修承擔研究及實作學習；課程內容、學分與實施方式依115學年度課程總體計畫。,市立光復高中的學生專車目前沒有公開的路線、站點或申請資訊；一般捷運、臺鐵、公車與步行路線另列於「通勤資訊」。,由板橋車站可搭234、265、705至「埔墘派出所」站後步行到校；捷運江子翠站可轉藍31或231至「長壽里」，捷運新埔站可轉793至「長壽里」或藍33至「光復街」站。,市立光復高中的一般高中部住宿目前沒有公開的校內宿舍申請、床位或收費方案；特定班級、專案或其他部別住宿另行區分。,https://www.google.com/maps/search/?api=1&query=220+新北市板橋區光環路一段7號,https://www.gfhs.ntpc.edu.tw/p/406-1000-13703%2Cr77.php,https://www.gfhs.ntpc.edu.tw/p/406-1000-13703%2Cr77.php,https://www.gfhs.ntpc.edu.tw/,https://www.gfhs.ntpc.edu.tw/；https://www.google.com/maps/search/?api=1&query=220+新北市板橋區光環路一段7號；https://www.gfhs.ntpc.edu.tw/p/404-1000-511.php,https://www.gfhs.ntpc.edu.tw/,https://www.gfhs.ntpc.edu.tw/p/406-1000-13703%2Cr77.php,https://www.gfhs.ntpc.edu.tw/p/406-1000-13703%2Cr77.php；https://www.gfhs.ntpc.edu.tw/；https://www.google.com/maps/search/?api=1&query=220+新北市板橋區光環路一段7號,2026-09-06
,014381,市立北大高級中學,公立,基北區,高中,男女兼收,新北市,三峽區,237021 新北市三峽區大義路277號,https://www.bdsh.ntpc.edu.tw/,(02)26742666,普通科:132,132,132,資優/特色班請依各校及基北區官方公告查詢,115學年度高中部總體課程計畫包含部定必修、校訂必修、選修、多元選修與彈性學習；校方另公告高中多元選修與第二外語／本土語課程計畫，實際課程依年級選課公告。,高中部以探究與實作、自主學習、校訂課程及多元選修進行實作與研究；國際教育實驗班另設專題研究課程與參訪活動，依校方實驗班計畫辦理。,市立北大高級中學的學生專車目前沒有公開的路線、站點或申請資訊；一般捷運、臺鐵、公車與步行路線另列於「通勤資訊」。,校方網站設有「交通資訊」入口，通勤以三峽／北大特區公車轉乘後到校。,市立北大高級中學的一般高中部住宿目前沒有公開的校內宿舍申請、床位或收費方案；特定班級、專案或其他部別住宿另行區分。,https://www.google.com/maps/search/?api=1&query=237021+新北市三峽區大義路277號,https://www.bdsh.ntpc.edu.tw/p/405-1000-24946%2Cc1019.php?Lang=zh-tw,https://www.bdsh.ntpc.edu.tw/p/406-1000-25681%2Cr23.php?Lang=zh-tw,https://www.bdsh.ntpc.edu.tw/,https://www.bdsh.ntpc.edu.tw/；https://www.google.com/maps/search/?api=1&query=237021+新北市三峽區大義路277號,https://www.bdsh.ntpc.edu.tw/,https://www.bdsh.ntpc.edu.tw/p/405-1000-24946%2Cc1019.php?Lang=zh-tw,https://www.bdsh.ntpc.edu.tw/p/405-1000-24946%2Cc1019.php?Lang=zh-tw；https://www.bdsh.ntpc.edu.tw/p/406-1000-25681%2Cr23.php?Lang=zh-tw；https://www.bdsh.ntpc.edu.tw/；https://www.google.com/maps/search/?api=1&query=237021+新北市三峽區大義路277號,2026-09-06
,014343,市立安康高中,公立,基北區,高中,男女兼收,新北市,新店區,新北市新店區安興路25號,http://www.akhs.ntpc.edu.tw,(02)22111743,普通科:212,212,212,資優/特色班請依各校及基北區官方公告查詢,115學年度高中部課程以部定必修、校訂必修、選修、多元選修與彈性學習組成；校方公告高一自主學習計畫與選群，課程方向依校方課程計畫及選課公告。,高中部以自主學習、小論文與閱讀心得活動、探究與實作及多元選修承擔研究與實作學習，課程名稱及實施方式依115學年度課程公告。,市立安康高中的學生專車目前沒有公開的路線、站點或申請資訊；一般捷運、臺鐵、公車與步行路線另列於「通勤資訊」。,可搭643、648、905、906、909、綠7、綠8、綠10、綠15、棕7或839，在「安康派出所」或「光華新村」站下車；也可搭輕軌至安康站，再轉乘或步行前往安興路25號校區。,市立安康高中的一般高中部住宿目前沒有公開的校內宿舍申請、床位或收費方案；特定班級、專案或其他部別住宿另行區分。,https://www.google.com/maps/search/?api=1&query=新北市新店區安興路25號,https://www.akhs.ntpc.edu.tw/,https://www.akhs.ntpc.edu.tw/,https://www.akhs.ntpc.edu.tw/,https://www.akhs.ntpc.edu.tw/；https://www.google.com/maps/search/?api=1&query=新北市新店區安興路25號；https://www.akhs.ntpc.edu.tw/p/412-1000-703.php,https://www.akhs.ntpc.edu.tw/,https://www.akhs.ntpc.edu.tw/,https://www.akhs.ntpc.edu.tw/；https://www.google.com/maps/search/?api=1&query=新北市新店區安興路25號,2026-09-06
,013338,市立新北高中,公立,基北區,高中,男女兼收,新北市,三重區,新北市三重區三信路1號,http://www.ntsh.ntpc.edu.tw/,(02)28577326,普通科:428,428,428,資優/特色班請依各校及基北區官方公告查詢,115學年度高中課程方向由部定必修、校訂必修、選修、多元選修及彈性學習組成；校方網站設有115課程總體計畫與多元選修公告，實際開課依公告。,高中部以自主學習、學習歷程、小論文／閱讀心得及多元選修進行研究與實作；115學年度選修名單與課程依校方新生專區公告。,市立新北高中的學生專車目前沒有公開的路線、站點或申請資訊；一般捷運、臺鐵、公車與步行路線另列於「通勤資訊」。,可搭捷運中和新蘆線至徐匯中學站1號出口，再以YouBike或公車前往，約6–10分鐘可到新北高中；校門口「新北高中站」有811、815、816、927、928等路線。,市立新北高中的一般高中部住宿目前沒有公開的校內宿舍申請、床位或收費方案；特定班級、專案或其他部別住宿另行區分。,https://www.google.com/maps/search/?api=1&query=新北市三重區三信路1號,https://www.ntsh.ntpc.edu.tw/p/412-1000-999.php?Lang=zh-tw,https://www.ntsh.ntpc.edu.tw/p/403-1000-95.php?Lang=zh-tw,https://www.ntsh.ntpc.edu.tw/p/403-1000-95.php?Lang=zh-tw,https://www.ntsh.ntpc.edu.tw/p/403-1000-95.php?Lang=zh-tw；https://www.google.com/maps/search/?api=1&query=新北市三重區三信路1號；https://www.ntsh.ntpc.edu.tw/var/file/0/1000/img/12/595403698.png,https://www.ntsh.ntpc.edu.tw/p/403-1000-95.php?Lang=zh-tw,https://www.ntsh.ntpc.edu.tw/p/403-1000-95.php?Lang=zh-tw,https://www.ntsh.ntpc.edu.tw/p/412-1000-999.php?Lang=zh-tw；https://www.ntsh.ntpc.edu.tw/p/403-1000-95.php?Lang=zh-tw；https://www.google.com/maps/search/?api=1&query=新北市三重區三信路1號,2026-09-06
,013433,市立新北高工,公立,基北區,綜高,男女兼收,新北市,土城區,新北市土城區學府路一段241號,https://www.ntvs.ntpc.edu.tw/,(02)22612483,模具科:40；製圖科:44；汽車科:44；資訊科:39；電機科:66；資料處理科:44；應用英語科:44；普通科:85；資訊科:42；機械科:52；汽車科:20；資訊科:32；資料處理科:32,584,584,資優/特色班請依各校及基北區官方公告查詢,115學年度專業群科課程計畫涵蓋機械、鑄造、模具、製圖、汽車、資訊、電機、資料處理及應用英語等科；另有進修部、實用技能學程與體育班課程計畫。,各專業科依115課程計畫安排專業實習、實作課程與專題製作；校方課程發展網並列專業群科、實用技能學程及進修部課程計畫，不能以普通高中課程概括。,校方交通頁明確說明本校沒有學生專車；學生通勤以捷運、公車或臺鐵轉乘為主。,可搭捷運板南線至海山站後步行約5分鐘到校；三峽可搭706至「新北高工(金城)」後步行約7分鐘，迴龍或樹林方向可搭985至「新北高工(裕民)」後步行約6分鐘。,市立新北高工的一般高中部住宿目前沒有公開的校內宿舍申請、床位或收費方案；特定班級、專案或其他部別住宿另行區分。,https://www.google.com/maps/search/?api=1&query=新北市土城區學府路一段241號,https://www.ntvs.ntpc.edu.tw/p/406-1000-20997%2Cr77.php?Lang=zh-tw,https://www.ntvs.ntpc.edu.tw/p/406-1000-20997%2Cr77.php?Lang=zh-tw,https://www.ntvs.ntpc.edu.tw/p/406-1000-20997%2Cr77.php?Lang=zh-tw；https://www.ntvs.ntpc.edu.tw/p/412-1000-705.php,https://www.ntvs.ntpc.edu.tw/p/406-1000-20997%2Cr77.php?Lang=zh-tw；https://www.google.com/maps/search/?api=1&query=新北市土城區學府路一段241號；https://www.ntvs.ntpc.edu.tw/p/412-1000-705.php,https://www.ntvs.ntpc.edu.tw/p/406-1000-20997%2Cr77.php?Lang=zh-tw,https://www.ntvs.ntpc.edu.tw/p/406-1000-20997%2Cr77.php?Lang=zh-tw,https://www.ntvs.ntpc.edu.tw/p/406-1000-20997%2Cr77.php?Lang=zh-tw；https://www.google.com/maps/search/?api=1&query=新北市土城區學府路一段241號,2026-09-06
,013335,市立新店高中,公立,基北區,高中,男女兼收,新北市,新店區,新北市新店區中央路93號,http://www.htsh.ntpc.edu.tw,(02)22193700,普通科:460,460,460,資優/特色班請依各校及基北區官方公告查詢,115學年度入學總體課程計畫包含部定必修、校訂必修、選修、多元選修與彈性學習；校方另提供115學年度選課導航手冊與課程說明。,高中部以探究與實作、自主學習、學習歷程及多元選修進行研究與實作；校方公告115學年度選課導航手冊與課程計畫，實施依該公告。,市立新店高中的學生專車目前沒有公開的路線、站點或申請資訊；一般捷運、臺鐵、公車與步行路線另列於「通勤資訊」。,可搭捷運松山新店線至七張站，再轉小碧潭站後步行約5分鐘到校；905、930、綠2、綠6、951可在「二十張」或「耕莘醫院」站下車後步行約5分鐘，906、綠15、644等路線可在新店高中校門周邊下車。,市立新店高中的一般高中部住宿目前沒有公開的校內宿舍申請、床位或收費方案；特定班級、專案或其他部別住宿另行區分。,https://www.google.com/maps/search/?api=1&query=新北市新店區中央路93號,https://www.htsh.ntpc.edu.tw/p/412-1000-738.php,https://www.htsh.ntpc.edu.tw/p/412-1000-833.php?Lang=zh-tw,https://www.htsh.ntpc.edu.tw/p/412-1000-833.php?Lang=zh-tw,https://www.htsh.ntpc.edu.tw/p/412-1000-833.php?Lang=zh-tw；https://www.google.com/maps/search/?api=1&query=新北市新店區中央路93號；https://www.htsh.ntpc.edu.tw/p/412-1000-716.php?Lang=zh-tw,https://www.htsh.ntpc.edu.tw/p/412-1000-833.php?Lang=zh-tw,https://www.htsh.ntpc.edu.tw/p/412-1000-833.php?Lang=zh-tw,https://www.htsh.ntpc.edu.tw/p/412-1000-738.php；https://www.htsh.ntpc.edu.tw/p/412-1000-833.php?Lang=zh-tw；https://www.google.com/maps/search/?api=1&query=新北市新店區中央路93號,2026-09-06
,013337,市立新莊高中,公立,基北區,高中,男女兼收,新北市,新莊區,新北市新莊區中平路135號,http://www.hcsh.ntpc.edu.tw,(02)29912391,普通科:506；普通科:72,578,578,資優/特色班請依各校及基北區官方公告查詢,市立新莊高中115學年度普通科課程以部定必修為基礎，並配置校訂必修、多元選修、自然與社會探究實作及自主學習；內容依該校115學年度課程計畫架構整理。,市立新莊高中的主要實作學習包含自然科與社會領域探究實作、自主學習與學習成果；校訂課程、多元選修或特色班可再延伸為專題研究與成果發表。,市立新莊高中的學生專車目前沒有公開的路線、站點或申請資訊；一般捷運、臺鐵、公車與步行路線另列於「通勤資訊」。,可搭F202公車，路線以新莊高中為起訖站，並銜接捷運新北產業園區站、頭前庄站、新莊站等交通節點，在「新莊高中」站下車到校。,市立新莊高中的一般高中部住宿目前沒有公開的校內宿舍申請、床位或收費方案；特定班級、專案或其他部別住宿另行區分。,https://www.google.com/maps/search/?api=1&query=%E6%96%B0%E5%8C%97%E5%B8%82%E6%96%B0%E8%8E%8A%E5%8D%80%E4%B8%AD%E5%B9%B3%E8%B7%AF135%E8%99%9F,https://sites.google.com/hcsh.ntpc.edu.tw/hc301,http://www.hcsh.ntpc.edu.tw,https://ebus.gov.taipei/Route/StopsOfRoute?routeid=0454020200,https://ebus.gov.taipei/Route/StopsOfRoute?routeid=0454020200；https://www.google.com/maps/search/?api=1&query=%E6%96%B0%E5%8C%97%E5%B8%82%E6%96%B0%E8%8E%8A%E5%8D%80%E4%B8%AD%E5%B9%B3%E8%B7%AF135%E8%99%9F,http://www.hcsh.ntpc.edu.tw,http://www.hcsh.ntpc.edu.tw,https://sites.google.com/hcsh.ntpc.edu.tw/hc301；http://www.hcsh.ntpc.edu.tw；https://ebus.gov.taipei/Route/StopsOfRoute?routeid=0454020200；https://www.google.com/maps/search/?api=1&query=%E6%96%B0%E5%8C%97%E5%B8%82%E6%96%B0%E8%8E%8A%E5%8D%80%E4%B8%AD%E5%B9%B3%E8%B7%AF135%E8%99%9F,2026-09-06
,014326,市立明德高中,公立,基北區,高中,男女兼收,新北市,三峽區,新北市三峽區中正路二段399號,http://www.mdhs.ntpc.edu.tw,(02)26723302,普通科:221,221,221,資優/特色班請依各校及基北區官方公告查詢,市立明德高中115學年度普通科課程以部定必修為基礎，並配置校訂必修、多元選修、自然與社會探究實作及自主學習；內容依該校115學年度課程計畫架構整理。,市立明德高中的主要實作學習包含自然科與社會領域探究實作、自主學習與學習成果；校訂課程、多元選修或特色班可再延伸為專題研究與成果發表。,有交通車；115學年度第1學期校方公告設通勤專車，另有住宿生週五返家與週日返校專車；一般大眾運輸可搭藍46、263、F625、807等路線至「明德中學」或「大埔國小」周邊站點；115-1通勤專車自2026-08-31開始搭乘，站別與時刻依校方115-1路線圖。,一般大眾運輸可搭藍46、263、F625、807等路線至「明德中學」或「大埔國小」周邊站點，再步行到校。,市立明德高中的一般高中部住宿目前沒有公開的校內宿舍申請、床位或收費方案；特定班級、專案或其他部別住宿另行區分。,https://www.google.com/maps/search/?api=1&query=%E6%96%B0%E5%8C%97%E5%B8%82%E4%B8%89%E5%B3%BD%E5%8D%80%E4%B8%AD%E6%AD%A3%E8%B7%AF%E4%BA%8C%E6%AE%B5399%E8%99%9F,https://www.mdhs.ntpc.edu.tw/p/405-1000-19379%2Cc824.php,http://www.mdhs.ntpc.edu.tw,https://www.mdhs.ntpc.edu.tw/p/405-1000-21402%2Cc910.php；https://www.mdhs.ntpc.edu.tw/p/412-1000-745.php,https://www.mdhs.ntpc.edu.tw/p/405-1000-21402%2Cc910.php；https://www.mdhs.ntpc.edu.tw/p/412-1000-745.php；https://www.google.com/maps/search/?api=1&query=%E6%96%B0%E5%8C%97%E5%B8%82%E4%B8%89%E5%B3%BD%E5%8D%80%E4%B8%AD%E6%AD%A3%E8%B7%AF%E4%BA%8C%E6%AE%B5399%E8%99%9F,http://www.mdhs.ntpc.edu.tw,http://www.mdhs.ntpc.edu.tw,https://www.mdhs.ntpc.edu.tw/p/405-1000-19379%2Cc824.php；http://www.mdhs.ntpc.edu.tw；https://www.mdhs.ntpc.edu.tw/p/405-1000-21402%2Cc910.php；https://www.mdhs.ntpc.edu.tw/p/412-1000-745.php；https://www.google.com/maps/search/?api=1&query=%E6%96%B0%E5%8C%97%E5%B8%82%E4%B8%89%E5%B3%BD%E5%8D%80%E4%B8%AD%E6%AD%A3%E8%B7%AF%E4%BA%8C%E6%AE%B5399%E8%99%9F,2026-09-06
,013304,市立板橋高中,公立,基北區,高中,男女兼收,新北市,板橋區,新北市板橋區文化路一段25號,http://www.pcsh.ntpc.edu.tw,(02)29602500,男(6):6；女(6):6,12,12,資優/特色班請依各校及基北區官方公告查詢,市立板橋高中115學年度普通高中課程以部定必修為基礎，並安排校訂必修、多元選修、自然與社會探究實作、自主學習及彈性學習；課程內容依該校115學年度課程計畫架構整理。,市立板橋高中的實作學習以自然與社會領域探究實作、自主學習、校訂課程與學習成果為主，並透過研究、微課程或成果發表累積專題型學習經驗。,市立板橋高中的學生專車目前沒有公開的路線、站點或申請資訊；一般捷運、臺鐵、公車與步行路線另列於「通勤資訊」。,校方交通資料指出，可搭臺北捷運至板橋站或府中站，步行約6分鐘到校；搭公車可在北門街或萬坪公園周邊站點下車後步行約3分鐘。,市立板橋高中的一般高中部住宿目前沒有公開的校內宿舍申請、床位或收費方案；特定班級、專案或其他部別住宿另行區分。,https://www.google.com/maps/search/?api=1&query=%E6%96%B0%E5%8C%97%E5%B8%82%E6%9D%BF%E6%A9%8B%E5%8D%80%E6%96%87%E5%8C%96%E8%B7%AF%E4%B8%80%E6%AE%B525%E8%99%9F,https://course.mail.pcsh.ntpc.edu.tw/課程規劃/課程總體計畫/115入學年總體課程計畫,http://www.pcsh.ntpc.edu.tw,https://osa.mail.pcsh.ntpc.edu.tw/%E8%A8%93%E8%82%B2%E7%B5%84/%E8%A6%AA%E5%B8%AB%E5%BA%A7%E8%AB%87%E6%9C%83,https://osa.mail.pcsh.ntpc.edu.tw/%E8%A8%93%E8%82%B2%E7%B5%84/%E8%A6%AA%E5%B8%AB%E5%BA%A7%E8%AB%87%E6%9C%83；https://www.google.com/maps/search/?api=1&query=%E6%96%B0%E5%8C%97%E5%B8%82%E6%9D%BF%E6%A9%8B%E5%8D%80%E6%96%87%E5%8C%96%E8%B7%AF%E4%B8%80%E6%AE%B525%E8%99%9F,http://www.pcsh.ntpc.edu.tw,http://www.pcsh.ntpc.edu.tw,https://course.mail.pcsh.ntpc.edu.tw/課程規劃/課程總體計畫/115入學年總體課程計畫；http://www.pcsh.ntpc.edu.tw；https://osa.mail.pcsh.ntpc.edu.tw/%E8%A8%93%E8%82%B2%E7%B5%84/%E8%A6%AA%E5%B8%AB%E5%BA%A7%E8%AB%87%E6%9C%83；https://www.google.com/maps/search/?api=1&query=%E6%96%B0%E5%8C%97%E5%B8%82%E6%9D%BF%E6%A9%8B%E5%8D%80%E6%96%87%E5%8C%96%E8%B7%AF%E4%B8%80%E6%AE%B525%E8%99%9F,2026-09-06
,013339,市立林口高中,公立,基北區,高中,男女兼收,新北市,林口區,新北市林口區仁愛路二段173號,http://www.lksh.ntpc.edu.tw,(02)26009482,普通科:352,352,352,資優/特色班請依各校及基北區官方公告查詢,市立林口高中115學年度普通科課程以部定必修為基礎，並配置校訂必修、多元選修、自然與社會探究實作及自主學習；內容依該校115學年度課程計畫架構整理。,市立林口高中的主要實作學習包含自然科與社會領域探究實作、自主學習與學習成果；校訂課程、多元選修或特色班可再延伸為專題研究與成果發表。,市立林口高中的學生專車目前沒有公開的路線、站點或申請資訊；一般捷運、臺鐵、公車與步行路線另列於「通勤資訊」。,校方交通頁列「林口高中站」可搭858、898、966、946、967、920、925，下車後到校；「林口國中站」可搭786、948，下車後步行約250公尺。,市立林口高中的一般高中部住宿目前沒有公開的校內宿舍申請、床位或收費方案；特定班級、專案或其他部別住宿另行區分。,https://www.google.com/maps/search/?api=1&query=%E6%96%B0%E5%8C%97%E5%B8%82%E6%9E%97%E5%8F%A3%E5%8D%80%E4%BB%81%E6%84%9B%E8%B7%AF%E4%BA%8C%E6%AE%B5173%E8%99%9F,https://www.lksh.ntpc.edu.tw/p/406-1000-16891%2Cr34.php,http://www.lksh.ntpc.edu.tw,https://www.lksh.ntpc.edu.tw/p/412-1000-148.php,https://www.lksh.ntpc.edu.tw/p/412-1000-148.php；https://www.google.com/maps/search/?api=1&query=%E6%96%B0%E5%8C%97%E5%B8%82%E6%9E%97%E5%8F%A3%E5%8D%80%E4%BB%81%E6%84%9B%E8%B7%AF%E4%BA%8C%E6%AE%B5173%E8%99%9F,http://www.lksh.ntpc.edu.tw,http://www.lksh.ntpc.edu.tw,https://www.lksh.ntpc.edu.tw/p/406-1000-16891%2Cr34.php；http://www.lksh.ntpc.edu.tw；https://www.lksh.ntpc.edu.tw/p/412-1000-148.php；https://www.google.com/maps/search/?api=1&query=%E6%96%B0%E5%8C%97%E5%B8%82%E6%9E%97%E5%8F%A3%E5%8D%80%E4%BB%81%E6%84%9B%E8%B7%AF%E4%BA%8C%E6%AE%B5173%E8%99%9F,2026-09-06
,014468,市立樟樹國際實中,公立,基北區,綜高,男女兼收,新北市,汐止區,新北市汐止區樟樹二路135號,http://www.ctjhs.ntpc.edu.tw/,(02)26430686,流行服飾科:22；多媒體動畫科:27；普通科:5；航運管理科:3；食品科:12；烘焙科:16；漁業科:3；水產養殖科:3；輪機科:15；航海科:18；綜合高中:6；資訊科:1,131,131,資優/特色班請依各校及基北區官方公告查詢,115學年度課程依校方課程計畫安排，涵蓋流行服飾科、多媒體動畫科、普通科、航運管理科、食品科、烘焙科、漁業科、水產養殖科、輪機科、航海科、綜合高中、資訊科；共同核心之外，依學程與選修方向配置校訂、多元選修及專業課程。,市立樟樹國際實中：流行服飾科、多媒體動畫科、普通科、航運管理科、食品科、烘焙科、漁業科、水產養殖科、輪機科、航海科等科別依115學年度課程計畫安排專業實習、實作與專題製作，並透過作品、技能或成果發表整合專業學習。,市立樟樹國際實中的學生專車目前沒有公開的路線、站點或申請資訊；一般捷運、臺鐵、公車與步行路線另列於「通勤資訊」。,臺鐵汐科站步行約20分鐘；南港展覽館站6號出口可轉藍23或藍39；「樟樹國際實中站」有藍39、711、677、1031、F913，下車步行約3分鐘。,市立樟樹國際實中的一般高中部住宿目前沒有公開的校內宿舍申請、床位或收費方案；特定班級、專案或其他部別住宿另行區分。,https://www.google.com/maps/search/?api=1&query=%E6%96%B0%E5%8C%97%E5%B8%82%E6%B1%90%E6%AD%A2%E5%8D%80%E6%A8%9F%E6%A8%B9%E4%BA%8C%E8%B7%AF135%E8%99%9F,https://courset.k12ea.gov.tw/courseinformation/indexStu01.asp,https://www.ctjhs.ntpc.edu.tw/p/406-1000-7266%2Cr145.php,https://www.ctjhs.ntpc.edu.tw/p/412-1000-713.php,https://www.ctjhs.ntpc.edu.tw/p/412-1000-713.php；https://www.google.com/maps/search/?api=1&query=%E6%96%B0%E5%8C%97%E5%B8%82%E6%B1%90%E6%AD%A2%E5%8D%80%E6%A8%9F%E6%A8%B9%E4%BA%8C%E8%B7%AF135%E8%99%9F,http://www.ctjhs.ntpc.edu.tw/,http://www.ctjhs.ntpc.edu.tw/,https://courset.k12ea.gov.tw/courseinformation/indexStu01.asp；https://www.ctjhs.ntpc.edu.tw/p/406-1000-7266%2Cr145.php；https://www.ctjhs.ntpc.edu.tw/p/412-1000-713.php；https://www.google.com/maps/search/?api=1&query=%E6%96%B0%E5%8C%97%E5%B8%82%E6%B1%90%E6%AD%A2%E5%8D%80%E6%A8%9F%E6%A8%B9%E4%BA%8C%E8%B7%AF135%E8%99%9F；http://www.ctjhs.ntpc.edu.tw/,2026-09-06
,014322,市立樹林高中,公立,基北區,高中,男女兼收,新北市,樹林區,新北市樹林區中華路8號,http://www.slsh.ntpc.edu.tw,(02)86852011,普通科:303,303,303,資優/特色班請依各校及基北區官方公告查詢,市立樹林高中115學年度普通科課程以部定必修為基礎，並配置校訂必修、多元選修、自然與社會探究實作及自主學習；內容依該校115學年度課程計畫架構整理。,市立樹林高中的主要實作學習包含自然科與社會領域探究實作、自主學習與學習成果；校訂課程、多元選修或特色班可再延伸為專題研究與成果發表。,有專車；114學年度公告載明上、放學均有專車時刻，並以搭乘人數維持營運。,可搭臺鐵至樹林站；由前站出口沿鎮前街步行至樹中街，或由後站出口經中山路、立人地下道再轉樹中街前往中華路8號校區。,市立樹林高中的一般高中部住宿目前沒有公開的校內宿舍申請、床位或收費方案；特定班級、專案或其他部別住宿另行區分。,https://www.google.com/maps/search/?api=1&query=%E6%96%B0%E5%8C%97%E5%B8%82%E6%A8%B9%E6%9E%97%E5%8D%80%E4%B8%AD%E8%8F%AF%E8%B7%AF8%E8%99%9F,https://www.slsh.ntpc.edu.tw/p/403-1000-233-1.php,http://www.slsh.ntpc.edu.tw,https://www.slsh.ntpc.edu.tw/p/406-1000-12484%2Cr73.php?Lang=zh-tw,https://www.slsh.ntpc.edu.tw/p/406-1000-12484%2Cr73.php?Lang=zh-tw；https://www.google.com/maps/search/?api=1&query=%E6%96%B0%E5%8C%97%E5%B8%82%E6%A8%B9%E6%9E%97%E5%8D%80%E4%B8%AD%E8%8F%AF%E8%B7%AF8%E8%99%9F；https://www.slsh.ntpc.edu.tw/p/426-1000-15.php,http://www.slsh.ntpc.edu.tw,http://www.slsh.ntpc.edu.tw,https://www.slsh.ntpc.edu.tw/p/403-1000-233-1.php；http://www.slsh.ntpc.edu.tw；https://www.slsh.ntpc.edu.tw/p/406-1000-12484%2Cr73.php?Lang=zh-tw；https://www.google.com/maps/search/?api=1&query=%E6%96%B0%E5%8C%97%E5%B8%82%E6%A8%B9%E6%9E%97%E5%8D%80%E4%B8%AD%E8%8F%AF%E8%B7%AF8%E8%99%9F,2026-09-06
,014315,市立永平高中,公立,基北區,高中,男女兼收,新北市,永和區,新北市永和區永平路205號,https://www.yphs.ntpc.edu.tw/,(02)22319670,普通科:254,254,254,資優/特色班請依各校及基北區官方公告查詢,市立永平高中115學年度普通科課程以部定必修為基礎，並配置校訂必修、多元選修、自然與社會探究實作及自主學習；內容依該校115學年度課程計畫架構整理。,市立永平高中的主要實作學習包含自然科與社會領域探究實作、自主學習與學習成果；校訂課程、多元選修或特色班可再延伸為專題研究與成果發表。,市立永平高中的學生專車目前沒有公開的路線、站點或申請資訊；一般捷運、臺鐵、公車與步行路線另列於「通勤資訊」。,捷運頂溪站2號出口可沿仁愛路步行約12分鐘到校，或轉搭706／永和接駁車至「永平高中站」；另可由永平高中站搭706、243、297、綠2、275等路線往返。,市立永平高中的一般高中部住宿目前沒有公開的校內宿舍申請、床位或收費方案；特定班級、專案或其他部別住宿另行區分。,https://www.google.com/maps/search/?api=1&query=%E6%96%B0%E5%8C%97%E5%B8%82%E6%B0%B8%E5%92%8C%E5%8D%80%E6%B0%B8%E5%B9%B3%E8%B7%AF205%E8%99%9F,https://www.yphs.ntpc.edu.tw/p/412-1000-712.php,https://www.yphs.ntpc.edu.tw/,https://www.yphs.ntpc.edu.tw/p/404-1000-7453.php,https://www.yphs.ntpc.edu.tw/p/404-1000-7453.php；https://www.google.com/maps/search/?api=1&query=%E6%96%B0%E5%8C%97%E5%B8%82%E6%B0%B8%E5%92%8C%E5%8D%80%E6%B0%B8%E5%B9%B3%E8%B7%AF205%E8%99%9F,https://www.yphs.ntpc.edu.tw/,https://www.yphs.ntpc.edu.tw/,https://www.yphs.ntpc.edu.tw/p/412-1000-712.php；https://www.yphs.ntpc.edu.tw/；https://www.yphs.ntpc.edu.tw/p/404-1000-7453.php；https://www.google.com/maps/search/?api=1&query=%E6%96%B0%E5%8C%97%E5%B8%82%E6%B0%B8%E5%92%8C%E5%8D%80%E6%B0%B8%E5%B9%B3%E8%B7%AF205%E8%99%9F,2026-09-06
,013303,市立泰山高中,公立,基北區,高職,男女兼收,新北市,泰山區,新北市泰山區辭修路7號,http://www.tssh.ntpc.edu.tw,(02)22963625,機械科:45；汽車科:45；電子科:44；電機科:45；汽車科:60；電子科:29,268,268,資優/特色班請依各校及基北區官方公告查詢,市立泰山高中：115學年度課程依各科課程計畫安排，主要科別包括機械科、汽車科、電子科、電機科；各科結合專業理論、校訂課程與實習／實作學習。,市立泰山高中：機械科、汽車科、電子科、電機科等科別依115學年度課程計畫安排專業實習、實作與專題製作，並透過作品、技能或成果發表整合專業學習。,市立泰山高中的學生專車目前沒有公開的路線、站點或申請資訊；一般捷運、臺鐵、公車與步行路線另列於「通勤資訊」。,「泰山高中」站有638、638副、858、F217、F218等路線；其中638可銜接捷運輔大站、丹鳳站、泰山貴和站，在泰山高中站下車到校。,市立泰山高中的一般高中部住宿目前沒有公開的校內宿舍申請、床位或收費方案；特定班級、專案或其他部別住宿另行區分。,https://www.google.com/maps/search/?api=1&query=%E6%96%B0%E5%8C%97%E5%B8%82%E6%B3%B0%E5%B1%B1%E5%8D%80%E8%BE%AD%E4%BF%AE%E8%B7%AF7%E8%99%9F,https://sites.google.com/tssh.ntpc.edu.tw/tssh-course/%E8%AA%B2%E7%A8%8B%E8%A8%88%E7%95%AB%E6%9B%B8,http://www.tssh.ntpc.edu.tw,https://atis.taipei.gov.tw/aspx/businfomation/presentinfo.aspx?ddlName=638&lang=zh-Hant-TW&region=1,https://atis.taipei.gov.tw/aspx/businfomation/presentinfo.aspx?ddlName=638&lang=zh-Hant-TW&region=1；https://www.google.com/maps/search/?api=1&query=%E6%96%B0%E5%8C%97%E5%B8%82%E6%B3%B0%E5%B1%B1%E5%8D%80%E8%BE%AD%E4%BF%AE%E8%B7%AF7%E8%99%9F,http://www.tssh.ntpc.edu.tw,http://www.tssh.ntpc.edu.tw,https://sites.google.com/tssh.ntpc.edu.tw/tssh-course/%E8%AA%B2%E7%A8%8B%E8%A8%88%E7%95%AB%E6%9B%B8；http://www.tssh.ntpc.edu.tw；https://atis.taipei.gov.tw/aspx/businfomation/presentinfo.aspx?ddlName=638&lang=zh-Hant-TW&region=1；https://www.google.com/maps/search/?api=1&query=%E6%96%B0%E5%8C%97%E5%B8%82%E6%B3%B0%E5%B1%B1%E5%8D%80%E8%BE%AD%E4%BF%AE%E8%B7%AF7%E8%99%9F,2026-09-06
,014302,市立海山高中,公立,基北區,高中,男女兼收,新北市,板橋區,新北市板橋區漢生東路215號,http://www.hshs.ntpc.edu.tw,(02)29517475,普通科:256,256,256,資優/特色班請依各校及基北區官方公告查詢,市立海山高中115學年度普通科課程以部定必修為基礎，並配置校訂必修、多元選修、自然與社會探究實作及自主學習；內容依該校115學年度課程計畫架構整理。,市立海山高中的主要實作學習包含自然科與社會領域探究實作、自主學習與學習成果；校訂課程、多元選修或特色班可再延伸為專題研究與成果發表。,有學生專車；115學年度校方公告國、高中學生均可申請學生專車，自2026-08-31起行駛，搭乘費可使用零錢或一般電子票證；路線與停靠點依115學年度學生專車路線表。,捷運環狀線板新站下車後沿漢生東路步行約6分鐘；板南線、臺鐵或高鐵可在板橋站下車後步行約8分鐘。公車藍17、265區、657、847可在「海山高中」站下車。,市立海山高中的一般高中部住宿目前沒有公開的校內宿舍申請、床位或收費方案；特定班級、專案或其他部別住宿另行區分。,https://www.google.com/maps/search/?api=1&query=%E6%96%B0%E5%8C%97%E5%B8%82%E6%9D%BF%E6%A9%8B%E5%8D%80%E6%BC%A2%E7%94%9F%E6%9D%B1%E8%B7%AF215%E8%99%9F,https://sites.google.com/hshs.ntpc.edu.tw/continuingedu/108%E6%96%B0%E8%AA%B2%E7%B6%B1%E5%B0%88%E5%8D%80,http://www.hshs.ntpc.edu.tw,https://www.hshs.ntpc.edu.tw/p/406-1000-11939%2Cr148.php,https://www.hshs.ntpc.edu.tw/p/406-1000-11939%2Cr148.php；https://www.google.com/maps/search/?api=1&query=%E6%96%B0%E5%8C%97%E5%B8%82%E6%9D%BF%E6%A9%8B%E5%8D%80%E6%BC%A2%E7%94%9F%E6%9D%B1%E8%B7%AF215%E8%99%9F；https://www.hshs.ntpc.edu.tw/p/426-1000-16.php,http://www.hshs.ntpc.edu.tw,http://www.hshs.ntpc.edu.tw,https://sites.google.com/hshs.ntpc.edu.tw/continuingedu/108%E6%96%B0%E8%AA%B2%E7%B6%B1%E5%B0%88%E5%8D%80；http://www.hshs.ntpc.edu.tw；https://www.hshs.ntpc.edu.tw/p/406-1000-11939%2Cr148.php；https://www.google.com/maps/search/?api=1&query=%E6%96%B0%E5%8C%97%E5%B8%82%E6%9D%BF%E6%A9%8B%E5%8D%80%E6%BC%A2%E7%94%9F%E6%9D%B1%E8%B7%AF215%E8%99%9F；https://www.hshs.ntpc.edu.tw/p/426-1000-16.php,2026-09-06
,013434,市立淡水商工,公立,基北區,高職,男女兼收,新北市,淡水區,新北市淡水區商工路307號,http://www.tsvs.ntpc.edu.tw,(02)26203930,控制科:36；電機科:42；商業經營科:40；資料處理科:40；園藝科:29；餐飲管理科:34；資訊科:68；餐飲管理科:32,321,321,資優/特色班請依各校及基北區官方公告查詢,市立淡水商工：115學年度課程依各科課程計畫安排，主要科別包括控制科、電機科、商業經營科、資料處理科、園藝科、餐飲管理科、資訊科；各科結合專業理論、校訂課程與實習／實作學習。,市立淡水商工：控制科、電機科、商業經營科、資料處理科、園藝科、餐飲管理科、資訊科等科別依115學年度課程計畫安排專業實習、實作與專題製作，並透過作品、技能或成果發表整合專業學習。,有學生專車。115學年度校方開放大型遊覽車學生專車申請，須事先完成申請；第一階段申請期間為2026-07-09至2026-07-31，路線與停靠點列於校方「學生專車路線資訊」。,可由捷運淡水站搭紅37，部分班次繞駛「淡水商工」站；紅37也串聯輕軌淡金北新站與淡水商工，適合由淡水捷運或淡海輕軌轉乘到校。,市立淡水商工的一般高中部住宿目前沒有公開的校內宿舍申請、床位或收費方案；特定班級、專案或其他部別住宿另行區分。,https://www.google.com/maps/search/?api=1&query=%E6%96%B0%E5%8C%97%E5%B8%82%E6%B7%A1%E6%B0%B4%E5%8D%80%E5%95%86%E5%B7%A5%E8%B7%AF307%E8%99%9F,https://www.tsvs.ntpc.edu.tw/p/404-1000-2613.php?Lang=zh-tw,http://www.tsvs.ntpc.edu.tw,https://www.tsvs.ntpc.edu.tw/p/406-1000-23273%2Cr75.php,https://www.tsvs.ntpc.edu.tw/p/406-1000-23273%2Cr75.php；https://www.google.com/maps/search/?api=1&query=%E6%96%B0%E5%8C%97%E5%B8%82%E6%B7%A1%E6%B0%B4%E5%8D%80%E5%95%86%E5%B7%A5%E8%B7%AF307%E8%99%9F；https://ebus.gov.taipei/EBus/VsSimpleMap?gb=1&routeid=0411003700,http://www.tsvs.ntpc.edu.tw,http://www.tsvs.ntpc.edu.tw,https://www.tsvs.ntpc.edu.tw/p/404-1000-2613.php?Lang=zh-tw；http://www.tsvs.ntpc.edu.tw；https://www.tsvs.ntpc.edu.tw/p/406-1000-23273%2Cr75.php；https://www.google.com/maps/search/?api=1&query=%E6%96%B0%E5%8C%97%E5%B8%82%E6%B7%A1%E6%B0%B4%E5%8D%80%E5%95%86%E5%B7%A5%E8%B7%AF307%E8%99%9F；https://ebus.gov.taipei/EBus/VsSimpleMap?gb=1&routeid=0411003700,2026-09-06
,014356,市立清水高中,公立,基北區,高中,男女兼收,新北市,土城區,新北市土城區明德路一段72號,http://www.cssh.ntpc.edu.tw,(02)22707801,普通科:309,309,309,資優/特色班請依各校及基北區官方公告查詢,市立清水高中115學年度普通科課程以部定必修為基礎，並配置校訂必修、多元選修、自然與社會探究實作及自主學習；內容依該校115學年度課程計畫架構整理。,市立清水高中的主要實作學習包含自然科與社會領域探究實作、自主學習與學習成果；校訂課程、多元選修或特色班可再延伸為專題研究與成果發表。,市立清水高中的學生專車目前沒有公開的路線、站點或申請資訊；一般捷運、臺鐵、公車與步行路線另列於「通勤資訊」。,校方115年7月更新交通資料：「清水高中站」可搭657、657延和路、657海山拖吊場、藍17；「手信坊文化館」約200公尺有570；「明德路」約300公尺有藍40、藍41與藍41延和路。,市立清水高中的一般高中部住宿目前沒有公開的校內宿舍申請、床位或收費方案；特定班級、專案或其他部別住宿另行區分。,https://www.google.com/maps/search/?api=1&query=%E6%96%B0%E5%8C%97%E5%B8%82%E5%9C%9F%E5%9F%8E%E5%8D%80%E6%98%8E%E5%BE%B7%E8%B7%AF%E4%B8%80%E6%AE%B572%E8%99%9F,https://www.cssh.ntpc.edu.tw/p/406-1000-16682%2Cr71.php,http://www.cssh.ntpc.edu.tw,https://www2.cssh.ntpc.edu.tw/p/412-1000-706.php,https://www2.cssh.ntpc.edu.tw/p/412-1000-706.php；https://www.google.com/maps/search/?api=1&query=%E6%96%B0%E5%8C%97%E5%B8%82%E5%9C%9F%E5%9F%8E%E5%8D%80%E6%98%8E%E5%BE%B7%E8%B7%AF%E4%B8%80%E6%AE%B572%E8%99%9F,http://www.cssh.ntpc.edu.tw,http://www.cssh.ntpc.edu.tw,https://www.cssh.ntpc.edu.tw/p/406-1000-16682%2Cr71.php；http://www.cssh.ntpc.edu.tw；https://www2.cssh.ntpc.edu.tw/p/412-1000-706.php；https://www.google.com/maps/search/?api=1&query=%E6%96%B0%E5%8C%97%E5%B8%82%E5%9C%9F%E5%9F%8E%E5%8D%80%E6%98%8E%E5%BE%B7%E8%B7%AF%E4%B8%80%E6%AE%B572%E8%99%9F,2026-09-06
,013402,市立瑞芳高工,公立,基北區,高職,男女兼收,新北市,瑞芳區,新北市瑞芳區瑞芳街60號,https://web.jfvs.ntpc.edu.tw/,(02)24972516,電腦機械製圖科:4；資訊科:25；電子科:21；電機科:21；建築科:25；空間測繪科:1；應用英語科:25；室內空間設計科:19；機械科:41；板金科:33；機械科:32；資訊科:32；電機科:32；建築科:32,375,375,資優/特色班請依各校及基北區官方公告查詢,市立瑞芳高工：115學年度課程依各科課程計畫安排，主要科別包括電腦機械製圖科、資訊科、電子科、電機科、建築科、空間測繪科、應用英語科、室內空間設計科、機械科、板金科；各科結合專業理論、校訂課程與實習／實作學習。,市立瑞芳高工：電腦機械製圖科、資訊科、電子科、電機科、建築科、空間測繪科、應用英語科、室內空間設計科、機械科、板金科等科別依115學年度課程計畫安排專業實習、實作與專題製作，並透過作品、技能或成果發表整合專業學習。,市立瑞芳高工的學生專車目前沒有公開的路線、站點或申請資訊；一般捷運、臺鐵、公車與步行路線另列於「通勤資訊」。,臺鐵搭至瑞芳站，從後站出口步行即可到校；客運可搭1062、1013、1012、1003、1001，市區公車另有808、825、827、846等瑞芳周邊路線。,市立瑞芳高工的一般高中部住宿目前沒有公開的校內宿舍申請、床位或收費方案；特定班級、專案或其他部別住宿另行區分。,https://www.google.com/maps/search/?api=1&query=%E6%96%B0%E5%8C%97%E5%B8%82%E7%91%9E%E8%8A%B3%E5%8D%80%E7%91%9E%E8%8A%B3%E8%A1%9760%E8%99%9F,https://courset.k12ea.gov.tw/courseinformation/indexStu01.asp,https://web.jfvs.ntpc.edu.tw/p/404-1000-3219.php?Lang=zh-tw,https://web.jfvs.ntpc.edu.tw/p/412-1000-706.php,https://web.jfvs.ntpc.edu.tw/p/412-1000-706.php；https://www.google.com/maps/search/?api=1&query=%E6%96%B0%E5%8C%97%E5%B8%82%E7%91%9E%E8%8A%B3%E5%8D%80%E7%91%9E%E8%8A%B3%E8%A1%9760%E8%99%9F,https://web.jfvs.ntpc.edu.tw/,https://web.jfvs.ntpc.edu.tw/,https://courset.k12ea.gov.tw/courseinformation/indexStu01.asp；https://web.jfvs.ntpc.edu.tw/p/404-1000-3219.php?Lang=zh-tw；https://web.jfvs.ntpc.edu.tw/p/412-1000-706.php；https://www.google.com/maps/search/?api=1&query=%E6%96%B0%E5%8C%97%E5%B8%82%E7%91%9E%E8%8A%B3%E5%8D%80%E7%91%9E%E8%8A%B3%E8%A1%9760%E8%99%9F；https://web.jfvs.ntpc.edu.tw/,2026-09-06
,014348,市立石碇高中,公立,基北區,綜高,男女兼收,新北市,石碇區,新北市石碇區隆盛里八分寮45號,http://www.sdhs.ntpc.edu.tw,(02)26631224,綜合高中:102,102,102,資優/特色班請依各校及基北區官方公告查詢,市立石碇高中：115學年度課程依校方課程計畫安排，涵蓋綜合高中；共同核心之外，依學程與選修方向配置校訂、多元選修及專業課程。,市立石碇高中：綜合高中等科別依115學年度課程計畫安排專業實習、實作與專題製作，並透過作品、技能或成果發表整合專業學習。,有交通車；115-1校方公告交通車含101A、101B、102、103、104、105、106及汐止線，放學基本發車時間16:30，另視第八節開課情形加開17:10班次；校方另列永和、中和、新店等方向學生專車資訊。,一般公車可由捷運木柵線周邊轉乘795、666、660、949、912等路線至「八分寮」站後步行上校。,校方115高中新生專區於2026-06-09公告「115-1高一新生宿舍申請時間」，同專區亦公告115-1交通車時刻表；可確認高中部設有住宿申請機制，實際入住資格依當學年度宿舍申請與核定結果。,https://www.google.com/maps/search/?api=1&query=%E6%96%B0%E5%8C%97%E5%B8%82%E7%9F%B3%E7%A2%87%E5%8D%80%E9%9A%86%E7%9B%9B%E9%87%8C%E5%85%AB%E5%88%86%E5%AF%AE45%E8%99%9F,https://courset.k12ea.gov.tw/courseinformation/indexStu01.asp,http://www.sdhs.ntpc.edu.tw,https://www.sdhs.ntpc.edu.tw/p/406-1000-7775%2Cr115.php?Lang=zh-tw；https://www.sdhs.ntpc.edu.tw/p/426-1000-38.php,https://www.sdhs.ntpc.edu.tw/p/406-1000-7775%2Cr115.php?Lang=zh-tw；https://www.sdhs.ntpc.edu.tw/p/426-1000-38.php；https://www.google.com/maps/search/?api=1&query=%E6%96%B0%E5%8C%97%E5%B8%82%E7%9F%B3%E7%A2%87%E5%8D%80%E9%9A%86%E7%9B%9B%E9%87%8C%E5%85%AB%E5%88%86%E5%AF%AE45%E8%99%9F,https://www.sdhs.ntpc.edu.tw/p/403-1000-115-1.php,http://www.sdhs.ntpc.edu.tw,https://courset.k12ea.gov.tw/courseinformation/indexStu01.asp；http://www.sdhs.ntpc.edu.tw；https://www.sdhs.ntpc.edu.tw/p/406-1000-7775%2Cr115.php?Lang=zh-tw；https://www.sdhs.ntpc.edu.tw/p/426-1000-38.php；https://www.google.com/maps/search/?api=1&query=%E6%96%B0%E5%8C%97%E5%B8%82%E7%9F%B3%E7%A2%87%E5%8D%80%E9%9A%86%E7%9B%9B%E9%87%8C%E5%85%AB%E5%88%86%E5%AF%AE45%E8%99%9F；https://www.sdhs.ntpc.edu.tw/p/403-1000-115-1.php,2026-09-06
,014332,市立秀峰高中,公立,基北區,高中,男女兼收,新北市,汐止區,新北市汐止區忠孝東路201號,https://www.sfhs.ntpc.edu.tw/,(02)26412134,普通科:222,222,222,資優/特色班請依各校及基北區官方公告查詢,市立秀峰高中115學年度普通科課程以部定必修為基礎，並配置校訂必修、多元選修、自然與社會探究實作及自主學習；內容依該校115學年度課程計畫架構整理。,市立秀峰高中的主要實作學習包含自然科與社會領域探究實作、自主學習與學習成果；校訂課程、多元選修或特色班可再延伸為專題研究與成果發表。,市立秀峰高中的學生專車目前沒有公開的路線、站點或申請資訊；一般捷運、臺鐵、公車與步行路線另列於「通勤資訊」。,「秀峰高中（忠孝東路）」站有586、605新台五、675、823、907、951、F905、F913、F915、藍15等路線；亦可由汐止火車站周邊轉乘至該站。,市立秀峰高中的一般高中部住宿目前沒有公開的校內宿舍申請、床位或收費方案；特定班級、專案或其他部別住宿另行區分。,https://www.google.com/maps/search/?api=1&query=%E6%96%B0%E5%8C%97%E5%B8%82%E6%B1%90%E6%AD%A2%E5%8D%80%E5%BF%A0%E5%AD%9D%E6%9D%B1%E8%B7%AF201%E8%99%9F,https://www.sfhs.ntpc.edu.tw/p/403-1000-72-1.php?Lang=zh-tw,https://www.sfhs.ntpc.edu.tw/,https://pda5284.gov.taipei/MQS/stoplocation.jsp?slid=2759,https://pda5284.gov.taipei/MQS/stoplocation.jsp?slid=2759；https://www.google.com/maps/search/?api=1&query=%E6%96%B0%E5%8C%97%E5%B8%82%E6%B1%90%E6%AD%A2%E5%8D%80%E5%BF%A0%E5%AD%9D%E6%9D%B1%E8%B7%AF201%E8%99%9F,https://www.sfhs.ntpc.edu.tw/,https://www.sfhs.ntpc.edu.tw/,https://www.sfhs.ntpc.edu.tw/p/403-1000-72-1.php?Lang=zh-tw；https://www.sfhs.ntpc.edu.tw/；https://pda5284.gov.taipei/MQS/stoplocation.jsp?slid=2759；https://www.google.com/maps/search/?api=1&query=%E6%96%B0%E5%8C%97%E5%B8%82%E6%B1%90%E6%AD%A2%E5%8D%80%E5%BF%A0%E5%AD%9D%E6%9D%B1%E8%B7%AF201%E8%99%9F,2026-09-06
,014364,市立竹圍高中,公立,基北區,高中,男女兼收,新北市,淡水區,新北市淡水區竹林路35號,https://www.zwhs.ntpc.edu.tw/,(02)28096990,普通科:143,143,143,資優/特色班請依各校及基北區官方公告查詢,市立竹圍高中115學年度普通科課程以部定必修為基礎，並配置校訂必修、多元選修、自然與社會探究實作及自主學習；內容依該校115學年度課程計畫架構整理。,市立竹圍高中的主要實作學習包含自然科與社會領域探究實作、自主學習與學習成果；校訂課程、多元選修或特色班可再延伸為專題研究與成果發表。,市立竹圍高中的學生專車目前沒有公開的路線、站點或申請資訊；一般捷運、臺鐵、公車與步行路線另列於「通勤資訊」。,可由捷運竹圍站轉乘837路線至「竹圍高中」站下車；837路線往返捷運竹圍站與竹圍高中周邊。,市立竹圍高中的一般高中部住宿目前沒有公開的校內宿舍申請、床位或收費方案；特定班級、專案或其他部別住宿另行區分。,https://www.google.com/maps/search/?api=1&query=%E6%96%B0%E5%8C%97%E5%B8%82%E6%B7%A1%E6%B0%B4%E5%8D%80%E7%AB%B9%E6%9E%97%E8%B7%AF35%E8%99%9F,https://www.zwhs.ntpc.edu.tw/p/406-1000-11610%2Cr158.php?Lang=zh-tw,https://www.zwhs.ntpc.edu.tw/,https://ebus.gov.taipei/Route/StopsOfRoute?routeid=0400083700,https://ebus.gov.taipei/Route/StopsOfRoute?routeid=0400083700；https://www.google.com/maps/search/?api=1&query=%E6%96%B0%E5%8C%97%E5%B8%82%E6%B7%A1%E6%B0%B4%E5%8D%80%E7%AB%B9%E6%9E%97%E8%B7%AF35%E8%99%9F,https://www.zwhs.ntpc.edu.tw/,https://www.zwhs.ntpc.edu.tw/,https://www.zwhs.ntpc.edu.tw/p/406-1000-11610%2Cr158.php?Lang=zh-tw；https://www.zwhs.ntpc.edu.tw/；https://ebus.gov.taipei/Route/StopsOfRoute?routeid=0400083700；https://www.google.com/maps/search/?api=1&query=%E6%96%B0%E5%8C%97%E5%B8%82%E6%B7%A1%E6%B0%B4%E5%8D%80%E7%AB%B9%E6%9E%97%E8%B7%AF35%E8%99%9F,2026-09-06
,014338,市立金山高中,公立,基北區,綜高,男女兼收,新北市,金山區,208306 新北市金山區美田里文化二路2號,https://www.cshs.ntpc.edu.tw/,(02)24982028,綜合高中:28,28,28,資優/特色班請依各校及基北區官方公告查詢,市立金山高中：115學年度課程依校方課程計畫安排，涵蓋綜合高中；共同核心之外，依學程與選修方向配置校訂、多元選修及專業課程。,市立金山高中：綜合高中等科別依115學年度課程計畫安排專業實習、實作與專題製作，並透過作品、技能或成果發表整合專業學習。,市立金山高中的學生專車目前沒有公開的路線、站點或申請資訊；一般捷運、臺鐵、公車與步行路線另列於「通勤資訊」。,115學年度校方列有「淡水－金山線」，上課期間由淡水捷運站經三芝、石門至金山高中；另有住宿生週末前後「金山高中－臺北車站」線；115-1公告顯示淡水線上學首站為淡水捷運站06:15，臺北線週日19:00由臺北車站東三門發車。,115學年度高一新生專區提供住宿申請，確認校方有住宿制度；床位、資格及入住規定依當年度公告。,https://www.google.com/maps/search/?api=1&query=208306+%E6%96%B0%E5%8C%97%E5%B8%82%E9%87%91%E5%B1%B1%E5%8D%80%E7%BE%8E%E7%94%B0%E9%87%8C%E6%96%87%E5%8C%96%E4%BA%8C%E8%B7%AF2%E8%99%9F,https://courset.k12ea.gov.tw/courseinformation/indexStu01.asp,https://www.cshs.ntpc.edu.tw/,https://www.cshs.ntpc.edu.tw/p/406-1000-18322%2Cr55.php?Lang=zh-tw,https://www.cshs.ntpc.edu.tw/p/406-1000-18322%2Cr55.php?Lang=zh-tw；https://www.google.com/maps/search/?api=1&query=208306+%E6%96%B0%E5%8C%97%E5%B8%82%E9%87%91%E5%B1%B1%E5%8D%80%E7%BE%8E%E7%94%B0%E9%87%8C%E6%96%87%E5%8C%96%E4%BA%8C%E8%B7%AF2%E8%99%9F,https://www.cshs.ntpc.edu.tw/p/404-1000-4965.php,https://www.cshs.ntpc.edu.tw/,https://courset.k12ea.gov.tw/courseinformation/indexStu01.asp；https://www.cshs.ntpc.edu.tw/；https://www.cshs.ntpc.edu.tw/p/406-1000-18322%2Cr55.php?Lang=zh-tw；https://www.google.com/maps/search/?api=1&query=208306+%E6%96%B0%E5%8C%97%E5%B8%82%E9%87%91%E5%B1%B1%E5%8D%80%E7%BE%8E%E7%94%B0%E9%87%8C%E6%96%87%E5%8C%96%E4%BA%8C%E8%B7%AF2%E8%99%9F；https://www.cshs.ntpc.edu.tw/p/404-1000-4965.php,2026-09-06
,014362,市立錦和高中,公立,基北區,高中,男女兼收,新北市,中和區,新北市中和區錦和路163號,http://www.jhsh.ntpc.edu.tw,(02)22498566,普通科:247,247,247,資優/特色班請依各校及基北區官方公告查詢,市立錦和高中115學年度普通科課程以部定必修為基礎，並配置校訂必修、多元選修、自然與社會探究實作及自主學習；內容依該校115學年度課程計畫架構整理。,市立錦和高中的主要實作學習包含自然科與社會領域探究實作、自主學習與學習成果；校訂課程、多元選修或特色班可再延伸為專題研究與成果發表。,市立錦和高中的學生專車目前沒有公開的路線、站點或申請資訊；一般捷運、臺鐵、公車與步行路線另列於「通勤資訊」。,「錦和高中」站可搭藍41／藍41延和路等公車，路線可銜接捷運景安站、捷運永安市場站等節點，再於錦和高中站下車到校。,市立錦和高中的一般高中部住宿目前沒有公開的校內宿舍申請、床位或收費方案；特定班級、專案或其他部別住宿另行區分。,https://www.google.com/maps/search/?api=1&query=%E6%96%B0%E5%8C%97%E5%B8%82%E4%B8%AD%E5%92%8C%E5%8D%80%E9%8C%A6%E5%92%8C%E8%B7%AF163%E8%99%9F,https://www.jhsh.ntpc.edu.tw/var/file/0/1000/img/2/562776919.pdf,http://www.jhsh.ntpc.edu.tw,https://ebus.gov.taipei/Route/StopsOfRoute?routeid=0400064100,https://ebus.gov.taipei/Route/StopsOfRoute?routeid=0400064100；https://www.google.com/maps/search/?api=1&query=%E6%96%B0%E5%8C%97%E5%B8%82%E4%B8%AD%E5%92%8C%E5%8D%80%E9%8C%A6%E5%92%8C%E8%B7%AF163%E8%99%9F,http://www.jhsh.ntpc.edu.tw,http://www.jhsh.ntpc.edu.tw,https://www.jhsh.ntpc.edu.tw/var/file/0/1000/img/2/562776919.pdf；http://www.jhsh.ntpc.edu.tw；https://ebus.gov.taipei/Route/StopsOfRoute?routeid=0400064100；https://www.google.com/maps/search/?api=1&query=%E6%96%B0%E5%8C%97%E5%B8%82%E4%B8%AD%E5%92%8C%E5%8D%80%E9%8C%A6%E5%92%8C%E8%B7%AF163%E8%99%9F,2026-09-06
,014347,市立雙溪高中,公立,基北區,綜高,男女兼收,新北市,雙溪區,22742 新北市雙溪區梅竹蹊3號,https://www.sxhs.ntpc.edu.tw/,(02)24931028,綜合高中:58,58,58,資優/特色班請依各校及基北區官方公告查詢,市立雙溪高中：115學年度課程依校方課程計畫安排，涵蓋綜合高中；共同核心之外，依學程與選修方向配置校訂、多元選修及專業課程。,市立雙溪高中：綜合高中等科別依115學年度課程計畫安排專業實習、實作與專題製作，並透過作品、技能或成果發表整合專業學習。,市立雙溪高中的學生專車目前沒有公開的路線、站點或申請資訊；一般捷運、臺鐵、公車與步行路線另列於「通勤資訊」。,由臺鐵雙溪站可轉乘新北市免費公車F825或F816，兩線均設有「雙溪高中」站，可由雙溪火車站往返學校。,校方設學生宿舍，115年有更新「學生宿舍管理及輔導實施要點」；申請資格、生活規範與床位依當年度公告。,https://www.google.com/maps/search/?api=1&query=22742+%E6%96%B0%E5%8C%97%E5%B8%82%E9%9B%99%E6%BA%AA%E5%8D%80%E6%A2%85%E7%AB%B9%E8%B9%8A3%E8%99%9F,https://courset.k12ea.gov.tw/courseinformation/indexStu01.asp,https://www.sxhs.ntpc.edu.tw/,https://ebus.gov.taipei/Route/StopsOfRoute?routeid=0450082500,https://ebus.gov.taipei/Route/StopsOfRoute?routeid=0450082500；https://www.google.com/maps/search/?api=1&query=22742+%E6%96%B0%E5%8C%97%E5%B8%82%E9%9B%99%E6%BA%AA%E5%8D%80%E6%A2%85%E7%AB%B9%E8%B9%8A3%E8%99%9F,https://www.sxhs.ntpc.edu.tw/p/412-1000-711.php,https://www.sxhs.ntpc.edu.tw/,https://courset.k12ea.gov.tw/courseinformation/indexStu01.asp；https://www.sxhs.ntpc.edu.tw/；https://ebus.gov.taipei/Route/StopsOfRoute?routeid=0450082500；https://www.google.com/maps/search/?api=1&query=22742+%E6%96%B0%E5%8C%97%E5%B8%82%E9%9B%99%E6%BA%AA%E5%8D%80%E6%A2%85%E7%AB%B9%E8%B9%8A3%E8%99%9F；https://www.sxhs.ntpc.edu.tw/p/412-1000-711.php,2026-09-06
,014439,市立鶯歌工商,公立,基北區,高職,男女兼收,新北市,鶯歌區,新北市鶯歌區中正三路154號,http://www.ykvs.ntpc.edu.tw,(02)26775040,資料處理科:64；應用日語科:22；美術工藝科:41；陶瓷工程科:53；廣告設計科:60；多媒體設計科:20,260,260,資優/特色班請依各校及基北區官方公告查詢,市立鶯歌工商：115學年度課程依各科課程計畫安排，主要科別包括資料處理科、應用日語科、美術工藝科、陶瓷工程科、廣告設計科、多媒體設計科；各科結合專業理論、校訂課程與實習／實作學習。,市立鶯歌工商：資料處理科、應用日語科、美術工藝科、陶瓷工程科、廣告設計科、多媒體設計科等科別依115學年度課程計畫安排專業實習、實作與專題製作，並透過作品、技能或成果發表整合專業學習。,市立鶯歌工商的學生專車目前沒有公開的路線、站點或申請資訊；一般捷運、臺鐵、公車與步行路線另列於「通勤資訊」。,搭臺鐵至鶯歌站後，可轉乘公車至「鶯歌高職」站；校方交通資訊列有桃園客運大溪線、新北市免費公車二橋建德線及851等路線；從鶯歌火車站搭公車至校約20分鐘。,市立鶯歌工商的一般高中部住宿目前沒有公開的校內宿舍申請、床位或收費方案；特定班級、專案或其他部別住宿另行區分。,https://www.google.com/maps/search/?api=1&query=%E6%96%B0%E5%8C%97%E5%B8%82%E9%B6%AF%E6%AD%8C%E5%8D%80%E4%B8%AD%E6%AD%A3%E4%B8%89%E8%B7%AF154%E8%99%9F,https://www.ykvs.ntpc.edu.tw/p/403-1000-378-1.php,https://www.ykvs.ntpc.edu.tw/p/403-1000-504.php,https://www.ykvs.ntpc.edu.tw/p/406-1000-4562%2Cr265.php,https://www.ykvs.ntpc.edu.tw/p/406-1000-4562%2Cr265.php；https://www.google.com/maps/search/?api=1&query=%E6%96%B0%E5%8C%97%E5%B8%82%E9%B6%AF%E6%AD%8C%E5%8D%80%E4%B8%AD%E6%AD%A3%E4%B8%89%E8%B7%AF154%E8%99%9F,http://www.ykvs.ntpc.edu.tw,http://www.ykvs.ntpc.edu.tw,https://www.ykvs.ntpc.edu.tw/p/403-1000-378-1.php；https://www.ykvs.ntpc.edu.tw/p/403-1000-504.php；https://www.ykvs.ntpc.edu.tw/p/406-1000-4562%2Cr265.php；https://www.google.com/maps/search/?api=1&query=%E6%96%B0%E5%8C%97%E5%B8%82%E9%B6%AF%E6%AD%8C%E5%8D%80%E4%B8%AD%E6%AD%A3%E4%B8%89%E8%B7%AF154%E8%99%9F；http://www.ykvs.ntpc.edu.tw,2026-09-06
,011309,新北市南山中學,私立,基北區,高中,男女兼收,新北市,中和區,新北市中和區廣福路41號,https://www.nssh.ntpc.edu.tw/,(02)22453000,普通科:193,193,193,資優/特色班請依各校及基北區官方公告查詢,新北市南山中學115學年度普通科課程以部定必修為基礎，並配置校訂必修、多元選修、自然與社會探究實作及自主學習；內容依該校115學年度課程計畫架構整理。,新北市南山中學的主要實作學習包含自然科與社會領域探究實作、自主學習與學習成果；校訂課程、多元選修或特色班可再延伸為專題研究與成果發表。,有校車；115學年度校方公布交通車路線，包含頂埔線、中央線、廣福線等多條上學及放學路線；停靠站與時間列於115學年度交通車路線表。,可由捷運景安站步行約11分鐘、永安市場站約13分鐘或中和站約14分鐘到校；中和路、廣福路一帶可搭5、202、214、227、244、275、311、625等公車至校區周邊。,新北市南山中學的一般高中部住宿目前沒有公開的校內宿舍申請、床位或收費方案；特定班級、專案或其他部別住宿另行區分。,https://www.google.com/maps/search/?api=1&query=%E6%96%B0%E5%8C%97%E5%B8%82%E4%B8%AD%E5%92%8C%E5%8D%80%E5%BB%A3%E7%A6%8F%E8%B7%AF41%E8%99%9F,https://www.nssh.ntpc.edu.tw/p/412-1000-496.php,https://www.nssh.ntpc.edu.tw/,https://www.nssh.ntpc.edu.tw/p/412-1000-361.php,https://www.nssh.ntpc.edu.tw/p/412-1000-361.php；https://www.google.com/maps/search/?api=1&query=%E6%96%B0%E5%8C%97%E5%B8%82%E4%B8%AD%E5%92%8C%E5%8D%80%E5%BB%A3%E7%A6%8F%E8%B7%AF41%E8%99%9F；https://proxy.nssh.ntpc.edu.tw/p/412-1000-700.php,https://www.nssh.ntpc.edu.tw/,https://www.nssh.ntpc.edu.tw/,https://www.nssh.ntpc.edu.tw/p/412-1000-496.php；https://www.nssh.ntpc.edu.tw/；https://www.nssh.ntpc.edu.tw/p/412-1000-361.php；https://www.google.com/maps/search/?api=1&query=%E6%96%B0%E5%8C%97%E5%B8%82%E4%B8%AD%E5%92%8C%E5%8D%80%E5%BB%A3%E7%A6%8F%E8%B7%AF41%E8%99%9F；https://proxy.nssh.ntpc.edu.tw/p/412-1000-700.php,2026-09-06
,011322,新北市崇光高中,私立,基北區,高中,男女兼收,新北市,新店區,新北市新店區三民路18號,https://web.ckgsh.ntpc.edu.tw/nss/p/index,(02)29112543,普通科(女):62,62,62,資優/特色班請依各校及基北區官方公告查詢,新北市崇光高中115學年度普通科課程以部定必修為基礎，並配置校訂必修、多元選修、自然與社會探究實作及自主學習；內容依該校115學年度課程計畫架構整理。,新北市崇光高中的主要實作學習包含自然科與社會領域探究實作、自主學習與學習成果；校訂課程、多元選修或特色班可再延伸為專題研究與成果發表。,新北市崇光高中的學生專車目前沒有公開的路線、站點或申請資訊；一般捷運、臺鐵、公車與步行路線另列於「通勤資訊」。,可搭新店－汐止公車至「崇光中學」站；該路線可銜接捷運新店區公所站、大坪林站及南港展覽館站。,新北市崇光高中的一般高中部住宿目前沒有公開的校內宿舍申請、床位或收費方案；特定班級、專案或其他部別住宿另行區分。,https://www.google.com/maps/search/?api=1&query=%E6%96%B0%E5%8C%97%E5%B8%82%E6%96%B0%E5%BA%97%E5%8D%80%E4%B8%89%E6%B0%91%E8%B7%AF18%E8%99%9F,https://courset.k12ea.gov.tw/courseinformation/indextea01.asp,https://web.ckgsh.ntpc.edu.tw/nss/p/index,https://atis.taipei.gov.tw/aspx/businfomation/presentinfo.aspx?ddlName=%E6%96%B0%E5%BA%97-%E6%B1%90%E6%AD%A2&lang=zh-Hant-TW,https://atis.taipei.gov.tw/aspx/businfomation/presentinfo.aspx?ddlName=%E6%96%B0%E5%BA%97-%E6%B1%90%E6%AD%A2&lang=zh-Hant-TW；https://www.google.com/maps/search/?api=1&query=%E6%96%B0%E5%8C%97%E5%B8%82%E6%96%B0%E5%BA%97%E5%8D%80%E4%B8%89%E6%B0%91%E8%B7%AF18%E8%99%9F,https://web.ckgsh.ntpc.edu.tw/nss/p/index,https://web.ckgsh.ntpc.edu.tw/nss/p/index,https://courset.k12ea.gov.tw/courseinformation/indextea01.asp；https://web.ckgsh.ntpc.edu.tw/nss/p/index；https://atis.taipei.gov.tw/aspx/businfomation/presentinfo.aspx?ddlName=%E6%96%B0%E5%BA%97-%E6%B1%90%E6%AD%A2&lang=zh-Hant-TW；https://www.google.com/maps/search/?api=1&query=%E6%96%B0%E5%8C%97%E5%B8%82%E6%96%B0%E5%BA%97%E5%8D%80%E4%B8%89%E6%B0%91%E8%B7%AF18%E8%99%9F,2026-09-06
,011330,新北市林口康橋國際高中,私立,基北區,高中,男女兼收,新北市,林口區,新北市林口區興林路55號,https://web.kcislk.ntpc.edu.tw/,(02)26015888,普通科:35,35,35,資優/特色班請依各校及基北區官方公告查詢,新北市林口康橋國際高中115學年度普通科課程以部定必修為基礎，並配置校訂必修、多元選修、自然與社會探究實作及自主學習；內容依該校115學年度課程計畫架構整理。,新北市林口康橋國際高中的主要實作學習包含自然科與社會領域探究實作、自主學習與學習成果；校訂課程、多元選修或特色班可再延伸為專題研究與成果發表。,有交通車；115學年度校方交通車專區提供臺北、新北、桃園、新竹及林口地區多條交通車路線，學生依校方公告站點及時刻搭乘。,可搭桃園機場捷運至A9林口站，步行至捷運林口公車站轉乘920、925、945、946或966，在林口區公所站下車後步行約4分鐘到校。,校方設宿舍及住宿申請系統，住宿資格與免住宿條件依校方舍務組公告；實際床位及費用依當學年度規定。,https://www.google.com/maps/search/?api=1&query=%E6%96%B0%E5%8C%97%E5%B8%82%E6%9E%97%E5%8F%A3%E5%8D%80%E8%88%88%E6%9E%97%E8%B7%AF55%E8%99%9F,https://web.kcislk.ntpc.edu.tw/teachingprogram/,https://web.kcislk.ntpc.edu.tw/,https://web.kcislk.ntpc.edu.tw/shuttle-bus-zone/,https://web.kcislk.ntpc.edu.tw/shuttle-bus-zone/；https://www.google.com/maps/search/?api=1&query=%E6%96%B0%E5%8C%97%E5%B8%82%E6%9E%97%E5%8F%A3%E5%8D%80%E8%88%88%E6%9E%97%E8%B7%AF55%E8%99%9F；https://web.kcislk.ntpc.edu.tw/contact_us/,https://dormitory.kcislk.ntpc.edu.tw/,https://web.kcislk.ntpc.edu.tw/,https://web.kcislk.ntpc.edu.tw/teachingprogram/；https://web.kcislk.ntpc.edu.tw/；https://web.kcislk.ntpc.edu.tw/shuttle-bus-zone/；https://www.google.com/maps/search/?api=1&query=%E6%96%B0%E5%8C%97%E5%B8%82%E6%9E%97%E5%8F%A3%E5%8D%80%E8%88%88%E6%9E%97%E8%B7%AF55%E8%99%9F；https://web.kcislk.ntpc.edu.tw/contact_us/；https://dormitory.kcislk.ntpc.edu.tw/,2026-09-06
,011307,新北市裕德高級中等學校,私立,基北區,高中,男女兼收,新北市,土城區,新北市土城區擺接堡路1號,http://www.yuteh.ntpc.edu.tw/,(02)82617889,普通科:15,15,15,資優/特色班請依各校及基北區官方公告查詢,新北市裕德高級中等學校115學年度普通科課程以部定必修為基礎，並配置校訂必修、多元選修、自然與社會探究實作及自主學習；內容依該校115學年度課程計畫架構整理。,新北市裕德高級中等學校的主要實作學習包含自然科與社會領域探究實作、自主學習與學習成果；校訂課程、多元選修或特色班可再延伸為專題研究與成果發表。,有交通車；校方招生資訊設有「交通車路線」專區，提供交通車路線供學生通勤使用；實際站點與班次依校方交通車路線資料。,可由捷運永寧站轉乘藍44至城林橋站，再沿擺接堡路方向前往；由府中站或亞東醫院站可轉乘藍38，或由亞東醫院站搭889、847至篤行路三段一帶，再銜接擺接堡路到校。,新北市裕德高級中等學校的一般高中部住宿目前沒有公開的校內宿舍申請、床位或收費方案；特定班級、專案或其他部別住宿另行區分。,https://www.google.com/maps/search/?api=1&query=%E6%96%B0%E5%8C%97%E5%B8%82%E5%9C%9F%E5%9F%8E%E5%8D%80%E6%93%BA%E6%8E%A5%E5%A0%A1%E8%B7%AF1%E8%99%9F,https://www.yuteh.ntpc.edu.tw/p/406-1000-1040%2Cr12.php?Lang=zh-tw,http://www.yuteh.ntpc.edu.tw/,https://www.yuteh.ntpc.edu.tw/p/426-1000-54.php?Lang=zh-tw,https://www.yuteh.ntpc.edu.tw/p/426-1000-54.php?Lang=zh-tw；https://www.google.com/maps/search/?api=1&query=%E6%96%B0%E5%8C%97%E5%B8%82%E5%9C%9F%E5%9F%8E%E5%8D%80%E6%93%BA%E6%8E%A5%E5%A0%A1%E8%B7%AF1%E8%99%9F；https://www.traffic.ntpc.gov.tw/,http://www.yuteh.ntpc.edu.tw/,http://www.yuteh.ntpc.edu.tw/,https://www.yuteh.ntpc.edu.tw/p/406-1000-1040%2Cr12.php?Lang=zh-tw；http://www.yuteh.ntpc.edu.tw/；https://www.yuteh.ntpc.edu.tw/p/426-1000-54.php?Lang=zh-tw；https://www.google.com/maps/search/?api=1&query=%E6%96%B0%E5%8C%97%E5%B8%82%E5%9C%9F%E5%9F%8E%E5%8D%80%E6%93%BA%E6%8E%A5%E5%A0%A1%E8%B7%AF1%E8%99%9F；https://www.traffic.ntpc.gov.tw/,2026-09-06
,011432,私立中華商海,私立,基北區,高中,男女兼收,新北市,萬里區,新北市萬里區瑪鋉路15號,http://www.chmvs.ntpc.edu.tw,(02)24922119,普通科:13,13,13,資優/特色班請依各校及基北區官方公告查詢,私立中華商海115學年度普通科課程以部定必修為基礎，並配置校訂必修、多元選修、自然與社會探究實作及自主學習；內容依該校115學年度課程計畫架構整理。,私立中華商海的主要實作學習包含自然科與社會領域探究實作、自主學習與學習成果；校訂課程、多元選修或特色班可再延伸為專題研究與成果發表。,私立中華商海的學生專車目前沒有公開的路線、站點或申請資訊；一般捷運、臺鐵、公車與步行路線另列於「通勤資訊」。,可搭789或789區公車至「中華商海」站；789路線可銜接基隆轉運站、萬里區公所及北海岸沿線站點。,私立中華商海的一般高中部住宿目前沒有公開的校內宿舍申請、床位或收費方案；特定班級、專案或其他部別住宿另行區分。,https://www.google.com/maps/search/?api=1&query=%E6%96%B0%E5%8C%97%E5%B8%82%E8%90%AC%E9%87%8C%E5%8D%80%E7%91%AA%E9%8B%89%E8%B7%AF15%E8%99%9F,https://courset.k12ea.gov.tw/courseinformation/indextea01.asp,http://www.chmvs.ntpc.edu.tw,https://ebus.gov.taipei/EBus/VsSimpleMap?rid=16739&sec=1,https://ebus.gov.taipei/EBus/VsSimpleMap?rid=16739&sec=1；https://www.google.com/maps/search/?api=1&query=%E6%96%B0%E5%8C%97%E5%B8%82%E8%90%AC%E9%87%8C%E5%8D%80%E7%91%AA%E9%8B%89%E8%B7%AF15%E8%99%9F,http://www.chmvs.ntpc.edu.tw,http://www.chmvs.ntpc.edu.tw,https://courset.k12ea.gov.tw/courseinformation/indextea01.asp；http://www.chmvs.ntpc.edu.tw；https://ebus.gov.taipei/EBus/VsSimpleMap?rid=16739&sec=1；https://www.google.com/maps/search/?api=1&query=%E6%96%B0%E5%8C%97%E5%B8%82%E8%90%AC%E9%87%8C%E5%8D%80%E7%91%AA%E9%8B%89%E8%B7%AF15%E8%99%9F,2026-09-06
,011323,私立光仁高中,私立,基北區,高中,男女兼收,新北市,板橋區,新北市板橋區中山路二段255巷18號,https://www.kjsh.ntpc.edu.tw/,(02)29615161,普通科:108,108,108,資優/特色班請依各校及基北區官方公告查詢,私立光仁高中115學年度普通科課程以部定必修為基礎，並配置校訂必修、多元選修、自然與社會探究實作及自主學習；內容依該校115學年度課程計畫架構整理。,私立光仁高中的主要實作學習包含自然科與社會領域探究實作、自主學習與學習成果；校訂課程、多元選修或特色班可再延伸為專題研究與成果發表。,有校車；校方交通資訊列有板橋、土城、中和、永和、新莊、蘆洲、三重、樹林等校車路線。,一般大眾運輸亦可搭234、265、705等公車至埔墘周邊站點再步行到校。,校方宿舍資料明列男生43床、女生33床，原則4–5人一室，宿舍位於光仁樓並有住宿管理人員；申請資格與床位依當年度公告。,https://www.google.com/maps/search/?api=1&query=%E6%96%B0%E5%8C%97%E5%B8%82%E6%9D%BF%E6%A9%8B%E5%8D%80%E4%B8%AD%E5%B1%B1%E8%B7%AF%E4%BA%8C%E6%AE%B5255%E5%B7%B718%E8%99%9F,https://courset.k12ea.gov.tw/courseinformation/indexStu01.asp,https://www.kjsh.ntpc.edu.tw/,https://www.kjsh.ntpc.edu.tw/ischool/publish_page/78/,https://www.kjsh.ntpc.edu.tw/ischool/publish_page/78/；https://www.google.com/maps/search/?api=1&query=%E6%96%B0%E5%8C%97%E5%B8%82%E6%9D%BF%E6%A9%8B%E5%8D%80%E4%B8%AD%E5%B1%B1%E8%B7%AF%E4%BA%8C%E6%AE%B5255%E5%B7%B718%E8%99%9F,https://www.kjsh.ntpc.edu.tw/ischool/publish_page/4/?cid=1927,https://www.kjsh.ntpc.edu.tw/,https://courset.k12ea.gov.tw/courseinformation/indexStu01.asp；https://www.kjsh.ntpc.edu.tw/；https://www.kjsh.ntpc.edu.tw/ischool/publish_page/78/；https://www.google.com/maps/search/?api=1&query=%E6%96%B0%E5%8C%97%E5%B8%82%E6%9D%BF%E6%A9%8B%E5%8D%80%E4%B8%AD%E5%B1%B1%E8%B7%AF%E4%BA%8C%E6%AE%B5255%E5%B7%B718%E8%99%9F；https://www.kjsh.ntpc.edu.tw/ischool/publish_page/4/?cid=1927,2026-09-06
,011C71,私立光華高商進修學校,私立,基北區,進修部,男女兼收,新北市,板橋區,新北市板橋區南雅南路二段1號,http://www.khvs.ntpc.edu.tw,(02)89522255,資料處理科:54；應用日語科:27；觀光事業科:27；資料處理科:45；觀光事業科:45；普通科:37；媒體應用科:37,272,272,資優/特色班請依各校及基北區官方公告查詢,私立光華高商進修學校：115學年度課程依各科課程計畫安排，主要科別包括資料處理科、應用日語科、觀光事業科、普通科、媒體應用科；各科結合專業理論、校訂課程與實習／實作學習。,私立光華高商進修學校：資料處理科、應用日語科、觀光事業科、普通科、媒體應用科等科別依115學年度課程計畫安排專業實習、實作與專題製作，並透過作品、技能或成果發表整合專業學習。,私立光華高商進修學校的學生專車目前沒有公開的路線、站點或申請資訊；一般捷運、臺鐵、公車與步行路線另列於「通勤資訊」。,捷運可至亞東醫院站後轉步行或公車；藍37、藍38、585、596、843等路線均設「光華商職」站，且與捷運亞東醫院站相鄰。,私立光華高商進修學校的一般高中部住宿目前沒有公開的校內宿舍申請、床位或收費方案；特定班級、專案或其他部別住宿另行區分。,https://www.google.com/maps/search/?api=1&query=%E6%96%B0%E5%8C%97%E5%B8%82%E6%9D%BF%E6%A9%8B%E5%8D%80%E5%8D%97%E9%9B%85%E5%8D%97%E8%B7%AF%E4%BA%8C%E6%AE%B51%E8%99%9F,https://courset.k12ea.gov.tw/courseinformation/indextea01.asp,http://www.khvs.ntpc.edu.tw,https://atis.taipei.gov.tw/aspx/businfomation/presentinfo.aspx?TPC=TPC&ddlName=%E8%97%8D37&lang=zh-Hant-TW,https://atis.taipei.gov.tw/aspx/businfomation/presentinfo.aspx?TPC=TPC&ddlName=%E8%97%8D37&lang=zh-Hant-TW；https://www.google.com/maps/search/?api=1&query=%E6%96%B0%E5%8C%97%E5%B8%82%E6%9D%BF%E6%A9%8B%E5%8D%80%E5%8D%97%E9%9B%85%E5%8D%97%E8%B7%AF%E4%BA%8C%E6%AE%B51%E8%99%9F,http://www.khvs.ntpc.edu.tw,http://www.khvs.ntpc.edu.tw,https://courset.k12ea.gov.tw/courseinformation/indextea01.asp；http://www.khvs.ntpc.edu.tw；https://atis.taipei.gov.tw/aspx/businfomation/presentinfo.aspx?TPC=TPC&ddlName=%E8%97%8D37&lang=zh-Hant-TW；https://www.google.com/maps/search/?api=1&query=%E6%96%B0%E5%8C%97%E5%B8%82%E6%9D%BF%E6%A9%8B%E5%8D%80%E5%8D%97%E9%9B%85%E5%8D%97%E8%B7%AF%E4%BA%8C%E6%AE%B51%E8%99%9F,2026-09-06
,011312,私立崇義高中,私立,基北區,綜高,男女兼收,新北市,汐止區,新北市汐止區大同路三段68號,https://www.tyhs.ntpc.edu.tw/,(02)86478000,普通科:13；電子商務科:57；電子商務科:15,85,85,資優/特色班請依各校及基北區官方公告查詢,115學年度課程依校方課程計畫安排，涵蓋普通科、電子商務科；共同核心之外，依學程與選修方向配置校訂、多元選修及專業課程。,私立崇義高中：普通科、電子商務科等科別依115學年度課程計畫安排專業實習、實作與專題製作，並透過作品、技能或成果發表整合專業學習。,私立崇義高中的學生專車目前沒有公開的路線、站點或申請資訊；一般捷運、臺鐵、公車與步行路線另列於「通勤資訊」。,可搭907公車至「崇義高中（忠孝東路）」站；907可由捷運古亭、公館等方向往汐止，F915亦行經崇義高中與汐止火車站周邊。,私立崇義高中的一般高中部住宿目前沒有公開的校內宿舍申請、床位或收費方案；特定班級、專案或其他部別住宿另行區分。,https://www.google.com/maps/search/?api=1&query=%E6%96%B0%E5%8C%97%E5%B8%82%E6%B1%90%E6%AD%A2%E5%8D%80%E5%A4%A7%E5%90%8C%E8%B7%AF%E4%B8%89%E6%AE%B568%E8%99%9F,https://www.tyhs.ntpc.edu.tw/images/newshop/20231027205647.pdf,https://www.tyhs.ntpc.edu.tw/,https://ebus.gov.taipei/EBus/VsSimpleMap?rid=10724&sec=1,https://ebus.gov.taipei/EBus/VsSimpleMap?rid=10724&sec=1；https://www.google.com/maps/search/?api=1&query=%E6%96%B0%E5%8C%97%E5%B8%82%E6%B1%90%E6%AD%A2%E5%8D%80%E5%A4%A7%E5%90%8C%E8%B7%AF%E4%B8%89%E6%AE%B568%E8%99%9F,https://www.tyhs.ntpc.edu.tw/,https://www.tyhs.ntpc.edu.tw/,https://www.tyhs.ntpc.edu.tw/images/newshop/20231027205647.pdf；https://www.tyhs.ntpc.edu.tw/；https://ebus.gov.taipei/EBus/VsSimpleMap?rid=10724&sec=1；https://www.google.com/maps/search/?api=1&query=%E6%96%B0%E5%8C%97%E5%B8%82%E6%B1%90%E6%AD%A2%E5%8D%80%E5%A4%A7%E5%90%8C%E8%B7%AF%E4%B8%89%E6%AE%B568%E8%99%9F,2026-09-06
,011302,私立康橋高中,私立,基北區,高中,男女兼收,新北市,新店區,新北市新店區華城路800號,https://www.kcis.ntpc.edu.tw/_XiugangCampus/,(02)22166000,普通科:48,48,48,資優/特色班請依各校及基北區官方公告查詢,私立康橋高中：普通高中課程結合跨領域主題／專題式學習（PBL）、探索教育、第二外語與國際課程等校本特色。,私立康橋高中的主要實作學習包含自然科與社會領域探究實作、自主學習與學習成果；校訂課程、多元選修或特色班可再延伸為專題研究與成果發表。,有交通車；115學年度第1學期秀岡校區交通車涵蓋桃園、基隆、林口、汐止、三峽、三重、新莊、新店等方向，依校方115-1交通車路線與站點搭乘。,秀岡校區位於新店華城路山區；一般通勤可先搭捷運松山新店線至新店地區，再銜接華城路方向的地面交通前往校區。,秀岡校區設學生宿舍，官方資料載明男女分宿，主要為4–6人套房並設房內衛浴與冷氣；住宿申請與管理依校方舍務規定。,https://www.google.com/maps/search/?api=1&query=%E6%96%B0%E5%8C%97%E5%B8%82%E6%96%B0%E5%BA%97%E5%8D%80%E8%8F%AF%E5%9F%8E%E8%B7%AF800%E8%99%9F,https://www.kcis.ntpc.edu.tw/_Admission/XiugangCampus/index.html,https://www.kcis.ntpc.edu.tw/_Admission/XiugangCampus/index.html,https://www.kcis.ntpc.edu.tw/_XiugangCampus/zh/SchoolBus.html,https://www.kcis.ntpc.edu.tw/_XiugangCampus/zh/SchoolBus.html；https://www.google.com/maps/search/?api=1&query=%E6%96%B0%E5%8C%97%E5%B8%82%E6%96%B0%E5%BA%97%E5%8D%80%E8%8F%AF%E5%9F%8E%E8%B7%AF800%E8%99%9F,https://www.kcis.ntpc.edu.tw/_XiugangCampus/zh/Dormitory.html,https://www.kcis.ntpc.edu.tw/_XiugangCampus/,https://www.kcis.ntpc.edu.tw/_Admission/XiugangCampus/index.html；https://www.kcis.ntpc.edu.tw/_XiugangCampus/zh/SchoolBus.html；https://www.google.com/maps/search/?api=1&query=%E6%96%B0%E5%8C%97%E5%B8%82%E6%96%B0%E5%BA%97%E5%8D%80%E8%8F%AF%E5%9F%8E%E8%B7%AF800%E8%99%9F；https://www.kcis.ntpc.edu.tw/_XiugangCampus/zh/Dormitory.html；https://www.kcis.ntpc.edu.tw/_XiugangCampus/,2026-09-06
,011318,私立徐匯高中,私立,基北區,高中,男女兼收,新北市,蘆洲區,新北市蘆洲區中山一路1號,http://www.sish.ntpc.edu.tw,(02)22817565,普通科(男):64,64,64,資優/特色班請依各校及基北區官方公告查詢,私立徐匯高中115學年度普通科課程以部定必修為基礎，並配置校訂必修、多元選修、自然與社會探究實作及自主學習；內容依該校115學年度課程計畫架構整理。,私立徐匯高中的主要實作學習包含自然科與社會領域探究實作、自主學習與學習成果；校訂課程、多元選修或特色班可再延伸為專題研究與成果發表。,私立徐匯高中的學生專車目前沒有公開的路線、站點或申請資訊；一般捷運、臺鐵、公車與步行路線另列於「通勤資訊」。,臺北捷運中和新蘆線設「徐匯中學站（O52）」；由該站出站即可到達徐匯中學周邊。,私立徐匯高中的一般高中部住宿目前沒有公開的校內宿舍申請、床位或收費方案；特定班級、專案或其他部別住宿另行區分。,https://www.google.com/maps/search/?api=1&query=%E6%96%B0%E5%8C%97%E5%B8%82%E8%98%86%E6%B4%B2%E5%8D%80%E4%B8%AD%E5%B1%B1%E4%B8%80%E8%B7%AF1%E8%99%9F,https://www.sish.ntpc.edu.tw/uploads/1675829837299SOY08qox.pdf,http://www.sish.ntpc.edu.tw,https://web.metro.taipei/pages2026/WebStation/176/8,https://web.metro.taipei/pages2026/WebStation/176/8；https://www.google.com/maps/search/?api=1&query=%E6%96%B0%E5%8C%97%E5%B8%82%E8%98%86%E6%B4%B2%E5%8D%80%E4%B8%AD%E5%B1%B1%E4%B8%80%E8%B7%AF1%E8%99%9F,http://www.sish.ntpc.edu.tw,http://www.sish.ntpc.edu.tw,https://www.sish.ntpc.edu.tw/uploads/1675829837299SOY08qox.pdf；http://www.sish.ntpc.edu.tw；https://web.metro.taipei/pages2026/WebStation/176/8；https://www.google.com/maps/search/?api=1&query=%E6%96%B0%E5%8C%97%E5%B8%82%E8%98%86%E6%B4%B2%E5%8D%80%E4%B8%AD%E5%B1%B1%E4%B8%80%E8%B7%AF1%E8%99%9F,2026-09-06
,011407,私立復興商工,私立,基北區,高職,男女兼收,新北市,永和區,新北市永和區秀朗路一段201號,http://www.fhvs.ntpc.edu.tw,(02)29262121,資料處理科:23；美工科:22；廣告設計科:225；室內設計科:75；美術科:18；廣告設計科:45,408,408,資優/特色班請依各校及基北區官方公告查詢,私立復興商工：115學年度課程依各科課程計畫安排，主要科別包括資料處理科、美工科、廣告設計科、室內設計科、美術科；各科結合專業理論、校訂課程與實習／實作學習。,私立復興商工：資料處理科、美工科、廣告設計科、室內設計科、美術科等科別依115學年度課程計畫安排專業實習、實作與專題製作，並透過作品、技能或成果發表整合專業學習。,私立復興商工的學生專車目前沒有公開的路線、站點或申請資訊；一般捷運、臺鐵、公車與步行路線另列於「通勤資訊」。,校方交通資料指出，捷運永安市場站步行約13分鐘可到校；亦可搭F525免費接駁公車至復興商工周邊站點，或由頂溪、景安等捷運站轉乘公車到校。,私立復興商工的一般高中部住宿目前沒有公開的校內宿舍申請、床位或收費方案；特定班級、專案或其他部別住宿另行區分。,https://www.google.com/maps/search/?api=1&query=%E6%96%B0%E5%8C%97%E5%B8%82%E6%B0%B8%E5%92%8C%E5%8D%80%E7%A7%80%E6%9C%97%E8%B7%AF%E4%B8%80%E6%AE%B5201%E8%99%9F,https://www1.fhvs.ntpc.edu.tw/office/deans/95sum/115%E7%B8%BD%E9%AB%94%E8%AA%B2%E7%A8%8B%E8%A8%88%E7%95%AB%E6%9B%B8.pdf,http://www.fhvs.ntpc.edu.tw,https://ischool.fhvs.ntpc.edu.tw/ischool/wr/file/21/13225/3f23e11161a7878d8808a666667c761c.pdf,https://ischool.fhvs.ntpc.edu.tw/ischool/wr/file/21/13225/3f23e11161a7878d8808a666667c761c.pdf；https://www.google.com/maps/search/?api=1&query=%E6%96%B0%E5%8C%97%E5%B8%82%E6%B0%B8%E5%92%8C%E5%8D%80%E7%A7%80%E6%9C%97%E8%B7%AF%E4%B8%80%E6%AE%B5201%E8%99%9F,http://www.fhvs.ntpc.edu.tw,http://www.fhvs.ntpc.edu.tw,https://www1.fhvs.ntpc.edu.tw/office/deans/95sum/115%E7%B8%BD%E9%AB%94%E8%AA%B2%E7%A8%8B%E8%A8%88%E7%95%AB%E6%9B%B8.pdf；http://www.fhvs.ntpc.edu.tw；https://ischool.fhvs.ntpc.edu.tw/ischool/wr/file/21/13225/3f23e11161a7878d8808a666667c761c.pdf；https://www.google.com/maps/search/?api=1&query=%E6%96%B0%E5%8C%97%E5%B8%82%E6%B0%B8%E5%92%8C%E5%8D%80%E7%A7%80%E6%9C%97%E8%B7%AF%E4%B8%80%E6%AE%B5201%E8%99%9F,2026-09-06
,011399,私立時雨高中,私立,基北區,高中,男女兼收,新北市,瑞芳區,新北市瑞芳區銅山里祈堂路217號,http://www.syjh.ntpc.edu.tw,(02)24962217,普通科:84；普通科:128,212,212,資優/特色班請依各校及基北區官方公告查詢,私立時雨高中115學年度普通科課程以部定必修為基礎，並配置校訂必修、多元選修、自然與社會探究實作及自主學習；內容依該校115學年度課程計畫架構整理。,私立時雨高中的主要實作學習包含自然科與社會領域探究實作、自主學習與學習成果；校訂課程、多元選修或特色班可再延伸為專題研究與成果發表。,有返鄉／返校專車；校方招生資料列有住宿生返鄉、返校專車，路線涵蓋林口／南崁及土城／鶯歌／三峽等方向；實際站點與時間依校方當期專車安排。,可先搭臺鐵至瑞芳站，再轉乘前往金瓜石方向的788、825等公車；由臺北方向亦可搭965或1062至金瓜石一帶，再由祈堂路方向步行前往校區。,私立時雨高中的一般高中部住宿目前沒有公開的校內宿舍申請、床位或收費方案；特定班級、專案或其他部別住宿另行區分。,https://www.google.com/maps/search/?api=1&query=%E6%96%B0%E5%8C%97%E5%B8%82%E7%91%9E%E8%8A%B3%E5%8D%80%E9%8A%85%E5%B1%B1%E9%87%8C%E7%A5%88%E5%A0%82%E8%B7%AF217%E8%99%9F,https://www.syjh.ntpc.edu.tw/nss/p/251,http://www.syjh.ntpc.edu.tw,https://www.syjh.ntpc.edu.tw/uploads/1608252498998gPbt6GRl.pdf,https://www.syjh.ntpc.edu.tw/uploads/1608252498998gPbt6GRl.pdf；https://www.google.com/maps/search/?api=1&query=%E6%96%B0%E5%8C%97%E5%B8%82%E7%91%9E%E8%8A%B3%E5%8D%80%E9%8A%85%E5%B1%B1%E9%87%8C%E7%A5%88%E5%A0%82%E8%B7%AF217%E8%99%9F；https://www.syjh.ntpc.edu.tw/nss/p/181,http://www.syjh.ntpc.edu.tw,http://www.syjh.ntpc.edu.tw,https://www.syjh.ntpc.edu.tw/nss/p/251；http://www.syjh.ntpc.edu.tw；https://www.syjh.ntpc.edu.tw/uploads/1608252498998gPbt6GRl.pdf；https://www.google.com/maps/search/?api=1&query=%E6%96%B0%E5%8C%97%E5%B8%82%E7%91%9E%E8%8A%B3%E5%8D%80%E9%8A%85%E5%B1%B1%E9%87%8C%E7%A5%88%E5%A0%82%E8%B7%AF217%E8%99%9F；https://www.syjh.ntpc.edu.tw/nss/p/181,2026-09-06
,011420,私立智光商工,私立,基北區,綜高,男女兼收,新北市,永和區,新北市永和區中正路100號,https://www.ckvs.ntpc.edu.tw/home,(02)29432491,電子科:12；資料處理科:29；多媒體設計科:23；觀光事業科:12；餐飲管理科:86；普通科:27；商業經營科:27；資訊科:30；餐飲管理科:30,276,276,資優/特色班請依各校及基北區官方公告查詢,115學年度課程依校方課程計畫安排，涵蓋電子科、資料處理科、多媒體設計科、觀光事業科、餐飲管理科、普通科、商業經營科、資訊科；共同核心之外，依學程與選修方向配置校訂、多元選修及專業課程。,私立智光商工：電子科、資料處理科、多媒體設計科、觀光事業科、餐飲管理科、普通科、商業經營科、資訊科等科別依115學年度課程計畫安排專業實習、實作與專題製作，並透過作品、技能或成果發表整合專業學習。,私立智光商工的學生專車目前沒有公開的路線、站點或申請資訊；一般捷運、臺鐵、公車與步行路線另列於「通勤資訊」。,可由捷運景安站、永安市場站等轉乘校方交通頁所列公車至智光商工周邊站點，再步行到校；各公車路線依校方交通資訊頁。,私立智光商工的一般高中部住宿目前沒有公開的校內宿舍申請、床位或收費方案；特定班級、專案或其他部別住宿另行區分。,https://www.google.com/maps/search/?api=1&query=%E6%96%B0%E5%8C%97%E5%B8%82%E6%B0%B8%E5%92%8C%E5%8D%80%E4%B8%AD%E6%AD%A3%E8%B7%AF100%E8%99%9F,https://www.ckvs.ntpc.edu.tw/ischool/publish_page/4/?cid=31,https://www.ckvs.ntpc.edu.tw/home,https://www.ckvs.ntpc.edu.tw/ischool/publish_page/0/?cid=328,https://www.ckvs.ntpc.edu.tw/ischool/publish_page/0/?cid=328；https://www.google.com/maps/search/?api=1&query=%E6%96%B0%E5%8C%97%E5%B8%82%E6%B0%B8%E5%92%8C%E5%8D%80%E4%B8%AD%E6%AD%A3%E8%B7%AF100%E8%99%9F,https://www.ckvs.ntpc.edu.tw/home,https://www.ckvs.ntpc.edu.tw/home,https://www.ckvs.ntpc.edu.tw/ischool/publish_page/4/?cid=31；https://www.ckvs.ntpc.edu.tw/home；https://www.ckvs.ntpc.edu.tw/ischool/publish_page/0/?cid=328；https://www.google.com/maps/search/?api=1&query=%E6%96%B0%E5%8C%97%E5%B8%82%E6%B0%B8%E5%92%8C%E5%8D%80%E4%B8%AD%E6%AD%A3%E8%B7%AF100%E8%99%9F,2026-09-06
,011315,私立東海高中,私立,基北區,高職,男女兼收,新北市,三重區,新北市三重區忠孝路三段93巷12號,https://www.thhs.ntpc.edu.tw/,(02)29822788,汽車科:40；資訊科:13；電子科:27；餐飲管理科:27；多媒體動畫科:13,120,120,資優/特色班請依各校及基北區官方公告查詢,私立東海高中：115學年度課程依各科課程計畫安排，主要科別包括汽車科、資訊科、電子科、餐飲管理科、多媒體動畫科；各科結合專業理論、校訂課程與實習／實作學習。,私立東海高中：汽車科、資訊科、電子科、餐飲管理科、多媒體動畫科等科別依115學年度課程計畫安排專業實習、實作與專題製作，並透過作品、技能或成果發表整合專業學習。,有校車與捷運接駁。校方列有林口、泰山、五股等上學專車，並在捷運三重站1號出口提供接駁；校方交通頁列有7:20、7:50上學接駁與16:50放學返程。,一般公車可搭641至「東海中學」站後步行進校；也可先到捷運三重站，再銜接一般公車前往忠孝路三段93巷校區。,私立東海高中的一般高中部住宿目前沒有公開的校內宿舍申請、床位或收費方案；特定班級、專案或其他部別住宿另行區分。,https://www.google.com/maps/search/?api=1&query=%E6%96%B0%E5%8C%97%E5%B8%82%E4%B8%89%E9%87%8D%E5%8D%80%E5%BF%A0%E5%AD%9D%E8%B7%AF%E4%B8%89%E6%AE%B593%E5%B7%B712%E8%99%9F,https://courset.k12ea.gov.tw/courseinformation/indextea01.asp,https://www.thhs.ntpc.edu.tw/,https://www.thhs.ntpc.edu.tw/getting-to-school/,https://www.thhs.ntpc.edu.tw/getting-to-school/；https://www.google.com/maps/search/?api=1&query=%E6%96%B0%E5%8C%97%E5%B8%82%E4%B8%89%E9%87%8D%E5%8D%80%E5%BF%A0%E5%AD%9D%E8%B7%AF%E4%B8%89%E6%AE%B593%E5%B7%B712%E8%99%9F；https://atis.taipei.gov.tw/aspx/businfomation/presentinfo.aspx?ddlName=641&lang=zh-Hant-TW,https://www.thhs.ntpc.edu.tw/,https://www.thhs.ntpc.edu.tw/,https://courset.k12ea.gov.tw/courseinformation/indextea01.asp；https://www.thhs.ntpc.edu.tw/；https://www.thhs.ntpc.edu.tw/getting-to-school/；https://www.google.com/maps/search/?api=1&query=%E6%96%B0%E5%8C%97%E5%B8%82%E4%B8%89%E9%87%8D%E5%8D%80%E5%BF%A0%E5%AD%9D%E8%B7%AF%E4%B8%89%E6%AE%B593%E5%B7%B712%E8%99%9F,2026-09-06
,011316,私立格致高中,私立,基北區,高中,男女兼收,新北市,三重區,新北市三重區大智街260號,http://www.gjsh.ntpc.edu.tw,(02)29855892,普通科:183；普通科:86,269,269,資優/特色班請依各校及基北區官方公告查詢,私立格致高中115學年度普通科課程以部定必修為基礎，並配置校訂必修、多元選修、自然與社會探究實作及自主學習；內容依該校115學年度課程計畫架構整理。,私立格致高中的主要實作學習包含自然科與社會領域探究實作、自主學習與學習成果；校訂課程、多元選修或特色班可再延伸為專題研究與成果發表。,私立格致高中的學生專車目前沒有公開的路線、站點或申請資訊；一般捷運、臺鐵、公車與步行路線另列於「通勤資訊」。,由捷運三和國中站可步行或轉乘公車到校；校方交通資訊列有925、931、232副、306、225、704、藍1等路線停靠格致中學周邊。,私立格致高中的一般高中部住宿目前沒有公開的校內宿舍申請、床位或收費方案；特定班級、專案或其他部別住宿另行區分。,https://www.google.com/maps/search/?api=1&query=%E6%96%B0%E5%8C%97%E5%B8%82%E4%B8%89%E9%87%8D%E5%8D%80%E5%A4%A7%E6%99%BA%E8%A1%97260%E8%99%9F,https://www.gjsh.ntpc.edu.tw/ischool/wr/file/9/77/bccd6813bbeed839a670be3ade618b0a.pdf,http://www.gjsh.ntpc.edu.tw,https://www.gjsh.ntpc.edu.tw/ischool/publish_page/112/?cid=1516,https://www.gjsh.ntpc.edu.tw/ischool/publish_page/112/?cid=1516；https://www.google.com/maps/search/?api=1&query=%E6%96%B0%E5%8C%97%E5%B8%82%E4%B8%89%E9%87%8D%E5%8D%80%E5%A4%A7%E6%99%BA%E8%A1%97260%E8%99%9F,http://www.gjsh.ntpc.edu.tw,http://www.gjsh.ntpc.edu.tw,https://www.gjsh.ntpc.edu.tw/ischool/wr/file/9/77/bccd6813bbeed839a670be3ade618b0a.pdf；http://www.gjsh.ntpc.edu.tw；https://www.gjsh.ntpc.edu.tw/ischool/publish_page/112/?cid=1516；https://www.google.com/maps/search/?api=1&query=%E6%96%B0%E5%8C%97%E5%B8%82%E4%B8%89%E9%87%8D%E5%8D%80%E5%A4%A7%E6%99%BA%E8%A1%97260%E8%99%9F,2026-09-06
,011405,私立樹人家商,私立,基北區,高職,男女兼收,新北市,樹林區,新北市樹林區大安路216號,http://www.stgvs.ntpc.edu.tw,(02)26870391,資料處理科:10；烘焙科:4；幼兒保育科:11；美容科:6；觀光事業科:1；餐飲管理科:2；影劇科:4；表演藝術科:2,40,40,資優/特色班請依各校及基北區官方公告查詢,私立樹人家商：115學年度課程依各科課程計畫安排，主要科別包括資料處理科、烘焙科、幼兒保育科、美容科、觀光事業科、餐飲管理科、影劇科、表演藝術科；各科結合專業理論、校訂課程與實習／實作學習。,私立樹人家商：資料處理科、烘焙科、幼兒保育科、美容科、觀光事業科、餐飲管理科、影劇科、表演藝術科等科別依115學年度課程計畫安排專業實習、實作與專題製作，並透過作品、技能或成果發表整合專業學習。,有校車；校方設有「校車路線」專區，學生手冊亦載明日、進修部學生校車搭乘與收費規範；實際路線依校方當期校車安排。,臺鐵可至樹林站，從後站方向步行約8分鐘到校；公車可搭藍38至「樹人家商」站，843或701可在保安街口下車後步行前往，另有799及土城金城路－樹林大安路等路線停靠樹人家商。,私立樹人家商的一般高中部住宿目前沒有公開的校內宿舍申請、床位或收費方案；特定班級、專案或其他部別住宿另行區分。,https://www.google.com/maps/search/?api=1&query=%E6%96%B0%E5%8C%97%E5%B8%82%E6%A8%B9%E6%9E%97%E5%8D%80%E5%A4%A7%E5%AE%89%E8%B7%AF216%E8%99%9F,https://www.stgvs.ntpc.edu.tw/uploads/1768993182693v1Zx7JPo.pdf,http://www.stgvs.ntpc.edu.tw,https://www.stgvs.ntpc.edu.tw/nss/s/main/A004A02,https://www.stgvs.ntpc.edu.tw/nss/s/main/A004A02；https://www.google.com/maps/search/?api=1&query=%E6%96%B0%E5%8C%97%E5%B8%82%E6%A8%B9%E6%9E%97%E5%8D%80%E5%A4%A7%E5%AE%89%E8%B7%AF216%E8%99%9F；https://www.stgvs.ntpc.edu.tw/nss/p/A004A03；https://ebus.gov.taipei/Route/StopsOfRoute?routeid=0463003600,http://www.stgvs.ntpc.edu.tw,http://www.stgvs.ntpc.edu.tw,https://www.stgvs.ntpc.edu.tw/uploads/1768993182693v1Zx7JPo.pdf；http://www.stgvs.ntpc.edu.tw；https://www.stgvs.ntpc.edu.tw/nss/s/main/A004A02；https://www.google.com/maps/search/?api=1&query=%E6%96%B0%E5%8C%97%E5%B8%82%E6%A8%B9%E6%9E%97%E5%8D%80%E5%A4%A7%E5%AE%89%E8%B7%AF216%E8%99%9F；https://www.stgvs.ntpc.edu.tw/nss/p/A004A03；https://ebus.gov.taipei/Route/StopsOfRoute?routeid=0463003600,2026-09-06
,011301,私立淡江高中,私立,基北區,綜高,男女兼收,新北市,淡水區,新北市淡水區真理街26號,https://www.tksh.ntpc.edu.tw/,(02)26203850,綜合高中:281,281,281,資優/特色班請依各校及基北區官方公告查詢,私立淡江高中：115學年度課程依校方課程計畫安排，涵蓋綜合高中；共同核心之外，依學程與選修方向配置校訂、多元選修及專業課程。,私立淡江高中：綜合高中等科別依115學年度課程計畫安排專業實習、實作與專題製作，並透過作品、技能或成果發表整合專業學習。,有學生專車；115學年度校方已公布專車學生搭乘名單、站別與司機資訊；可確認竹圍、新市等站點及多車次專車正在使用，115學年度搭乘名單與站別已由校方公布。,可由捷運淡水站、竹圍站或淡海輕軌沿線轉乘一般公車前往淡水真理街校區；臺鐵旅客可先到臺北車站轉捷運淡水信義線，再由淡水方向銜接到校。,校方設學生宿舍；官方宿舍資料載明女生宿舍位於5樓、男生住宿區另有樓層配置，每房原則4人並設冷氣與衛浴，實際床位與費用依當學年度舍務公告。,https://www.google.com/maps/search/?api=1&query=%E6%96%B0%E5%8C%97%E5%B8%82%E6%B7%A1%E6%B0%B4%E5%8D%80%E7%9C%9F%E7%90%86%E8%A1%9726%E8%99%9F,https://courset.k12ea.gov.tw/courseinformation/indexStu01.asp,https://www.tksh.ntpc.edu.tw/,https://www.tksh.ntpc.edu.tw/nss/main/freeze/5abf2d62aa93092cee58ceb4/py4IyrD3222/697821feb9ec1d09ea036a50?static=false&vector=private,https://www.tksh.ntpc.edu.tw/nss/main/freeze/5abf2d62aa93092cee58ceb4/py4IyrD3222/697821feb9ec1d09ea036a50?static=false&vector=private；https://www.google.com/maps/search/?api=1&query=%E6%96%B0%E5%8C%97%E5%B8%82%E6%B7%A1%E6%B0%B4%E5%8D%80%E7%9C%9F%E7%90%86%E8%A1%9726%E8%99%9F,https://affair2.tksh.ntpc.edu.tw/wp/tksa/%E5%AE%BF%E8%88%8D%E4%BA%8B%E5%8B%99%E7%B5%84/%E5%AE%BF%E8%88%8D%E4%BA%8B%E5%8B%99/,https://www.tksh.ntpc.edu.tw/,https://courset.k12ea.gov.tw/courseinformation/indexStu01.asp；https://www.tksh.ntpc.edu.tw/；https://www.tksh.ntpc.edu.tw/nss/main/freeze/5abf2d62aa93092cee58ceb4/py4IyrD3222/697821feb9ec1d09ea036a50?static=false&vector=private；https://www.google.com/maps/search/?api=1&query=%E6%96%B0%E5%8C%97%E5%B8%82%E6%B7%A1%E6%B0%B4%E5%8D%80%E7%9C%9F%E7%90%86%E8%A1%9726%E8%99%9F；https://affair2.tksh.ntpc.edu.tw/wp/tksa/%E5%AE%BF%E8%88%8D%E4%BA%8B%E5%8B%99%E7%B5%84/%E5%AE%BF%E8%88%8D%E4%BA%8B%E5%8B%99/,2026-09-06
,011413,私立穀保家商,私立,基北區,高職,男女兼收,新北市,三重區,新北市三重區中正北路560巷38號,http://www.kpvs.ntpc.edu.tw,(02)29712343,資料處理科:27；多媒體設計科:27；時尚造型科:27；機械科:29,110,110,資優/特色班請依各校及基北區官方公告查詢,私立穀保家商：115學年度課程依各科課程計畫安排，主要科別包括資料處理科、多媒體設計科、時尚造型科、機械科；各科結合專業理論、校訂課程與實習／實作學習。,私立穀保家商：資料處理科、多媒體設計科、時尚造型科、機械科等科別依115學年度課程計畫安排專業實習、實作與專題製作，並透過作品、技能或成果發表整合專業學習。,有學生專車。校方交通頁列有三芝－淡水線，站點包含三芝、淡水、紅樹林、竹圍等，供學生上下學使用。,可搭806至「穀保家商」站；806串聯捷運先嗇宮站、頭前庄站、新埔站與板橋車站。另可搭641至「穀保家商」站，路線連接捷運台北橋站與臺北車站一帶。,私立穀保家商的一般高中部住宿目前沒有公開的校內宿舍申請、床位或收費方案；特定班級、專案或其他部別住宿另行區分。,https://www.google.com/maps/search/?api=1&query=%E6%96%B0%E5%8C%97%E5%B8%82%E4%B8%89%E9%87%8D%E5%8D%80%E4%B8%AD%E6%AD%A3%E5%8C%97%E8%B7%AF560%E5%B7%B738%E8%99%9F,https://www.kpvs.ntpc.edu.tw/p/412-1000-141.php,http://www.kpvs.ntpc.edu.tw,https://www.kpvs.ntpc.edu.tw/p/412-1000-198.php,https://www.kpvs.ntpc.edu.tw/p/412-1000-198.php；https://www.google.com/maps/search/?api=1&query=%E6%96%B0%E5%8C%97%E5%B8%82%E4%B8%89%E9%87%8D%E5%8D%80%E4%B8%AD%E6%AD%A3%E5%8C%97%E8%B7%AF560%E5%B7%B738%E8%99%9F；https://atis.taipei.gov.tw/aspx/businfomation/presentinfo.aspx?ddlName=806&lang=zh-Hant-TW；https://atis.taipei.gov.tw/aspx/businfomation/presentinfo.aspx?ddlName=641&lang=zh-Hant-TW,http://www.kpvs.ntpc.edu.tw,http://www.kpvs.ntpc.edu.tw,https://www.kpvs.ntpc.edu.tw/p/412-1000-141.php；http://www.kpvs.ntpc.edu.tw；https://www.kpvs.ntpc.edu.tw/p/412-1000-198.php；https://www.google.com/maps/search/?api=1&query=%E6%96%B0%E5%8C%97%E5%B8%82%E4%B8%89%E9%87%8D%E5%8D%80%E4%B8%AD%E6%AD%A3%E5%8C%97%E8%B7%AF560%E5%B7%B738%E8%99%9F,2026-09-06
,011324,私立竹林高中,私立,基北區,高中,男女兼收,新北市,中和區,新北市中和區華新街143巷12號,http://www.clsh.ntpc.edu.tw,(02)29422128,普通科:128,128,128,資優/特色班請依各校及基北區官方公告查詢,私立竹林高中115學年度普通科課程以部定必修為基礎，並配置校訂必修、多元選修、自然與社會探究實作及自主學習；內容依該校115學年度課程計畫架構整理。,私立竹林高中的主要實作學習包含自然科與社會領域探究實作、自主學習與學習成果；校訂課程、多元選修或特色班可再延伸為專題研究與成果發表。,私立竹林高中的學生專車目前沒有公開的路線、站點或申請資訊；一般捷運、臺鐵、公車與步行路線另列於「通勤資訊」。,可由捷運中和新蘆線的南勢角、景安或永安市場等站轉乘中和地區公車，再前往竹林路55號校區。,私立竹林高中的一般高中部住宿目前沒有公開的校內宿舍申請、床位或收費方案；特定班級、專案或其他部別住宿另行區分。,https://www.google.com/maps/search/?api=1&query=%E6%96%B0%E5%8C%97%E5%B8%82%E4%B8%AD%E5%92%8C%E5%8D%80%E8%8F%AF%E6%96%B0%E8%A1%97143%E5%B7%B712%E8%99%9F,https://www.clsh.ntpc.edu.tw/p/406-1000-425%2Cr15.php,http://www.clsh.ntpc.edu.tw,https://www.clsh.ntpc.edu.tw/p/412-1000-309.php,https://www.clsh.ntpc.edu.tw/p/412-1000-309.php；https://www.google.com/maps/search/?api=1&query=%E6%96%B0%E5%8C%97%E5%B8%82%E4%B8%AD%E5%92%8C%E5%8D%80%E8%8F%AF%E6%96%B0%E8%A1%97143%E5%B7%B712%E8%99%9F,http://www.clsh.ntpc.edu.tw,http://www.clsh.ntpc.edu.tw,https://www.clsh.ntpc.edu.tw/p/406-1000-425%2Cr15.php；http://www.clsh.ntpc.edu.tw；https://www.clsh.ntpc.edu.tw/p/412-1000-309.php；https://www.google.com/maps/search/?api=1&query=%E6%96%B0%E5%8C%97%E5%B8%82%E4%B8%AD%E5%92%8C%E5%8D%80%E8%8F%AF%E6%96%B0%E8%A1%97143%E5%B7%B712%E8%99%9F,2026-09-06
,011311,私立聖心女中,私立,基北區,高中,女校,新北市,八里區,24931 新北市八里區龍米路一段263號,https://www.shgsh.ntpc.edu.tw/,(02)26182287,普通科(女):40,40,40,資優/特色班請依各校及基北區官方公告查詢,私立聖心女中115學年度普通科課程以部定必修為基礎，並配置校訂必修、多元選修、自然與社會探究實作及自主學習；內容依該校115學年度課程計畫架構整理。,私立聖心女中的主要實作學習包含自然科與社會領域探究實作、自主學習與學習成果；校訂課程、多元選修或特色班可再延伸為專題研究與成果發表。,學校設有學生交通車，依招生／交通車專區公布路線與站點辦理申請；交通車為校方安排的學生運輸，與紅13、紅22、704等一般公車分開呈現。,可由捷運關渡站轉乘紅22或紅13，或由捷運蘆洲站轉乘704，在「聖心女中」站下車；682、878、963等公車亦行經聖心女中站。,校方設住宿專區，115學年度新生資訊亦提供住宿申請；實際床位、費用與生活規範依當年度公告。,https://www.google.com/maps/search/?api=1&query=24931+%E6%96%B0%E5%8C%97%E5%B8%82%E5%85%AB%E9%87%8C%E5%8D%80%E9%BE%8D%E7%B1%B3%E8%B7%AF%E4%B8%80%E6%AE%B5263%E8%99%9F,https://courset.k12ea.gov.tw/courseinformation/indexStu01.asp,https://www.shgsh.ntpc.edu.tw/,https://www.shgsh.ntpc.edu.tw/nss/s/main/admissions04,https://www.shgsh.ntpc.edu.tw/nss/s/main/admissions04；https://www.google.com/maps/search/?api=1&query=24931+%E6%96%B0%E5%8C%97%E5%B8%82%E5%85%AB%E9%87%8C%E5%8D%80%E9%BE%8D%E7%B1%B3%E8%B7%AF%E4%B8%80%E6%AE%B5263%E8%99%9F；https://www.shgsh.ntpc.edu.tw/nss/s/main/recruit,https://www.shgsh.ntpc.edu.tw/nss/s/main/dorm,https://www.shgsh.ntpc.edu.tw/,https://courset.k12ea.gov.tw/courseinformation/indexStu01.asp；https://www.shgsh.ntpc.edu.tw/；https://www.shgsh.ntpc.edu.tw/nss/s/main/admissions04；https://www.google.com/maps/search/?api=1&query=24931+%E6%96%B0%E5%8C%97%E5%B8%82%E5%85%AB%E9%87%8C%E5%8D%80%E9%BE%8D%E7%B1%B3%E8%B7%AF%E4%B8%80%E6%AE%B5263%E8%99%9F；https://www.shgsh.ntpc.edu.tw/nss/s/main/recruit；https://www.shgsh.ntpc.edu.tw/nss/s/main/dorm,2026-09-06
,011426,私立能仁家商,私立,基北區,高職,男女兼收,新北市,新店區,新北市新店區文中路53巷10號,http://www.nrvs.ntpc.edu.tw,(02)29182399,資料處理科:18；廣告設計科:13；多媒體設計科:27；幼兒保育科:13；美容科:19；流行服飾科:27；餐飲管理科:18；表演藝術科:27；美容科:180；觀光事業科:45,387,387,資優/特色班請依各校及基北區官方公告查詢,私立能仁家商：115學年度課程依各科課程計畫安排，主要科別包括資料處理科、廣告設計科、多媒體設計科、幼兒保育科、美容科、流行服飾科、餐飲管理科、表演藝術科、觀光事業科；各科結合專業理論、校訂課程與實習／實作學習。,私立能仁家商：資料處理科、廣告設計科、多媒體設計科、幼兒保育科、美容科、流行服飾科、餐飲管理科、表演藝術科、觀光事業科等科別依115學年度課程計畫安排專業實習、實作與專題製作，並透過作品、技能或成果發表整合專業學習。,私立能仁家商的學生專車目前沒有公開的路線、站點或申請資訊；一般捷運、臺鐵、公車與步行路線另列於「通勤資訊」。,由捷運新店站步行約5分鐘可達；亦可在新店站／文山國中站搭642、644、650、647、綠3、綠5、綠13等路線到校周邊。,私立能仁家商的一般高中部住宿目前沒有公開的校內宿舍申請、床位或收費方案；特定班級、專案或其他部別住宿另行區分。,https://www.google.com/maps/search/?api=1&query=%E6%96%B0%E5%8C%97%E5%B8%82%E6%96%B0%E5%BA%97%E5%8D%80%E6%96%87%E4%B8%AD%E8%B7%AF53%E5%B7%B710%E8%99%9F,https://courset.k12ea.gov.tw/courseinformation/indextea01.asp,http://www.nrvs.ntpc.edu.tw,https://iplay.sports.gov.tw/gyminfo/index/23326,https://iplay.sports.gov.tw/gyminfo/index/23326；https://www.google.com/maps/search/?api=1&query=%E6%96%B0%E5%8C%97%E5%B8%82%E6%96%B0%E5%BA%97%E5%8D%80%E6%96%87%E4%B8%AD%E8%B7%AF53%E5%B7%B710%E8%99%9F,http://www.nrvs.ntpc.edu.tw,http://www.nrvs.ntpc.edu.tw,https://courset.k12ea.gov.tw/courseinformation/indextea01.asp；http://www.nrvs.ntpc.edu.tw；https://iplay.sports.gov.tw/gyminfo/index/23326；https://www.google.com/maps/search/?api=1&query=%E6%96%B0%E5%8C%97%E5%B8%82%E6%96%B0%E5%BA%97%E5%8D%80%E6%96%87%E4%B8%AD%E8%B7%AF53%E5%B7%B710%E8%99%9F,2026-09-06
,011431,私立莊敬工家,私立,基北區,高職,男女兼收,新北市,新店區,新北市新店區民生路45號,http://www.jjvs.ntpc.edu.tw,(02)22188956,幼兒保育科:7；美容科:28；流行服飾科:7；餐飲管理科:57；音樂科:2；電影電視科:7；表演藝術科:97；多媒體動畫科:7；餐飲管理科:18；輪機科:36；航海科:18；餐飲管理科:15,299,299,資優/特色班請依各校及基北區官方公告查詢,私立莊敬工家：115學年度課程依各科課程計畫安排，主要科別包括幼兒保育科、美容科、流行服飾科、餐飲管理科、音樂科、電影電視科、表演藝術科、多媒體動畫科、輪機科、航海科；各科結合專業理論、校訂課程與實習／實作學習。,私立莊敬工家：幼兒保育科、美容科、流行服飾科、餐飲管理科、音樂科、電影電視科、表演藝術科、多媒體動畫科、輪機科、航海科等科別依115學年度課程計畫安排專業實習、實作與專題製作，並透過作品、技能或成果發表整合專業學習。,私立莊敬工家的學生專車目前沒有公開的路線、站點或申請資訊；一般捷運、臺鐵、公車與步行路線另列於「通勤資訊」。,校方公開資料列新店校區可由捷運大坪林站1號出口步行約15分鐘，或由環狀線十四張站步行約6分鐘；住宿交通頁另列合樂宿舍報到交通資訊。,校方「學生住宿交通資訊及寢具參考表」載明115學年住宿生報到、合樂宿舍交通、住宿保證金與收費標準等資料；可確認校方有住宿安排，入住與費用依115學年度宿輔公告辦理。,https://www.google.com/maps/search/?api=1&query=%E6%96%B0%E5%8C%97%E5%B8%82%E6%96%B0%E5%BA%97%E5%8D%80%E6%B0%91%E7%94%9F%E8%B7%AF45%E8%99%9F,https://www.jjvs.ntpc.edu.tw/data.php?id=136&tpl=6,https://www.jjvs.ntpc.edu.tw/data.php?id=24&tpl=7,https://www.jjvs.ntpc.edu.tw/data.php?id=6531&tpl=5,https://www.jjvs.ntpc.edu.tw/data.php?id=6531&tpl=5；https://www.google.com/maps/search/?api=1&query=%E6%96%B0%E5%8C%97%E5%B8%82%E6%96%B0%E5%BA%97%E5%8D%80%E6%B0%91%E7%94%9F%E8%B7%AF45%E8%99%9F,https://www.jjvs.ntpc.edu.tw/data.php?id=6531&tpl=5,http://www.jjvs.ntpc.edu.tw,https://www.jjvs.ntpc.edu.tw/data.php?id=136&tpl=6；https://www.jjvs.ntpc.edu.tw/data.php?id=24&tpl=7；https://www.jjvs.ntpc.edu.tw/data.php?id=6531&tpl=5；https://www.google.com/maps/search/?api=1&query=%E6%96%B0%E5%8C%97%E5%B8%82%E6%96%B0%E5%BA%97%E5%8D%80%E6%B0%91%E7%94%9F%E8%B7%AF45%E8%99%9F；http://www.jjvs.ntpc.edu.tw,2026-09-06
,011427,私立豫章工商,私立,基北區,高職,男女兼收,新北市,板橋區,新北市板橋區四川路一段391號,http://www.ycvs.ntpc.edu.tw,(02)29519810,資訊科:27；電機科:54；流通管理科:27；多媒體設計科:27；餐飲管理科:81；汽車科:7；資訊科:7；資料處理科:7；園藝科:2,239,239,資優/特色班請依各校及基北區官方公告查詢,私立豫章工商：115學年度課程依各科課程計畫安排，主要科別包括資訊科、電機科、流通管理科、多媒體設計科、餐飲管理科、汽車科、資料處理科、園藝科；各科結合專業理論、校訂課程與實習／實作學習。,私立豫章工商：資訊科、電機科、流通管理科、多媒體設計科、餐飲管理科、汽車科、資料處理科、園藝科等科別依115學年度課程計畫安排專業實習、實作與專題製作，並透過作品、技能或成果發表整合專業學習。,私立豫章工商的學生專車目前沒有公開的路線、站點或申請資訊；一般捷運、臺鐵、公車與步行路線另列於「通勤資訊」。,「豫章工商」站有234、57、656、705、806、810等公車，可由板橋、府中及周邊捷運／公車節點轉乘後在豫章工商站下車。,私立豫章工商的一般高中部住宿目前沒有公開的校內宿舍申請、床位或收費方案；特定班級、專案或其他部別住宿另行區分。,https://www.google.com/maps/search/?api=1&query=%E6%96%B0%E5%8C%97%E5%B8%82%E6%9D%BF%E6%A9%8B%E5%8D%80%E5%9B%9B%E5%B7%9D%E8%B7%AF%E4%B8%80%E6%AE%B5391%E8%99%9F,https://www.ycvs.ntpc.edu.tw/var/file/0/1000/img/43/190288811.pdf,http://www.ycvs.ntpc.edu.tw,https://ebus.gov.taipei/Stop/RoutesOfStop?Stopid=2206302060,https://ebus.gov.taipei/Stop/RoutesOfStop?Stopid=2206302060；https://www.google.com/maps/search/?api=1&query=%E6%96%B0%E5%8C%97%E5%B8%82%E6%9D%BF%E6%A9%8B%E5%8D%80%E5%9B%9B%E5%B7%9D%E8%B7%AF%E4%B8%80%E6%AE%B5391%E8%99%9F,http://www.ycvs.ntpc.edu.tw,http://www.ycvs.ntpc.edu.tw,https://www.ycvs.ntpc.edu.tw/var/file/0/1000/img/43/190288811.pdf；http://www.ycvs.ntpc.edu.tw；https://ebus.gov.taipei/Stop/RoutesOfStop?Stopid=2206302060；https://www.google.com/maps/search/?api=1&query=%E6%96%B0%E5%8C%97%E5%B8%82%E6%9D%BF%E6%A9%8B%E5%8D%80%E5%9B%9B%E5%B7%9D%E8%B7%AF%E4%B8%80%E6%AE%B5391%E8%99%9F,2026-09-06
,011317,私立醒吾高中,私立,基北區,高職,男女兼收,新北市,林口區,新北市林口區粉寮路一段75巷80號,http://www.swsh.ntpc.edu.tw,(02)26012644,幼兒保育科:20；照顧服務科:34；時尚造型科:20；觀光事業科:20,94,94,資優/特色班請依各校及基北區官方公告查詢,私立醒吾高中：115學年度課程依各科課程計畫安排，主要科別包括幼兒保育科、照顧服務科、時尚造型科、觀光事業科；各科結合專業理論、校訂課程與實習／實作學習。,私立醒吾高中：幼兒保育科、照顧服務科、時尚造型科、觀光事業科等科別依115學年度課程計畫安排專業實習、實作與專題製作，並透過作品、技能或成果發表整合專業學習。,私立醒吾高中的學生專車目前沒有公開的路線、站點或申請資訊；一般捷運、臺鐵、公車與步行路線另列於「通勤資訊」。,可搭858等公車至「醒吾科技大學」站，再步行前往校區；858可銜接林口、泰山、捷運泰山貴和站、丹鳳站與輔大站等節點。,私立醒吾高中的一般高中部住宿目前沒有公開的校內宿舍申請、床位或收費方案；特定班級、專案或其他部別住宿另行區分。,https://www.google.com/maps/search/?api=1&query=%E6%96%B0%E5%8C%97%E5%B8%82%E6%9E%97%E5%8F%A3%E5%8D%80%E7%B2%89%E5%AF%AE%E8%B7%AF%E4%B8%80%E6%AE%B575%E5%B7%B780%E8%99%9F,https://www.swsh.ntpc.edu.tw/ezfiles/0/1000/img/12/390158559.pdf,http://www.swsh.ntpc.edu.tw,https://atis.taipei.gov.tw/aspx/businfomation/presentinfo.aspx?ddlName=858&lang=zh-Hant-TW,https://atis.taipei.gov.tw/aspx/businfomation/presentinfo.aspx?ddlName=858&lang=zh-Hant-TW；https://www.google.com/maps/search/?api=1&query=%E6%96%B0%E5%8C%97%E5%B8%82%E6%9E%97%E5%8F%A3%E5%8D%80%E7%B2%89%E5%AF%AE%E8%B7%AF%E4%B8%80%E6%AE%B575%E5%B7%B780%E8%99%9F,http://www.swsh.ntpc.edu.tw,http://www.swsh.ntpc.edu.tw,https://www.swsh.ntpc.edu.tw/ezfiles/0/1000/img/12/390158559.pdf；http://www.swsh.ntpc.edu.tw；https://atis.taipei.gov.tw/aspx/businfomation/presentinfo.aspx?ddlName=858&lang=zh-Hant-TW；https://www.google.com/maps/search/?api=1&query=%E6%96%B0%E5%8C%97%E5%B8%82%E6%9E%97%E5%8F%A3%E5%8D%80%E7%B2%89%E5%AF%AE%E8%B7%AF%E4%B8%80%E6%AE%B575%E5%B7%B780%E8%99%9F,2026-09-06
,011306,私立金陵女中,私立,基北區,高中,女校,新北市,三重區,新北市三重區重新路五段656號,http://www.glghs.ntpc.edu.tw,(02)29956776,普通科(女):86,86,86,資優/特色班請依各校及基北區官方公告查詢,私立金陵女中115學年度普通科課程以部定必修為基礎，並配置校訂必修、多元選修、自然與社會探究實作及自主學習；內容依該校115學年度課程計畫架構整理。,私立金陵女中的主要實作學習包含自然科與社會領域探究實作、自主學習與學習成果；校訂課程、多元選修或特色班可再延伸為專題研究與成果發表。,有交通車；115學年度第1學期校方交通車路線包括蘆洲、五股泰山新莊、樹林新莊、土城板橋、林口、三重等方向，並有放學交通車班次；115-1交通車資料列有站點與時刻。,可搭公車235、257、616、801或806至「金陵女中」站下車；捷運環狀線幸福站可作為轉乘節點，再銜接重新路五段方向公車到校。,私立金陵女中的一般高中部住宿目前沒有公開的校內宿舍申請、床位或收費方案；特定班級、專案或其他部別住宿另行區分。,https://www.google.com/maps/search/?api=1&query=%E6%96%B0%E5%8C%97%E5%B8%82%E4%B8%89%E9%87%8D%E5%8D%80%E9%87%8D%E6%96%B0%E8%B7%AF%E4%BA%94%E6%AE%B5656%E8%99%9F,https://www.glghs.ntpc.edu.tw/p/403-1000-31.php,http://www.glghs.ntpc.edu.tw,https://www.glghs.ntpc.edu.tw/p/412-1000-222.php,https://www.glghs.ntpc.edu.tw/p/412-1000-222.php；https://www.google.com/maps/search/?api=1&query=%E6%96%B0%E5%8C%97%E5%B8%82%E4%B8%89%E9%87%8D%E5%8D%80%E9%87%8D%E6%96%B0%E8%B7%AF%E4%BA%94%E6%AE%B5656%E8%99%9F,http://www.glghs.ntpc.edu.tw,http://www.glghs.ntpc.edu.tw,https://www.glghs.ntpc.edu.tw/p/403-1000-31.php；http://www.glghs.ntpc.edu.tw；https://www.glghs.ntpc.edu.tw/p/412-1000-222.php；https://www.google.com/maps/search/?api=1&query=%E6%96%B0%E5%8C%97%E5%B8%82%E4%B8%89%E9%87%8D%E5%8D%80%E9%87%8D%E6%96%B0%E8%B7%AF%E4%BA%94%E6%AE%B5656%E8%99%9F,2026-09-06
,011310,財團法人恆毅高中,私立,基北區,高中,男女兼收,新北市,新莊區,新北市新莊區中正路108號,http://www.hchs.ntpc.edu.tw,(02)29923619,普通科:120,120,120,資優/特色班請依各校及基北區官方公告查詢,財團法人恆毅高中115學年度普通科課程以部定必修為基礎，並配置校訂必修、多元選修、自然與社會探究實作及自主學習；內容依該校115學年度課程計畫架構整理。,財團法人恆毅高中的主要實作學習包含自然科與社會領域探究實作、自主學習與學習成果；校訂課程、多元選修或特色班可再延伸為專題研究與成果發表。,有學生專車；校方提供115學年度學生專車系統與路線資料，校方按學年度公布專車站點及班次。,捷運新莊站1號出口向左步行約150公尺即可到校；公車235可在新莊站下車，99、299可在新泰路口下車後步行前往。,財團法人恆毅高中的一般高中部住宿目前沒有公開的校內宿舍申請、床位或收費方案；特定班級、專案或其他部別住宿另行區分。,https://www.google.com/maps/search/?api=1&query=%E6%96%B0%E5%8C%97%E5%B8%82%E6%96%B0%E8%8E%8A%E5%8D%80%E4%B8%AD%E6%AD%A3%E8%B7%AF108%E8%99%9F,https://www.hchs.ntpc.edu.tw/p/412-1000-873.php,http://www.hchs.ntpc.edu.tw,https://sun.hchs.ntpc.edu.tw/record/hchsbus/,https://sun.hchs.ntpc.edu.tw/record/hchsbus/；https://www.google.com/maps/search/?api=1&query=%E6%96%B0%E5%8C%97%E5%B8%82%E6%96%B0%E8%8E%8A%E5%8D%80%E4%B8%AD%E6%AD%A3%E8%B7%AF108%E8%99%9F；https://www2.hchs.ntpc.edu.tw/p/412-1000-439.php,http://www.hchs.ntpc.edu.tw,http://www.hchs.ntpc.edu.tw,https://www.hchs.ntpc.edu.tw/p/412-1000-873.php；http://www.hchs.ntpc.edu.tw；https://sun.hchs.ntpc.edu.tw/record/hchsbus/；https://www.google.com/maps/search/?api=1&query=%E6%96%B0%E5%8C%97%E5%B8%82%E6%96%B0%E8%8E%8A%E5%8D%80%E4%B8%AD%E6%AD%A3%E8%B7%AF108%E8%99%9F；https://www2.hchs.ntpc.edu.tw/p/412-1000-439.php,2026-09-06
,011329,財團法人辭修高中,私立,基北區,綜高,男女兼收,新北市,三峽區,新北市三峽區溪東路251號,http://www.tsshs.ntpc.edu.tw,(02)86761277,普通科:174；航運管理科:8；食品科:8,190,190,資優/特色班請依各校及基北區官方公告查詢,115學年度課程依校方課程計畫安排，涵蓋普通科、航運管理科、食品科；共同核心之外，依學程與選修方向配置校訂、多元選修及專業課程。,財團法人辭修高中：普通科、航運管理科、食品科等科別依115學年度課程計畫安排專業實習、實作與專題製作，並透過作品、技能或成果發表整合專業學習。,有校車；115學年度第1學期校方公布校車路線，並區分通勤與住宿相關搭乘安排；115-1校車資料列有路線、站點與班次。,搭捷運板南線至頂埔站後轉乘藍45，可直達「辭修高中」站。,財團法人辭修高中的一般高中部住宿目前沒有公開的校內宿舍申請、床位或收費方案；特定班級、專案或其他部別住宿另行區分。,https://www.google.com/maps/search/?api=1&query=%E6%96%B0%E5%8C%97%E5%B8%82%E4%B8%89%E5%B3%BD%E5%8D%80%E6%BA%AA%E6%9D%B1%E8%B7%AF251%E8%99%9F,https://www.tsshs.ntpc.edu.tw/p/403-1000-59-1.php?Lang=zh-tw,http://www.tsshs.ntpc.edu.tw,https://www.tsshs.ntpc.edu.tw/p/406-1000-3353%2Cr13.php?Lang=zh-tw,https://www.tsshs.ntpc.edu.tw/p/406-1000-3353%2Cr13.php?Lang=zh-tw；https://www.google.com/maps/search/?api=1&query=%E6%96%B0%E5%8C%97%E5%B8%82%E4%B8%89%E5%B3%BD%E5%8D%80%E6%BA%AA%E6%9D%B1%E8%B7%AF251%E8%99%9F；https://www.tsshs.ntpc.edu.tw/p/412-1000-168.php?Lang=zh-tw,http://www.tsshs.ntpc.edu.tw,http://www.tsshs.ntpc.edu.tw,https://www.tsshs.ntpc.edu.tw/p/403-1000-59-1.php?Lang=zh-tw；http://www.tsshs.ntpc.edu.tw；https://www.tsshs.ntpc.edu.tw/p/406-1000-3353%2Cr13.php?Lang=zh-tw；https://www.google.com/maps/search/?api=1&query=%E6%96%B0%E5%8C%97%E5%B8%82%E4%B8%89%E5%B3%BD%E5%8D%80%E6%BA%AA%E6%9D%B1%E8%B7%AF251%E8%99%9F；https://www.tsshs.ntpc.edu.tw/p/412-1000-168.php?Lang=zh-tw,2026-09-06
,034306,市立南崁高中,公立,基北區共同就學區,高中,男女兼收,桃園市,蘆竹區,桃園市蘆竹區仁愛路二段1號,https://www.nksh.tyc.edu.tw/ischool/publish_page/0/,(03)3525580,普通科:1；普通科:20,21,21,資優/特色班請依各校及基北區官方公告查詢,市立南崁高中115學年度普通科課程以部定必修為基礎，並配置校訂必修、多元選修、自然與社會探究實作及自主學習；內容依該校115學年度課程計畫架構整理。,市立南崁高中的主要實作學習包含自然科與社會領域探究實作、自主學習與學習成果；校訂課程、多元選修或特色班可再延伸為專題研究與成果發表。,有專車；115學年度校方招生資料明列臺北／大臺北與桃園地區均有學生專車。,另可搭國光、亞通、首都、葛瑪蘭或長榮客運至南崁站，步行約10分鐘到校。,市立南崁高中的一般高中部住宿目前沒有公開的校內宿舍申請、床位或收費方案；特定班級、專案或其他部別住宿另行區分。,https://www.google.com/maps/search/?api=1&query=%E6%A1%83%E5%9C%92%E5%B8%82%E8%98%86%E7%AB%B9%E5%8D%80%E4%BB%81%E6%84%9B%E8%B7%AF%E4%BA%8C%E6%AE%B51%E8%99%9F,https://www.nksh.tyc.edu.tw/home?cid=13102,https://www.nksh.tyc.edu.tw/ischool/publish_page/0/,https://www.nksh.tyc.edu.tw/ischool/wr/file/1/13543/a9d3b03ef11c8d8b94a57830316da057.pdf,https://www.nksh.tyc.edu.tw/ischool/wr/file/1/13543/a9d3b03ef11c8d8b94a57830316da057.pdf；https://www.google.com/maps/search/?api=1&query=%E6%A1%83%E5%9C%92%E5%B8%82%E8%98%86%E7%AB%B9%E5%8D%80%E4%BB%81%E6%84%9B%E8%B7%AF%E4%BA%8C%E6%AE%B51%E8%99%9F,https://www.nksh.tyc.edu.tw/ischool/publish_page/0/,https://www.nksh.tyc.edu.tw/ischool/publish_page/0/,https://www.nksh.tyc.edu.tw/home?cid=13102；https://www.nksh.tyc.edu.tw/ischool/publish_page/0/；https://www.nksh.tyc.edu.tw/ischool/wr/file/1/13543/a9d3b03ef11c8d8b94a57830316da057.pdf；https://www.google.com/maps/search/?api=1&query=%E6%A1%83%E5%9C%92%E5%B8%82%E8%98%86%E7%AB%B9%E5%8D%80%E4%BB%81%E6%84%9B%E8%B7%AF%E4%BA%8C%E6%AE%B51%E8%99%9F,2026-09-06
,034314,市立壽山高中,公立,基北區共同就學區,高職,男女兼收,桃園市,龜山區,桃園市龜山區大同路23號,http://www.sssh.tyc.edu.tw,(03)3501778,國際貿易科:5；應用英語科:5；廣告設計科:3,13,13,資優/特色班請依各校及基北區官方公告查詢,市立壽山高中：115學年度課程依各科課程計畫安排，主要科別包括國際貿易科、應用英語科、廣告設計科；各科結合專業理論、校訂課程與實習／實作學習。,市立壽山高中：國際貿易科、應用英語科、廣告設計科等科別依115學年度課程計畫安排專業實習、實作與專題製作，並透過作品、技能或成果發表整合專業學習。,有學生專車；115學年度校方持續提供學生專車，2026-08-27公告「大有線上學專車」自8月31日起試營運、06:20發車；新生資訊亦設有學校專車承辦窗口。,桃園市公車102C「壽山高中－桃園－景雲新村」可直接銜接壽山高中與桃園市區，作為一般公車通勤路線。,市立壽山高中的一般高中部住宿目前沒有公開的校內宿舍申請、床位或收費方案；特定班級、專案或其他部別住宿另行區分。,https://www.google.com/maps/search/?api=1&query=%E6%A1%83%E5%9C%92%E5%B8%82%E9%BE%9C%E5%B1%B1%E5%8D%80%E5%A4%A7%E5%90%8C%E8%B7%AF23%E8%99%9F,https://www.sssh.tyc.edu.tw/wp-content/uploads/doc/sssh211/113%E5%AD%B8%E5%B9%B4%E5%BA%A6%E8%AA%B2%E7%A8%8B%E8%A8%88%E5%8A%83%E6%9B%B8%28%E5%82%99%E6%9F%A5%E7%89%88_%E5%85%AC%E5%91%8A%E7%94%A8%29-1.pdf,http://www.sssh.tyc.edu.tw,https://www.sssh.tyc.edu.tw/break_news/%E3%80%90%E7%94%9F%E8%BC%94%E7%B5%84%E5%85%AC%E5%91%8A%E3%80%91%E5%A4%A7%E6%9C%89%E7%B7%9A%E3%80%8C%E4%B8%8A%E5%AD%B8%E5%B0%88%E8%BB%8A%E3%80%8D/,https://www.sssh.tyc.edu.tw/break_news/%E3%80%90%E7%94%9F%E8%BC%94%E7%B5%84%E5%85%AC%E5%91%8A%E3%80%91%E5%A4%A7%E6%9C%89%E7%B7%9A%E3%80%8C%E4%B8%8A%E5%AD%B8%E5%B0%88%E8%BB%8A%E3%80%8D/；https://www.google.com/maps/search/?api=1&query=%E6%A1%83%E5%9C%92%E5%B8%82%E9%BE%9C%E5%B1%B1%E5%8D%80%E5%A4%A7%E5%90%8C%E8%B7%AF23%E8%99%9F；https://www.sssh.tyc.edu.tw/,http://www.sssh.tyc.edu.tw,http://www.sssh.tyc.edu.tw,https://www.sssh.tyc.edu.tw/wp-content/uploads/doc/sssh211/113%E5%AD%B8%E5%B9%B4%E5%BA%A6%E8%AA%B2%E7%A8%8B%E8%A8%88%E5%8A%83%E6%9B%B8%28%E5%82%99%E6%9F%A5%E7%89%88_%E5%85%AC%E5%91%8A%E7%94%A8%29-1.pdf；http://www.sssh.tyc.edu.tw；https://www.sssh.tyc.edu.tw/break_news/%E3%80%90%E7%94%9F%E8%BC%94%E7%B5%84%E5%85%AC%E5%91%8A%E3%80%91%E5%A4%A7%E6%9C%89%E7%B7%9A%E3%80%8C%E4%B8%8A%E5%AD%B8%E5%B0%88%E8%BB%8A%E3%80%8D/；https://www.google.com/maps/search/?api=1&query=%E6%A1%83%E5%9C%92%E5%B8%82%E9%BE%9C%E5%B1%B1%E5%8D%80%E5%A4%A7%E5%90%8C%E8%B7%AF23%E8%99%9F；https://www.sssh.tyc.edu.tw/,2026-09-06
,034347,市立永豐高中,公立,基北區共同就學區,綜高,男女兼收,桃園市,八德區,桃園市八德區永豐路609號,http://www.yfms.tyc.edu.tw,(03)3692679,應用英語科:5；廣告設計科:3；普通科:1,9,9,資優/特色班請依各校及基北區官方公告查詢,115學年度課程依校方課程計畫安排，涵蓋應用英語科、廣告設計科、普通科；共同核心之外，依學程與選修方向配置校訂、多元選修及專業課程。,市立永豐高中：應用英語科、廣告設計科、普通科等科別依115學年度課程計畫安排專業實習、實作與專題製作，並透過作品、技能或成果發表整合專業學習。,有學生交通車；校方交通車專區提供桃園客運學生交通車路線，路線涵蓋龍潭、平鎮、大湳、八德、桃園、中壢等方向；實際當期路線依校方交通車專區公告。,一般公車可利用永豐路、廣福路及大湳方向的桃園市區公車到校；由桃園或中壢方向可先到八德／大湳轉乘，再前往永豐路609號。,市立永豐高中的一般高中部住宿目前沒有公開的校內宿舍申請、床位或收費方案；特定班級、專案或其他部別住宿另行區分。,https://www.google.com/maps/search/?api=1&query=%E6%A1%83%E5%9C%92%E5%B8%82%E5%85%AB%E5%BE%B7%E5%8D%80%E6%B0%B8%E8%B1%90%E8%B7%AF609%E8%99%9F,https://www.yfms.tyc.edu.tw/uploads/1632813263303noEcFsGl.pdf,http://www.yfms.tyc.edu.tw,https://www.yfms.tyc.edu.tw/nss/p/chk5,https://www.yfms.tyc.edu.tw/nss/p/chk5；https://www.google.com/maps/search/?api=1&query=%E6%A1%83%E5%9C%92%E5%B8%82%E5%85%AB%E5%BE%B7%E5%8D%80%E6%B0%B8%E8%B1%90%E8%B7%AF609%E8%99%9F,http://www.yfms.tyc.edu.tw,http://www.yfms.tyc.edu.tw,https://www.yfms.tyc.edu.tw/uploads/1632813263303noEcFsGl.pdf；http://www.yfms.tyc.edu.tw；https://www.yfms.tyc.edu.tw/nss/p/chk5；https://www.google.com/maps/search/?api=1&query=%E6%A1%83%E5%9C%92%E5%B8%82%E5%85%AB%E5%BE%B7%E5%8D%80%E6%B0%B8%E8%B1%90%E8%B7%AF609%E8%99%9F,2026-09-06
,031414,桃園市世紀綠能工商,私立,基北區共同就學區,高職,男女兼收,桃園市,龜山區,桃園市龜山區明德路162巷100號,https://web.cgehs.tyc.edu.tw/,(03)3294187,機械科:3；汽車科:3；資訊科:3；幼兒保育科:3；餐飲管理科:3,15,15,資優/特色班請依各校及基北區官方公告查詢,桃園市世紀綠能工商：115學年度課程依各科課程計畫安排，主要科別包括機械科、汽車科、資訊科、幼兒保育科、餐飲管理科；各科結合專業理論、校訂課程與實習／實作學習。,桃園市世紀綠能工商：機械科、汽車科、資訊科、幼兒保育科、餐飲管理科等科別依115學年度課程計畫安排專業實習、實作與專題製作，並透過作品、技能或成果發表整合專業學習。,有校車；校方校車路線專區列有林口一線、林口二線、三峽線及新樹迴線等，包含A9林口站、A7體育大學站、林口、三峽、鶯歌、樹林等站點。,機場捷運可利用A9林口站或A7體育大學站作為轉乘節點，再銜接龜山明德路方向的大眾運輸前往校區。,桃園市世紀綠能工商的一般高中部住宿目前沒有公開的校內宿舍申請、床位或收費方案；特定班級、專案或其他部別住宿另行區分。,https://www.google.com/maps/search/?api=1&query=%E6%A1%83%E5%9C%92%E5%B8%82%E9%BE%9C%E5%B1%B1%E5%8D%80%E6%98%8E%E5%BE%B7%E8%B7%AF162%E5%B7%B7100%E8%99%9F,https://web.cgehs.tyc.edu.tw/page/academic_affairs,https://web.cgehs.tyc.edu.tw/,https://sites.google.com/cgehs.tyc.edu.tw/schoolbus,https://sites.google.com/cgehs.tyc.edu.tw/schoolbus；https://www.google.com/maps/search/?api=1&query=%E6%A1%83%E5%9C%92%E5%B8%82%E9%BE%9C%E5%B1%B1%E5%8D%80%E6%98%8E%E5%BE%B7%E8%B7%AF162%E5%B7%B7100%E8%99%9F,https://web.cgehs.tyc.edu.tw/,https://web.cgehs.tyc.edu.tw/,https://web.cgehs.tyc.edu.tw/page/academic_affairs；https://web.cgehs.tyc.edu.tw/；https://sites.google.com/cgehs.tyc.edu.tw/schoolbus；https://www.google.com/maps/search/?api=1&query=%E6%A1%83%E5%9C%92%E5%B8%82%E9%BE%9C%E5%B1%B1%E5%8D%80%E6%98%8E%E5%BE%B7%E8%B7%AF162%E5%B7%B7100%E8%99%9F,2026-09-06
,031317,私立光啟高中,私立,基北區共同就學區,綜高,男女兼收,桃園市,龜山區,桃園市龜山區自由街40號,http://www.phsh.tyc.edu.tw,(02)82098313,普通科:10；機械科:11；汽車科:11；電機科:11；照顧服務科:11；餐飲管理科:11,65,65,資優/特色班請依各校及基北區官方公告查詢,115學年度課程依校方課程計畫安排，涵蓋普通科、機械科、汽車科、電機科、照顧服務科、餐飲管理科；共同核心之外，依學程與選修方向配置校訂、多元選修及專業課程。,私立光啟高中：普通科、機械科、汽車科、電機科、照顧服務科、餐飲管理科等科別依115學年度課程計畫安排專業實習、實作與專題製作，並透過作品、技能或成果發表整合專業學習。,私立光啟高中的學生專車目前沒有公開的路線、站點或申請資訊；一般捷運、臺鐵、公車與步行路線另列於「通勤資訊」。,可搭捷運至迴龍站後步行約10分鐘；公車可搭635、636、615、602、810、藍37、601等至龍華科技大學／迴龍周邊站點再步行到校。,私立光啟高中的一般高中部住宿目前沒有公開的校內宿舍申請、床位或收費方案；特定班級、專案或其他部別住宿另行區分。,https://www.google.com/maps/search/?api=1&query=%E6%A1%83%E5%9C%92%E5%B8%82%E9%BE%9C%E5%B1%B1%E5%8D%80%E8%87%AA%E7%94%B1%E8%A1%9740%E8%99%9F,https://courset.k12ea.gov.tw/courseinformation/indextea01.asp,http://www.phsh.tyc.edu.tw,https://www.pljhs.ntpc.edu.tw/app/index.php?Action=downloadfile&file=WVhSMFlXTm9MemMwTDNCMFlWODROamhmTXpVME1qZzBNMTgxTXpBeE9DNXdaR1k9&fname=WW54RPOKRKKK41YXDGLK54MKZSMOWTJGFGB0YSLKCCUXCC40USRO01UWWW54USOKWWTSDH05A40454TXYWOKTSWWDGB0MKLKIH35DCA0LKB0VSQKFHPOYWFCNOXWLLZXTSLKQKTXKKZWWT14STEGNKKK2135A5A4,https://www.pljhs.ntpc.edu.tw/app/index.php?Action=downloadfile&file=WVhSMFlXTm9MemMwTDNCMFlWODROamhmTXpVME1qZzBNMTgxTXpBeE9DNXdaR1k9&fname=WW54RPOKRKKK41YXDGLK54MKZSMOWTJGFGB0YSLKCCUXCC40USRO01UWWW54USOKWWTSDH05A40454TXYWOKTSWWDGB0MKLKIH35DCA0LKB0VSQKFHPOYWFCNOXWLLZXTSLKQKTXKKZWWT14STEGNKKK2135A5A4；https://www.google.com/maps/search/?api=1&query=%E6%A1%83%E5%9C%92%E5%B8%82%E9%BE%9C%E5%B1%B1%E5%8D%80%E8%87%AA%E7%94%B1%E8%A1%9740%E8%99%9F,http://www.phsh.tyc.edu.tw,http://www.phsh.tyc.edu.tw,https://courset.k12ea.gov.tw/courseinformation/indextea01.asp；http://www.phsh.tyc.edu.tw；https://www.pljhs.ntpc.edu.tw/app/index.php?Action=downloadfile&file=WVhSMFlXTm9MemMwTDNCMFlWODROamhmTXpVME1qZzBNMTgxTXpBeE9DNXdaR1k9&fname=WW54RPOKRKKK41YXDGLK54MKZSMOWTJGFGB0YSLKCCUXCC40USRO01UWWW54USOKWWTSDH05A40454TXYWOKTSWWDGB0MKLKIH35DCA0LKB0VSQKFHPOYWFCNOXWLLZXTSLKQKTXKKZWWT14STEGNKKK2135A5A4；https://www.google.com/maps/search/?api=1&query=%E6%A1%83%E5%9C%92%E5%B8%82%E9%BE%9C%E5%B1%B1%E5%8D%80%E8%87%AA%E7%94%B1%E8%A1%9740%E8%99%9F,2026-09-06
,330301,國立師大附中,公立,基北區,高中,男女兼收,臺北市,大安區,臺北市大安區和安里信義路三段143號,https://www.hs.ntnu.edu.tw/,(02)27075215,普通科(男):463；普通科(女):198,661,661,資優/特色班請依各校及基北區官方公告查詢,國立師大附中115學年度普通科課程以部定必修為基礎，並配置校訂必修、多元選修、自然與社會探究實作及自主學習；內容依該校115學年度課程計畫架構整理。,國立師大附中的主要實作學習包含自然科與社會領域探究實作、自主學習與學習成果；校訂課程、多元選修或特色班可再延伸為專題研究與成果發表。,國立師大附中的學生專車目前沒有公開的路線、站點或申請資訊；一般捷運、臺鐵、公車與步行路線另列於「通勤資訊」。,捷運文湖線或淡水信義線至「大安站」，由1、2號出口前往師大附中；公車可於「師大附中」站下車，包含0東、20、22、88、204、信義幹線、758等路線。,國立師大附中的一般高中部住宿目前沒有公開的校內宿舍申請、床位或收費方案；特定班級、專案或其他部別住宿另行區分。,https://www.google.com/maps/search/?api=1&query=%E8%87%BA%E5%8C%97%E5%B8%82%E5%A4%A7%E5%AE%89%E5%8D%80%E5%92%8C%E5%AE%89%E9%87%8C%E4%BF%A1%E7%BE%A9%E8%B7%AF%E4%B8%89%E6%AE%B5143%E8%99%9F,https://courset.k12ea.gov.tw/courseinformation/indextea01.asp,https://www.hs.ntnu.edu.tw/,https://www.hs.ntnu.edu.tw/,https://www.hs.ntnu.edu.tw/；https://www.google.com/maps/search/?api=1&query=%E8%87%BA%E5%8C%97%E5%B8%82%E5%A4%A7%E5%AE%89%E5%8D%80%E5%92%8C%E5%AE%89%E9%87%8C%E4%BF%A1%E7%BE%A9%E8%B7%AF%E4%B8%89%E6%AE%B5143%E8%99%9F,https://www.hs.ntnu.edu.tw/,https://www.hs.ntnu.edu.tw/,https://courset.k12ea.gov.tw/courseinformation/indextea01.asp；https://www.hs.ntnu.edu.tw/；https://www.google.com/maps/search/?api=1&query=%E8%87%BA%E5%8C%97%E5%B8%82%E5%A4%A7%E5%AE%89%E5%8D%80%E5%92%8C%E5%AE%89%E9%87%8C%E4%BF%A1%E7%BE%A9%E8%B7%AF%E4%B8%89%E6%AE%B5143%E8%99%9F,2026-09-06
,380301,國立政大附中,公立,基北區,高中,男女兼收,臺北市,文山區,臺北市文山區政大里政大一街353號,https://www.ahs.nccu.edu.tw/home,(02)82377500,普通科:163,163,163,資優/特色班請依各校及基北區官方公告查詢,國立政大附中115學年度普通科課程以部定必修為基礎，並配置校訂必修、多元選修、自然與社會探究實作及自主學習；內容依該校115學年度課程計畫架構整理。,國立政大附中的主要實作學習包含自然科與社會領域探究實作、自主學習與學習成果；校訂課程、多元選修或特色班可再延伸為專題研究與成果發表。,有專車；校方交通資料列有上學交通車「板橋線」，停靠中英醫院、新埔站2號出口、景安站、復興建國、考試院、文山一分局、萬壽橋頭、萬興國小後抵達政大附中。,可搭棕5、棕11、棕11副或棕18至「政大附中」站；530及上述路線也可在綠野山莊站下車後步行約4分鐘到校。,國立政大附中的一般高中部住宿目前沒有公開的校內宿舍申請、床位或收費方案；特定班級、專案或其他部別住宿另行區分。,https://www.google.com/maps/search/?api=1&query=%E8%87%BA%E5%8C%97%E5%B8%82%E6%96%87%E5%B1%B1%E5%8D%80%E6%94%BF%E5%A4%A7%E9%87%8C%E6%94%BF%E5%A4%A7%E4%B8%80%E8%A1%97353%E8%99%9F,https://courset.k12ea.gov.tw/courseinformation/indextea01.asp,https://www.ahs.nccu.edu.tw/home,https://www.ahs.nccu.edu.tw/resource/openfid.php?id=10348,https://www.ahs.nccu.edu.tw/resource/openfid.php?id=10348；https://www.google.com/maps/search/?api=1&query=%E8%87%BA%E5%8C%97%E5%B8%82%E6%96%87%E5%B1%B1%E5%8D%80%E6%94%BF%E5%A4%A7%E9%87%8C%E6%94%BF%E5%A4%A7%E4%B8%80%E8%A1%97353%E8%99%9F,https://www.ahs.nccu.edu.tw/home,https://www.ahs.nccu.edu.tw/home,https://courset.k12ea.gov.tw/courseinformation/indextea01.asp；https://www.ahs.nccu.edu.tw/home；https://www.ahs.nccu.edu.tw/resource/openfid.php?id=10348；https://www.google.com/maps/search/?api=1&query=%E8%87%BA%E5%8C%97%E5%B8%82%E6%96%87%E5%B1%B1%E5%8D%80%E6%94%BF%E5%A4%A7%E9%87%8C%E6%94%BF%E5%A4%A7%E4%B8%80%E8%A1%97353%E8%99%9F,2026-09-06
,343301,市立中山女中,公立,基北區,高中,女校,臺北市,中山區,臺北市中山區力行里長安東路2段141號,http://www.csghs.tp.edu.tw,(02)25073148,普通科(女):709,709,709,資優/特色班請依各校及基北區官方公告查詢,市立中山女中115學年度普通科課程以部定必修為基礎，並配置校訂必修、多元選修、自然與社會探究實作及自主學習；內容依該校115學年度課程計畫架構整理。,市立中山女中的主要實作學習包含自然科與社會領域探究實作、自主學習與學習成果；校訂課程、多元選修或特色班可再延伸為專題研究與成果發表。,市立中山女中的學生專車目前沒有公開的路線、站點或申請資訊；一般捷運、臺鐵、公車與步行路線另列於「通勤資訊」。,公車可直接於「中山女高」站下車，紅57等路線停靠；由捷運松江南京站或忠孝新生站轉乘市區公車前往。,市立中山女中的一般高中部住宿目前沒有公開的校內宿舍申請、床位或收費方案；特定班級、專案或其他部別住宿另行區分。,https://www.google.com/maps/search/?api=1&query=%E8%87%BA%E5%8C%97%E5%B8%82%E4%B8%AD%E5%B1%B1%E5%8D%80%E5%8A%9B%E8%A1%8C%E9%87%8C%E9%95%B7%E5%AE%89%E6%9D%B1%E8%B7%AF2%E6%AE%B5141%E8%99%9F,https://courset.k12ea.gov.tw/courseinformation/indextea01.asp,http://www.csghs.tp.edu.tw,https://ebus.gov.taipei/,https://ebus.gov.taipei/；https://www.google.com/maps/search/?api=1&query=%E8%87%BA%E5%8C%97%E5%B8%82%E4%B8%AD%E5%B1%B1%E5%8D%80%E5%8A%9B%E8%A1%8C%E9%87%8C%E9%95%B7%E5%AE%89%E6%9D%B1%E8%B7%AF2%E6%AE%B5141%E8%99%9F,http://www.csghs.tp.edu.tw,http://www.csghs.tp.edu.tw,https://courset.k12ea.gov.tw/courseinformation/indextea01.asp；http://www.csghs.tp.edu.tw；https://ebus.gov.taipei/；https://www.google.com/maps/search/?api=1&query=%E8%87%BA%E5%8C%97%E5%B8%82%E4%B8%AD%E5%B1%B1%E5%8D%80%E5%8A%9B%E8%A1%8C%E9%87%8C%E9%95%B7%E5%AE%89%E6%9D%B1%E8%B7%AF2%E6%AE%B5141%E8%99%9F,2026-09-06
,313302,市立中崙高中,公立,基北區,高中,男女兼收,臺北市,松山區,臺北市松山區吉祥里八德路四段101號,http://www.zlsh.tp.edu.tw/,(02)27535316,普通科:259,259,259,資優/特色班請依各校及基北區官方公告查詢,市立中崙高中115學年度普通科課程以部定必修為基礎，並配置校訂必修、多元選修、自然與社會探究實作及自主學習；內容依該校115學年度課程計畫架構整理。,市立中崙高中的主要實作學習包含自然科與社會領域探究實作、自主學習與學習成果；校訂課程、多元選修或特色班可再延伸為專題研究與成果發表。,市立中崙高中的學生專車目前沒有公開的路線、站點或申請資訊；一般捷運、臺鐵、公車與步行路線另列於「通勤資訊」。,可由捷運松山新店線「台北小巨蛋站」往八德路、光復北路方向步行前往；南京三民路口、榮民服務處等周邊站牌亦有多線公車可轉乘。,市立中崙高中的一般高中部住宿目前沒有公開的校內宿舍申請、床位或收費方案；特定班級、專案或其他部別住宿另行區分。,https://www.google.com/maps/search/?api=1&query=%E8%87%BA%E5%8C%97%E5%B8%82%E6%9D%BE%E5%B1%B1%E5%8D%80%E5%90%89%E7%A5%A5%E9%87%8C%E5%85%AB%E5%BE%B7%E8%B7%AF%E5%9B%9B%E6%AE%B5101%E8%99%9F,https://courset.k12ea.gov.tw/courseinformation/indextea01.asp,http://www.zlsh.tp.edu.tw/,https://www.zlsh.tp.edu.tw/,https://www.zlsh.tp.edu.tw/；https://www.google.com/maps/search/?api=1&query=%E8%87%BA%E5%8C%97%E5%B8%82%E6%9D%BE%E5%B1%B1%E5%8D%80%E5%90%89%E7%A5%A5%E9%87%8C%E5%85%AB%E5%BE%B7%E8%B7%AF%E5%9B%9B%E6%AE%B5101%E8%99%9F,http://www.zlsh.tp.edu.tw/,http://www.zlsh.tp.edu.tw/,https://courset.k12ea.gov.tw/courseinformation/indextea01.asp；http://www.zlsh.tp.edu.tw/；https://www.zlsh.tp.edu.tw/；https://www.google.com/maps/search/?api=1&query=%E8%87%BA%E5%8C%97%E5%B8%82%E6%9D%BE%E5%B1%B1%E5%8D%80%E5%90%89%E7%A5%A5%E9%87%8C%E5%85%AB%E5%BE%B7%E8%B7%AF%E5%9B%9B%E6%AE%B5101%E8%99%9F,2026-09-06
,423302,市立中正高中,公立,基北區,高中,男女兼收,臺北市,北投區,臺北市北投區建民里文林北路77號,https://www.ccsh.tp.edu.tw/,(02)28234811,普通科:449,449,449,資優/特色班請依各校及基北區官方公告查詢,市立中正高中115學年度普通科課程以部定必修為基礎，並配置校訂必修、多元選修、自然與社會探究實作及自主學習；內容依該校115學年度課程計畫架構整理。,市立中正高中的主要實作學習包含自然科與社會領域探究實作、自主學習與學習成果；校訂課程、多元選修或特色班可再延伸為專題研究與成果發表。,市立中正高中的學生專車目前沒有公開的路線、站點或申請資訊；一般捷運、臺鐵、公車與步行路線另列於「通勤資訊」。,搭捷運淡水信義線至「明德站」，步行約10分鐘可到中正高中；亦可搭公車至「中正高中」站。,市立中正高中的一般高中部住宿目前沒有公開的校內宿舍申請、床位或收費方案；特定班級、專案或其他部別住宿另行區分。,https://www.google.com/maps/search/?api=1&query=%E8%87%BA%E5%8C%97%E5%B8%82%E5%8C%97%E6%8A%95%E5%8D%80%E5%BB%BA%E6%B0%91%E9%87%8C%E6%96%87%E6%9E%97%E5%8C%97%E8%B7%AF77%E8%99%9F,https://courset.k12ea.gov.tw/courseinformation/indextea01.asp,https://www.ccsh.tp.edu.tw/,https://www.ccsh.tp.edu.tw/news/%E7%AC%AC51%E5%B1%86%E7%95%A2%E6%A5%AD%E5%85%B8%E7%A6%AE%E9%82%80%E8%AB%8B%E5%87%BD%E6%9A%A8%E5%85%B8%E7%A6%AE%E6%B5%81%E7%A8%8B/,https://www.ccsh.tp.edu.tw/news/%E7%AC%AC51%E5%B1%86%E7%95%A2%E6%A5%AD%E5%85%B8%E7%A6%AE%E9%82%80%E8%AB%8B%E5%87%BD%E6%9A%A8%E5%85%B8%E7%A6%AE%E6%B5%81%E7%A8%8B/；https://www.google.com/maps/search/?api=1&query=%E8%87%BA%E5%8C%97%E5%B8%82%E5%8C%97%E6%8A%95%E5%8D%80%E5%BB%BA%E6%B0%91%E9%87%8C%E6%96%87%E6%9E%97%E5%8C%97%E8%B7%AF77%E8%99%9F,https://www.ccsh.tp.edu.tw/,https://www.ccsh.tp.edu.tw/,https://courset.k12ea.gov.tw/courseinformation/indextea01.asp；https://www.ccsh.tp.edu.tw/；https://www.ccsh.tp.edu.tw/news/%E7%AC%AC51%E5%B1%86%E7%95%A2%E6%A5%AD%E5%85%B8%E7%A6%AE%E9%82%80%E8%AB%8B%E5%87%BD%E6%9A%A8%E5%85%B8%E7%A6%AE%E6%B5%81%E7%A8%8B/；https://www.google.com/maps/search/?api=1&query=%E8%87%BA%E5%8C%97%E5%B8%82%E5%8C%97%E6%8A%95%E5%8D%80%E5%BB%BA%E6%B0%91%E9%87%8C%E6%96%87%E6%9E%97%E5%8C%97%E8%B7%AF77%E8%99%9F,2026-09-06
,403301,市立內湖高中,公立,基北區,高中,男女兼收,臺北市,內湖區,臺北市內湖區紫陽里文德路218號,http://www.nhsh.tp.edu.tw,(02)27977035,男(5):6；女(6):5,11,11,資優/特色班請依各校及基北區官方公告查詢,市立內湖高中115學年度普通高中課程以部定必修為基礎，並安排校訂必修、多元選修、自然與社會探究實作、自主學習及彈性學習；課程內容依該校115學年度課程計畫架構整理。,市立內湖高中的實作學習以自然與社會領域探究實作、自主學習、校訂課程與學習成果為主，並透過研究、微課程或成果發表累積專題型學習經驗。,市立內湖高中的學生專車目前沒有公開的路線、站點或申請資訊；一般捷運、臺鐵、公車與步行路線另列於「通勤資訊」。,捷運文湖線「文德站」出口1在內湖高中對面、出口2在內湖高中旁，可直接步行到校。,市立內湖高中的一般高中部住宿目前沒有公開的校內宿舍申請、床位或收費方案；特定班級、專案或其他部別住宿另行區分。,https://www.google.com/maps/search/?api=1&query=%E8%87%BA%E5%8C%97%E5%B8%82%E5%85%A7%E6%B9%96%E5%8D%80%E7%B4%AB%E9%99%BD%E9%87%8C%E6%96%87%E5%BE%B7%E8%B7%AF218%E8%99%9F,https://sites.google.com/nhsh.tp.edu.tw/nhshstuact/,http://www.nhsh.tp.edu.tw,https://web.metro.taipei/pages2026/WebStation/025/1,https://web.metro.taipei/pages2026/WebStation/025/1；https://www.google.com/maps/search/?api=1&query=%E8%87%BA%E5%8C%97%E5%B8%82%E5%85%A7%E6%B9%96%E5%8D%80%E7%B4%AB%E9%99%BD%E9%87%8C%E6%96%87%E5%BE%B7%E8%B7%AF218%E8%99%9F,http://www.nhsh.tp.edu.tw,http://www.nhsh.tp.edu.tw,https://sites.google.com/nhsh.tp.edu.tw/nhshstuact/；http://www.nhsh.tp.edu.tw；https://web.metro.taipei/pages2026/WebStation/025/1；https://www.google.com/maps/search/?api=1&query=%E8%87%BA%E5%8C%97%E5%B8%82%E5%85%A7%E6%B9%96%E5%8D%80%E7%B4%AB%E9%99%BD%E9%87%8C%E6%96%87%E5%BE%B7%E8%B7%AF218%E8%99%9F,2026-09-06
,403401,市立內湖高工,公立,基北區,高職,男女兼收,臺北市,內湖區,114064 臺北市內湖區內湖路一段520號,https://www.nihs.tp.edu.tw/,(02)26574874,電子科:96；控制科:44；電機科:88；冷凍空調科:48；應用英語科:48；商業經營科:96,420,420,資優/特色班請依各校及基北區官方公告查詢,市立內湖高工：115學年度課程依各科課程計畫安排，主要科別包括電子科、控制科、電機科、冷凍空調科、應用英語科、商業經營科；各科結合專業理論、校訂課程與實習／實作學習。,市立內湖高工：電子科、控制科、電機科、冷凍空調科、應用英語科、商業經營科等科別依115學年度課程計畫安排專業實習、實作與專題製作，並透過作品、技能或成果發表整合專業學習。,市立內湖高工的學生專車目前沒有公開的路線、站點或申請資訊；一般捷運、臺鐵、公車與步行路線另列於「通勤資訊」。,搭捷運文湖線至「港墘站」，由「捷運港墘站（內湖高工）」站牌步行到校；222、247、267、28、681、紅2、藍7、內湖幹線等多線停靠。,市立內湖高工的一般高中部住宿目前沒有公開的校內宿舍申請、床位或收費方案；特定班級、專案或其他部別住宿另行區分。,https://www.google.com/maps/search/?api=1&query=114064+%E8%87%BA%E5%8C%97%E5%B8%82%E5%85%A7%E6%B9%96%E5%8D%80%E5%85%A7%E6%B9%96%E8%B7%AF%E4%B8%80%E6%AE%B5520%E8%99%9F,https://www.nihs.tp.edu.tw/uploads/1719909199584KuVGe1fo.pdf,https://www.nihs.tp.edu.tw/,https://pda5284.gov.taipei/MQS/stoplocation.jsp?slid=997,https://pda5284.gov.taipei/MQS/stoplocation.jsp?slid=997；https://www.google.com/maps/search/?api=1&query=114064+%E8%87%BA%E5%8C%97%E5%B8%82%E5%85%A7%E6%B9%96%E5%8D%80%E5%85%A7%E6%B9%96%E8%B7%AF%E4%B8%80%E6%AE%B5520%E8%99%9F,https://www.nihs.tp.edu.tw/,https://www.nihs.tp.edu.tw/,https://www.nihs.tp.edu.tw/uploads/1719909199584KuVGe1fo.pdf；https://www.nihs.tp.edu.tw/；https://pda5284.gov.taipei/MQS/stoplocation.jsp?slid=997；https://www.google.com/maps/search/?api=1&query=114064+%E8%87%BA%E5%8C%97%E5%B8%82%E5%85%A7%E6%B9%96%E5%8D%80%E5%85%A7%E6%B9%96%E8%B7%AF%E4%B8%80%E6%AE%B5520%E8%99%9F,2026-09-06
,353303,市立北一女中,公立,基北區,高中,女校,臺北市,中正區,臺北市中正區建國里重慶南路1段165號,http://www.fg.tp.edu.tw,(02)23820484,普通科(女):704,704,704,資優/特色班請依各校及基北區官方公告查詢,市立北一女中115學年度普通科課程以部定必修為基礎，並配置校訂必修、多元選修、自然與社會探究實作及自主學習；內容依該校115學年度課程計畫架構整理。,市立北一女中的主要實作學習包含自然科與社會領域探究實作、自主學習與學習成果；校訂課程、多元選修或特色班可再延伸為專題研究與成果發表。,市立北一女中的學生專車目前沒有公開的路線、站點或申請資訊；一般捷運、臺鐵、公車與步行路線另列於「通勤資訊」。,可由捷運「中正紀念堂站」、「台大醫院站」、「小南門站」步行前往；公車可在「北一女中」站下車，5、7、18、48、204、235、251、262、270等路線停靠。,市立北一女中的一般高中部住宿目前沒有公開的校內宿舍申請、床位或收費方案；特定班級、專案或其他部別住宿另行區分。,https://www.google.com/maps/search/?api=1&query=%E8%87%BA%E5%8C%97%E5%B8%82%E4%B8%AD%E6%AD%A3%E5%8D%80%E5%BB%BA%E5%9C%8B%E9%87%8C%E9%87%8D%E6%85%B6%E5%8D%97%E8%B7%AF1%E6%AE%B5165%E8%99%9F,https://www.fg.tp.edu.tw/office/div_300/section_310/課程總體計畫書/,http://www.fg.tp.edu.tw,https://www.fg.tp.edu.tw/wp-content/uploads/doc/curricula/113%E5%AD%B8%E6%A0%A1%E6%97%A5%E6%89%8B%E5%86%8A0919.pdf,https://www.fg.tp.edu.tw/wp-content/uploads/doc/curricula/113%E5%AD%B8%E6%A0%A1%E6%97%A5%E6%89%8B%E5%86%8A0919.pdf；https://www.google.com/maps/search/?api=1&query=%E8%87%BA%E5%8C%97%E5%B8%82%E4%B8%AD%E6%AD%A3%E5%8D%80%E5%BB%BA%E5%9C%8B%E9%87%8C%E9%87%8D%E6%85%B6%E5%8D%97%E8%B7%AF1%E6%AE%B5165%E8%99%9F,http://www.fg.tp.edu.tw,http://www.fg.tp.edu.tw,https://www.fg.tp.edu.tw/office/div_300/section_310/課程總體計畫書/；http://www.fg.tp.edu.tw；https://www.fg.tp.edu.tw/wp-content/uploads/doc/curricula/113%E5%AD%B8%E6%A0%A1%E6%97%A5%E6%89%8B%E5%86%8A0919.pdf；https://www.google.com/maps/search/?api=1&query=%E8%87%BA%E5%8C%97%E5%B8%82%E4%B8%AD%E6%AD%A3%E5%8D%80%E5%BB%BA%E5%9C%8B%E9%87%8C%E9%87%8D%E6%85%B6%E5%8D%97%E8%B7%AF1%E6%AE%B5165%E8%99%9F,2026-09-06
,373302,市立北市大附中,公立,基北區,綜高,男女兼收,臺北市,萬華區,108324 臺北市萬華區長順街2號,https://newweb.tlsh.tp.edu.tw/,(02)23026959,綜合高中:234,234,234,資優/特色班請依各校及基北區官方公告查詢,市立北市大附中：115學年度課程依校方課程計畫安排，涵蓋綜合高中；共同核心之外，依學程與選修方向配置校訂、多元選修及專業課程。,市立北市大附中：綜合高中等科別依115學年度課程計畫安排專業實習、實作與專題製作，並透過作品、技能或成果發表整合專業學習。,市立北市大附中的學生專車目前沒有公開的路線、站點或申請資訊；一般捷運、臺鐵、公車與步行路線另列於「通勤資訊」。,可搭臺鐵至「萬華站」後步行約10分鐘，或搭捷運板南線至「龍山寺站」後步行約15分鐘；公車1、18、907、38等可於「大理高中」站下車。,市立北市大附中的一般高中部住宿目前沒有公開的校內宿舍申請、床位或收費方案；特定班級、專案或其他部別住宿另行區分。,https://www.google.com/maps/search/?api=1&query=108324+%E8%87%BA%E5%8C%97%E5%B8%82%E8%90%AC%E8%8F%AF%E5%8D%80%E9%95%B7%E9%A0%86%E8%A1%972%E8%99%9F,https://courset.k12ea.gov.tw/courseinformation/indextea01.asp,https://newweb.tlsh.tp.edu.tw/,https://iplay.sports.gov.tw/GymInfo/Index/5113?PP=Traffic,https://iplay.sports.gov.tw/GymInfo/Index/5113?PP=Traffic；https://www.google.com/maps/search/?api=1&query=108324+%E8%87%BA%E5%8C%97%E5%B8%82%E8%90%AC%E8%8F%AF%E5%8D%80%E9%95%B7%E9%A0%86%E8%A1%972%E8%99%9F,https://newweb.tlsh.tp.edu.tw/,https://newweb.tlsh.tp.edu.tw/,https://courset.k12ea.gov.tw/courseinformation/indextea01.asp；https://newweb.tlsh.tp.edu.tw/；https://iplay.sports.gov.tw/GymInfo/Index/5113?PP=Traffic；https://www.google.com/maps/search/?api=1&query=108324+%E8%87%BA%E5%8C%97%E5%B8%82%E8%90%AC%E8%8F%AF%E5%8D%80%E9%95%B7%E9%A0%86%E8%A1%972%E8%99%9F,2026-09-06
,393301,市立南港高中,公立,基北區,高中,男女兼收,臺北市,南港區,臺北市南港區西新里向陽路21號,http://www.nksh.tp.edu.tw,(02)27837863,普通科:193,193,193,資優/特色班請依各校及基北區官方公告查詢,市立南港高中115學年度普通科課程以部定必修為基礎，並配置校訂必修、多元選修、自然與社會探究實作及自主學習；內容依該校115學年度課程計畫架構整理。,市立南港高中的主要實作學習包含自然科與社會領域探究實作、自主學習與學習成果；校訂課程、多元選修或特色班可再延伸為專題研究與成果發表。,市立南港高中的學生專車目前沒有公開的路線、站點或申請資訊；一般捷運、臺鐵、公車與步行路線另列於「通勤資訊」。,捷運板南線至「昆陽站」後可轉乘藍15，在「南港高中」站下車；亦可由南港車站方向轉乘沿向陽路行駛公車前往。,市立南港高中的一般高中部住宿目前沒有公開的校內宿舍申請、床位或收費方案；特定班級、專案或其他部別住宿另行區分。,https://www.google.com/maps/search/?api=1&query=%E8%87%BA%E5%8C%97%E5%B8%82%E5%8D%97%E6%B8%AF%E5%8D%80%E8%A5%BF%E6%96%B0%E9%87%8C%E5%90%91%E9%99%BD%E8%B7%AF21%E8%99%9F,https://www.nksh.tp.edu.tw/var/file/0/1000/attach/41/pta_27646_6543031_16484.pdf,http://www.nksh.tp.edu.tw,https://atis.taipei.gov.tw/aspx/businfomation/presentinfo.aspx?ddlName=%E8%97%8D15&lang=zh-Hant-TW,https://atis.taipei.gov.tw/aspx/businfomation/presentinfo.aspx?ddlName=%E8%97%8D15&lang=zh-Hant-TW；https://www.google.com/maps/search/?api=1&query=%E8%87%BA%E5%8C%97%E5%B8%82%E5%8D%97%E6%B8%AF%E5%8D%80%E8%A5%BF%E6%96%B0%E9%87%8C%E5%90%91%E9%99%BD%E8%B7%AF21%E8%99%9F,http://www.nksh.tp.edu.tw,http://www.nksh.tp.edu.tw,https://www.nksh.tp.edu.tw/var/file/0/1000/attach/41/pta_27646_6543031_16484.pdf；http://www.nksh.tp.edu.tw；https://atis.taipei.gov.tw/aspx/businfomation/presentinfo.aspx?ddlName=%E8%97%8D15&lang=zh-Hant-TW；https://www.google.com/maps/search/?api=1&query=%E8%87%BA%E5%8C%97%E5%B8%82%E5%8D%97%E6%B8%AF%E5%8D%80%E8%A5%BF%E6%96%B0%E9%87%8C%E5%90%91%E9%99%BD%E8%B7%AF21%E8%99%9F,2026-09-06
,393401,市立南港高工,公立,基北區,高職,男女兼收,臺北市,南港區,臺北市南港區南港里興中路29號,http://www.nkhs.tp.edu.tw,(02)27825432,汽車科:44；電子科:49；電機科:54；冷凍空調科:44；建築科:54；土木科:40；劇場藝術科:52；資訊科:72,409,409,資優/特色班請依各校及基北區官方公告查詢,市立南港高工：115學年度課程依各科課程計畫安排，主要科別包括汽車科、電子科、電機科、冷凍空調科、建築科、土木科、劇場藝術科、資訊科；各科結合專業理論、校訂課程與實習／實作學習。,市立南港高工：汽車科、電子科、電機科、冷凍空調科、建築科、土木科、劇場藝術科、資訊科等科別依115學年度課程計畫安排專業實習、實作與專題製作，並透過作品、技能或成果發表整合專業學習。,市立南港高工的學生專車目前沒有公開的路線、站點或申請資訊；一般捷運、臺鐵、公車與步行路線另列於「通勤資訊」。,搭臺鐵或捷運板南線至「南港站」，由車站北側往興中路方向步行前往；公車可利用「南港高工」或「南港行政中心」周邊站牌。,市立南港高工的一般高中部住宿目前沒有公開的校內宿舍申請、床位或收費方案；特定班級、專案或其他部別住宿另行區分。,https://www.google.com/maps/search/?api=1&query=%E8%87%BA%E5%8C%97%E5%B8%82%E5%8D%97%E6%B8%AF%E5%8D%80%E5%8D%97%E6%B8%AF%E9%87%8C%E8%88%88%E4%B8%AD%E8%B7%AF29%E8%99%9F,https://courset.k12ea.gov.tw/courseinformation/indextea01.asp,http://www.nkhs.tp.edu.tw,https://www.nkhs.tp.edu.tw/isc?cid=11844,https://www.nkhs.tp.edu.tw/isc?cid=11844；https://www.google.com/maps/search/?api=1&query=%E8%87%BA%E5%8C%97%E5%B8%82%E5%8D%97%E6%B8%AF%E5%8D%80%E5%8D%97%E6%B8%AF%E9%87%8C%E8%88%88%E4%B8%AD%E8%B7%AF29%E8%99%9F,http://www.nkhs.tp.edu.tw,http://www.nkhs.tp.edu.tw,https://courset.k12ea.gov.tw/courseinformation/indextea01.asp；http://www.nkhs.tp.edu.tw；https://www.nkhs.tp.edu.tw/isc?cid=11844；https://www.google.com/maps/search/?api=1&query=%E8%87%BA%E5%8C%97%E5%B8%82%E5%8D%97%E6%B8%AF%E5%8D%80%E5%8D%97%E6%B8%AF%E9%87%8C%E8%88%88%E4%B8%AD%E8%B7%AF29%E8%99%9F,2026-09-06
,403303,市立南湖高中,公立,基北區,高中,男女兼收,臺北市,內湖區,臺北市內湖區南湖里康寧路三段220號,http://www.nhush.tp.edu.tw,(02)26308889,普通科:442,442,442,資優/特色班請依各校及基北區官方公告查詢,市立南湖高中115學年度普通科課程以部定必修為基礎，並配置校訂必修、多元選修、自然與社會探究實作及自主學習；內容依該校115學年度課程計畫架構整理。,市立南湖高中的主要實作學習包含自然科與社會領域探究實作、自主學習與學習成果；校訂課程、多元選修或特色班可再延伸為專題研究與成果發表。,市立南湖高中的學生專車目前沒有公開的路線、站點或申請資訊；一般捷運、臺鐵、公車與步行路線另列於「通勤資訊」。,捷運文湖線至「東湖站」2號出口即可步行到校；公車可於「捷運東湖站（南湖高中）」下車，203、247等多線停靠。,市立南湖高中的一般高中部住宿目前沒有公開的校內宿舍申請、床位或收費方案；特定班級、專案或其他部別住宿另行區分。,https://www.google.com/maps/search/?api=1&query=%E8%87%BA%E5%8C%97%E5%B8%82%E5%85%A7%E6%B9%96%E5%8D%80%E5%8D%97%E6%B9%96%E9%87%8C%E5%BA%B7%E5%AF%A7%E8%B7%AF%E4%B8%89%E6%AE%B5220%E8%99%9F,https://www.nhush.tp.edu.tw/office/div_601/section_602/各項表單下載/,http://www.nhush.tp.edu.tw,https://www.nhush.tp.edu.tw/about/%E4%BA%A4%E9%80%9A%E8%B3%87%E8%A8%8A/,https://www.nhush.tp.edu.tw/about/%E4%BA%A4%E9%80%9A%E8%B3%87%E8%A8%8A/；https://www.google.com/maps/search/?api=1&query=%E8%87%BA%E5%8C%97%E5%B8%82%E5%85%A7%E6%B9%96%E5%8D%80%E5%8D%97%E6%B9%96%E9%87%8C%E5%BA%B7%E5%AF%A7%E8%B7%AF%E4%B8%89%E6%AE%B5220%E8%99%9F,http://www.nhush.tp.edu.tw,http://www.nhush.tp.edu.tw,https://www.nhush.tp.edu.tw/office/div_601/section_602/各項表單下載/；http://www.nhush.tp.edu.tw；https://www.nhush.tp.edu.tw/about/%E4%BA%A4%E9%80%9A%E8%B3%87%E8%A8%8A/；https://www.google.com/maps/search/?api=1&query=%E8%87%BA%E5%8C%97%E5%B8%82%E5%85%A7%E6%B9%96%E5%8D%80%E5%8D%97%E6%B9%96%E9%87%8C%E5%BA%B7%E5%AF%A7%E8%B7%AF%E4%B8%89%E6%AE%B5220%E8%99%9F,2026-09-06
,333301,市立和平高中,公立,基北區,高中,男女兼收,臺北市,大安區,106323 臺北市大安區臥龍街100號,https://www.hpsh.tp.edu.tw/,(02)27324300,普通科:321,321,321,資優/特色班請依各校及基北區官方公告查詢,普通型高中課程以「探索自我、關懷社會、國際視野、終身學習」等校本學生圖像為軸，搭配多元選修、微課程與自主學習。,市立和平高中以自主學習、探究實作、微課程與學習成果為主要實作形式，並透過校訂課程或多元選修發展專題與成果發表。,市立和平高中的學生專車目前沒有公開的路線、站點或申請資訊；一般捷運、臺鐵、公車與步行路線另列於「通勤資訊」。,公車可直接於「和平高中」站下車，905、紅57等路線停靠；亦可由捷運文湖線「六張犁站」轉乘公車到校。,市立和平高中的一般高中部住宿目前沒有公開的校內宿舍申請、床位或收費方案；特定班級、專案或其他部別住宿另行區分。,https://www.google.com/maps/search/?api=1&query=106323+%E8%87%BA%E5%8C%97%E5%B8%82%E5%A4%A7%E5%AE%89%E5%8D%80%E8%87%A5%E9%BE%8D%E8%A1%97100%E8%99%9F,https://admission.mail.hpsh.tp.edu.tw/,https://admission.mail.hpsh.tp.edu.tw/,https://atis.taipei.gov.tw/aspx/businfomation/presentinfo.aspx?ddlName=905&lang=zh-Hant-TW,https://atis.taipei.gov.tw/aspx/businfomation/presentinfo.aspx?ddlName=905&lang=zh-Hant-TW；https://www.google.com/maps/search/?api=1&query=106323+%E8%87%BA%E5%8C%97%E5%B8%82%E5%A4%A7%E5%AE%89%E5%8D%80%E8%87%A5%E9%BE%8D%E8%A1%97100%E8%99%9F,https://www.hpsh.tp.edu.tw/,https://www.hpsh.tp.edu.tw/,https://admission.mail.hpsh.tp.edu.tw/；https://atis.taipei.gov.tw/aspx/businfomation/presentinfo.aspx?ddlName=905&lang=zh-Hant-TW；https://www.google.com/maps/search/?api=1&query=106323+%E8%87%BA%E5%8C%97%E5%B8%82%E5%A4%A7%E5%AE%89%E5%8D%80%E8%87%A5%E9%BE%8D%E8%A1%97100%E8%99%9F；https://www.hpsh.tp.edu.tw/,2026-09-06
,413401,市立士林高商,公立,基北區,高職,男女兼收,臺北市,士林區,臺北市士林區後港里士商路150號,http://www.slhs.tp.edu.tw,(02)28313114,國際貿易科:96；會計事務科:48；資料處理科:48；應用英語科:72；廣告設計科:58；資訊科:11；商業經營科:2；商業經營科:15；國際貿易科:12；應用英語科:10,372,372,資優/特色班請依各校及基北區官方公告查詢,市立士林高商：115學年度課程依各科課程計畫安排，主要科別包括國際貿易科、會計事務科、資料處理科、應用英語科、廣告設計科、資訊科、商業經營科；各科結合專業理論、校訂課程與實習／實作學習。,市立士林高商：國際貿易科、會計事務科、資料處理科、應用英語科、廣告設計科、資訊科、商業經營科等科別依115學年度課程計畫安排專業實習、實作與專題製作，並透過作品、技能或成果發表整合專業學習。,市立士林高商的學生專車目前沒有公開的路線、站點或申請資訊；一般捷運、臺鐵、公車與步行路線另列於「通勤資訊」。,捷運淡水信義線至「士林站」1號出口，可步行約15分鐘，或轉乘255區、557、620、紅12、紅30至「士林高商」站。,市立士林高商的一般高中部住宿目前沒有公開的校內宿舍申請、床位或收費方案；特定班級、專案或其他部別住宿另行區分。,https://www.google.com/maps/search/?api=1&query=%E8%87%BA%E5%8C%97%E5%B8%82%E5%A3%AB%E6%9E%97%E5%8D%80%E5%BE%8C%E6%B8%AF%E9%87%8C%E5%A3%AB%E5%95%86%E8%B7%AF150%E8%99%9F,https://www.slhs.tp.edu.tw/other/course/%E9%80%B2%E4%BF%AE%E9%83%A8115%E5%AD%B8%E5%B9%B4%E5%BA%A6%E8%AA%B2%E7%A8%8B%E8%A8%88%E7%95%AB.pdf,http://www.slhs.tp.edu.tw,https://www.slhs.tp.edu.tw/content/index.aspx?sid=0106,https://www.slhs.tp.edu.tw/content/index.aspx?sid=0106；https://www.google.com/maps/search/?api=1&query=%E8%87%BA%E5%8C%97%E5%B8%82%E5%A3%AB%E6%9E%97%E5%8D%80%E5%BE%8C%E6%B8%AF%E9%87%8C%E5%A3%AB%E5%95%86%E8%B7%AF150%E8%99%9F,http://www.slhs.tp.edu.tw,http://www.slhs.tp.edu.tw,https://www.slhs.tp.edu.tw/other/course/%E9%80%B2%E4%BF%AE%E9%83%A8115%E5%AD%B8%E5%B9%B4%E5%BA%A6%E8%AA%B2%E7%A8%8B%E8%A8%88%E7%95%AB.pdf；http://www.slhs.tp.edu.tw；https://www.slhs.tp.edu.tw/content/index.aspx?sid=0106；https://www.google.com/maps/search/?api=1&query=%E8%87%BA%E5%8C%97%E5%B8%82%E5%A3%AB%E6%9E%97%E5%8D%80%E5%BE%8C%E6%B8%AF%E9%87%8C%E5%A3%AB%E5%95%86%E8%B7%AF150%E8%99%9F,2026-09-06
,343302,市立大同高中,公立,基北區,綜高,男女兼收,臺北市,中山區,臺北市中山區中央里長春路167號,http://www.ttsh.tp.edu.tw,(02)25054269,普通科:461；資訊科:41；資料處理科:41,543,543,資優/特色班請依各校及基北區官方公告查詢,115學年度課程依校方課程計畫安排，涵蓋普通科、資訊科、資料處理科；共同核心之外，依學程與選修方向配置校訂、多元選修及專業課程。,市立大同高中：普通科、資訊科、資料處理科等科別依115學年度課程計畫安排專業實習、實作與專題製作，並透過作品、技能或成果發表整合專業學習。,市立大同高中的學生專車目前沒有公開的路線、站點或申請資訊；一般捷運、臺鐵、公車與步行路線另列於「通勤資訊」。,捷運中和新蘆線至「行天宮站」2號出口，步行約3分鐘可到側門；亦可由「松江南京站」7號出口步行約5分鐘。,市立大同高中的一般高中部住宿目前沒有公開的校內宿舍申請、床位或收費方案；特定班級、專案或其他部別住宿另行區分。,https://www.google.com/maps/search/?api=1&query=%E8%87%BA%E5%8C%97%E5%B8%82%E4%B8%AD%E5%B1%B1%E5%8D%80%E4%B8%AD%E5%A4%AE%E9%87%8C%E9%95%B7%E6%98%A5%E8%B7%AF167%E8%99%9F,https://www.ttsh.tp.edu.tw/office/div_110/section_111/高中部課程計畫/,http://www.ttsh.tp.edu.tw,https://www.ttsh.tp.edu.tw/about/%E5%AD%B8%E6%A0%A1%E4%BD%8D%E7%BD%AE/,https://www.ttsh.tp.edu.tw/about/%E5%AD%B8%E6%A0%A1%E4%BD%8D%E7%BD%AE/；https://www.google.com/maps/search/?api=1&query=%E8%87%BA%E5%8C%97%E5%B8%82%E4%B8%AD%E5%B1%B1%E5%8D%80%E4%B8%AD%E5%A4%AE%E9%87%8C%E9%95%B7%E6%98%A5%E8%B7%AF167%E8%99%9F,http://www.ttsh.tp.edu.tw,http://www.ttsh.tp.edu.tw,https://www.ttsh.tp.edu.tw/office/div_110/section_111/高中部課程計畫/；http://www.ttsh.tp.edu.tw；https://www.ttsh.tp.edu.tw/about/%E5%AD%B8%E6%A0%A1%E4%BD%8D%E7%BD%AE/；https://www.google.com/maps/search/?api=1&query=%E8%87%BA%E5%8C%97%E5%B8%82%E4%B8%AD%E5%B1%B1%E5%8D%80%E4%B8%AD%E5%A4%AE%E9%87%8C%E9%95%B7%E6%98%A5%E8%B7%AF167%E8%99%9F,2026-09-06
,333401,市立大安高工,公立,基北區,高職,男女兼收,臺北市,大安區,臺北市大安區龍圖里復興南路2段52號,http://www.taivs.tp.edu.tw,(02)27091630,汽車科:56；資訊科:52；電子科:49；控制科:37；電機科:52；冷凍空調科:49；建築科:52；圖文傳播科:54；機械科:67；鑄造科:18；汽車科:9；電子科:9；電機科:9；建築科:9；圖文傳播科:9,531,531,資優/特色班請依各校及基北區官方公告查詢,市立大安高工：115學年度課程依各科課程計畫安排，主要科別包括汽車科、資訊科、電子科、控制科、電機科、冷凍空調科、建築科、圖文傳播科、機械科、鑄造科；各科結合專業理論、校訂課程與實習／實作學習。,市立大安高工：汽車科、資訊科、電子科、控制科、電機科、冷凍空調科、建築科、圖文傳播科、機械科、鑄造科等科別依115學年度課程計畫安排專業實習、實作與專題製作，並透過作品、技能或成果發表整合專業學習。,市立大安高工的學生專車目前沒有公開的路線、站點或申請資訊；一般捷運、臺鐵、公車與步行路線另列於「通勤資訊」。,捷運文湖線／淡水信義線至「大安站」，步行約3分鐘；公車可在「大安高工」站下車，74、278、685等路線停靠。,市立大安高工的一般高中部住宿目前沒有公開的校內宿舍申請、床位或收費方案；特定班級、專案或其他部別住宿另行區分。,https://www.google.com/maps/search/?api=1&query=%E8%87%BA%E5%8C%97%E5%B8%82%E5%A4%A7%E5%AE%89%E5%8D%80%E9%BE%8D%E5%9C%96%E9%87%8C%E5%BE%A9%E8%88%88%E5%8D%97%E8%B7%AF2%E6%AE%B552%E8%99%9F,https://www.taivs.tp.edu.tw/content?a=T0RESU5UUTBNVEExTURRPTVBek16Y1ROeGNsVGludGVseQ%3D%3D,http://www.taivs.tp.edu.tw,https://www.taivs.tp.edu.tw/content?a=T0RESU56STJORFl6TlRjPXpnek0wWVROeGNsVGludGVseQ%3D%3D&c=,https://www.taivs.tp.edu.tw/content?a=T0RESU56STJORFl6TlRjPXpnek0wWVROeGNsVGludGVseQ%3D%3D&c=；https://www.google.com/maps/search/?api=1&query=%E8%87%BA%E5%8C%97%E5%B8%82%E5%A4%A7%E5%AE%89%E5%8D%80%E9%BE%8D%E5%9C%96%E9%87%8C%E5%BE%A9%E8%88%88%E5%8D%97%E8%B7%AF2%E6%AE%B552%E8%99%9F,http://www.taivs.tp.edu.tw,http://www.taivs.tp.edu.tw,https://www.taivs.tp.edu.tw/content?a=T0RESU5UUTBNVEExTURRPTVBek16Y1ROeGNsVGludGVseQ%3D%3D；http://www.taivs.tp.edu.tw；https://www.taivs.tp.edu.tw/content?a=T0RESU56STJORFl6TlRjPXpnek0wWVROeGNsVGludGVseQ%3D%3D&c=；https://www.google.com/maps/search/?api=1&query=%E8%87%BA%E5%8C%97%E5%B8%82%E5%A4%A7%E5%AE%89%E5%8D%80%E9%BE%8D%E5%9C%96%E9%87%8C%E5%BE%A9%E8%88%88%E5%8D%97%E8%B7%AF2%E6%AE%B552%E8%99%9F,2026-09-06
,343303,市立大直高中,公立,基北區,高中,男女兼收,臺北市,中山區,臺北市中山區劍潭里北安路420號,http://www.dcsh.tp.edu.tw,(02)25334017,普通科:237,237,237,資優/特色班請依各校及基北區官方公告查詢,市立大直高中115學年度普通科課程以部定必修為基礎，並配置校訂必修、多元選修、自然與社會探究實作及自主學習；內容依該校115學年度課程計畫架構整理。,市立大直高中的主要實作學習包含自然科與社會領域探究實作、自主學習與學習成果；校訂課程、多元選修或特色班可再延伸為專題研究與成果發表。,市立大直高中的學生專車目前沒有公開的路線、站點或申請資訊；一般捷運、臺鐵、公車與步行路線另列於「通勤資訊」。,捷運文湖線至「大直站」2號出口，步行約5分鐘；公車可於「大直高中」站下車，208、247、267、556、646、902、紅2、紅3、內湖幹線等停靠。,市立大直高中的一般高中部住宿目前沒有公開的校內宿舍申請、床位或收費方案；特定班級、專案或其他部別住宿另行區分。,https://www.google.com/maps/search/?api=1&query=%E8%87%BA%E5%8C%97%E5%B8%82%E4%B8%AD%E5%B1%B1%E5%8D%80%E5%8A%8D%E6%BD%AD%E9%87%8C%E5%8C%97%E5%AE%89%E8%B7%AF420%E8%99%9F,https://d8.dcsh.tp.edu.tw/sites/default/files/user/dcsh126/%E5%82%99%E6%9F%A5/343303_%E5%B8%82%E7%AB%8B%E5%A4%A7%E7%9B%B4%E9%AB%98%E4%B8%AD_110%E8%AA%B2%E7%A8%8B%E8%A8%88%E7%95%AB_1110122.pdf,http://www.dcsh.tp.edu.tw,https://www.dcsh.tp.edu.tw/about/%E5%9C%B0%E7%90%86%E4%BA%A4%E9%80%9A/,https://www.dcsh.tp.edu.tw/about/%E5%9C%B0%E7%90%86%E4%BA%A4%E9%80%9A/；https://www.google.com/maps/search/?api=1&query=%E8%87%BA%E5%8C%97%E5%B8%82%E4%B8%AD%E5%B1%B1%E5%8D%80%E5%8A%8D%E6%BD%AD%E9%87%8C%E5%8C%97%E5%AE%89%E8%B7%AF420%E8%99%9F,http://www.dcsh.tp.edu.tw,http://www.dcsh.tp.edu.tw,https://d8.dcsh.tp.edu.tw/sites/default/files/user/dcsh126/%E5%82%99%E6%9F%A5/343303_%E5%B8%82%E7%AB%8B%E5%A4%A7%E7%9B%B4%E9%AB%98%E4%B8%AD_110%E8%AA%B2%E7%A8%8B%E8%A8%88%E7%95%AB_1110122.pdf；http://www.dcsh.tp.edu.tw；https://www.dcsh.tp.edu.tw/about/%E5%9C%B0%E7%90%86%E4%BA%A4%E9%80%9A/；https://www.google.com/maps/search/?api=1&query=%E8%87%BA%E5%8C%97%E5%B8%82%E4%B8%AD%E5%B1%B1%E5%8D%80%E5%8A%8D%E6%BD%AD%E9%87%8C%E5%8C%97%E5%AE%89%E8%B7%AF420%E8%99%9F,2026-09-06
,353301,市立建國中學,公立,基北區,高中,男女兼收,臺北市,中正區,臺北市中正區龍光里南海路56號,http://www.ck.tp.edu.tw,(02)23034381,普通科(男):840,840,840,資優/特色班請依各校及基北區官方公告查詢,市立建國中學115學年度普通科課程以部定必修為基礎，並配置校訂必修、多元選修、自然與社會探究實作及自主學習；內容依該校115學年度課程計畫架構整理。,市立建國中學的主要實作學習包含自然科與社會領域探究實作、自主學習與學習成果；校訂課程、多元選修或特色班可再延伸為專題研究與成果發表。,市立建國中學的學生專車目前沒有公開的路線、站點或申請資訊；一般捷運、臺鐵、公車與步行路線另列於「通勤資訊」。,捷運松山新店線至「小南門站」3號出口，穿越植物園方向步行約6分鐘；亦可由「中正紀念堂站」步行約8至15分鐘；公車可於「建國中學」站搭1、204、630等路線。,市立建國中學的一般高中部住宿目前沒有公開的校內宿舍申請、床位或收費方案；特定班級、專案或其他部別住宿另行區分。,https://www.google.com/maps/search/?api=1&query=%E8%87%BA%E5%8C%97%E5%B8%82%E4%B8%AD%E6%AD%A3%E5%8D%80%E9%BE%8D%E5%85%89%E9%87%8C%E5%8D%97%E6%B5%B7%E8%B7%AF56%E8%99%9F,https://courset.k12ea.gov.tw/courseinformation/indextea01.asp,http://www.ck.tp.edu.tw,https://www.ntcri.gov.tw/home/zh-tw/traffic,https://www.ntcri.gov.tw/home/zh-tw/traffic；https://www.google.com/maps/search/?api=1&query=%E8%87%BA%E5%8C%97%E5%B8%82%E4%B8%AD%E6%AD%A3%E5%8D%80%E9%BE%8D%E5%85%89%E9%87%8C%E5%8D%97%E6%B5%B7%E8%B7%AF56%E8%99%9F,http://www.ck.tp.edu.tw,http://www.ck.tp.edu.tw,https://courset.k12ea.gov.tw/courseinformation/indextea01.asp；http://www.ck.tp.edu.tw；https://www.ntcri.gov.tw/home/zh-tw/traffic；https://www.google.com/maps/search/?api=1&query=%E8%87%BA%E5%8C%97%E5%B8%82%E4%B8%AD%E6%AD%A3%E5%8D%80%E9%BE%8D%E5%85%89%E9%87%8C%E5%8D%97%E6%B5%B7%E8%B7%AF56%E8%99%9F,2026-09-06
,423301,市立復興高中,公立,基北區,高中,男女兼收,臺北市,北投區,臺北市北投區開明里復興四路70號,http://www.fhsh.tp.edu.tw,(02)28914131,普通科:381,381,381,資優/特色班請依各校及基北區官方公告查詢,市立復興高中115學年度普通科課程以部定必修為基礎，並配置校訂必修、多元選修、自然與社會探究實作及自主學習；內容依該校115學年度課程計畫架構整理。,市立復興高中的主要實作學習包含自然科與社會領域探究實作、自主學習與學習成果；校訂課程、多元選修或特色班可再延伸為專題研究與成果發表。,市立復興高中的學生專車目前沒有公開的路線、站點或申請資訊；一般捷運、臺鐵、公車與步行路線另列於「通勤資訊」。,可由捷運「北投站」轉乘218至「復興中學」，或由「新北投站」轉乘216、223、266；小6可到校門周邊。,校方生活輔導組於2026-08-14公告115學年度第一學期男女宿舍核准名單，並載明住宿生入住日期、床位由舍監安排及晚間點名規定；可確認115-1有男女宿舍住宿制度。,https://www.google.com/maps/search/?api=1&query=%E8%87%BA%E5%8C%97%E5%B8%82%E5%8C%97%E6%8A%95%E5%8D%80%E9%96%8B%E6%98%8E%E9%87%8C%E5%BE%A9%E8%88%88%E5%9B%9B%E8%B7%AF70%E8%99%9F,https://courset.k12ea.gov.tw/courseinformation/indexStu01.asp,http://www.fhsh.tp.edu.tw,https://www.fhsh.tp.edu.tw/about/%E4%BA%A4%E9%80%9A%E8%B3%87%E8%A8%8A/,https://www.fhsh.tp.edu.tw/about/%E4%BA%A4%E9%80%9A%E8%B3%87%E8%A8%8A/；https://www.google.com/maps/search/?api=1&query=%E8%87%BA%E5%8C%97%E5%B8%82%E5%8C%97%E6%8A%95%E5%8D%80%E9%96%8B%E6%98%8E%E9%87%8C%E5%BE%A9%E8%88%88%E5%9B%9B%E8%B7%AF70%E8%99%9F,https://www.fhsh.tp.edu.tw/news/臺北市立復興高中115學年度第一學期男女宿舍核准/,http://www.fhsh.tp.edu.tw,https://courset.k12ea.gov.tw/courseinformation/indexStu01.asp；http://www.fhsh.tp.edu.tw；https://www.fhsh.tp.edu.tw/about/%E4%BA%A4%E9%80%9A%E8%B3%87%E8%A8%8A/；https://www.google.com/maps/search/?api=1&query=%E8%87%BA%E5%8C%97%E5%B8%82%E5%8C%97%E6%8A%95%E5%8D%80%E9%96%8B%E6%98%8E%E9%87%8C%E5%BE%A9%E8%88%88%E5%9B%9B%E8%B7%AF70%E8%99%9F；https://www.fhsh.tp.edu.tw/news/臺北市立復興高中115學年度第一學期男女宿舍核准/,2026-09-06
,353302,市立成功中學,公立,基北區,高中,男女兼收,臺北市,中正區,臺北市中正區幸福里濟南路1段71號,http://www.cksh.tp.edu.tw,(02)23216256,普通科(男):641,641,641,資優/特色班請依各校及基北區官方公告查詢,市立成功中學115學年度普通科課程以部定必修為基礎，並配置校訂必修、多元選修、自然與社會探究實作及自主學習；內容依該校115學年度課程計畫架構整理。,市立成功中學的主要實作學習包含自然科與社會領域探究實作、自主學習與學習成果；校訂課程、多元選修或特色班可再延伸為專題研究與成果發表。,市立成功中學的學生專車目前沒有公開的路線、站點或申請資訊；一般捷運、臺鐵、公車與步行路線另列於「通勤資訊」。,捷運板南線至「善導寺站」3號出口後步行前往成功高中；校方交通頁另列校門周邊公車站與路線。,市立成功中學的一般高中部住宿目前沒有公開的校內宿舍申請、床位或收費方案；特定班級、專案或其他部別住宿另行區分。,https://www.google.com/maps/search/?api=1&query=%E8%87%BA%E5%8C%97%E5%B8%82%E4%B8%AD%E6%AD%A3%E5%8D%80%E5%B9%B8%E7%A6%8F%E9%87%8C%E6%BF%9F%E5%8D%97%E8%B7%AF1%E6%AE%B571%E8%99%9F,https://www.cksh.tp.edu.tw/office/div_211/section_212/課程總體計劃書/,http://www.cksh.tp.edu.tw,https://www.cksh.tp.edu.tw/about/%E5%9C%B0%E7%90%86%E4%BA%A4%E9%80%9A/,https://www.cksh.tp.edu.tw/about/%E5%9C%B0%E7%90%86%E4%BA%A4%E9%80%9A/；https://www.google.com/maps/search/?api=1&query=%E8%87%BA%E5%8C%97%E5%B8%82%E4%B8%AD%E6%AD%A3%E5%8D%80%E5%B9%B8%E7%A6%8F%E9%87%8C%E6%BF%9F%E5%8D%97%E8%B7%AF1%E6%AE%B571%E8%99%9F,http://www.cksh.tp.edu.tw,http://www.cksh.tp.edu.tw,https://www.cksh.tp.edu.tw/office/div_211/section_212/課程總體計劃書/；http://www.cksh.tp.edu.tw；https://www.cksh.tp.edu.tw/about/%E5%9C%B0%E7%90%86%E4%BA%A4%E9%80%9A/；https://www.google.com/maps/search/?api=1&query=%E8%87%BA%E5%8C%97%E5%B8%82%E4%B8%AD%E6%AD%A3%E5%8D%80%E5%B9%B8%E7%A6%8F%E9%87%8C%E6%BF%9F%E5%8D%97%E8%B7%AF1%E6%AE%B571%E8%99%9F,2026-09-06
,363302,市立成淵高中,公立,基北區,高中,男女兼收,臺北市,大同區,103345 臺北市大同區承德路二段235號,https://www.cyhs.tp.edu.tw/,(02)25531969,普通科:295,295,295,資優/特色班請依各校及基北區官方公告查詢,市立成淵高中115學年度普通科課程以部定必修為基礎，並配置校訂必修、多元選修、自然與社會探究實作及自主學習；內容依該校115學年度課程計畫架構整理。,市立成淵高中的主要實作學習包含自然科與社會領域探究實作、自主學習與學習成果；校訂課程、多元選修或特色班可再延伸為專題研究與成果發表。,市立成淵高中的學生專車目前沒有公開的路線、站點或申請資訊；一般捷運、臺鐵、公車與步行路線另列於「通勤資訊」。,捷運淡水信義線／中和新蘆線至「民權西路站」，2號出口位於成淵高中後方；紅29、民權幹線等公車亦停靠「成淵高中」。,市立成淵高中的一般高中部住宿目前沒有公開的校內宿舍申請、床位或收費方案；特定班級、專案或其他部別住宿另行區分。,https://www.google.com/maps/search/?api=1&query=103345+%E8%87%BA%E5%8C%97%E5%B8%82%E5%A4%A7%E5%90%8C%E5%8D%80%E6%89%BF%E5%BE%B7%E8%B7%AF%E4%BA%8C%E6%AE%B5235%E8%99%9F,https://courset.k12ea.gov.tw/courseinformation/indextea01.asp,https://www.cyhs.tp.edu.tw/,https://web.metro.taipei/pages2026/WebStation/055/1,https://web.metro.taipei/pages2026/WebStation/055/1；https://www.google.com/maps/search/?api=1&query=103345+%E8%87%BA%E5%8C%97%E5%B8%82%E5%A4%A7%E5%90%8C%E5%8D%80%E6%89%BF%E5%BE%B7%E8%B7%AF%E4%BA%8C%E6%AE%B5235%E8%99%9F,https://www.cyhs.tp.edu.tw/,https://www.cyhs.tp.edu.tw/,https://courset.k12ea.gov.tw/courseinformation/indextea01.asp；https://www.cyhs.tp.edu.tw/；https://web.metro.taipei/pages2026/WebStation/055/1；https://www.google.com/maps/search/?api=1&query=103345+%E8%87%BA%E5%8C%97%E5%B8%82%E5%A4%A7%E5%90%8C%E5%8D%80%E6%89%BF%E5%BE%B7%E8%B7%AF%E4%BA%8C%E6%AE%B5235%E8%99%9F,2026-09-06
,363301,市立明倫高中,公立,基北區,高中,男女兼收,臺北市,大同區,103332 臺北市大同區承德路三段336號,https://www.mlsh.tp.edu.tw/nss/p/index,(02)25961567,普通科:428,428,428,資優/特色班請依各校及基北區官方公告查詢,市立明倫高中115學年度普通科課程以部定必修為基礎，並配置校訂必修、多元選修、自然與社會探究實作及自主學習；內容依該校115學年度課程計畫架構整理。,市立明倫高中的主要實作學習包含自然科與社會領域探究實作、自主學習與學習成果；校訂課程、多元選修或特色班可再延伸為專題研究與成果發表。,市立明倫高中的學生專車目前沒有公開的路線、站點或申請資訊；一般捷運、臺鐵、公車與步行路線另列於「通勤資訊」。,捷運淡水信義線至「圓山站」，步行約4至5分鐘可到明倫高中；亦可搭公車至「明倫高中」或「庫倫街口」站。,市立明倫高中的一般高中部住宿目前沒有公開的校內宿舍申請、床位或收費方案；特定班級、專案或其他部別住宿另行區分。,https://www.google.com/maps/search/?api=1&query=103332+%E8%87%BA%E5%8C%97%E5%B8%82%E5%A4%A7%E5%90%8C%E5%8D%80%E6%89%BF%E5%BE%B7%E8%B7%AF%E4%B8%89%E6%AE%B5336%E8%99%9F,https://courset.k12ea.gov.tw/courseinformation/indextea01.asp,https://www.mlsh.tp.edu.tw/nss/p/index,https://www.mlsh.tp.edu.tw/nss/main/freeze/5abf2d62aa93092cee58ceb4/peazTu48090/67d37cf638d50302caf999b6,https://www.mlsh.tp.edu.tw/nss/main/freeze/5abf2d62aa93092cee58ceb4/peazTu48090/67d37cf638d50302caf999b6；https://www.google.com/maps/search/?api=1&query=103332+%E8%87%BA%E5%8C%97%E5%B8%82%E5%A4%A7%E5%90%8C%E5%8D%80%E6%89%BF%E5%BE%B7%E8%B7%AF%E4%B8%89%E6%AE%B5336%E8%99%9F,https://www.mlsh.tp.edu.tw/nss/p/index,https://www.mlsh.tp.edu.tw/nss/p/index,https://courset.k12ea.gov.tw/courseinformation/indextea01.asp；https://www.mlsh.tp.edu.tw/nss/p/index；https://www.mlsh.tp.edu.tw/nss/main/freeze/5abf2d62aa93092cee58ceb4/peazTu48090/67d37cf638d50302caf999b6；https://www.google.com/maps/search/?api=1&query=103332+%E8%87%BA%E5%8C%97%E5%B8%82%E5%A4%A7%E5%90%8C%E5%8D%80%E6%89%BF%E5%BE%B7%E8%B7%AF%E4%B8%89%E6%AE%B5336%E8%99%9F,2026-09-06
,383301,市立景美女中,公立,基北區,高中,女校,臺北市,文山區,臺北市文山區樟文里木新路三段312號,http://www.cmgsh.tp.edu.tw,(02)29368847,普通科(女):461,461,461,資優/特色班請依各校及基北區官方公告查詢,市立景美女中115學年度普通科課程以部定必修為基礎，並配置校訂必修、多元選修、自然與社會探究實作及自主學習；內容依該校115學年度課程計畫架構整理。,市立景美女中的主要實作學習包含自然科與社會領域探究實作、自主學習與學習成果；校訂課程、多元選修或特色班可再延伸為專題研究與成果發表。,有專車；115學年度校方交通資訊列有「包租式專車」與「學生公車」兩類校車服務。,可搭671、綠2左或綠2右至「景美女中」站。由捷運公館站可轉671；由捷運萬芳醫院站可轉綠2左／綠2右前往景美女中。,市立景美女中的一般高中部住宿目前沒有公開的校內宿舍申請、床位或收費方案；特定班級、專案或其他部別住宿另行區分。,https://www.google.com/maps/search/?api=1&query=%E8%87%BA%E5%8C%97%E5%B8%82%E6%96%87%E5%B1%B1%E5%8D%80%E6%A8%9F%E6%96%87%E9%87%8C%E6%9C%A8%E6%96%B0%E8%B7%AF%E4%B8%89%E6%AE%B5312%E8%99%9F,https://courset.k12ea.gov.tw/courseinformation/indextea01.asp,http://www.cmgsh.tp.edu.tw,https://www.cmgsh.tp.edu.tw/nss/s/freshman/Traffic,https://www.cmgsh.tp.edu.tw/nss/s/freshman/Traffic；https://www.google.com/maps/search/?api=1&query=%E8%87%BA%E5%8C%97%E5%B8%82%E6%96%87%E5%B1%B1%E5%8D%80%E6%A8%9F%E6%96%87%E9%87%8C%E6%9C%A8%E6%96%B0%E8%B7%AF%E4%B8%89%E6%AE%B5312%E8%99%9F；https://ebus.gov.taipei/EBus/VsSimpleMap?rid=10736&sec=1；https://ebus.gov.taipei/EBus/VsSimpleMap?routeid=0413000270,http://www.cmgsh.tp.edu.tw,http://www.cmgsh.tp.edu.tw,https://courset.k12ea.gov.tw/courseinformation/indextea01.asp；http://www.cmgsh.tp.edu.tw；https://www.cmgsh.tp.edu.tw/nss/s/freshman/Traffic；https://www.google.com/maps/search/?api=1&query=%E8%87%BA%E5%8C%97%E5%B8%82%E6%96%87%E5%B1%B1%E5%8D%80%E6%A8%9F%E6%96%87%E9%87%8C%E6%9C%A8%E6%96%B0%E8%B7%AF%E4%B8%89%E6%AE%B5312%E8%99%9F,2026-09-06
,383401,市立木柵高工,公立,基北區,高職,男女兼收,臺北市,文山區,臺北市文山區博嘉里木柵路四段77號,http://www.mcvs.tp.edu.tw,(02)22300506,配管科:18；模具科:27；製圖科:44；電子科:52；電機科:49；冷凍空調科:20；多媒體設計科:49；機械科:54；鑄造科:17；模具科:40,370,370,資優/特色班請依各校及基北區官方公告查詢,市立木柵高工：115學年度課程依各科課程計畫安排，主要科別包括配管科、模具科、製圖科、電子科、電機科、冷凍空調科、多媒體設計科、機械科、鑄造科；各科結合專業理論、校訂課程與實習／實作學習。,市立木柵高工：配管科、模具科、製圖科、電子科、電機科、冷凍空調科、多媒體設計科、機械科、鑄造科等科別依115學年度課程計畫安排專業實習、實作與專題製作，並透過作品、技能或成果發表整合專業學習。,有專車；校方設有「學校專車資訊」並列學生專車路線。,一般通勤亦可搭捷運文湖線至「木柵站」，或使用木柵路沿線公車到校。,市立木柵高工的一般高中部住宿目前沒有公開的校內宿舍申請、床位或收費方案；特定班級、專案或其他部別住宿另行區分。,https://www.google.com/maps/search/?api=1&query=%E8%87%BA%E5%8C%97%E5%B8%82%E6%96%87%E5%B1%B1%E5%8D%80%E5%8D%9A%E5%98%89%E9%87%8C%E6%9C%A8%E6%9F%B5%E8%B7%AF%E5%9B%9B%E6%AE%B577%E8%99%9F,https://www.mcvs.tp.edu.tw/Restaurant-Service/content?a=T0RESU1qQTNNakF3T0RNPTJjRE53QXpOeGNsVGludGVseQ%3D%3D,http://www.mcvs.tp.edu.tw,https://www.mcvs.tp.edu.tw/Military/content?a=T0RESU16TXlNVGMwTlRNPXpJek54a2pOeGNsVGludGVseQ%3D%3D,https://www.mcvs.tp.edu.tw/Military/content?a=T0RESU16TXlNVGMwTlRNPXpJek54a2pOeGNsVGludGVseQ%3D%3D；https://www.google.com/maps/search/?api=1&query=%E8%87%BA%E5%8C%97%E5%B8%82%E6%96%87%E5%B1%B1%E5%8D%80%E5%8D%9A%E5%98%89%E9%87%8C%E6%9C%A8%E6%9F%B5%E8%B7%AF%E5%9B%9B%E6%AE%B577%E8%99%9F,http://www.mcvs.tp.edu.tw,http://www.mcvs.tp.edu.tw,https://www.mcvs.tp.edu.tw/Restaurant-Service/content?a=T0RESU1qQTNNakF3T0RNPTJjRE53QXpOeGNsVGludGVseQ%3D%3D；http://www.mcvs.tp.edu.tw；https://www.mcvs.tp.edu.tw/Military/content?a=T0RESU16TXlNVGMwTlRNPXpJek54a2pOeGNsVGludGVseQ%3D%3D；https://www.google.com/maps/search/?api=1&query=%E8%87%BA%E5%8C%97%E5%B8%82%E6%96%87%E5%B1%B1%E5%8D%80%E5%8D%9A%E5%98%89%E9%87%8C%E6%9C%A8%E6%9F%B5%E8%B7%AF%E5%9B%9B%E6%AE%B577%E8%99%9F,2026-09-06
,323401,市立松山家商,公立,基北區,綜高,男女兼收,臺北市,信義區,臺北市信義區松隆里松山路655號,http://www.ssvs.tp.edu.tw,(02)27261118,商業經營科:102；國際貿易科:77；會計事務科:26；資料處理科:51；應用英語科:51；廣告設計科:77；室內設計科:51；綜合高中:81；機械科:48,564,564,資優/特色班請依各校及基北區官方公告查詢,115學年度課程依校方課程計畫安排，涵蓋商業經營科、國際貿易科、會計事務科、資料處理科、應用英語科、廣告設計科、室內設計科、綜合高中、機械科；共同核心之外，依學程與選修方向配置校訂、多元選修及專業課程。,市立松山家商：商業經營科、國際貿易科、會計事務科、資料處理科、應用英語科、廣告設計科、室內設計科、綜合高中、機械科等科別依115學年度課程計畫安排專業實習、實作與專題製作，並透過作品、技能或成果發表整合專業學習。,市立松山家商的學生專車目前沒有公開的路線、站點或申請資訊；一般捷運、臺鐵、公車與步行路線另列於「通勤資訊」。,捷運板南線至「永春站」4號出口，沿松山路步行約10分鐘；亦可搭33、46、207、257、277、286、299、信義幹線至「松山商職」站。,市立松山家商的一般高中部住宿目前沒有公開的校內宿舍申請、床位或收費方案；特定班級、專案或其他部別住宿另行區分。,https://www.google.com/maps/search/?api=1&query=%E8%87%BA%E5%8C%97%E5%B8%82%E4%BF%A1%E7%BE%A9%E5%8D%80%E6%9D%BE%E9%9A%86%E9%87%8C%E6%9D%BE%E5%B1%B1%E8%B7%AF655%E8%99%9F,https://www.ssvs.tp.edu.tw/static/webroot/G175876540041140/application/NW177310866626032.pdf,http://www.ssvs.tp.edu.tw,https://www.ssvs.tp.edu.tw/,https://www.ssvs.tp.edu.tw/；https://www.google.com/maps/search/?api=1&query=%E8%87%BA%E5%8C%97%E5%B8%82%E4%BF%A1%E7%BE%A9%E5%8D%80%E6%9D%BE%E9%9A%86%E9%87%8C%E6%9D%BE%E5%B1%B1%E8%B7%AF655%E8%99%9F,http://www.ssvs.tp.edu.tw,http://www.ssvs.tp.edu.tw,https://www.ssvs.tp.edu.tw/static/webroot/G175876540041140/application/NW177310866626032.pdf；http://www.ssvs.tp.edu.tw；https://www.ssvs.tp.edu.tw/；https://www.google.com/maps/search/?api=1&query=%E8%87%BA%E5%8C%97%E5%B8%82%E4%BF%A1%E7%BE%A9%E5%8D%80%E6%9D%BE%E9%9A%86%E9%87%8C%E6%9D%BE%E5%B1%B1%E8%B7%AF655%E8%99%9F,2026-09-06
,323402,市立松山工農,公立,基北區,綜高,男女兼收,臺北市,信義區,110070 臺北市信義區忠孝東路五段236巷15號,https://www.saihs.edu.tw/,(02)27226616,汽車科:48；資訊科:50；電子科:50；電機科:50；化工科:48；園藝科:44；食品加工科:48；綜合高中:124；機械科:54；電腦機械製圖科:56,572,572,資優/特色班請依各校及基北區官方公告查詢,115學年度課程依校方課程計畫安排，涵蓋汽車科、資訊科、電子科、電機科、化工科、園藝科、食品加工科、綜合高中、機械科、電腦機械製圖科；共同核心之外，依學程與選修方向配置校訂、多元選修及專業課程。,市立松山工農：汽車科、資訊科、電子科、電機科、化工科、園藝科、食品加工科、綜合高中、機械科、電腦機械製圖科等科別依115學年度課程計畫安排專業實習、實作與專題製作，並透過作品、技能或成果發表整合專業學習。,市立松山工農的學生專車目前沒有公開的路線、站點或申請資訊；一般捷運、臺鐵、公車與步行路線另列於「通勤資訊」。,捷運板南線至「永春站」2號出口或「市政府站」3號出口，步行約5至7分鐘；公車可於「市立工農」站下車。,市立松山工農的一般高中部住宿目前沒有公開的校內宿舍申請、床位或收費方案；特定班級、專案或其他部別住宿另行區分。,https://www.google.com/maps/search/?api=1&query=110070+%E8%87%BA%E5%8C%97%E5%B8%82%E4%BF%A1%E7%BE%A9%E5%8D%80%E5%BF%A0%E5%AD%9D%E6%9D%B1%E8%B7%AF%E4%BA%94%E6%AE%B5236%E5%B7%B715%E8%99%9F,https://www.saihs.edu.tw/nss/p/00215,https://www.saihs.edu.tw/,https://iplay.sports.gov.tw/GymInfo/Index/5863?PP=Traffic,https://iplay.sports.gov.tw/GymInfo/Index/5863?PP=Traffic；https://www.google.com/maps/search/?api=1&query=110070+%E8%87%BA%E5%8C%97%E5%B8%82%E4%BF%A1%E7%BE%A9%E5%8D%80%E5%BF%A0%E5%AD%9D%E6%9D%B1%E8%B7%AF%E4%BA%94%E6%AE%B5236%E5%B7%B715%E8%99%9F,https://www.saihs.edu.tw/,https://www.saihs.edu.tw/,https://www.saihs.edu.tw/nss/p/00215；https://www.saihs.edu.tw/；https://iplay.sports.gov.tw/GymInfo/Index/5863?PP=Traffic；https://www.google.com/maps/search/?api=1&query=110070+%E8%87%BA%E5%8C%97%E5%B8%82%E4%BF%A1%E7%BE%A9%E5%8D%80%E5%BF%A0%E5%AD%9D%E6%9D%B1%E8%B7%AF%E4%BA%94%E6%AE%B5236%E5%B7%B715%E8%99%9F,2026-09-06
,323301,市立松山高中,公立,基北區,高中,男女兼收,臺北市,信義區,110058 臺北市信義區基隆路一段156號,https://www.sssh.tp.edu.tw/,(02)27535968,男(7):7；女(6):6,13,13,資優/特色班請依各校及基北區官方公告查詢,市立松山高中115學年度普通高中課程以部定必修為基礎，並安排校訂必修、多元選修、自然與社會探究實作、自主學習及彈性學習；課程內容依該校115學年度課程計畫架構整理。,市立松山高中的實作學習以自然與社會領域探究實作、自主學習、校訂課程與學習成果為主，並透過研究、微課程或成果發表累積專題型學習經驗。,市立松山高中的學生專車目前沒有公開的路線、站點或申請資訊；一般捷運、臺鐵、公車與步行路線另列於「通勤資訊」。,捷運板南線至「市政府站」1號出口，步行約10分鐘至松山高中；由松山車站亦可轉乘286等公車至「松山高中」站。,市立松山高中的一般高中部住宿目前沒有公開的校內宿舍申請、床位或收費方案；特定班級、專案或其他部別住宿另行區分。,https://www.google.com/maps/search/?api=1&query=110058+%E8%87%BA%E5%8C%97%E5%B8%82%E4%BF%A1%E7%BE%A9%E5%8D%80%E5%9F%BA%E9%9A%86%E8%B7%AF%E4%B8%80%E6%AE%B5156%E8%99%9F,https://courset.k12ea.gov.tw/courseinformation/indextea01.asp,https://www.sssh.tp.edu.tw/,https://www.sssh.tp.edu.tw/,https://www.sssh.tp.edu.tw/；https://www.google.com/maps/search/?api=1&query=110058+%E8%87%BA%E5%8C%97%E5%B8%82%E4%BF%A1%E7%BE%A9%E5%8D%80%E5%9F%BA%E9%9A%86%E8%B7%AF%E4%B8%80%E6%AE%B5156%E8%99%9F,https://www.sssh.tp.edu.tw/,https://www.sssh.tp.edu.tw/,https://courset.k12ea.gov.tw/courseinformation/indextea01.asp；https://www.sssh.tp.edu.tw/；https://www.google.com/maps/search/?api=1&query=110058+%E8%87%BA%E5%8C%97%E5%B8%82%E4%BF%A1%E7%BE%A9%E5%8D%80%E5%9F%BA%E9%9A%86%E8%B7%AF%E4%B8%80%E6%AE%B5156%E8%99%9F,2026-09-06
,323302,市立永春高中,公立,基北區,高中,男女兼收,臺北市,信義區,臺北市信義區松隆里松山路654號,http://www.ycsh.tp.edu.tw,(02)27272983,普通科:419,419,419,資優/特色班請依各校及基北區官方公告查詢,市立永春高中115學年度普通科課程以部定必修為基礎，並配置校訂必修、多元選修、自然與社會探究實作及自主學習；內容依該校115學年度課程計畫架構整理。,市立永春高中的主要實作學習包含自然科與社會領域探究實作、自主學習與學習成果；校訂課程、多元選修或特色班可再延伸為專題研究與成果發表。,市立永春高中的學生專車目前沒有公開的路線、站點或申請資訊；一般捷運、臺鐵、公車與步行路線另列於「通勤資訊」。,可搭20、33、299或286至「永春高中」站；由捷運象山站2號出口可轉20或33，由捷運永春站可轉299，松山車站也可轉299前往學校。,市立永春高中的一般高中部住宿目前沒有公開的校內宿舍申請、床位或收費方案；特定班級、專案或其他部別住宿另行區分。,https://www.google.com/maps/search/?api=1&query=%E8%87%BA%E5%8C%97%E5%B8%82%E4%BF%A1%E7%BE%A9%E5%8D%80%E6%9D%BE%E9%9A%86%E9%87%8C%E6%9D%BE%E5%B1%B1%E8%B7%AF654%E8%99%9F,https://sites.google.com/ycsh.tp.edu.tw/ycsh108course/%E8%AA%B2%E7%A8%8B%E7%B8%BD%E9%AB%94%E8%A8%88%E7%95%AB%E8%88%87%E5%90%84%E7%A7%91%E9%A0%98%E7%B6%B1/114%E8%AA%B2%E7%A8%8B%E7%B8%BD%E9%AB%94%E8%A8%88%E7%95%AB,http://www.ycsh.tp.edu.tw,https://sites.google.com/ycsh.tp.edu.tw/admissions/%E4%BA%A4%E9%80%9A%E8%B3%87%E8%A8%8A,https://sites.google.com/ycsh.tp.edu.tw/admissions/%E4%BA%A4%E9%80%9A%E8%B3%87%E8%A8%8A；https://www.google.com/maps/search/?api=1&query=%E8%87%BA%E5%8C%97%E5%B8%82%E4%BF%A1%E7%BE%A9%E5%8D%80%E6%9D%BE%E9%9A%86%E9%87%8C%E6%9D%BE%E5%B1%B1%E8%B7%AF654%E8%99%9F,http://www.ycsh.tp.edu.tw,http://www.ycsh.tp.edu.tw,https://sites.google.com/ycsh.tp.edu.tw/ycsh108course/%E8%AA%B2%E7%A8%8B%E7%B8%BD%E9%AB%94%E8%A8%88%E7%95%AB%E8%88%87%E5%90%84%E7%A7%91%E9%A0%98%E7%B6%B1/114%E8%AA%B2%E7%A8%8B%E7%B8%BD%E9%AB%94%E8%A8%88%E7%95%AB；http://www.ycsh.tp.edu.tw；https://sites.google.com/ycsh.tp.edu.tw/admissions/%E4%BA%A4%E9%80%9A%E8%B3%87%E8%A8%8A；https://www.google.com/maps/search/?api=1&query=%E8%87%BA%E5%8C%97%E5%B8%82%E4%BF%A1%E7%BE%A9%E5%8D%80%E6%9D%BE%E9%9A%86%E9%87%8C%E6%9D%BE%E5%B1%B1%E8%B7%AF654%E8%99%9F,2026-09-06
,413302,市立百齡高中,公立,基北區,高中,男女兼收,臺北市,士林區,臺北市士林區義信里承德路4段177號,http://www.blsh.tp.edu.tw,(02)28831568,普通科:199,199,199,資優/特色班請依各校及基北區官方公告查詢,市立百齡高中115學年度普通科課程以部定必修為基礎，並配置校訂必修、多元選修、自然與社會探究實作及自主學習；內容依該校115學年度課程計畫架構整理。,市立百齡高中的主要實作學習包含自然科與社會領域探究實作、自主學習與學習成果；校訂課程、多元選修或特色班可再延伸為專題研究與成果發表。,市立百齡高中的學生專車目前沒有公開的路線、站點或申請資訊；一般捷運、臺鐵、公車與步行路線另列於「通勤資訊」。,捷運淡水信義線至「劍潭站」1號出口，步行約5分鐘可到百齡高中；周邊大南路口、捷運劍潭站亦有多線公車。,市立百齡高中的一般高中部住宿目前沒有公開的校內宿舍申請、床位或收費方案；特定班級、專案或其他部別住宿另行區分。,https://www.google.com/maps/search/?api=1&query=%E8%87%BA%E5%8C%97%E5%B8%82%E5%A3%AB%E6%9E%97%E5%8D%80%E7%BE%A9%E4%BF%A1%E9%87%8C%E6%89%BF%E5%BE%B7%E8%B7%AF4%E6%AE%B5177%E8%99%9F,https://courset.k12ea.gov.tw/courseinformation/indextea01.asp,http://www.blsh.tp.edu.tw,https://www-ws.gov.taipei/001/Upload/public/Attachment/565844324.pdf,https://www-ws.gov.taipei/001/Upload/public/Attachment/565844324.pdf；https://www.google.com/maps/search/?api=1&query=%E8%87%BA%E5%8C%97%E5%B8%82%E5%A3%AB%E6%9E%97%E5%8D%80%E7%BE%A9%E4%BF%A1%E9%87%8C%E6%89%BF%E5%BE%B7%E8%B7%AF4%E6%AE%B5177%E8%99%9F,http://www.blsh.tp.edu.tw,http://www.blsh.tp.edu.tw,https://courset.k12ea.gov.tw/courseinformation/indextea01.asp；http://www.blsh.tp.edu.tw；https://www-ws.gov.taipei/001/Upload/public/Attachment/565844324.pdf；https://www.google.com/maps/search/?api=1&query=%E8%87%BA%E5%8C%97%E5%B8%82%E5%A3%AB%E6%9E%97%E5%8D%80%E7%BE%A9%E4%BF%A1%E9%87%8C%E6%89%BF%E5%BE%B7%E8%B7%AF4%E6%AE%B5177%E8%99%9F,2026-09-06
,393302,市立育成高中,公立,基北區,高中,男女兼收,臺北市,南港區,臺北市南港區南港里重陽路366號,http://mars.yucsh.tp.edu.tw/ischool/publish_page/0/,(02)26530475,普通科:464,464,464,資優/特色班請依各校及基北區官方公告查詢,市立育成高中115學年度普通科課程以部定必修為基礎，並配置校訂必修、多元選修、自然與社會探究實作及自主學習；內容依該校115學年度課程計畫架構整理。,市立育成高中的主要實作學習包含自然科與社會領域探究實作、自主學習與學習成果；校訂課程、多元選修或特色班可再延伸為專題研究與成果發表。,市立育成高中的學生專車目前沒有公開的路線、站點或申請資訊；一般捷運、臺鐵、公車與步行路線另列於「通勤資訊」。,可搭板南線至南港站後步行約10分鐘，或搭文湖線至南港軟體園區站後步行約10分鐘；817、紅25、藍22等路線可在「育成高中」站下車。,市立育成高中的一般高中部住宿目前沒有公開的校內宿舍申請、床位或收費方案；特定班級、專案或其他部別住宿另行區分。,https://www.google.com/maps/search/?api=1&query=%E8%87%BA%E5%8C%97%E5%B8%82%E5%8D%97%E6%B8%AF%E5%8D%80%E5%8D%97%E6%B8%AF%E9%87%8C%E9%87%8D%E9%99%BD%E8%B7%AF366%E8%99%9F,https://sites.google.com/yucsh.tp.edu.tw/high-quality106/%E8%AA%B2%E7%A8%8B%E8%A6%8F%E5%8A%83%E9%80%B2%E5%B1%95,http://mars.yucsh.tp.edu.tw/ischool/publish_page/0/,https://mars.yucsh.tp.edu.tw/ischool/publish_page/0/?cid=1461,https://mars.yucsh.tp.edu.tw/ischool/publish_page/0/?cid=1461；https://www.google.com/maps/search/?api=1&query=%E8%87%BA%E5%8C%97%E5%B8%82%E5%8D%97%E6%B8%AF%E5%8D%80%E5%8D%97%E6%B8%AF%E9%87%8C%E9%87%8D%E9%99%BD%E8%B7%AF366%E8%99%9F；https://mars.yucsh.tp.edu.tw/home?cid=1356,http://mars.yucsh.tp.edu.tw/ischool/publish_page/0/,http://mars.yucsh.tp.edu.tw/ischool/publish_page/0/,https://sites.google.com/yucsh.tp.edu.tw/high-quality106/%E8%AA%B2%E7%A8%8B%E8%A6%8F%E5%8A%83%E9%80%B2%E5%B1%95；http://mars.yucsh.tp.edu.tw/ischool/publish_page/0/；https://mars.yucsh.tp.edu.tw/ischool/publish_page/0/?cid=1461；https://www.google.com/maps/search/?api=1&query=%E8%87%BA%E5%8C%97%E5%B8%82%E5%8D%97%E6%B8%AF%E5%8D%80%E5%8D%97%E6%B8%AF%E9%87%8C%E9%87%8D%E9%99%BD%E8%B7%AF366%E8%99%9F,2026-09-06
,373301,市立華江高中,公立,基北區,綜高,男女兼收,臺北市,萬華區,臺北市萬華區日善里西藏路213號,http://www.hcsh.tp.edu.tw,(02)23019946,普通科:433；普通科:37；電子商務科:82；應用日語科:45,597,597,資優/特色班請依各校及基北區官方公告查詢,115學年度課程依校方課程計畫安排，涵蓋普通科、電子商務科、應用日語科；共同核心之外，依學程與選修方向配置校訂、多元選修及專業課程。,市立華江高中：普通科、電子商務科、應用日語科等科別依115學年度課程計畫安排專業實習、實作與專題製作，並透過作品、技能或成果發表整合專業學習。,市立華江高中的學生專車目前沒有公開的路線、站點或申請資訊；一般捷運、臺鐵、公車與步行路線另列於「通勤資訊」。,捷運板南線至「龍山寺站」2號出口，步行約14至15分鐘；亦可轉乘234、265、705等至「華江高中」站，從萬華火車站步行約10分鐘。,市立華江高中的一般高中部住宿目前沒有公開的校內宿舍申請、床位或收費方案；特定班級、專案或其他部別住宿另行區分。,https://www.google.com/maps/search/?api=1&query=%E8%87%BA%E5%8C%97%E5%B8%82%E8%90%AC%E8%8F%AF%E5%8D%80%E6%97%A5%E5%96%84%E9%87%8C%E8%A5%BF%E8%97%8F%E8%B7%AF213%E8%99%9F,https://www.hcsh.tp.edu.tw/academic/content?a=T0RESU5UWXhOekUxTWpVPTBrek01WXpOeGNsVGludGVseQ%3D%3D,http://www.hcsh.tp.edu.tw,https://www.hcsh.tp.edu.tw/static/webroot/G157051142101259/application/NN172431760721653.pdf,https://www.hcsh.tp.edu.tw/static/webroot/G157051142101259/application/NN172431760721653.pdf；https://www.google.com/maps/search/?api=1&query=%E8%87%BA%E5%8C%97%E5%B8%82%E8%90%AC%E8%8F%AF%E5%8D%80%E6%97%A5%E5%96%84%E9%87%8C%E8%A5%BF%E8%97%8F%E8%B7%AF213%E8%99%9F,http://www.hcsh.tp.edu.tw,http://www.hcsh.tp.edu.tw,https://www.hcsh.tp.edu.tw/academic/content?a=T0RESU5UWXhOekUxTWpVPTBrek01WXpOeGNsVGludGVseQ%3D%3D；http://www.hcsh.tp.edu.tw；https://www.hcsh.tp.edu.tw/static/webroot/G157051142101259/application/NN172431760721653.pdf；https://www.google.com/maps/search/?api=1&query=%E8%87%BA%E5%8C%97%E5%B8%82%E8%90%AC%E8%8F%AF%E5%8D%80%E6%97%A5%E5%96%84%E9%87%8C%E8%A5%BF%E8%97%8F%E8%B7%AF213%E8%99%9F,2026-09-06
,383302,市立萬芳高中,公立,基北區,高中,男女兼收,臺北市,文山區,臺北市文山區興隆路三段115巷1號,https://www.wfsh.tp.edu.tw/,(02)22309585,普通科:246,246,246,資優/特色班請依各校及基北區官方公告查詢,市立萬芳高中115學年度普通科課程以部定必修為基礎，並配置校訂必修、多元選修、自然與社會探究實作及自主學習；內容依該校115學年度課程計畫架構整理。,市立萬芳高中的主要實作學習包含自然科與社會領域探究實作、自主學習與學習成果；校訂課程、多元選修或特色班可再延伸為專題研究與成果發表。,市立萬芳高中的學生專車目前沒有公開的路線、站點或申請資訊；一般捷運、臺鐵、公車與步行路線另列於「通勤資訊」。,捷運文湖線至「萬芳醫院站」，沿醫院右側巷道步行約3分鐘可到萬芳高中；236、237、253、298、530、611、671等公車亦可在萬芳醫院站轉步行。,市立萬芳高中的一般高中部住宿目前沒有公開的校內宿舍申請、床位或收費方案；特定班級、專案或其他部別住宿另行區分。,https://www.google.com/maps/search/?api=1&query=%E8%87%BA%E5%8C%97%E5%B8%82%E6%96%87%E5%B1%B1%E5%8D%80%E8%88%88%E9%9A%86%E8%B7%AF%E4%B8%89%E6%AE%B5115%E5%B7%B71%E8%99%9F,https://www.wfsh.tp.edu.tw/nss/p/NormalizingTeaching,https://www.wfsh.tp.edu.tw/,https://www.wfsh.tp.edu.tw/,https://www.wfsh.tp.edu.tw/；https://www.google.com/maps/search/?api=1&query=%E8%87%BA%E5%8C%97%E5%B8%82%E6%96%87%E5%B1%B1%E5%8D%80%E8%88%88%E9%9A%86%E8%B7%AF%E4%B8%89%E6%AE%B5115%E5%B7%B71%E8%99%9F,https://www.wfsh.tp.edu.tw/,https://www.wfsh.tp.edu.tw/,https://www.wfsh.tp.edu.tw/nss/p/NormalizingTeaching；https://www.wfsh.tp.edu.tw/；https://www.google.com/maps/search/?api=1&query=%E8%87%BA%E5%8C%97%E5%B8%82%E6%96%87%E5%B1%B1%E5%8D%80%E8%88%88%E9%9A%86%E8%B7%AF%E4%B8%89%E6%AE%B5115%E5%B7%B71%E8%99%9F,2026-09-06
,313301,市立西松高中,公立,基北區,高中,男女兼收,臺北市,松山區,臺北市松山區鵬程里健康路325巷7號,http://www.hssh.tp.edu.tw,(02)25286618,普通科:265,265,265,資優/特色班請依各校及基北區官方公告查詢,市立西松高中115學年度普通科課程以部定必修為基礎，並配置校訂必修、多元選修、自然與社會探究實作及自主學習；內容依該校115學年度課程計畫架構整理。,市立西松高中的主要實作學習包含自然科與社會領域探究實作、自主學習與學習成果；校訂課程、多元選修或特色班可再延伸為專題研究與成果發表。,市立西松高中的學生專車目前沒有公開的路線、站點或申請資訊；一般捷運、臺鐵、公車與步行路線另列於「通勤資訊」。,捷運松山新店線至「南京三民站」3或4號出口，步行約10分鐘；亦可搭53至「西松高中」站。,市立西松高中的一般高中部住宿目前沒有公開的校內宿舍申請、床位或收費方案；特定班級、專案或其他部別住宿另行區分。,https://www.google.com/maps/search/?api=1&query=%E8%87%BA%E5%8C%97%E5%B8%82%E6%9D%BE%E5%B1%B1%E5%8D%80%E9%B5%AC%E7%A8%8B%E9%87%8C%E5%81%A5%E5%BA%B7%E8%B7%AF325%E5%B7%B77%E8%99%9F,https://www.hssh.tp.edu.tw/p/406-1000-51659%2Cr15.php?Lang=zh-tw,http://www.hssh.tp.edu.tw,https://www.hssh.tp.edu.tw/p/412-1000-215.php?Lang=zh-tw,https://www.hssh.tp.edu.tw/p/412-1000-215.php?Lang=zh-tw；https://www.google.com/maps/search/?api=1&query=%E8%87%BA%E5%8C%97%E5%B8%82%E6%9D%BE%E5%B1%B1%E5%8D%80%E9%B5%AC%E7%A8%8B%E9%87%8C%E5%81%A5%E5%BA%B7%E8%B7%AF325%E5%B7%B77%E8%99%9F,http://www.hssh.tp.edu.tw,http://www.hssh.tp.edu.tw,https://www.hssh.tp.edu.tw/p/406-1000-51659%2Cr15.php?Lang=zh-tw；http://www.hssh.tp.edu.tw；https://www.hssh.tp.edu.tw/p/412-1000-215.php?Lang=zh-tw；https://www.google.com/maps/search/?api=1&query=%E8%87%BA%E5%8C%97%E5%B8%82%E6%9D%BE%E5%B1%B1%E5%8D%80%E9%B5%AC%E7%A8%8B%E9%87%8C%E5%81%A5%E5%BA%B7%E8%B7%AF325%E5%B7%B77%E8%99%9F,2026-09-06
,413301,市立陽明高中,公立,基北區,高中,男女兼收,臺北市,士林區,臺北市士林區後港里中正路510號,http://www.ymsh.tp.edu.tw,(02)28316675,普通科:342,342,342,資優/特色班請依各校及基北區官方公告查詢,市立陽明高中115學年度普通科課程以部定必修為基礎，並配置校訂必修、多元選修、自然與社會探究實作及自主學習；內容依該校115學年度課程計畫架構整理。,市立陽明高中的主要實作學習包含自然科與社會領域探究實作、自主學習與學習成果；校訂課程、多元選修或特色班可再延伸為專題研究與成果發表。,市立陽明高中的學生專車目前沒有公開的路線、站點或申請資訊；一般捷運、臺鐵、公車與步行路線另列於「通勤資訊」。,捷運淡水信義線於「士林站」或「劍潭站」下車，步行約15分鐘；亦可轉乘206、223、250、255、302、304等至「陽明高中」站。,市立陽明高中的一般高中部住宿目前沒有公開的校內宿舍申請、床位或收費方案；特定班級、專案或其他部別住宿另行區分。,https://www.google.com/maps/search/?api=1&query=%E8%87%BA%E5%8C%97%E5%B8%82%E5%A3%AB%E6%9E%97%E5%8D%80%E5%BE%8C%E6%B8%AF%E9%87%8C%E4%B8%AD%E6%AD%A3%E8%B7%AF510%E8%99%9F,https://www.ymsh.tp.edu.tw/category/office/div_110/d1102/d11022_list/,http://www.ymsh.tp.edu.tw,https://www.ymsh.tp.edu.tw/about/%E4%BA%A4%E9%80%9A%E4%BD%8D%E7%BD%AE/,https://www.ymsh.tp.edu.tw/about/%E4%BA%A4%E9%80%9A%E4%BD%8D%E7%BD%AE/；https://www.google.com/maps/search/?api=1&query=%E8%87%BA%E5%8C%97%E5%B8%82%E5%A3%AB%E6%9E%97%E5%8D%80%E5%BE%8C%E6%B8%AF%E9%87%8C%E4%B8%AD%E6%AD%A3%E8%B7%AF510%E8%99%9F,http://www.ymsh.tp.edu.tw,http://www.ymsh.tp.edu.tw,https://www.ymsh.tp.edu.tw/category/office/div_110/d1102/d11022_list/；http://www.ymsh.tp.edu.tw；https://www.ymsh.tp.edu.tw/about/%E4%BA%A4%E9%80%9A%E4%BD%8D%E7%BD%AE/；https://www.google.com/maps/search/?api=1&query=%E8%87%BA%E5%8C%97%E5%B8%82%E5%A3%AB%E6%9E%97%E5%8D%80%E5%BE%8C%E6%B8%AF%E9%87%8C%E4%B8%AD%E6%AD%A3%E8%B7%AF510%E8%99%9F,2026-09-06
,403302,市立麗山高中,公立,基北區,高中,男女兼收,臺北市,內湖區,臺北市內湖區港華里環山路二段100號,http://www.lssh.tp.edu.tw,(02)26570435,普通科:230,230,230,資優/特色班請依各校及基北區官方公告查詢,市立麗山高中115學年度普通科課程以部定必修為基礎，並配置校訂必修、多元選修、自然與社會探究實作及自主學習；內容依該校115學年度課程計畫架構整理。,市立麗山高中的主要實作學習包含自然科與社會領域探究實作、自主學習與學習成果；校訂課程、多元選修或特色班可再延伸為專題研究與成果發表。,市立麗山高中的學生專車目前沒有公開的路線、站點或申請資訊；一般捷運、臺鐵、公車與步行路線另列於「通勤資訊」。,捷運文湖線至「港墘站」1號出口，沿港墘路往環山路方向步行約650公尺；214、222、551、紅31、藍27等可在「麗山高中」站下車。,市立麗山高中的一般高中部住宿目前沒有公開的校內宿舍申請、床位或收費方案；特定班級、專案或其他部別住宿另行區分。,https://www.google.com/maps/search/?api=1&query=%E8%87%BA%E5%8C%97%E5%B8%82%E5%85%A7%E6%B9%96%E5%8D%80%E6%B8%AF%E8%8F%AF%E9%87%8C%E7%92%B0%E5%B1%B1%E8%B7%AF%E4%BA%8C%E6%AE%B5100%E8%99%9F,https://www.lssh.tp.edu.tw/admission/course_desc/110-%E5%AD%B8%E5%B9%B4%E8%AA%B2%E7%A8%8B%E7%B8%BD%E9%AB%94%E8%A8%88%E7%95%AB/,http://www.lssh.tp.edu.tw,https://sites.google.com/lssh.tp.edu.tw/112tpshmsc/traffic,https://sites.google.com/lssh.tp.edu.tw/112tpshmsc/traffic；https://www.google.com/maps/search/?api=1&query=%E8%87%BA%E5%8C%97%E5%B8%82%E5%85%A7%E6%B9%96%E5%8D%80%E6%B8%AF%E8%8F%AF%E9%87%8C%E7%92%B0%E5%B1%B1%E8%B7%AF%E4%BA%8C%E6%AE%B5100%E8%99%9F,http://www.lssh.tp.edu.tw,http://www.lssh.tp.edu.tw,https://www.lssh.tp.edu.tw/admission/course_desc/110-%E5%AD%B8%E5%B9%B4%E8%AA%B2%E7%A8%8B%E7%B8%BD%E9%AB%94%E8%A8%88%E7%95%AB/；http://www.lssh.tp.edu.tw；https://sites.google.com/lssh.tp.edu.tw/112tpshmsc/traffic；https://www.google.com/maps/search/?api=1&query=%E8%87%BA%E5%8C%97%E5%B8%82%E5%85%A7%E6%B9%96%E5%8D%80%E6%B8%AF%E8%8F%AF%E9%87%8C%E7%92%B0%E5%B1%B1%E8%B7%AF%E4%BA%8C%E6%AE%B5100%E8%99%9F,2026-09-06
,381304,私立再興中學,私立,基北區,高中,男女兼收,臺北市,文山區,臺北市文山區明義里興隆路4段2號,http://www.thsh.tp.edu.tw,(02)29366803,普通科:41,41,41,資優/特色班請依各校及基北區官方公告查詢,私立再興中學115學年度普通科課程以部定必修為基礎，並配置校訂必修、多元選修、自然與社會探究實作及自主學習；內容依該校115學年度課程計畫架構整理。,私立再興中學的主要實作學習包含自然科與社會領域探究實作、自主學習與學習成果；校訂課程、多元選修或特色班可再延伸為專題研究與成果發表。,私立再興中學的學生專車目前沒有公開的路線、站點或申請資訊；一般捷運、臺鐵、公車與步行路線另列於「通勤資訊」。,可由捷運文湖線「萬芳醫院站」轉乘237等公車，在「馬明潭（再興中學）」站下車；294、647、660、671、915、棕6、棕12等亦停靠「再興中學」周邊站牌。,私立再興中學的一般高中部住宿目前沒有公開的校內宿舍申請、床位或收費方案；特定班級、專案或其他部別住宿另行區分。,https://www.google.com/maps/search/?api=1&query=%E8%87%BA%E5%8C%97%E5%B8%82%E6%96%87%E5%B1%B1%E5%8D%80%E6%98%8E%E7%BE%A9%E9%87%8C%E8%88%88%E9%9A%86%E8%B7%AF4%E6%AE%B52%E8%99%9F,https://courset.k12ea.gov.tw/courseinformation/indextea01.asp,http://www.thsh.tp.edu.tw,https://pda5284.gov.taipei/MQS/stoplocation.jsp?slid=1164500260,https://pda5284.gov.taipei/MQS/stoplocation.jsp?slid=1164500260；https://www.google.com/maps/search/?api=1&query=%E8%87%BA%E5%8C%97%E5%B8%82%E6%96%87%E5%B1%B1%E5%8D%80%E6%98%8E%E7%BE%A9%E9%87%8C%E8%88%88%E9%9A%86%E8%B7%AF4%E6%AE%B52%E8%99%9F,http://www.thsh.tp.edu.tw,http://www.thsh.tp.edu.tw,https://courset.k12ea.gov.tw/courseinformation/indextea01.asp；http://www.thsh.tp.edu.tw；https://pda5284.gov.taipei/MQS/stoplocation.jsp?slid=1164500260；https://www.google.com/maps/search/?api=1&query=%E8%87%BA%E5%8C%97%E5%B8%82%E6%96%87%E5%B1%B1%E5%8D%80%E6%98%8E%E7%BE%A9%E9%87%8C%E8%88%88%E9%9A%86%E8%B7%AF4%E6%AE%B52%E8%99%9F,2026-09-06
,321399,私立協和祐德高中,私立,基北區,綜高,男女兼收,臺北市,信義區,臺北市信義區大道里忠孝東路五段790巷27號,https://www.hhvs.tp.edu.tw/,(02)27263131,普通科:24；汽車科:39,63,63,資優/特色班請依各校及基北區官方公告查詢,115學年度課程依校方課程計畫安排，涵蓋普通科、汽車科；共同核心之外，依學程與選修方向配置校訂、多元選修及專業課程。,私立協和祐德高中：普通科、汽車科等科別依115學年度課程計畫安排專業實習、實作與專題製作，並透過作品、技能或成果發表整合專業學習。,私立協和祐德高中的學生專車目前沒有公開的路線、站點或申請資訊；一般捷運、臺鐵、公車與步行路線另列於「通勤資訊」。,捷運板南線至「後山埤站」後往忠孝東路五段790巷方向步行；207、信義幹線等公車可直接於「協和祐德高中」站下車。,私立協和祐德高中的一般高中部住宿目前沒有公開的校內宿舍申請、床位或收費方案；特定班級、專案或其他部別住宿另行區分。,https://www.google.com/maps/search/?api=1&query=%E8%87%BA%E5%8C%97%E5%B8%82%E4%BF%A1%E7%BE%A9%E5%8D%80%E5%A4%A7%E9%81%93%E9%87%8C%E5%BF%A0%E5%AD%9D%E6%9D%B1%E8%B7%AF%E4%BA%94%E6%AE%B5790%E5%B7%B727%E8%99%9F,https://www.hhvs.tp.edu.tw/ischool/wr/file/21/7452/47b4fdb3b5c373e8483856a01c1c237c.pdf,https://www.hhvs.tp.edu.tw/,https://atis.taipei.gov.tw/aspx/businfomation/presentinfo.aspx?ddlName=207&lang=zh-Hant-TW,https://atis.taipei.gov.tw/aspx/businfomation/presentinfo.aspx?ddlName=207&lang=zh-Hant-TW；https://www.google.com/maps/search/?api=1&query=%E8%87%BA%E5%8C%97%E5%B8%82%E4%BF%A1%E7%BE%A9%E5%8D%80%E5%A4%A7%E9%81%93%E9%87%8C%E5%BF%A0%E5%AD%9D%E6%9D%B1%E8%B7%AF%E4%BA%94%E6%AE%B5790%E5%B7%B727%E8%99%9F,https://www.hhvs.tp.edu.tw/,https://www.hhvs.tp.edu.tw/,https://www.hhvs.tp.edu.tw/ischool/wr/file/21/7452/47b4fdb3b5c373e8483856a01c1c237c.pdf；https://www.hhvs.tp.edu.tw/；https://atis.taipei.gov.tw/aspx/businfomation/presentinfo.aspx?ddlName=207&lang=zh-Hant-TW；https://www.google.com/maps/search/?api=1&query=%E8%87%BA%E5%8C%97%E5%B8%82%E4%BF%A1%E7%BE%A9%E5%8D%80%E5%A4%A7%E9%81%93%E9%87%8C%E5%BF%A0%E5%AD%9D%E6%9D%B1%E8%B7%AF%E4%BA%94%E6%AE%B5790%E5%B7%B727%E8%99%9F,2026-09-06
,351B09,私立南華高中進修學校,私立,基北區,進修部,男女兼收,臺北市,中正區,臺北市中正區富水里汀州路3段58號,http://www.nhwsh.tp.edu.tw,(02)23686818,普通科:37；觀光事業科:37；資料處理科:37；美容科:37；資料處理科:33；媒體設計科:33；觀光事業科:66；餐飲管理科:66,383,383,資優/特色班請依各校及基北區官方公告查詢,私立南華高中進修學校：115學年度課程依各科課程計畫安排，主要科別包括普通科、觀光事業科、資料處理科、美容科、媒體設計科、餐飲管理科；各科結合專業理論、校訂課程與實習／實作學習。,私立南華高中進修學校：普通科、觀光事業科、資料處理科、美容科、媒體設計科、餐飲管理科等科別依115學年度課程計畫安排專業實習、實作與專題製作，並透過作品、技能或成果發表整合專業學習。,私立南華高中進修學校的學生專車目前沒有公開的路線、站點或申請資訊；一般捷運、臺鐵、公車與步行路線另列於「通勤資訊」。,捷運松山新店線至「公館站」4號出口後沿汀州路前往；公館站與台電大樓站周邊另有0南、1、52、74、207、208、236、251、252、253、278等多線公車。,私立南華高中進修學校的一般高中部住宿目前沒有公開的校內宿舍申請、床位或收費方案；特定班級、專案或其他部別住宿另行區分。,https://www.google.com/maps/search/?api=1&query=%E8%87%BA%E5%8C%97%E5%B8%82%E4%B8%AD%E6%AD%A3%E5%8D%80%E5%AF%8C%E6%B0%B4%E9%87%8C%E6%B1%80%E5%B7%9E%E8%B7%AF3%E6%AE%B558%E8%99%9F,https://www.nhwsh.tp.edu.tw/KC1.php,http://www.nhwsh.tp.edu.tw,https://tnsrc.tp.edu.tw/uploadfiles/annex/20251124150618_1.pdf,https://tnsrc.tp.edu.tw/uploadfiles/annex/20251124150618_1.pdf；https://www.google.com/maps/search/?api=1&query=%E8%87%BA%E5%8C%97%E5%B8%82%E4%B8%AD%E6%AD%A3%E5%8D%80%E5%AF%8C%E6%B0%B4%E9%87%8C%E6%B1%80%E5%B7%9E%E8%B7%AF3%E6%AE%B558%E8%99%9F,http://www.nhwsh.tp.edu.tw,http://www.nhwsh.tp.edu.tw,https://www.nhwsh.tp.edu.tw/KC1.php；http://www.nhwsh.tp.edu.tw；https://tnsrc.tp.edu.tw/uploadfiles/annex/20251124150618_1.pdf；https://www.google.com/maps/search/?api=1&query=%E8%87%BA%E5%8C%97%E5%B8%82%E4%B8%AD%E6%AD%A3%E5%8D%80%E5%AF%8C%E6%B0%B4%E9%87%8C%E6%B1%80%E5%B7%9E%E8%B7%AF3%E6%AE%B558%E8%99%9F,2026-09-06
,331403,私立喬治工商,私立,基北區,高職,男女兼收,臺北市,信義區,臺北市信義區黎順里基隆路二段155號,https://www.gvs.tp.edu.tw/,(02)27386515,時尚造型科:20；餐飲管理科:10；照顧服務科:12；時尚造型科:24；觀光事業科:12；餐飲管理科:12；汽車科:45；建築科:22；時尚造型科:60；餐飲管理科:22；觀光事業科:89,328,328,資優/特色班請依各校及基北區官方公告查詢,私立喬治工商：115學年度課程依各科課程計畫安排，主要科別包括時尚造型科、餐飲管理科、照顧服務科、觀光事業科、汽車科、建築科；各科結合專業理論、校訂課程與實習／實作學習。,私立喬治工商：時尚造型科、餐飲管理科、照顧服務科、觀光事業科、汽車科、建築科等科別依115學年度課程計畫安排專業實習、實作與專題製作，並透過作品、技能或成果發表整合專業學習。,私立喬治工商的學生專車目前沒有公開的路線、站點或申請資訊；一般捷運、臺鐵、公車與步行路線另列於「通勤資訊」。,捷運文湖線至「六張犁站」，往基隆路二段155號方向步行約4分鐘；207等公車可於「喬治商職」站下車。,私立喬治工商的一般高中部住宿目前沒有公開的校內宿舍申請、床位或收費方案；特定班級、專案或其他部別住宿另行區分。,https://www.google.com/maps/search/?api=1&query=%E8%87%BA%E5%8C%97%E5%B8%82%E4%BF%A1%E7%BE%A9%E5%8D%80%E9%BB%8E%E9%A0%86%E9%87%8C%E5%9F%BA%E9%9A%86%E8%B7%AF%E4%BA%8C%E6%AE%B5155%E8%99%9F,https://courset.k12ea.gov.tw/courseinformation/indextea01.asp,https://www.gvs.tp.edu.tw/,https://atis.taipei.gov.tw/aspx/businfomation/presentinfo.aspx?ddlName=207&lang=zh-Hant-TW,https://atis.taipei.gov.tw/aspx/businfomation/presentinfo.aspx?ddlName=207&lang=zh-Hant-TW；https://www.google.com/maps/search/?api=1&query=%E8%87%BA%E5%8C%97%E5%B8%82%E4%BF%A1%E7%BE%A9%E5%8D%80%E9%BB%8E%E9%A0%86%E9%87%8C%E5%9F%BA%E9%9A%86%E8%B7%AF%E4%BA%8C%E6%AE%B5155%E8%99%9F,https://www.gvs.tp.edu.tw/,https://www.gvs.tp.edu.tw/,https://courset.k12ea.gov.tw/courseinformation/indextea01.asp；https://www.gvs.tp.edu.tw/；https://atis.taipei.gov.tw/aspx/businfomation/presentinfo.aspx?ddlName=207&lang=zh-Hant-TW；https://www.google.com/maps/search/?api=1&query=%E8%87%BA%E5%8C%97%E5%B8%82%E4%BF%A1%E7%BE%A9%E5%8D%80%E9%BB%8E%E9%A0%86%E9%87%8C%E5%9F%BA%E9%9A%86%E8%B7%AF%E4%BA%8C%E6%AE%B5155%E8%99%9F,2026-09-06
,381303,私立大誠高中,私立,基北區,綜高,男女兼收,臺北市,文山區,臺北市文山區萬興里秀明路二段175號,https://www.tcsh.tp.edu.tw/,(02)22348989,綜合高中:234；餐飲管理科:28,290,290,資優/特色班請依各校及基北區官方公告查詢,115學年度課程依校方課程計畫安排，涵蓋綜合高中、餐飲管理科；共同核心之外，依學程與選修方向配置校訂、多元選修及專業課程。,私立大誠高中：綜合高中、餐飲管理科等科別依115學年度課程計畫安排專業實習、實作與專題製作，並透過作品、技能或成果發表整合專業學習。,私立大誠高中的學生專車目前沒有公開的路線、站點或申請資訊；一般捷運、臺鐵、公車與步行路線另列於「通勤資訊」。,可由捷運文湖線「動物園站」轉乘295、237、679等路線，在「大誠高中」站下車；校址位於秀明路二段175號。,私立大誠高中的一般高中部住宿目前沒有公開的校內宿舍申請、床位或收費方案；特定班級、專案或其他部別住宿另行區分。,https://www.google.com/maps/search/?api=1&query=%E8%87%BA%E5%8C%97%E5%B8%82%E6%96%87%E5%B1%B1%E5%8D%80%E8%90%AC%E8%88%88%E9%87%8C%E7%A7%80%E6%98%8E%E8%B7%AF%E4%BA%8C%E6%AE%B5175%E8%99%9F,https://www.tcsh.tp.edu.tw/uploadfiles/2025061923421414a.pdf,https://www.tcsh.tp.edu.tw/,https://atis.taipei.gov.tw/aspx/businfomation/presentinfo.aspx?ddlName=295&lang=zh-Hant-TW,https://atis.taipei.gov.tw/aspx/businfomation/presentinfo.aspx?ddlName=295&lang=zh-Hant-TW；https://www.google.com/maps/search/?api=1&query=%E8%87%BA%E5%8C%97%E5%B8%82%E6%96%87%E5%B1%B1%E5%8D%80%E8%90%AC%E8%88%88%E9%87%8C%E7%A7%80%E6%98%8E%E8%B7%AF%E4%BA%8C%E6%AE%B5175%E8%99%9F,https://www.tcsh.tp.edu.tw/,https://www.tcsh.tp.edu.tw/,https://www.tcsh.tp.edu.tw/uploadfiles/2025061923421414a.pdf；https://www.tcsh.tp.edu.tw/；https://atis.taipei.gov.tw/aspx/businfomation/presentinfo.aspx?ddlName=295&lang=zh-Hant-TW；https://www.google.com/maps/search/?api=1&query=%E8%87%BA%E5%8C%97%E5%B8%82%E6%96%87%E5%B1%B1%E5%8D%80%E8%90%AC%E8%88%88%E9%87%8C%E7%A7%80%E6%98%8E%E8%B7%AF%E4%BA%8C%E6%AE%B5175%E8%99%9F,2026-09-06
,421303,私立奎山實驗高級中學,私立,基北區,綜高,男女兼收,臺北市,北投區,臺北市北投區榮華里明德路200號,https://www.kshs.tp.edu.tw/,(02)28212009,普通科:8；綜合高中:50；機械科:25,83,83,資優/特色班請依各校及基北區官方公告查詢,115學年度課程依校方課程計畫安排，涵蓋普通科、綜合高中、機械科；共同核心之外，依學程與選修方向配置校訂、多元選修及專業課程。,私立奎山實驗高級中學：普通科、綜合高中、機械科等科別依115學年度課程計畫安排專業實習、實作與專題製作，並透過作品、技能或成果發表整合專業學習。,私立奎山實驗高級中學的學生專車目前沒有公開的路線、站點或申請資訊；一般捷運、臺鐵、公車與步行路線另列於「通勤資訊」。,捷運淡水信義線至「明德站」，出口左轉後步行約7分鐘；216、223、267、665可於「奎山中學」站下車。,私立奎山實驗高級中學的一般高中部住宿目前沒有公開的校內宿舍申請、床位或收費方案；特定班級、專案或其他部別住宿另行區分。,https://www.google.com/maps/search/?api=1&query=%E8%87%BA%E5%8C%97%E5%B8%82%E5%8C%97%E6%8A%95%E5%8D%80%E6%A6%AE%E8%8F%AF%E9%87%8C%E6%98%8E%E5%BE%B7%E8%B7%AF200%E8%99%9F,https://courset.k12ea.gov.tw/courseinformation/indextea01.asp,https://www.kshs.tp.edu.tw/,https://www.kshs.tp.edu.tw/,https://www.kshs.tp.edu.tw/；https://www.google.com/maps/search/?api=1&query=%E8%87%BA%E5%8C%97%E5%B8%82%E5%8C%97%E6%8A%95%E5%8D%80%E6%A6%AE%E8%8F%AF%E9%87%8C%E6%98%8E%E5%BE%B7%E8%B7%AF200%E8%99%9F,https://www.kshs.tp.edu.tw/,https://www.kshs.tp.edu.tw/,https://courset.k12ea.gov.tw/courseinformation/indextea01.asp；https://www.kshs.tp.edu.tw/；https://www.google.com/maps/search/?api=1&query=%E8%87%BA%E5%8C%97%E5%B8%82%E5%8C%97%E6%8A%95%E5%8D%80%E6%A6%AE%E8%8F%AF%E9%87%8C%E6%98%8E%E5%BE%B7%E8%B7%AF200%E8%99%9F,2026-09-06
,331301,私立延平中學,私立,基北區,高中,男女兼收,臺北市,大安區,臺北市大安區和安里建國南路1段275號,http://www.yphs.tp.edu.tw,(02)27071478,普通科:96；普通科(女):158,254,254,資優/特色班請依各校及基北區官方公告查詢,私立延平中學115學年度普通科課程以部定必修為基礎，並配置校訂必修、多元選修、自然與社會探究實作及自主學習；內容依該校115學年度課程計畫架構整理。,私立延平中學的主要實作學習包含自然科與社會領域探究實作、自主學習與學習成果；校訂課程、多元選修或特色班可再延伸為專題研究與成果發表。,私立延平中學的學生專車目前沒有公開的路線、站點或申請資訊；一般捷運、臺鐵、公車與步行路線另列於「通勤資訊」。,公車可直接於「延平中學」站下車，紅57等路線停靠；由捷運忠孝新生站或忠孝復興站可再轉乘市區公車前往建國南路一段校址。,私立延平中學的一般高中部住宿目前沒有公開的校內宿舍申請、床位或收費方案；特定班級、專案或其他部別住宿另行區分。,https://www.google.com/maps/search/?api=1&query=%E8%87%BA%E5%8C%97%E5%B8%82%E5%A4%A7%E5%AE%89%E5%8D%80%E5%92%8C%E5%AE%89%E9%87%8C%E5%BB%BA%E5%9C%8B%E5%8D%97%E8%B7%AF1%E6%AE%B5275%E8%99%9F,https://www.yphs.tp.edu.tw/office/div_200/section_210/學校課程計畫/,http://www.yphs.tp.edu.tw,https://atis.taipei.gov.tw/aspx/businfomation/presentinfo.aspx?ddlName=%E7%B4%8557&lang=zh-Hant-TW,https://atis.taipei.gov.tw/aspx/businfomation/presentinfo.aspx?ddlName=%E7%B4%8557&lang=zh-Hant-TW；https://www.google.com/maps/search/?api=1&query=%E8%87%BA%E5%8C%97%E5%B8%82%E5%A4%A7%E5%AE%89%E5%8D%80%E5%92%8C%E5%AE%89%E9%87%8C%E5%BB%BA%E5%9C%8B%E5%8D%97%E8%B7%AF1%E6%AE%B5275%E8%99%9F,http://www.yphs.tp.edu.tw,http://www.yphs.tp.edu.tw,https://www.yphs.tp.edu.tw/office/div_200/section_210/學校課程計畫/；http://www.yphs.tp.edu.tw；https://atis.taipei.gov.tw/aspx/businfomation/presentinfo.aspx?ddlName=%E7%B4%8557&lang=zh-Hant-TW；https://www.google.com/maps/search/?api=1&query=%E8%87%BA%E5%8C%97%E5%B8%82%E5%A4%A7%E5%AE%89%E5%8D%80%E5%92%8C%E5%AE%89%E9%87%8C%E5%BB%BA%E5%9C%8B%E5%8D%97%E8%B7%AF1%E6%AE%B5275%E8%99%9F,2026-09-06
,331304,私立復興實驗高中,私立,基北區,高中,男女兼收,臺北市,大安區,臺北市大安區仁愛里敦化南路一段262號,https://www.fhjh.tp.edu.tw/,(02)27715859,普通科:29,29,29,資優/特色班請依各校及基北區官方公告查詢,私立復興實驗高中115學年度普通科課程以部定必修為基礎，並配置校訂必修、多元選修、自然與社會探究實作及自主學習；內容依該校115學年度課程計畫架構整理。,私立復興實驗高中的主要實作學習包含自然科與社會領域探究實作、自主學習與學習成果；校訂課程、多元選修或特色班可再延伸為專題研究與成果發表。,私立復興實驗高中的學生專車目前沒有公開的路線、站點或申請資訊；一般捷運、臺鐵、公車與步行路線另列於「通勤資訊」。,捷運板南線至「忠孝敦化站」或「忠孝復興站」後步行前往；公車可利用頂好市場、仁愛國中、仁愛醫院等周邊站牌。,私立復興實驗高中的一般高中部住宿目前沒有公開的校內宿舍申請、床位或收費方案；特定班級、專案或其他部別住宿另行區分。,https://www.google.com/maps/search/?api=1&query=%E8%87%BA%E5%8C%97%E5%B8%82%E5%A4%A7%E5%AE%89%E5%8D%80%E4%BB%81%E6%84%9B%E9%87%8C%E6%95%A6%E5%8C%96%E5%8D%97%E8%B7%AF%E4%B8%80%E6%AE%B5262%E8%99%9F,https://www.fhjh.tp.edu.tw/faculty-introduction/672,https://www.fhjh.tp.edu.tw/,https://cell.moe.edu.tw/Guests/SchlOne.aspx?gschlid=6,https://cell.moe.edu.tw/Guests/SchlOne.aspx?gschlid=6；https://www.google.com/maps/search/?api=1&query=%E8%87%BA%E5%8C%97%E5%B8%82%E5%A4%A7%E5%AE%89%E5%8D%80%E4%BB%81%E6%84%9B%E9%87%8C%E6%95%A6%E5%8C%96%E5%8D%97%E8%B7%AF%E4%B8%80%E6%AE%B5262%E8%99%9F,https://www.fhjh.tp.edu.tw/,https://www.fhjh.tp.edu.tw/,https://www.fhjh.tp.edu.tw/faculty-introduction/672；https://www.fhjh.tp.edu.tw/；https://cell.moe.edu.tw/Guests/SchlOne.aspx?gschlid=6；https://www.google.com/maps/search/?api=1&query=%E8%87%BA%E5%8C%97%E5%B8%82%E5%A4%A7%E5%AE%89%E5%8D%80%E4%BB%81%E6%84%9B%E9%87%8C%E6%95%A6%E5%8C%96%E5%8D%97%E8%B7%AF%E4%B8%80%E6%AE%B5262%E8%99%9F,2026-09-06
,361B09,私立志仁中學進修學校,私立,基北區,進修部,男女兼收,臺北市,大同區,臺北市大同區建泰里南京西路64巷17號,http://www.cjvs.tp.edu.tw,(02)25551656,餐飲管理科:33；媒體設計科:33；觀光事業科:33；資料處理科:33；美容科:66；普通科:1,265,265,資優/特色班請依各校及基北區官方公告查詢,私立志仁中學進修學校：115學年度課程依各科課程計畫安排，主要科別包括餐飲管理科、媒體設計科、觀光事業科、資料處理科、美容科、普通科；各科結合專業理論、校訂課程與實習／實作學習。,私立志仁中學進修學校：餐飲管理科、媒體設計科、觀光事業科、資料處理科、美容科、普通科等科別依115學年度課程計畫安排專業實習、實作與專題製作，並透過作品、技能或成果發表整合專業學習。,私立志仁中學進修學校的學生專車目前沒有公開的路線、站點或申請資訊；一般捷運、臺鐵、公車與步行路線另列於「通勤資訊」。,捷運淡水信義線／松山新店線至「中山站」，由南京西路往南京西路64巷步行前往；校址位於南京西路64巷17號。,私立志仁中學進修學校的一般高中部住宿目前沒有公開的校內宿舍申請、床位或收費方案；特定班級、專案或其他部別住宿另行區分。,https://www.google.com/maps/search/?api=1&query=%E8%87%BA%E5%8C%97%E5%B8%82%E5%A4%A7%E5%90%8C%E5%8D%80%E5%BB%BA%E6%B3%B0%E9%87%8C%E5%8D%97%E4%BA%AC%E8%A5%BF%E8%B7%AF64%E5%B7%B717%E8%99%9F,https://courset.k12ea.gov.tw/courseinformation/indextea01.asp,http://www.cjvs.tp.edu.tw,http://www.cjvs.tp.edu.tw,http://www.cjvs.tp.edu.tw；https://www.google.com/maps/search/?api=1&query=%E8%87%BA%E5%8C%97%E5%B8%82%E5%A4%A7%E5%90%8C%E5%8D%80%E5%BB%BA%E6%B3%B0%E9%87%8C%E5%8D%97%E4%BA%AC%E8%A5%BF%E8%B7%AF64%E5%B7%B717%E8%99%9F,http://www.cjvs.tp.edu.tw,http://www.cjvs.tp.edu.tw,https://courset.k12ea.gov.tw/courseinformation/indextea01.asp；http://www.cjvs.tp.edu.tw；https://www.google.com/maps/search/?api=1&query=%E8%87%BA%E5%8C%97%E5%B8%82%E5%A4%A7%E5%90%8C%E5%8D%80%E5%BB%BA%E6%B3%B0%E9%87%8C%E5%8D%97%E4%BA%AC%E8%A5%BF%E8%B7%AF64%E5%B7%B717%E8%99%9F,2026-09-06
,381305,私立景文高中,私立,基北區,綜高,男女兼收,臺北市,文山區,臺北市文山區木新里保儀路127號,https://www.jwsh.tp.edu.tw/,(02)29390310,普通科:78；商業經營科:21；室內空間設計科:12；廣告設計科:12,123,123,資優/特色班請依各校及基北區官方公告查詢,115學年度課程依校方課程計畫安排，涵蓋普通科、商業經營科、室內空間設計科、廣告設計科；共同核心之外，依學程與選修方向配置校訂、多元選修及專業課程。,私立景文高中：普通科、商業經營科、室內空間設計科、廣告設計科等科別依115學年度課程計畫安排專業實習、實作與專題製作，並透過作品、技能或成果發表整合專業學習。,有專車；校方新生專區列有學生專車，服務臺北市多區及三重、蘆洲、新莊、樹林、中永和、板橋、土城、三峽、南港、汐止等方向。,另有木柵、萬芳醫院、七張、景美、大坪林等捷運站轉乘公車路線。,私立景文高中的一般高中部住宿目前沒有公開的校內宿舍申請、床位或收費方案；特定班級、專案或其他部別住宿另行區分。,https://www.google.com/maps/search/?api=1&query=%E8%87%BA%E5%8C%97%E5%B8%82%E6%96%87%E5%B1%B1%E5%8D%80%E6%9C%A8%E6%96%B0%E9%87%8C%E4%BF%9D%E5%84%80%E8%B7%AF127%E8%99%9F,https://www.jwsh.tp.edu.tw/wp-content/uploads/2026/03/115%E9%AB%98%E8%81%B7.pdf,https://www.jwsh.tp.edu.tw/,https://www.jwsh.tp.edu.tw/%E6%96%B0%E7%94%9F%E5%B0%88%E5%8D%80/,https://www.jwsh.tp.edu.tw/%E6%96%B0%E7%94%9F%E5%B0%88%E5%8D%80/；https://www.google.com/maps/search/?api=1&query=%E8%87%BA%E5%8C%97%E5%B8%82%E6%96%87%E5%B1%B1%E5%8D%80%E6%9C%A8%E6%96%B0%E9%87%8C%E4%BF%9D%E5%84%80%E8%B7%AF127%E8%99%9F,https://www.jwsh.tp.edu.tw/,https://www.jwsh.tp.edu.tw/,https://www.jwsh.tp.edu.tw/wp-content/uploads/2026/03/115%E9%AB%98%E8%81%B7.pdf；https://www.jwsh.tp.edu.tw/；https://www.jwsh.tp.edu.tw/%E6%96%B0%E7%94%9F%E5%B0%88%E5%8D%80/；https://www.google.com/maps/search/?api=1&query=%E8%87%BA%E5%8C%97%E5%B8%82%E6%96%87%E5%B1%B1%E5%8D%80%E6%9C%A8%E6%96%B0%E9%87%8C%E4%BF%9D%E5%84%80%E8%B7%AF127%E8%99%9F,2026-09-06
,381301,私立東山高中,私立,基北區,高中,男女兼收,臺北市,文山區,臺北市文山區老泉里老泉街26巷3號,http://www.tshs.tp.edu.tw,(02)29395826,普通科:72,72,72,資優/特色班請依各校及基北區官方公告查詢,私立東山高中115學年度普通科課程以部定必修為基礎，並配置校訂必修、多元選修、自然與社會探究實作及自主學習；內容依該校115學年度課程計畫架構整理。,私立東山高中的主要實作學習包含自然科與社會領域探究實作、自主學習與學習成果；校訂課程、多元選修或特色班可再延伸為專題研究與成果發表。,有校車；115學年度第1學期校方公布校車路線表，校方按學期公布校車路線、站點及發車時間。,可搭捷運文湖線至萬芳社區站後轉乘小11往老泉方向，在東山高中／老泉街26巷一帶下車前往校區；由新店方向也可先至七張、大坪林一帶再轉乘地面交通。,私立東山高中的一般高中部住宿目前沒有公開的校內宿舍申請、床位或收費方案；特定班級、專案或其他部別住宿另行區分。,https://www.google.com/maps/search/?api=1&query=%E8%87%BA%E5%8C%97%E5%B8%82%E6%96%87%E5%B1%B1%E5%8D%80%E8%80%81%E6%B3%89%E9%87%8C%E8%80%81%E6%B3%89%E8%A1%9726%E5%B7%B73%E8%99%9F,https://courset.k12ea.gov.tw/courseinformation/indextea01.asp,http://www.tshs.tp.edu.tw,https://www.tshs.tp.edu.tw/p20_schoolbus.asp,https://www.tshs.tp.edu.tw/p20_schoolbus.asp；https://www.google.com/maps/search/?api=1&query=%E8%87%BA%E5%8C%97%E5%B8%82%E6%96%87%E5%B1%B1%E5%8D%80%E8%80%81%E6%B3%89%E9%87%8C%E8%80%81%E6%B3%89%E8%A1%9726%E5%B7%B73%E8%99%9F,http://www.tshs.tp.edu.tw,http://www.tshs.tp.edu.tw,https://courset.k12ea.gov.tw/courseinformation/indextea01.asp；http://www.tshs.tp.edu.tw；https://www.tshs.tp.edu.tw/p20_schoolbus.asp；https://www.google.com/maps/search/?api=1&query=%E8%87%BA%E5%8C%97%E5%B8%82%E6%96%87%E5%B1%B1%E5%8D%80%E8%80%81%E6%B3%89%E9%87%8C%E8%80%81%E6%B3%89%E8%A1%9726%E5%B7%B73%E8%99%9F,2026-09-06
,411301,私立泰北高中,私立,基北區,高職,男女兼收,臺北市,士林區,臺北市士林區福林里福林路240號,https://www.tpsh.tp.edu.tw/,(02)28825560,應用日語科:8；美工科:7；廣告設計科:7；多媒體設計科:26；表演藝術科:26,74,74,資優/特色班請依各校及基北區官方公告查詢,私立泰北高中：115學年度課程依各科課程計畫安排，主要科別包括應用日語科、美工科、廣告設計科、多媒體設計科、表演藝術科；各科結合專業理論、校訂課程與實習／實作學習。,私立泰北高中：應用日語科、美工科、廣告設計科、多媒體設計科、表演藝術科等科別依115學年度課程計畫安排專業實習、實作與專題製作，並透過作品、技能或成果發表整合專業學習。,私立泰北高中的學生專車目前沒有公開的路線、站點或申請資訊；一般捷運、臺鐵、公車與步行路線另列於「通勤資訊」。,捷運淡水信義線至「士林站」，1號出口可轉乘206、255、260、303、304、紅5等至「泰北中學」站；亦可由士林站2號出口步行前往。,校方首頁於2026-08-26公告115學年度第1學期住宿生名單；可確認本學期有住宿生制度，住宿資格與入住事項依生輔組公告辦理。,https://www.google.com/maps/search/?api=1&query=%E8%87%BA%E5%8C%97%E5%B8%82%E5%A3%AB%E6%9E%97%E5%8D%80%E7%A6%8F%E6%9E%97%E9%87%8C%E7%A6%8F%E6%9E%97%E8%B7%AF240%E8%99%9F,https://www.tpsh.tp.edu.tw/academic-affairs-office/teaching-group/high-school-plan,https://www.tpsh.tp.edu.tw/news/news-filter/news/internship-group-news,https://www.tpsh.tp.edu.tw/index.php?Itemid=256&id=59&option=com_content&view=article,https://www.tpsh.tp.edu.tw/index.php?Itemid=256&id=59&option=com_content&view=article；https://www.google.com/maps/search/?api=1&query=%E8%87%BA%E5%8C%97%E5%B8%82%E5%A3%AB%E6%9E%97%E5%8D%80%E7%A6%8F%E6%9E%97%E9%87%8C%E7%A6%8F%E6%9E%97%E8%B7%AF240%E8%99%9F,https://www.tpsh.tp.edu.tw/,https://www.tpsh.tp.edu.tw/,https://www.tpsh.tp.edu.tw/academic-affairs-office/teaching-group/high-school-plan；https://www.tpsh.tp.edu.tw/news/news-filter/news/internship-group-news；https://www.tpsh.tp.edu.tw/index.php?Itemid=256&id=59&option=com_content&view=article；https://www.google.com/maps/search/?api=1&query=%E8%87%BA%E5%8C%97%E5%B8%82%E5%A3%AB%E6%9E%97%E5%8D%80%E7%A6%8F%E6%9E%97%E9%87%8C%E7%A6%8F%E6%9E%97%E8%B7%AF240%E8%99%9F；https://www.tpsh.tp.edu.tw/,2026-09-06
,381302,私立滬江高中,私立,基北區,高職,男女兼收,臺北市,文山區,臺北市文山區景美里羅斯福路六段336號,https://www.hchs.tp.edu.tw/,(02)86631122,室內空間設計科:25；餐飲管理科:25,50,50,資優/特色班請依各校及基北區官方公告查詢,私立滬江高中：115學年度課程依各科課程計畫安排，主要科別包括室內空間設計科、餐飲管理科；各科結合專業理論、校訂課程與實習／實作學習。,私立滬江高中：室內空間設計科、餐飲管理科等科別依115學年度課程計畫安排專業實習、實作與專題製作，並透過作品、技能或成果發表整合專業學習。,私立滬江高中的學生專車目前沒有公開的路線、站點或申請資訊；一般捷運、臺鐵、公車與步行路線另列於「通勤資訊」。,捷運松山新店線至「景美站」，由3號出口右轉或1號出口過羅斯福路後步行約5分鐘；252、290、643、644、648、基隆路幹線等可於「滬江中學」站下車。,私立滬江高中的一般高中部住宿目前沒有公開的校內宿舍申請、床位或收費方案；特定班級、專案或其他部別住宿另行區分。,https://www.google.com/maps/search/?api=1&query=%E8%87%BA%E5%8C%97%E5%B8%82%E6%96%87%E5%B1%B1%E5%8D%80%E6%99%AF%E7%BE%8E%E9%87%8C%E7%BE%85%E6%96%AF%E7%A6%8F%E8%B7%AF%E5%85%AD%E6%AE%B5336%E8%99%9F,https://hchs.tp.edu.tw/hujiang/108CourseOutline.html,https://www.hchs.tp.edu.tw/,https://www.hchs.tp.edu.tw/hujiang/a5.html,https://www.hchs.tp.edu.tw/hujiang/a5.html；https://www.google.com/maps/search/?api=1&query=%E8%87%BA%E5%8C%97%E5%B8%82%E6%96%87%E5%B1%B1%E5%8D%80%E6%99%AF%E7%BE%8E%E9%87%8C%E7%BE%85%E6%96%AF%E7%A6%8F%E8%B7%AF%E5%85%AD%E6%AE%B5336%E8%99%9F,https://www.hchs.tp.edu.tw/,https://www.hchs.tp.edu.tw/,https://hchs.tp.edu.tw/hujiang/108CourseOutline.html；https://www.hchs.tp.edu.tw/；https://www.hchs.tp.edu.tw/hujiang/a5.html；https://www.google.com/maps/search/?api=1&query=%E8%87%BA%E5%8C%97%E5%B8%82%E6%96%87%E5%B1%B1%E5%8D%80%E6%99%AF%E7%BE%8E%E9%87%8C%E7%BE%85%E6%96%AF%E7%A6%8F%E8%B7%AF%E5%85%AD%E6%AE%B5336%E8%99%9F,2026-09-06
,341402,私立稻江護家,私立,基北區,綜高,男女兼收,臺北市,中山區,臺北市中山區新庄里新生北路三段55號,http://www.tcnvs.tp.edu.tw,(02)25955161,家政科:31；幼兒保育科:72；時尚造型科:63；餐飲管理科:63；綜合高中:37；機電科:37,303,303,資優/特色班請依各校及基北區官方公告查詢,115學年度課程依校方課程計畫安排，涵蓋家政科、幼兒保育科、時尚造型科、餐飲管理科、綜合高中、機電科；共同核心之外，依學程與選修方向配置校訂、多元選修及專業課程。,私立稻江護家：家政科、幼兒保育科、時尚造型科、餐飲管理科、綜合高中、機電科等科別依115學年度課程計畫安排專業實習、實作與專題製作，並透過作品、技能或成果發表整合專業學習。,私立稻江護家的學生專車目前沒有公開的路線、站點或申請資訊；一般捷運、臺鐵、公車與步行路線另列於「通勤資訊」。,捷運中和新蘆線至「中山國小站」4號出口，步行約5分鐘；公車可於「稻江護校」站下車。,私立稻江護家的一般高中部住宿目前沒有公開的校內宿舍申請、床位或收費方案；特定班級、專案或其他部別住宿另行區分。,https://www.google.com/maps/search/?api=1&query=%E8%87%BA%E5%8C%97%E5%B8%82%E4%B8%AD%E5%B1%B1%E5%8D%80%E6%96%B0%E5%BA%84%E9%87%8C%E6%96%B0%E7%94%9F%E5%8C%97%E8%B7%AF%E4%B8%89%E6%AE%B555%E8%99%9F,https://courset.k12ea.gov.tw/courseinformation/indextea01.asp,http://www.tcnvs.tp.edu.tw,https://djbabycare.tcnvs.tp.edu.tw/elementor-1055/,https://djbabycare.tcnvs.tp.edu.tw/elementor-1055/；https://www.google.com/maps/search/?api=1&query=%E8%87%BA%E5%8C%97%E5%B8%82%E4%B8%AD%E5%B1%B1%E5%8D%80%E6%96%B0%E5%BA%84%E9%87%8C%E6%96%B0%E7%94%9F%E5%8C%97%E8%B7%AF%E4%B8%89%E6%AE%B555%E8%99%9F,http://www.tcnvs.tp.edu.tw,http://www.tcnvs.tp.edu.tw,https://courset.k12ea.gov.tw/courseinformation/indextea01.asp；http://www.tcnvs.tp.edu.tw；https://djbabycare.tcnvs.tp.edu.tw/elementor-1055/；https://www.google.com/maps/search/?api=1&query=%E8%87%BA%E5%8C%97%E5%B8%82%E4%B8%AD%E5%B1%B1%E5%8D%80%E6%96%B0%E5%BA%84%E9%87%8C%E6%96%B0%E7%94%9F%E5%8C%97%E8%B7%AF%E4%B8%89%E6%AE%B555%E8%99%9F,2026-09-06
,361401,私立稻江高商,私立,基北區,高職,男女兼收,臺北市,大同區,臺北市大同區隆和里民權西路225巷24號,http://www.tkcvs.tp.edu.tw,(02)25912001,商業經營科:31；應用日語科:31；廣告設計科:63；觀光事業科:52,177,177,資優/特色班請依各校及基北區官方公告查詢,私立稻江高商：115學年度課程依各科課程計畫安排，主要科別包括商業經營科、應用日語科、廣告設計科、觀光事業科；各科結合專業理論、校訂課程與實習／實作學習。,私立稻江高商：商業經營科、應用日語科、廣告設計科、觀光事業科等科別依115學年度課程計畫安排專業實習、實作與專題製作，並透過作品、技能或成果發表整合專業學習。,私立稻江高商的學生專車目前沒有公開的路線、站點或申請資訊；一般捷運、臺鐵、公車與步行路線另列於「通勤資訊」。,捷運中和新蘆線至「大橋頭站」，沿民權西路往225巷方向步行前往；校址位於民權西路225巷24號。,私立稻江高商的一般高中部住宿目前沒有公開的校內宿舍申請、床位或收費方案；特定班級、專案或其他部別住宿另行區分。,https://www.google.com/maps/search/?api=1&query=%E8%87%BA%E5%8C%97%E5%B8%82%E5%A4%A7%E5%90%8C%E5%8D%80%E9%9A%86%E5%92%8C%E9%87%8C%E6%B0%91%E6%AC%8A%E8%A5%BF%E8%B7%AF225%E5%B7%B724%E8%99%9F,https://www.tkcvs.tp.edu.tw/files/14-1000-5588%2Cr107-1.php?Lang=zh-tw,https://www.tkcvs.tp.edu.tw/files/131-1000-77.php?Lang=zh-tw,http://www.tkcvs.tp.edu.tw,http://www.tkcvs.tp.edu.tw；https://www.google.com/maps/search/?api=1&query=%E8%87%BA%E5%8C%97%E5%B8%82%E5%A4%A7%E5%90%8C%E5%8D%80%E9%9A%86%E5%92%8C%E9%87%8C%E6%B0%91%E6%AC%8A%E8%A5%BF%E8%B7%AF225%E5%B7%B724%E8%99%9F,http://www.tkcvs.tp.edu.tw,http://www.tkcvs.tp.edu.tw,https://www.tkcvs.tp.edu.tw/files/14-1000-5588%2Cr107-1.php?Lang=zh-tw；https://www.tkcvs.tp.edu.tw/files/131-1000-77.php?Lang=zh-tw；http://www.tkcvs.tp.edu.tw；https://www.google.com/maps/search/?api=1&query=%E8%87%BA%E5%8C%97%E5%B8%82%E5%A4%A7%E5%90%8C%E5%8D%80%E9%9A%86%E5%92%8C%E9%87%8C%E6%B0%91%E6%AC%8A%E8%A5%BF%E8%B7%AF225%E5%B7%B724%E8%99%9F,2026-09-06
,311401,私立育達高中,私立,基北區,高職,男女兼收,臺北市,松山區,105 臺北市松山區寧安街12號,https://www.yudah.tp.edu.tw/,(02)25706767,烘焙科:131；時尚造型科:178；觀光事業科:89；餐飲管理科:319；表演藝術科:178,895,895,資優/特色班請依各校及基北區官方公告查詢,普通高中與多媒體設計、觀光、餐飲、時尚造型、表演藝術、烘焙等專業方向並行，另有新媒體等特色／實驗課程。,專業科別依實習與產學合作辦理校外實習、技能實作及作品／展演成果；實習單位與專題依各科課程及合作安排進行。,私立育達高中的學生專車目前沒有公開的路線、站點或申請資訊；一般捷運、臺鐵、公車與步行路線另列於「通勤資訊」。,捷運可在台北小巨蛋站3號或4號出口下車後步行約3分鐘；南京東路寧安街口有46、248、266、277、279、282、288、306、307、604、605、622、668、675等公車。,私立育達高中的一般高中部住宿目前沒有公開的校內宿舍申請、床位或收費方案；特定班級、專案或其他部別住宿另行區分。,https://www.google.com/maps/search/?api=1&query=105+%E8%87%BA%E5%8C%97%E5%B8%82%E6%9D%BE%E5%B1%B1%E5%8D%80%E5%AF%A7%E5%AE%89%E8%A1%9712%E8%99%9F,https://courset.k12ea.gov.tw/courseinformation/indextea01.asp,https://www.yudah.tp.edu.tw/,https://www.yudah.tp.edu.tw/,https://www.yudah.tp.edu.tw/；https://www.google.com/maps/search/?api=1&query=105+%E8%87%BA%E5%8C%97%E5%B8%82%E6%9D%BE%E5%B1%B1%E5%8D%80%E5%AF%A7%E5%AE%89%E8%A1%9712%E8%99%9F,https://www.yudah.tp.edu.tw/,https://www.yudah.tp.edu.tw/,https://courset.k12ea.gov.tw/courseinformation/indextea01.asp；https://www.yudah.tp.edu.tw/；https://www.google.com/maps/search/?api=1&query=105+%E8%87%BA%E5%8C%97%E5%B8%82%E6%9D%BE%E5%B1%B1%E5%8D%80%E5%AF%A7%E5%AE%89%E8%A1%9712%E8%99%9F,2026-09-06
,411303,私立華興中學,私立,基北區,高中,男女兼收,臺北市,士林區,臺北市士林區芝山里仰德大道1段101號,http://www.hhhs.tp.edu.tw,(02)28316834,普通科:27,27,27,資優/特色班請依各校及基北區官方公告查詢,私立華興中學115學年度普通科課程以部定必修為基礎，並配置校訂必修、多元選修、自然與社會探究實作及自主學習；內容依該校115學年度課程計畫架構整理。,私立華興中學的主要實作學習包含自然科與社會領域探究實作、自主學習與學習成果；校訂課程、多元選修或特色班可再延伸為專題研究與成果發表。,有專車；華興中學設有學生校車，通勤路線包含榮總、石牌、圓環、東湖、內湖、大直、劍潭、忠孝復興及三重蘆洲等方向。,一般公車109、111、260、303、681、紅5等亦可於「華興中學」站下車。,私立華興中學的一般高中部住宿目前沒有公開的校內宿舍申請、床位或收費方案；特定班級、專案或其他部別住宿另行區分。,https://www.google.com/maps/search/?api=1&query=%E8%87%BA%E5%8C%97%E5%B8%82%E5%A3%AB%E6%9E%97%E5%8D%80%E8%8A%9D%E5%B1%B1%E9%87%8C%E4%BB%B0%E5%BE%B7%E5%A4%A7%E9%81%931%E6%AE%B5101%E8%99%9F,https://courset.k12ea.gov.tw/courseinformation/indextea01.asp,http://www.hhhs.tp.edu.tw,https://sites.google.com/hhhs.tp.edu.tw/hxbc/,https://sites.google.com/hhhs.tp.edu.tw/hxbc/；https://www.google.com/maps/search/?api=1&query=%E8%87%BA%E5%8C%97%E5%B8%82%E5%A3%AB%E6%9E%97%E5%8D%80%E8%8A%9D%E5%B1%B1%E9%87%8C%E4%BB%B0%E5%BE%B7%E5%A4%A7%E9%81%931%E6%AE%B5101%E8%99%9F,http://www.hhhs.tp.edu.tw,http://www.hhhs.tp.edu.tw,https://courset.k12ea.gov.tw/courseinformation/indextea01.asp；http://www.hhhs.tp.edu.tw；https://sites.google.com/hhhs.tp.edu.tw/hxbc/；https://www.google.com/maps/search/?api=1&query=%E8%87%BA%E5%8C%97%E5%B8%82%E5%A3%AB%E6%9E%97%E5%8D%80%E8%8A%9D%E5%B1%B1%E9%87%8C%E4%BB%B0%E5%BE%B7%E5%A4%A7%E9%81%931%E6%AE%B5101%E8%99%9F,2026-09-06
,421301,私立薇閣高中,私立,基北區,高中,男女兼收,臺北市,北投區,臺北市北投區中心里珠海路50號,https://www.wghs.tp.edu.tw/nss/p/index,(02)28925332,普通科:57,57,57,資優/特色班請依各校及基北區官方公告查詢,私立薇閣高中115學年度普通科課程以部定必修為基礎，並配置校訂必修、多元選修、自然與社會探究實作及自主學習；內容依該校115學年度課程計畫架構整理。,私立薇閣高中的主要實作學習包含自然科與社會領域探究實作、自主學習與學習成果；校訂課程、多元選修或特色班可再延伸為專題研究與成果發表。,有校車；校方設有校車路線專區，校方公布校車路線、站點及時刻供學生搭乘。,可先搭捷運淡水信義線至北投或新北投站，再轉乘北投珠海路方向公車或步行前往珠海路50號校區。,私立薇閣高中的一般高中部住宿目前沒有公開的校內宿舍申請、床位或收費方案；特定班級、專案或其他部別住宿另行區分。,https://www.google.com/maps/search/?api=1&query=%E8%87%BA%E5%8C%97%E5%B8%82%E5%8C%97%E6%8A%95%E5%8D%80%E4%B8%AD%E5%BF%83%E9%87%8C%E7%8F%A0%E6%B5%B7%E8%B7%AF50%E8%99%9F,https://courset.k12ea.gov.tw/courseinformation/indextea01.asp,https://www.wghs.tp.edu.tw/nss/p/index,https://www.wghs.tp.edu.tw/nss/p/About1busmap,https://www.wghs.tp.edu.tw/nss/p/About1busmap；https://www.google.com/maps/search/?api=1&query=%E8%87%BA%E5%8C%97%E5%B8%82%E5%8C%97%E6%8A%95%E5%8D%80%E4%B8%AD%E5%BF%83%E9%87%8C%E7%8F%A0%E6%B5%B7%E8%B7%AF50%E8%99%9F,https://www.wghs.tp.edu.tw/nss/p/index,https://www.wghs.tp.edu.tw/nss/p/index,https://courset.k12ea.gov.tw/courseinformation/indextea01.asp；https://www.wghs.tp.edu.tw/nss/p/index；https://www.wghs.tp.edu.tw/nss/p/About1busmap；https://www.google.com/maps/search/?api=1&query=%E8%87%BA%E5%8C%97%E5%B8%82%E5%8C%97%E6%8A%95%E5%8D%80%E4%B8%AD%E5%BF%83%E9%87%8C%E7%8F%A0%E6%B5%B7%E8%B7%AF50%E8%99%9F,2026-09-06
,411302,私立衛理女中,私立,基北區,高中,女校,臺北市,士林區,111003 臺北市士林區至善路二段321號,https://www.wlgsh.tp.edu.tw/,(02)28411487,普通科(女):64,64,64,資優/特色班請依各校及基北區官方公告查詢,私立衛理女中115學年度普通科課程以部定必修為基礎，並配置校訂必修、多元選修、自然與社會探究實作及自主學習；內容依該校115學年度課程計畫架構整理。,私立衛理女中的主要實作學習包含自然科與社會領域探究實作、自主學習與學習成果；校訂課程、多元選修或特色班可再延伸為專題研究與成果發表。,私立衛理女中的學生專車目前沒有公開的路線、站點或申請資訊；一般捷運、臺鐵、公車與步行路線另列於「通勤資訊」。,由捷運士林站可搭255、小18、小19至「衛理女中」站，或搭304、815至故宮後步行約5分鐘；由捷運大直站3號出口可搭棕13前往學校。,校方設學生宿舍與住宿專區；入住資格、床位、費用及作息依當學年度住宿公告。,https://www.google.com/maps/search/?api=1&query=111003+%E8%87%BA%E5%8C%97%E5%B8%82%E5%A3%AB%E6%9E%97%E5%8D%80%E8%87%B3%E5%96%84%E8%B7%AF%E4%BA%8C%E6%AE%B5321%E8%99%9F,https://courset.k12ea.gov.tw/courseinformation/indexStu01.asp,https://www.wlgsh.tp.edu.tw/,https://www.wlgsh.tp.edu.tw/uploads/17013307572045GlZHohV.pdf,https://www.wlgsh.tp.edu.tw/uploads/17013307572045GlZHohV.pdf；https://www.google.com/maps/search/?api=1&query=111003+%E8%87%BA%E5%8C%97%E5%B8%82%E5%A3%AB%E6%9E%97%E5%8D%80%E8%87%B3%E5%96%84%E8%B7%AF%E4%BA%8C%E6%AE%B5321%E8%99%9F,https://www.wlgsh.tp.edu.tw/nss/p/Res001,https://www.wlgsh.tp.edu.tw/,https://courset.k12ea.gov.tw/courseinformation/indexStu01.asp；https://www.wlgsh.tp.edu.tw/；https://www.wlgsh.tp.edu.tw/uploads/17013307572045GlZHohV.pdf；https://www.google.com/maps/search/?api=1&query=111003+%E8%87%BA%E5%8C%97%E5%B8%82%E5%A3%AB%E6%9E%97%E5%8D%80%E8%87%B3%E5%96%84%E8%B7%AF%E4%BA%8C%E6%AE%B5321%E8%99%9F；https://www.wlgsh.tp.edu.tw/nss/p/Res001,2026-09-06
,401303,私立達人高中,私立,基北區,高中,男女兼收,臺北市,內湖區,臺北市內湖區湖濱里內湖路二段314號,https://www1.trgsh.tp.edu.tw/,(02)27956899,普通科(女):29；普通科:56,85,85,資優/特色班請依各校及基北區官方公告查詢,私立達人高中115學年度普通科課程以部定必修為基礎，並配置校訂必修、多元選修、自然與社會探究實作及自主學習；內容依該校115學年度課程計畫架構整理。,私立達人高中的主要實作學習包含自然科與社會領域探究實作、自主學習與學習成果；校訂課程、多元選修或特色班可再延伸為專題研究與成果發表。,有校車；校方總務處設有校車資訊，提供上學、放學及課後時段校車路線；校方按學期公布校車路線及站點。,捷運文湖線內湖站或文德站下車後步行約10分鐘；公車21、28、247、247區、267、278、552、小2可在「達人高中」站下車後步行約2分鐘。,私立達人高中的一般高中部住宿目前沒有公開的校內宿舍申請、床位或收費方案；特定班級、專案或其他部別住宿另行區分。,https://www.google.com/maps/search/?api=1&query=%E8%87%BA%E5%8C%97%E5%B8%82%E5%85%A7%E6%B9%96%E5%8D%80%E6%B9%96%E6%BF%B1%E9%87%8C%E5%85%A7%E6%B9%96%E8%B7%AF%E4%BA%8C%E6%AE%B5314%E8%99%9F,https://www1.trgsh.tp.edu.tw/static/webroot/G157381724340374/application/NL161404994409238.pdf,https://www1.trgsh.tp.edu.tw/,https://www1.trgsh.tp.edu.tw/general/content?a=T0RESU9EQTBNelU0TmpFPTJJek00a1ROeGNsVGludGVseQ%3D%3D,https://www1.trgsh.tp.edu.tw/general/content?a=T0RESU9EQTBNelU0TmpFPTJJek00a1ROeGNsVGludGVseQ%3D%3D；https://www.google.com/maps/search/?api=1&query=%E8%87%BA%E5%8C%97%E5%B8%82%E5%85%A7%E6%B9%96%E5%8D%80%E6%B9%96%E6%BF%B1%E9%87%8C%E5%85%A7%E6%B9%96%E8%B7%AF%E4%BA%8C%E6%AE%B5314%E8%99%9F；https://sites.google.com/trgsh.tp.edu.tw/senior/%E9%A6%96%E9%A0%81,https://www1.trgsh.tp.edu.tw/,https://www1.trgsh.tp.edu.tw/,https://www1.trgsh.tp.edu.tw/static/webroot/G157381724340374/application/NL161404994409238.pdf；https://www1.trgsh.tp.edu.tw/；https://www1.trgsh.tp.edu.tw/general/content?a=T0RESU9EQTBNelU0TmpFPTJJek00a1ROeGNsVGludGVseQ%3D%3D；https://www.google.com/maps/search/?api=1&query=%E8%87%BA%E5%8C%97%E5%B8%82%E5%85%A7%E6%B9%96%E5%8D%80%E6%B9%96%E6%BF%B1%E9%87%8C%E5%85%A7%E6%B9%96%E8%B7%AF%E4%BA%8C%E6%AE%B5314%E8%99%9F；https://sites.google.com/trgsh.tp.edu.tw/senior/%E9%A6%96%E9%A0%81,2026-09-06
,331302,私立金甌女中,私立,基北區,高職,女校,臺北市,大安區,106301 臺北市大安區杭州南路二段1號,https://www.cogsh.tp.edu.tw/,(02)23214765,日間部(女):65；應用日語科(女):45；多媒體設計科(女):45,155,155,資優/特色班請依各校及基北區官方公告查詢,私立金甌女中：115學年度課程依各科課程計畫安排，主要科別包括日間部、應用日語科、多媒體設計科；各科結合專業理論、校訂課程與實習／實作學習。,私立金甌女中：日間部、應用日語科、多媒體設計科等科別依115學年度課程計畫安排專業實習、實作與專題製作，並透過作品、技能或成果發表整合專業學習。,私立金甌女中的學生專車目前沒有公開的路線、站點或申請資訊；一般捷運、臺鐵、公車與步行路線另列於「通勤資訊」。,捷運東門站3號出口下車後步行約5分鐘；公車可在「金甌女中」站搭38、237、249、253，或在信義杭州路口搭0東、20、22、38、88、204、670、671、758、信義幹線。,私立金甌女中的一般高中部住宿目前沒有公開的校內宿舍申請、床位或收費方案；特定班級、專案或其他部別住宿另行區分。,https://www.google.com/maps/search/?api=1&query=106301+%E8%87%BA%E5%8C%97%E5%B8%82%E5%A4%A7%E5%AE%89%E5%8D%80%E6%9D%AD%E5%B7%9E%E5%8D%97%E8%B7%AF%E4%BA%8C%E6%AE%B51%E8%99%9F,https://www.cogsh.tp.edu.tw/ischool/wr/file/1/3877/9a1aa3f5362dc0884f1da61113a1aff4.pdf,https://www.cogsh.tp.edu.tw/,https://www.cogsh.tp.edu.tw/,https://www.cogsh.tp.edu.tw/；https://www.google.com/maps/search/?api=1&query=106301+%E8%87%BA%E5%8C%97%E5%B8%82%E5%A4%A7%E5%AE%89%E5%8D%80%E6%9D%AD%E5%B7%9E%E5%8D%97%E8%B7%AF%E4%BA%8C%E6%AE%B51%E8%99%9F；https://www.cogsh.tp.edu.tw/home?cid=1768,https://www.cogsh.tp.edu.tw/,https://www.cogsh.tp.edu.tw/,https://www.cogsh.tp.edu.tw/ischool/wr/file/1/3877/9a1aa3f5362dc0884f1da61113a1aff4.pdf；https://www.cogsh.tp.edu.tw/；https://www.google.com/maps/search/?api=1&query=106301+%E8%87%BA%E5%8C%97%E5%B8%82%E5%A4%A7%E5%AE%89%E5%8D%80%E6%9D%AD%E5%B7%9E%E5%8D%97%E8%B7%AF%E4%BA%8C%E6%AE%B51%E8%99%9F；https://www.cogsh.tp.edu.tw/home?cid=1768,2026-09-06
,331404,私立開平餐飲,私立,基北區,高職,男女兼收,臺北市,大安區,臺北市大安區龍陣里復興南路二段148巷24號,http://www.kpvs.tp.edu.tw,(02)27556939,餐飲管理科:22,22,22,資優/特色班請依各校及基北區官方公告查詢,私立開平餐飲：115學年度課程依各科課程計畫安排，主要科別包括餐飲管理科；各科結合專業理論、校訂課程與實習／實作學習。,私立開平餐飲：餐飲管理科等科別依115學年度課程計畫安排專業實習、實作與專題製作，並透過作品、技能或成果發表整合專業學習。,私立開平餐飲的學生專車目前沒有公開的路線、站點或申請資訊；一般捷運、臺鐵、公車與步行路線另列於「通勤資訊」。,捷運文湖線「科技大樓站」或淡水信義線「大安站」步行約5分鐘；74、278、685可於「開平餐飲學校」站下車。,私立開平餐飲的一般高中部住宿目前沒有公開的校內宿舍申請、床位或收費方案；特定班級、專案或其他部別住宿另行區分。,https://www.google.com/maps/search/?api=1&query=%E8%87%BA%E5%8C%97%E5%B8%82%E5%A4%A7%E5%AE%89%E5%8D%80%E9%BE%8D%E9%99%A3%E9%87%8C%E5%BE%A9%E8%88%88%E5%8D%97%E8%B7%AF%E4%BA%8C%E6%AE%B5148%E5%B7%B724%E8%99%9F,https://sites.google.com/kpvs.tp.edu.tw/2020/%E8%AA%B2%E7%A8%8B%E8%A8%88%E7%95%AB%E8%88%87%E7%95%A2%E6%A5%AD%E6%A2%9D%E4%BB%B6/115%E5%AD%B8%E5%B9%B4%E5%BA%A6%E5%85%A5%E5%AD%B8118%E5%B9%B4%E7%8F%AD,http://www.kpvs.tp.edu.tw,https://www.kpvs.tp.edu.tw/abount-us/map/,https://www.kpvs.tp.edu.tw/abount-us/map/；https://www.google.com/maps/search/?api=1&query=%E8%87%BA%E5%8C%97%E5%B8%82%E5%A4%A7%E5%AE%89%E5%8D%80%E9%BE%8D%E9%99%A3%E9%87%8C%E5%BE%A9%E8%88%88%E5%8D%97%E8%B7%AF%E4%BA%8C%E6%AE%B5148%E5%B7%B724%E8%99%9F,http://www.kpvs.tp.edu.tw,http://www.kpvs.tp.edu.tw,https://sites.google.com/kpvs.tp.edu.tw/2020/%E8%AA%B2%E7%A8%8B%E8%A8%88%E7%95%AB%E8%88%87%E7%95%A2%E6%A5%AD%E6%A2%9D%E4%BB%B6/115%E5%AD%B8%E5%B9%B4%E5%BA%A6%E5%85%A5%E5%AD%B8118%E5%B9%B4%E7%8F%AD；http://www.kpvs.tp.edu.tw；https://www.kpvs.tp.edu.tw/abount-us/map/；https://www.google.com/maps/search/?api=1&query=%E8%87%BA%E5%8C%97%E5%B8%82%E5%A4%A7%E5%AE%89%E5%8D%80%E9%BE%8D%E9%99%A3%E9%87%8C%E5%BE%A9%E8%88%88%E5%8D%97%E8%B7%AF%E4%BA%8C%E6%AE%B5148%E5%B7%B724%E8%99%9F,2026-09-06
,361301,私立靜修高中,私立,基北區,綜高,男女兼收,臺北市,大同區,臺北市大同區雙連里寧夏路59號,http://www.bish.tp.edu.tw,(02)25574345,普通科(女):95；應用日語科(女):27,122,122,資優/特色班請依各校及基北區官方公告查詢,115學年度課程依校方課程計畫安排，涵蓋普通科、應用日語科；共同核心之外，依學程與選修方向配置校訂、多元選修及專業課程。,私立靜修高中：普通科、應用日語科等科別依115學年度課程計畫安排專業實習、實作與專題製作，並透過作品、技能或成果發表整合專業學習。,有專車；115學年度高中新生報到資料設有交通車需求登記，路線包含林口、中永和、三重、蘆洲、土城、板橋、新莊、五股等方向；回程配合晚自習時段另有發車安排。,可由捷運雙連站步行前往；公車42、民生幹線、紅33可在「靜修女中」站下車，民生重慶路口另有2、215、223、250、255、288、302、304重慶線、306、46、601、63、636、639、641、704等路線。,私立靜修高中的一般高中部住宿目前沒有公開的校內宿舍申請、床位或收費方案；特定班級、專案或其他部別住宿另行區分。,https://www.google.com/maps/search/?api=1&query=%E8%87%BA%E5%8C%97%E5%B8%82%E5%A4%A7%E5%90%8C%E5%8D%80%E9%9B%99%E9%80%A3%E9%87%8C%E5%AF%A7%E5%A4%8F%E8%B7%AF59%E8%99%9F,https://www.bish.tp.edu.tw/data.php?id=13267&tpl=14,http://www.bish.tp.edu.tw,https://www.bish.tp.edu.tw/data.php?id=11894&tpl=5,https://www.bish.tp.edu.tw/data.php?id=11894&tpl=5；https://www.google.com/maps/search/?api=1&query=%E8%87%BA%E5%8C%97%E5%B8%82%E5%A4%A7%E5%90%8C%E5%8D%80%E9%9B%99%E9%80%A3%E9%87%8C%E5%AF%A7%E5%A4%8F%E8%B7%AF59%E8%99%9F；https://www.bish.tp.edu.tw/data.php?id=6365&tpl=1,http://www.bish.tp.edu.tw,http://www.bish.tp.edu.tw,https://www.bish.tp.edu.tw/data.php?id=13267&tpl=14；http://www.bish.tp.edu.tw；https://www.bish.tp.edu.tw/data.php?id=11894&tpl=5；https://www.google.com/maps/search/?api=1&query=%E8%87%BA%E5%8C%97%E5%B8%82%E5%A4%A7%E5%90%8C%E5%8D%80%E9%9B%99%E9%80%A3%E9%87%8C%E5%AF%A7%E5%A4%8F%E8%B7%AF59%E8%99%9F；https://www.bish.tp.edu.tw/data.php?id=6365&tpl=1,2026-09-06
,381306,私立靜心高中,私立,基北區,高中,男女兼收,臺北市,文山區,臺北市文山區興福里興隆路二段46號,http://www.chjhs.tp.edu.tw/dispPageBox/MainHp.aspx?ddsPageID=MAINHP,(02)29323118,普通科:16,16,16,資優/特色班請依各校及基北區官方公告查詢,私立靜心高中115學年度普通科課程以部定必修為基礎，並配置校訂必修、多元選修、自然與社會探究實作及自主學習；內容依該校115學年度課程計畫架構整理。,私立靜心高中的主要實作學習包含自然科與社會領域探究實作、自主學習與學習成果；校訂課程、多元選修或特色班可再延伸為專題研究與成果發表。,有校車；115學年度第1學期校方開放校車登記並公布校車路線，包含放學16:15及18:05等時段；115-1校車資料列有站點與路線。,捷運可由松山新店線公館站或文湖線萬芳醫院站轉乘公車；0南、236、253、530、606、棕2、棕6可在「靜心中小學」站或興隆市場站下車。,私立靜心高中的一般高中部住宿目前沒有公開的校內宿舍申請、床位或收費方案；特定班級、專案或其他部別住宿另行區分。,https://www.google.com/maps/search/?api=1&query=%E8%87%BA%E5%8C%97%E5%B8%82%E6%96%87%E5%B1%B1%E5%8D%80%E8%88%88%E7%A6%8F%E9%87%8C%E8%88%88%E9%9A%86%E8%B7%AF%E4%BA%8C%E6%AE%B546%E8%99%9F,https://courset.k12ea.gov.tw/courseinformation/indextea01.asp,http://www.chjhs.tp.edu.tw/dispPageBox/MainHp.aspx?ddsPageID=MAINHP,https://www.chjhs.tp.edu.tw/dispPageBox/MainCp.aspx?ddsPageID=MAINHPADMD,https://www.chjhs.tp.edu.tw/dispPageBox/MainCp.aspx?ddsPageID=MAINHPADMD；https://www.google.com/maps/search/?api=1&query=%E8%87%BA%E5%8C%97%E5%B8%82%E6%96%87%E5%B1%B1%E5%8D%80%E8%88%88%E7%A6%8F%E9%87%8C%E8%88%88%E9%9A%86%E8%B7%AF%E4%BA%8C%E6%AE%B546%E8%99%9F；https://www.chjhs.tp.edu.tw/dispPageBox/MainCp.aspx?ddsPageID=MAINABOUTE,http://www.chjhs.tp.edu.tw/dispPageBox/MainHp.aspx?ddsPageID=MAINHP,http://www.chjhs.tp.edu.tw/dispPageBox/MainHp.aspx?ddsPageID=MAINHP,https://courset.k12ea.gov.tw/courseinformation/indextea01.asp；http://www.chjhs.tp.edu.tw/dispPageBox/MainHp.aspx?ddsPageID=MAINHP；https://www.chjhs.tp.edu.tw/dispPageBox/MainCp.aspx?ddsPageID=MAINHPADMD；https://www.google.com/maps/search/?api=1&query=%E8%87%BA%E5%8C%97%E5%B8%82%E6%96%87%E5%B1%B1%E5%8D%80%E8%88%88%E7%A6%8F%E9%87%8C%E8%88%88%E9%9A%86%E8%B7%AF%E4%BA%8C%E6%AE%B546%E8%99%9F；https://www.chjhs.tp.edu.tw/dispPageBox/MainCp.aspx?ddsPageID=MAINABOUTE,2026-09-06
,351402,臺北市開南高中,私立,基北區,高職,男女兼收,臺北市,中正區,臺北市中正區東門里濟南路一段6號,https://www.knvs.tp.edu.tw/,(02)23212666,汽車科:37；資訊科:37；電機科:37；廣告設計科:37；照顧服務科:22；餐飲管理科:32,202,202,資優/特色班請依各校及基北區官方公告查詢,臺北市開南高中：115學年度課程依各科課程計畫安排，主要科別包括汽車科、資訊科、電機科、廣告設計科、照顧服務科、餐飲管理科；各科結合專業理論、校訂課程與實習／實作學習。,臺北市開南高中：汽車科、資訊科、電機科、廣告設計科、照顧服務科、餐飲管理科等科別依115學年度課程計畫安排專業實習、實作與專題製作，並透過作品、技能或成果發表整合專業學習。,臺北市開南高中的學生專車目前沒有公開的路線、站點或申請資訊；一般捷運、臺鐵、公車與步行路線另列於「通勤資訊」。,可由捷運板南線「善導寺站」或淡水信義線「台大醫院站」步行／轉乘公車前往；295可於「開南中學」站下車，仁愛林森路口及成功中學周邊亦有多線公車。,臺北市開南高中的一般高中部住宿目前沒有公開的校內宿舍申請、床位或收費方案；特定班級、專案或其他部別住宿另行區分。,https://www.google.com/maps/search/?api=1&query=%E8%87%BA%E5%8C%97%E5%B8%82%E4%B8%AD%E6%AD%A3%E5%8D%80%E6%9D%B1%E9%96%80%E9%87%8C%E6%BF%9F%E5%8D%97%E8%B7%AF%E4%B8%80%E6%AE%B56%E8%99%9F,https://courset.k12ea.gov.tw/courseinformation/indextea01.asp,https://www.knvs.tp.edu.tw/,https://atis.taipei.gov.tw/aspx/businfomation/presentinfo.aspx?ddlName=295&lang=zh-Hant-TW,https://atis.taipei.gov.tw/aspx/businfomation/presentinfo.aspx?ddlName=295&lang=zh-Hant-TW；https://www.google.com/maps/search/?api=1&query=%E8%87%BA%E5%8C%97%E5%B8%82%E4%B8%AD%E6%AD%A3%E5%8D%80%E6%9D%B1%E9%96%80%E9%87%8C%E6%BF%9F%E5%8D%97%E8%B7%AF%E4%B8%80%E6%AE%B56%E8%99%9F,https://www.knvs.tp.edu.tw/,https://www.knvs.tp.edu.tw/,https://courset.k12ea.gov.tw/courseinformation/indextea01.asp；https://www.knvs.tp.edu.tw/；https://atis.taipei.gov.tw/aspx/businfomation/presentinfo.aspx?ddlName=295&lang=zh-Hant-TW；https://www.google.com/maps/search/?api=1&query=%E8%87%BA%E5%8C%97%E5%B8%82%E4%B8%AD%E6%AD%A3%E5%8D%80%E6%9D%B1%E9%96%80%E9%87%8C%E6%BF%9F%E5%8D%97%E8%B7%AF%E4%B8%80%E6%AE%B56%E8%99%9F,2026-09-06
,030305,國立中央大學附屬中壢高中,公立,桃連區日間部,綜高,男女校,桃園市,中壢區,桃園市中壢區三光路115號,http://www.clhs.tyc.edu.tw,(03)4932181,普通科:612；機械科:62；模具科:31；生物產業機電科:62；汽車科:52,819,819,,115學年度普通科課程包含「閱讀理解與表達」、「壢中小大學」、自然科學探究與實作、多元選修與班群深化選修，並提供數理資優等學習路徑。,以自然科學探究與實作、閱讀表達、壢中小大學與自主學習成果為主要專題型學習，學生可依班群延伸研究與成果發表。,有學生專車與交通車。115-1設大湳、大溪、中壢客運總站接駁、南崁、藝文特區、龍潭石門等路線，另有正班公車入校服務。,可由臺鐵中壢站轉乘市區公車；機場捷運A22老街溪站步行約15分鐘，A21環北站步行約21分鐘，校門旁亦有YouBike中壢高中站。,國立中央大學附屬中壢高中目前沒有公開的一般高中職學生固定住宿申請制度資訊。,https://www.google.com/maps/search/?api=1&query=%E5%9C%8B%E7%AB%8B%E4%B8%AD%E5%A4%AE%E5%A4%A7%E5%AD%B8%E9%99%84%E5%B1%AC%E4%B8%AD%E5%A3%A2%E9%AB%98%E4%B8%AD%20%E6%A1%83%E5%9C%92%E5%B8%82%E4%B8%AD%E5%A3%A2%E5%8D%80%E4%B8%89%E5%85%89%E8%B7%AF115%E8%99%9F,https://www.clhs.tyc.edu.tw/ischool/publish_page/536/?cid=13502,https://www.clhs.tyc.edu.tw/ischool/publish_page/536/?cid=13502,https://www.clhs.tyc.edu.tw/ischool/temp/file/A_bWFpbl9tZW51KnVwbG9hZGVyX3VpZCoxNzgxMTQ2NjAxMzM5/6df3998660dd4bb519c2d2ba7f9e08d1.pdf,https://www.clhs.tyc.edu.tw/ischool/temp/file/A_bWFpbl9tZW51KnVwbG9hZGVyX3VpZCoxNzgxMTQ2NjAxMzM5/6df3998660dd4bb519c2d2ba7f9e08d1.pdf,http://www.clhs.tyc.edu.tw,http://www.clhs.tyc.edu.tw,http://www.clhs.tyc.edu.tw,2026-09-08
,030403,國立北科大附屬桃園農工,公立,桃連區日間部,高職,男女校,桃園市,桃園區,桃園市桃園區成功路二段144號,http://www.tyai.tyc.edu.tw,(03)3333921,機械科:62；模具科:31；生物產業機電科:62；汽車科:52；動力機械科:31；電子科:62；電機科:62；化工科:62；農場經營科:26；園藝科:31；畜產保健科:31；進修部：機械科:24；模具科:24；汽車科:24；電子科:24；電機科:24；化工科:24,656,656,,國立北科大附屬桃園農工115學年度課程以機械科、模具科、生物產業機電科、汽車科、動力機械科、電子科、電機科等專業方向為主，各科配置專業核心、實習實作、校訂選修與職涯銜接課程。,國立北科大附屬桃園農工各專業科別依115學年度課程安排專業實作、實習科目與專題製作，透過操作、作品或成果發表整合所學。,國立北科大附屬桃園農工目前沒有公開固定的高中部校車／學生專車路線資訊；一般公共運輸方式另列於「通勤資訊」。,可由臺鐵桃園站轉乘桃園市區公車至國立北科大附屬桃園農工周邊站點，下車後步行到校。,國立北科大附屬桃園農工目前沒有公開的一般高中職學生固定住宿申請制度資訊。,https://www.google.com/maps/search/?api=1&query=%E5%9C%8B%E7%AB%8B%E5%8C%97%E7%A7%91%E5%A4%A7%E9%99%84%E5%B1%AC%E6%A1%83%E5%9C%92%E8%BE%B2%E5%B7%A5%20%E6%A1%83%E5%9C%92%E5%B8%82%E6%A1%83%E5%9C%92%E5%8D%80%E6%88%90%E5%8A%9F%E8%B7%AF%E4%BA%8C%E6%AE%B5144%E8%99%9F,https://www.tyai.tyc.edu.tw/,https://www.tyai.tyc.edu.tw/,http://www.tyai.tyc.edu.tw,https://www.google.com/maps/search/?api=1&query=%E5%9C%8B%E7%AB%8B%E5%8C%97%E7%A7%91%E5%A4%A7%E9%99%84%E5%B1%AC%E6%A1%83%E5%9C%92%E8%BE%B2%E5%B7%A5%20%E6%A1%83%E5%9C%92%E5%B8%82%E6%A1%83%E5%9C%92%E5%8D%80%E6%88%90%E5%8A%9F%E8%B7%AF%E4%BA%8C%E6%AE%B5144%E8%99%9F | https://ebus.tycg.gov.tw/ebus/,http://www.tyai.tyc.edu.tw,http://www.tyai.tyc.edu.tw,http://www.tyai.tyc.edu.tw,2026-09-08
,720301,國立馬祖高中,公立,桃連區日間部,綜高,男女校,連江縣,南竿鄉,連江縣南竿鄉介壽村374號,http://www.mssh.matsu.edu.tw,(0836)25668,綜合高中:33；普通科:135；機械科:29,197,197,,課程兼具普通高中學科、綜合高中探索與機械專業方向，並透過校訂課程、選修及實作學習銜接升學與在地需求。,國立馬祖高中各專業科別依115學年度課程安排專業實作、實習科目與專題製作，透過操作、作品或成果發表整合所學。,國立馬祖高中目前沒有公開固定的高中部校車／學生專車路線資訊；一般公共運輸方式另列於「通勤資訊」。,可利用南竿公車前往介壽地區，於介壽村周邊下車後步行至國立馬祖高中；往返南竿機場可先至介壽轉乘。,國立馬祖高中目前沒有公開的一般高中職學生固定住宿申請制度資訊。,https://www.google.com/maps/search/?api=1&query=%E5%9C%8B%E7%AB%8B%E9%A6%AC%E7%A5%96%E9%AB%98%E4%B8%AD%20%E9%80%A3%E6%B1%9F%E7%B8%A3%E5%8D%97%E7%AB%BF%E9%84%89%E4%BB%8B%E5%A3%BD%E6%9D%91374%E8%99%9F,https://www.mssh.matsu.edu.tw/p/412-1014-2319.php?Lang=zh-tw,https://www.mssh.matsu.edu.tw/p/412-1014-2319.php?Lang=zh-tw,http://www.mssh.matsu.edu.tw,https://www.google.com/maps/search/?api=1&query=%E5%9C%8B%E7%AB%8B%E9%A6%AC%E7%A5%96%E9%AB%98%E4%B8%AD%20%E9%80%A3%E6%B1%9F%E7%B8%A3%E5%8D%97%E7%AB%BF%E9%84%89%E4%BB%8B%E5%A3%BD%E6%9D%91374%E8%99%9F,http://www.mssh.matsu.edu.tw,http://www.mssh.matsu.edu.tw,http://www.mssh.matsu.edu.tw,2026-09-08
,033302,市立龍潭高中,公立,桃連區日間部,高職,男女校,桃園市,龍潭區,桃園市龍潭區神龍路155號,http://www.ltsh.tyc.edu.tw/bin/home.php,(03)4792829,電子科:31；園藝科:29；造園科:28；畜產保健科:31；食品加工科:31；電機科:24,174,174,,市立龍潭高中115學年度課程以電子科、園藝科、造園科、畜產保健科、食品加工科、電機科等專業方向為主，各科配置專業核心、實習實作、校訂選修與職涯銜接課程。,市立龍潭高中各專業科別依115學年度課程安排專業實作、實習科目與專題製作，透過操作、作品或成果發表整合所學。,市立龍潭高中目前沒有公開固定的高中部校車／學生專車路線資訊；一般公共運輸方式另列於「通勤資訊」。,可先到龍潭市區，再轉乘桃園客運／市區公車至市立龍潭高中周邊站點，下車後步行到校。,市立龍潭高中目前沒有公開的一般高中職學生固定住宿申請制度資訊。,https://www.google.com/maps/search/?api=1&query=%E5%B8%82%E7%AB%8B%E9%BE%8D%E6%BD%AD%E9%AB%98%E4%B8%AD%20%E6%A1%83%E5%9C%92%E5%B8%82%E9%BE%8D%E6%BD%AD%E5%8D%80%E7%A5%9E%E9%BE%8D%E8%B7%AF155%E8%99%9F,https://www.ltsh.tyc.edu.tw/files/11-1001-232.php,https://www.ltsh.tyc.edu.tw/files/11-1001-232.php,http://www.ltsh.tyc.edu.tw/bin/home.php,https://www.google.com/maps/search/?api=1&query=%E5%B8%82%E7%AB%8B%E9%BE%8D%E6%BD%AD%E9%AB%98%E4%B8%AD%20%E6%A1%83%E5%9C%92%E5%B8%82%E9%BE%8D%E6%BD%AD%E5%8D%80%E7%A5%9E%E9%BE%8D%E8%B7%AF155%E8%99%9F | https://ebus.tycg.gov.tw/ebus/,http://www.ltsh.tyc.edu.tw/bin/home.php,http://www.ltsh.tyc.edu.tw/bin/home.php,http://www.ltsh.tyc.edu.tw/bin/home.php,2026-09-08
,033304,市立桃園高中,公立,桃連區日間部,高中,男女校,桃園市,桃園區,桃園市桃園區成功路三段38號,http://www.tysh.tyc.edu.tw,(03)3946001,普通科:700,700,700,,115學年度以普通高中課程為主，結合校訂必修、多元選修、探究與實作；另設舞蹈、體育等特色學習資源。,市立桃園高中高中課程以自然科學探究與實作、社會領域探究、自主學習及課程成果發表作為主要實作／專題型學習。,有學生專車。115學年度校方設學生專車資訊專區，並同步提供周邊公車與上下學交通調查。,可由臺鐵桃園站轉乘桃園市區公車至市立桃園高中周邊站點，下車後步行到校。,校園設有學生宿舍；校舍配置中列有學生宿舍空間。,https://www.google.com/maps/search/?api=1&query=%E5%B8%82%E7%AB%8B%E6%A1%83%E5%9C%92%E9%AB%98%E4%B8%AD%20%E6%A1%83%E5%9C%92%E5%B8%82%E6%A1%83%E5%9C%92%E5%8D%80%E6%88%90%E5%8A%9F%E8%B7%AF%E4%B8%89%E6%AE%B538%E8%99%9F,https://www.tysh.tyc.edu.tw/ischool/publish_page/88/?cid=2496,https://www.tysh.tyc.edu.tw/ischool/publish_page/88/?cid=2496,https://www.tysh.tyc.edu.tw/ischool/publish_page/12/?cid=311,https://www.google.com/maps/search/?api=1&query=%E5%B8%82%E7%AB%8B%E6%A1%83%E5%9C%92%E9%AB%98%E4%B8%AD%20%E6%A1%83%E5%9C%92%E5%B8%82%E6%A1%83%E5%9C%92%E5%8D%80%E6%88%90%E5%8A%9F%E8%B7%AF%E4%B8%89%E6%AE%B538%E8%99%9F | https://ebus.tycg.gov.tw/ebus/,https://www.tysh.tyc.edu.tw/ischool/rfile/c4a618d81e0634ef148c2fcb95028bb5,http://www.tysh.tyc.edu.tw,http://www.tysh.tyc.edu.tw,2026-09-08
,033306,市立武陵高中,公立,桃連區日間部,高中,男女校,桃園市,桃園區,桃園市桃園區中山路889號,http://www.wlsh.tyc.edu.tw,(03)3698170,普通科:651,651,651,,115學年度以普通高中核心課程為主，搭配校訂必修、多元選修、週期性課程與自主學習，提供跨領域與深化選修。,市立武陵高中高中課程以自然科學探究與實作、社會領域探究、自主學習及課程成果發表作為主要實作／專題型學習。,有學生專車服務。115學年度新生報到資料列有專車業務與專車詢問窗口，供新生辦理上下學交通需求。,可由臺鐵桃園站或中壢站搭1、1A、1B等中山路幹線公車，在武陵高中周邊站點下車後步行到校。,市立武陵高中目前沒有公開的一般高中職學生固定住宿申請制度資訊。,https://www.google.com/maps/search/?api=1&query=%E5%B8%82%E7%AB%8B%E6%AD%A6%E9%99%B5%E9%AB%98%E4%B8%AD%20%E6%A1%83%E5%9C%92%E5%B8%82%E6%A1%83%E5%9C%92%E5%8D%80%E4%B8%AD%E5%B1%B1%E8%B7%AF889%E8%99%9F,https://www.wlsh.tyc.edu.tw/p/405-1000-24524%2Cc399.php?Lang=zh-tw,https://www.wlsh.tyc.edu.tw/p/405-1000-24524%2Cc399.php?Lang=zh-tw,https://www.wlsh.tyc.edu.tw/p/404-1000-42656.php?Lang=zh-tw,https://ebus.tycg.gov.tw/ebus/,http://www.wlsh.tyc.edu.tw,http://www.wlsh.tyc.edu.tw,http://www.wlsh.tyc.edu.tw,2026-09-08
,033316,市立楊梅高中,公立,桃連區日間部,綜高,男女校,桃園市,楊梅區,桃園市楊梅區高獅路5號,http://www.ymhs.tyc.edu.tw/,(03)4789618,普通科:447；資訊科:64；電子科:32,543,543,,市立楊梅高中兼具一般學術課程與資訊科、電子科等專業方向，115學年度透過校訂課程、多元選修、實作學習與生涯探索提供不同升學路徑。,市立楊梅高中各專業科別依115學年度課程安排專業實作、實習科目與專題製作，透過操作、作品或成果發表整合所學。,市立楊梅高中目前沒有公開固定的高中部校車／學生專車路線資訊；一般公共運輸方式另列於「通勤資訊」。,可由臺鐵楊梅站或埔心站轉乘楊梅地區公車至市立楊梅高中周邊站點，再步行到校。,市立楊梅高中目前沒有公開的一般高中職學生固定住宿申請制度資訊。,https://www.google.com/maps/search/?api=1&query=%E5%B8%82%E7%AB%8B%E6%A5%8A%E6%A2%85%E9%AB%98%E4%B8%AD%20%E6%A1%83%E5%9C%92%E5%B8%82%E6%A5%8A%E6%A2%85%E5%8D%80%E9%AB%98%E7%8D%85%E8%B7%AF5%E8%99%9F,https://www.ymhs.tyc.edu.tw/ischool/publish_page/218/,https://www.ymhs.tyc.edu.tw/ischool/publish_page/218/,http://www.ymhs.tyc.edu.tw/,https://www.google.com/maps/search/?api=1&query=%E5%B8%82%E7%AB%8B%E6%A5%8A%E6%A2%85%E9%AB%98%E4%B8%AD%20%E6%A1%83%E5%9C%92%E5%B8%82%E6%A5%8A%E6%A2%85%E5%8D%80%E9%AB%98%E7%8D%85%E8%B7%AF5%E8%99%9F | https://ebus.tycg.gov.tw/ebus/,http://www.ymhs.tyc.edu.tw/,http://www.ymhs.tyc.edu.tw/,http://www.ymhs.tyc.edu.tw/,2026-09-08
,033325,市立陽明高中,公立,桃連區日間部,高中,男女校,桃園市,桃園區,桃園市桃園區德壽街8號,http://www.pymhs.tyc.edu.tw,(03)3672706,普通科:649,649,649,,市立陽明高中115學年度以普通高中部定課程為基礎，搭配校訂必修、多元選修、自然與社會探究實作、自主學習與生涯探索。,市立陽明高中高中課程以自然科學探究與實作、社會領域探究、自主學習及課程成果發表作為主要實作／專題型學習。,市立陽明高中目前沒有公開固定的高中部校車／學生專車路線資訊；一般公共運輸方式另列於「通勤資訊」。,可由臺鐵桃園站後站轉乘102路至介壽路口／桃園監理站一帶，再步行到校；中壢方向可搭1路市區公車前往。,市立陽明高中目前沒有公開的一般高中職學生固定住宿申請制度資訊。,https://www.google.com/maps/search/?api=1&query=%E5%B8%82%E7%AB%8B%E9%99%BD%E6%98%8E%E9%AB%98%E4%B8%AD%20%E6%A1%83%E5%9C%92%E5%B8%82%E6%A1%83%E5%9C%92%E5%8D%80%E5%BE%B7%E5%A3%BD%E8%A1%978%E8%99%9F,https://www.pymhs.tyc.edu.tw/,https://www.pymhs.tyc.edu.tw/,http://www.pymhs.tyc.edu.tw,https://www.pymhs.tyc.edu.tw/uploads/1561518278860jeeaaRca.pdf,http://www.pymhs.tyc.edu.tw,http://www.pymhs.tyc.edu.tw,http://www.pymhs.tyc.edu.tw,2026-09-08
,033327,市立內壢高中,公立,桃連區日間部,綜高,男女校,桃園市,中壢區,桃園市中壢區成章四街120號,http://www.nlhs.tyc.edu.tw,(03)4528080,普通科:622；綜合高中:138,760,760,,115入學課程手冊涵蓋普通科與綜合高中學習路徑，配置校訂課程、多元選修、探究實作與自主學習。,市立內壢高中高中課程以自然科學探究與實作、社會領域探究、自主學習及課程成果發表作為主要實作／專題型學習。,市立內壢高中目前沒有公開固定的高中部校車／學生專車路線資訊；一般公共運輸方式另列於「通勤資訊」。,可由臺鐵中壢站或內壢站轉乘桃園市區公車至市立內壢高中周邊站點，再步行到校。,市立內壢高中目前沒有公開的一般高中職學生固定住宿申請制度資訊。,https://www.google.com/maps/search/?api=1&query=%E5%B8%82%E7%AB%8B%E5%85%A7%E5%A3%A2%E9%AB%98%E4%B8%AD%20%E6%A1%83%E5%9C%92%E5%B8%82%E4%B8%AD%E5%A3%A2%E5%8D%80%E6%88%90%E7%AB%A0%E5%9B%9B%E8%A1%97120%E8%99%9F,https://www.nlhs.tyc.edu.tw/home?cid=9218,https://www.nlhs.tyc.edu.tw/home?cid=9218,http://www.nlhs.tyc.edu.tw,https://www.google.com/maps/search/?api=1&query=%E5%B8%82%E7%AB%8B%E5%85%A7%E5%A3%A2%E9%AB%98%E4%B8%AD%20%E6%A1%83%E5%9C%92%E5%B8%82%E4%B8%AD%E5%A3%A2%E5%8D%80%E6%88%90%E7%AB%A0%E5%9B%9B%E8%A1%97120%E8%99%9F | https://ebus.tycg.gov.tw/ebus/,http://www.nlhs.tyc.edu.tw,http://www.nlhs.tyc.edu.tw,http://www.nlhs.tyc.edu.tw,2026-09-08
,033407,市立中壢高商,公立,桃連區日間部,高職,男女校,桃園市,中壢區,桃園市中壢區中央西路二段141巷100號,http://www.clvsc.tyc.edu.tw,(03)4929871,商業經營科:132；國際貿易科:132；資料處理科:99；多媒體設計科:33；商業經營科:18；資料處理科:18,432,432,,市立中壢高商115學年度課程以商業經營科、國際貿易科、資料處理科、多媒體設計科等專業方向為主，各科配置專業核心、實習實作、校訂選修與職涯銜接課程。,市立中壢高商各專業科別依115學年度課程安排專業實作、實習科目與專題製作，透過操作、作品或成果發表整合所學。,115年暑期輔導設中壢客運總站往返學校的交通接駁車；此接駁資料適用暑期輔導期間。,可由臺鐵中壢站或內壢站轉乘桃園市區公車至市立中壢高商周邊站點，再步行到校。,市立中壢高商目前沒有公開的一般高中職學生固定住宿申請制度資訊。,https://www.google.com/maps/search/?api=1&query=%E5%B8%82%E7%AB%8B%E4%B8%AD%E5%A3%A2%E9%AB%98%E5%95%86%20%E6%A1%83%E5%9C%92%E5%B8%82%E4%B8%AD%E5%A3%A2%E5%8D%80%E4%B8%AD%E5%A4%AE%E8%A5%BF%E8%B7%AF%E4%BA%8C%E6%AE%B5141%E5%B7%B7100%E8%99%9F,https://www.clvsc.tyc.edu.tw/p/412-1000-1207.php?Lang=zh-tw,https://www.clvsc.tyc.edu.tw/p/412-1000-1207.php?Lang=zh-tw,https://www.clvsc.tyc.edu.tw/p/406-1000-22962%2Cr671.php?Lang=zh-tw,https://www.google.com/maps/search/?api=1&query=%E5%B8%82%E7%AB%8B%E4%B8%AD%E5%A3%A2%E9%AB%98%E5%95%86%20%E6%A1%83%E5%9C%92%E5%B8%82%E4%B8%AD%E5%A3%A2%E5%8D%80%E4%B8%AD%E5%A4%AE%E8%A5%BF%E8%B7%AF%E4%BA%8C%E6%AE%B5141%E5%B7%B7100%E8%99%9F | https://ebus.tycg.gov.tw/ebus/,http://www.clvsc.tyc.edu.tw,http://www.clvsc.tyc.edu.tw,http://www.clvsc.tyc.edu.tw,2026-09-08
,033408,市立中壢家商,公立,桃連區日間部,高職,男女校,桃園市,中壢區,桃園市中壢區德育路36號,https://www.clvs.tyc.edu.tw/ischool/publish_page/0/,(03)4271627,資料處理科:32；家政科:64；流行服飾科:64；服裝科:18；資訊科:36；資料處理科:180；時尚造型科:72；餐飲管理科:72,538,538,,市立中壢家商115學年度課程以資料處理科、家政科、流行服飾科、服裝科、資訊科、時尚造型科、餐飲管理科等專業方向為主，各科配置專業核心、實習實作、校訂選修與職涯銜接課程。,市立中壢家商各專業科別依115學年度課程安排專業實作、實習科目與專題製作，透過操作、作品或成果發表整合所學。,市立中壢家商目前沒有公開固定的高中部校車／學生專車路線資訊；一般公共運輸方式另列於「通勤資訊」。,臺鐵中壢站距校不遠，可由車站步行約10至15分鐘至德育路校區；亦可搭市區公車至中壢市區後步行到校。,市立中壢家商目前沒有公開的一般高中職學生固定住宿申請制度資訊。,https://www.google.com/maps/search/?api=1&query=%E5%B8%82%E7%AB%8B%E4%B8%AD%E5%A3%A2%E5%AE%B6%E5%95%86%20%E6%A1%83%E5%9C%92%E5%B8%82%E4%B8%AD%E5%A3%A2%E5%8D%80%E5%BE%B7%E8%82%B2%E8%B7%AF36%E8%99%9F,https://www.clvs.tyc.edu.tw/,https://www.clvs.tyc.edu.tw/,https://www.clvs.tyc.edu.tw/ischool/publish_page/0/,https://www.google.com/maps/search/?api=1&query=%E5%B8%82%E7%AB%8B%E4%B8%AD%E5%A3%A2%E5%AE%B6%E5%95%86%20%E6%A1%83%E5%9C%92%E5%B8%82%E4%B8%AD%E5%A3%A2%E5%8D%80%E5%BE%B7%E8%82%B2%E8%B7%AF36%E8%99%9F,https://www.clvs.tyc.edu.tw/ischool/publish_page/0/,https://www.clvs.tyc.edu.tw/ischool/publish_page/0/,https://www.clvs.tyc.edu.tw/ischool/publish_page/0/,2026-09-08
,034306,市立南崁高中,公立,桃連區日間部,高中,男女校,桃園市,蘆竹區,桃園市蘆竹區仁愛路二段1號,https://www.nksh.tyc.edu.tw/ischool/publish_page/0/,(03)3525580,普通科:384,384,384,,市立南崁高中115學年度普通科課程以部定必修為基礎，並配置校訂必修、多元選修、自然與社會探究實作及自主學習；內容依該校115學年度課程計畫架構整理。,市立南崁高中的主要實作學習包含自然科與社會領域探究實作、自主學習與學習成果；校訂課程、多元選修或特色班可再延伸為專題研究與成果發表。,有專車；115學年度校方招生資料明列臺北／大臺北與桃園地區均有學生專車。,另可搭國光、亞通、首都、葛瑪蘭或長榮客運至南崁站，步行約10分鐘到校。,市立南崁高中的一般高中部住宿目前沒有公開的校內宿舍申請、床位或收費方案；特定班級、專案或其他部別住宿另行區分。,https://www.google.com/maps/search/?api=1&query=%E5%B8%82%E7%AB%8B%E5%8D%97%E5%B4%81%E9%AB%98%E4%B8%AD%20%E6%A1%83%E5%9C%92%E5%B8%82%E8%98%86%E7%AB%B9%E5%8D%80%E4%BB%81%E6%84%9B%E8%B7%AF%E4%BA%8C%E6%AE%B51%E8%99%9F,https://www.nksh.tyc.edu.tw/home?cid=13102,https://www.nksh.tyc.edu.tw/ischool/publish_page/0/,https://www.nksh.tyc.edu.tw/ischool/wr/file/1/13543/a9d3b03ef11c8d8b94a57830316da057.pdf,https://www.nksh.tyc.edu.tw/ischool/wr/file/1/13543/a9d3b03ef11c8d8b94a57830316da057.pdf；https://www.google.com/maps/search/?api=1&query=%E6%A1%83%E5%9C%92%E5%B8%82%E8%98%86%E7%AB%B9%E5%8D%80%E4%BB%81%E6%84%9B%E8%B7%AF%E4%BA%8C%E6%AE%B51%E8%99%9F,https://www.nksh.tyc.edu.tw/ischool/publish_page/0/,https://www.nksh.tyc.edu.tw/ischool/publish_page/0/,https://www.nksh.tyc.edu.tw/home?cid=13102；https://www.nksh.tyc.edu.tw/ischool/publish_page/0/；https://www.nksh.tyc.edu.tw/ischool/wr/file/1/13543/a9d3b03ef11c8d8b94a57830316da057.pdf；https://www.google.com/maps/search/?api=1&query=%E6%A1%83%E5%9C%92%E5%B8%82%E8%98%86%E7%AB%B9%E5%8D%80%E4%BB%81%E6%84%9B%E8%B7%AF%E4%BA%8C%E6%AE%B51%E8%99%9F,2026-09-08
,034312,市立大溪高中,公立,桃連區日間部,高中,男女校,桃園市,大溪區,桃園市大溪區康莊路641號,http://www.dssh.tyc.edu.tw,(03)3878628,普通科:350,350,350,,市立大溪高中115學年度以普通高中部定課程為基礎，搭配校訂必修、多元選修、自然與社會探究實作、自主學習與生涯探索。,市立大溪高中高中課程以自然科學探究與實作、社會領域探究、自主學習及課程成果發表作為主要實作／專題型學習。,有學生專案公車。校方協請桃園客運開設桃園、龍潭、中壢等方向共9條路線；屬一般公車型態，非契約型校車。,可由桃園、中壢或龍潭方向搭桃園客運前往大溪；校方學生專案公車亦規劃桃園、龍潭、中壢等方向共9條路線。,市立大溪高中目前沒有公開的一般高中職學生固定住宿申請制度資訊。,https://www.google.com/maps/search/?api=1&query=%E5%B8%82%E7%AB%8B%E5%A4%A7%E6%BA%AA%E9%AB%98%E4%B8%AD%20%E6%A1%83%E5%9C%92%E5%B8%82%E5%A4%A7%E6%BA%AA%E5%8D%80%E5%BA%B7%E8%8E%8A%E8%B7%AF641%E8%99%9F,https://www.dssh.tyc.edu.tw/,https://www.dssh.tyc.edu.tw/,https://www.dssh.tyc.edu.tw/ischool/publish_page/46/?cid=1544,https://www.dssh.tyc.edu.tw/ischool/publish_page/46/?cid=1544,http://www.dssh.tyc.edu.tw,http://www.dssh.tyc.edu.tw,http://www.dssh.tyc.edu.tw,2026-09-08
,034314,市立壽山高中,公立,桃連區日間部,綜高,男女校,桃園市,龜山區,桃園市龜山區大同路23號,http://www.sssh.tyc.edu.tw,(03)3501778,普通科:330；國際貿易科:61；應用英語科:61；廣告設計科:63,515,515,,市立壽山高中：115學年度課程依各科課程計畫安排，主要科別包括國際貿易科、應用英語科、廣告設計科；各科結合專業理論、校訂課程與實習／實作學習。,市立壽山高中：國際貿易科、應用英語科、廣告設計科等科別依115學年度課程計畫安排專業實習、實作與專題製作，並透過作品、技能或成果發表整合專業學習。,有學生專車；115學年度校方持續提供學生專車，2026-08-27公告「大有線上學專車」自8月31日起試營運、06:20發車；新生資訊亦設有學校專車承辦窗口。,桃園市公車102C「壽山高中－桃園－景雲新村」可直接銜接壽山高中與桃園市區，作為一般公車通勤路線。,市立壽山高中的一般高中部住宿目前沒有公開的校內宿舍申請、床位或收費方案；特定班級、專案或其他部別住宿另行區分。,https://www.google.com/maps/search/?api=1&query=%E5%B8%82%E7%AB%8B%E5%A3%BD%E5%B1%B1%E9%AB%98%E4%B8%AD%20%E6%A1%83%E5%9C%92%E5%B8%82%E9%BE%9C%E5%B1%B1%E5%8D%80%E5%A4%A7%E5%90%8C%E8%B7%AF23%E8%99%9F,https://www.sssh.tyc.edu.tw/wp-content/uploads/doc/sssh211/113%E5%AD%B8%E5%B9%B4%E5%BA%A6%E8%AA%B2%E7%A8%8B%E8%A8%88%E5%8A%83%E6%9B%B8%28%E5%82%99%E6%9F%A5%E7%89%88_%E5%85%AC%E5%91%8A%E7%94%A8%29-1.pdf,http://www.sssh.tyc.edu.tw,https://www.sssh.tyc.edu.tw/break_news/%E3%80%90%E7%94%9F%E8%BC%94%E7%B5%84%E5%85%AC%E5%91%8A%E3%80%91%E5%A4%A7%E6%9C%89%E7%B7%9A%E3%80%8C%E4%B8%8A%E5%AD%B8%E5%B0%88%E8%BB%8A%E3%80%8D/,https://www.sssh.tyc.edu.tw/break_news/%E3%80%90%E7%94%9F%E8%BC%94%E7%B5%84%E5%85%AC%E5%91%8A%E3%80%91%E5%A4%A7%E6%9C%89%E7%B7%9A%E3%80%8C%E4%B8%8A%E5%AD%B8%E5%B0%88%E8%BB%8A%E3%80%8D/；https://www.google.com/maps/search/?api=1&query=%E6%A1%83%E5%9C%92%E5%B8%82%E9%BE%9C%E5%B1%B1%E5%8D%80%E5%A4%A7%E5%90%8C%E8%B7%AF23%E8%99%9F；https://www.sssh.tyc.edu.tw/,http://www.sssh.tyc.edu.tw,http://www.sssh.tyc.edu.tw,https://www.sssh.tyc.edu.tw/wp-content/uploads/doc/sssh211/113%E5%AD%B8%E5%B9%B4%E5%BA%A6%E8%AA%B2%E7%A8%8B%E8%A8%88%E5%8A%83%E6%9B%B8%28%E5%82%99%E6%9F%A5%E7%89%88_%E5%85%AC%E5%91%8A%E7%94%A8%29-1.pdf；http://www.sssh.tyc.edu.tw；https://www.sssh.tyc.edu.tw/break_news/%E3%80%90%E7%94%9F%E8%BC%94%E7%B5%84%E5%85%AC%E5%91%8A%E3%80%91%E5%A4%A7%E6%9C%89%E7%B7%9A%E3%80%8C%E4%B8%8A%E5%AD%B8%E5%B0%88%E8%BB%8A%E3%80%8D/；https://www.google.com/maps/search/?api=1&query=%E6%A1%83%E5%9C%92%E5%B8%82%E9%BE%9C%E5%B1%B1%E5%8D%80%E5%A4%A7%E5%90%8C%E8%B7%AF23%E8%99%9F；https://www.sssh.tyc.edu.tw/,2026-09-08
,034319,市立平鎮高中,公立,桃連區日間部,高中,男女校,桃園市,平鎮區,桃園市平鎮區環南路三段100號,https://www.pjhs.tyc.edu.tw/,(03)4287288,普通科:455,455,455,,市立平鎮高中115學年度以普通高中部定課程為基礎，搭配校訂必修、多元選修、自然與社會探究實作、自主學習與生涯探索。,市立平鎮高中高中課程以自然科學探究與實作、社會領域探究、自主學習及課程成果發表作為主要實作／專題型學習。,市立平鎮高中目前沒有公開固定的高中部校車／學生專車路線資訊；一般公共運輸方式另列於「通勤資訊」。,可由臺鐵中壢站轉乘平鎮方向市區公車至市立平鎮高中周邊站點，再步行到校。,市立平鎮高中目前沒有公開的一般高中職學生固定住宿申請制度資訊。,https://www.google.com/maps/search/?api=1&query=%E5%B8%82%E7%AB%8B%E5%B9%B3%E9%8E%AE%E9%AB%98%E4%B8%AD%20%E6%A1%83%E5%9C%92%E5%B8%82%E5%B9%B3%E9%8E%AE%E5%8D%80%E7%92%B0%E5%8D%97%E8%B7%AF%E4%B8%89%E6%AE%B5100%E8%99%9F,https://www.pzsh.tyc.edu.tw/,https://www.pzsh.tyc.edu.tw/,https://www.pjhs.tyc.edu.tw/,https://www.google.com/maps/search/?api=1&query=%E5%B8%82%E7%AB%8B%E5%B9%B3%E9%8E%AE%E9%AB%98%E4%B8%AD%20%E6%A1%83%E5%9C%92%E5%B8%82%E5%B9%B3%E9%8E%AE%E5%8D%80%E7%92%B0%E5%8D%97%E8%B7%AF%E4%B8%89%E6%AE%B5100%E8%99%9F | https://ebus.tycg.gov.tw/ebus/,https://www.pjhs.tyc.edu.tw/,https://www.pjhs.tyc.edu.tw/,https://www.pjhs.tyc.edu.tw/,2026-09-08
,034332,市立觀音高中,公立,桃連區日間部,綜高,男女校,桃園市,觀音區,桃園市觀音區新坡里中山路2段519號,http://www.gish.tyc.edu.tw,(03)4981464,普通科:126；化工科:60；多媒體動畫科:56,242,242,,市立觀音高中兼具一般學術課程與化工科、多媒體動畫科等專業方向，115學年度透過校訂課程、多元選修、實作學習與生涯探索提供不同升學路徑。,市立觀音高中各專業科別依115學年度課程安排專業實作、實習科目與專題製作，透過操作、作品或成果發表整合所學。,有學生交通車。115學年度第一學期校方公布學生交通車路線與時刻，供學生上下學使用。,可由中壢或桃園方向轉乘往觀音、新坡的市區公車，在市立觀音高中周邊站點下車後步行到校。,市立觀音高中目前沒有公開的一般高中職學生固定住宿申請制度資訊。,https://www.google.com/maps/search/?api=1&query=%E5%B8%82%E7%AB%8B%E8%A7%80%E9%9F%B3%E9%AB%98%E4%B8%AD%20%E6%A1%83%E5%9C%92%E5%B8%82%E8%A7%80%E9%9F%B3%E5%8D%80%E6%96%B0%E5%9D%A1%E9%87%8C%E4%B8%AD%E5%B1%B1%E8%B7%AF2%E6%AE%B5519%E8%99%9F,https://www.gish.tyc.edu.tw/p/404-1000-2832.php,https://www.gish.tyc.edu.tw/p/404-1000-2832.php,https://www.gish.tyc.edu.tw/p/403-1000-32-1.php,https://www.google.com/maps/search/?api=1&query=%E5%B8%82%E7%AB%8B%E8%A7%80%E9%9F%B3%E9%AB%98%E4%B8%AD%20%E6%A1%83%E5%9C%92%E5%B8%82%E8%A7%80%E9%9F%B3%E5%8D%80%E6%96%B0%E5%9D%A1%E9%87%8C%E4%B8%AD%E5%B1%B1%E8%B7%AF2%E6%AE%B5519%E8%99%9F | https://ebus.tycg.gov.tw/ebus/,http://www.gish.tyc.edu.tw,http://www.gish.tyc.edu.tw,http://www.gish.tyc.edu.tw,2026-09-08
,034335,市立新屋高中,公立,桃連區日間部,高中,男女校,桃園市,新屋區,桃園市新屋區中興路111號,https://www.swjh.tyc.edu.tw/,(03)4772029,普通科:143,143,143,,市立新屋高中115學年度以普通高中部定課程為基礎，搭配校訂必修、多元選修、自然與社會探究實作、自主學習與生涯探索。,市立新屋高中高中課程以自然科學探究與實作、社會領域探究、自主學習及課程成果發表作為主要實作／專題型學習。,有學生交通車。115學年度校方公布學生交通車搭乘資訊，供學生上下學使用。,可由中壢或楊梅方向轉乘往新屋的市區公車，到新屋市區後再於市立新屋高中周邊站點下車步行到校。,市立新屋高中目前沒有公開的一般高中職學生固定住宿申請制度資訊。,https://www.google.com/maps/search/?api=1&query=%E5%B8%82%E7%AB%8B%E6%96%B0%E5%B1%8B%E9%AB%98%E4%B8%AD%20%E6%A1%83%E5%9C%92%E5%B8%82%E6%96%B0%E5%B1%8B%E5%8D%80%E4%B8%AD%E8%88%88%E8%B7%AF111%E8%99%9F,https://www.swjh.tyc.edu.tw/DEPT/CPlan/index.aspx?FL_Num=F003&FN_id=411,https://www.swjh.tyc.edu.tw/DEPT/CPlan/index.aspx?FL_Num=F003&FN_id=411,https://www.swjh.tyc.edu.tw/XWHome/SWHS/index.aspx?FL_Num=F023&FN_id=158&MC_id=1,https://www.google.com/maps/search/?api=1&query=%E5%B8%82%E7%AB%8B%E6%96%B0%E5%B1%8B%E9%AB%98%E4%B8%AD%20%E6%A1%83%E5%9C%92%E5%B8%82%E6%96%B0%E5%B1%8B%E5%8D%80%E4%B8%AD%E8%88%88%E8%B7%AF111%E8%99%9F | https://ebus.tycg.gov.tw/ebus/,https://www.swjh.tyc.edu.tw/,https://www.swjh.tyc.edu.tw/,https://www.swjh.tyc.edu.tw/,2026-09-08
,034347,市立永豐高中,公立,桃連區日間部,高中,男女校,桃園市,八德區,桃園市八德區永豐路609號,http://www.yfms.tyc.edu.tw,(03)3692679,普通科:339,339,339,,115學年度課程依校方課程計畫安排，涵蓋應用英語科、廣告設計科、普通科；共同核心之外，依學程與選修方向配置校訂、多元選修及專業課程。,市立永豐高中：應用英語科、廣告設計科、普通科等科別依115學年度課程計畫安排專業實習、實作與專題製作，並透過作品、技能或成果發表整合專業學習。,有學生交通車；校方交通車專區提供桃園客運學生交通車路線，路線涵蓋龍潭、平鎮、大湳、八德、桃園、中壢等方向；實際當期路線依校方交通車專區公告。,一般公車可利用永豐路、廣福路及大湳方向的桃園市區公車到校；由桃園或中壢方向可先到八德／大湳轉乘，再前往永豐路609號。,市立永豐高中的一般高中部住宿目前沒有公開的校內宿舍申請、床位或收費方案；特定班級、專案或其他部別住宿另行區分。,https://www.google.com/maps/search/?api=1&query=%E5%B8%82%E7%AB%8B%E6%B0%B8%E8%B1%90%E9%AB%98%E4%B8%AD%20%E6%A1%83%E5%9C%92%E5%B8%82%E5%85%AB%E5%BE%B7%E5%8D%80%E6%B0%B8%E8%B1%90%E8%B7%AF609%E8%99%9F,https://www.yfms.tyc.edu.tw/uploads/1632813263303noEcFsGl.pdf,http://www.yfms.tyc.edu.tw,https://www.yfms.tyc.edu.tw/nss/p/chk5,https://www.yfms.tyc.edu.tw/nss/p/chk5；https://www.google.com/maps/search/?api=1&query=%E6%A1%83%E5%9C%92%E5%B8%82%E5%85%AB%E5%BE%B7%E5%8D%80%E6%B0%B8%E8%B1%90%E8%B7%AF609%E8%99%9F,http://www.yfms.tyc.edu.tw,http://www.yfms.tyc.edu.tw,https://www.yfms.tyc.edu.tw/uploads/1632813263303noEcFsGl.pdf；http://www.yfms.tyc.edu.tw；https://www.yfms.tyc.edu.tw/nss/p/chk5；https://www.google.com/maps/search/?api=1&query=%E6%A1%83%E5%9C%92%E5%B8%82%E5%85%AB%E5%BE%B7%E5%8D%80%E6%B0%B8%E8%B1%90%E8%B7%AF609%E8%99%9F,2026-09-08
,034348,市立羅浮高中,公立,桃連區日間部,高職,男女校,桃園市,復興區,桃園市復興區羅浮里3鄰18號,https://www.lfsh.tyc.edu.tw/home,(03)3825585,觀光事業科:10；餐飲管理科:19,29,29,,市立羅浮高中115學年度課程以觀光事業科、餐飲管理科等專業方向為主，各科配置專業核心、實習實作、校訂選修與職涯銜接課程。,市立羅浮高中各專業科別依115學年度課程安排專業實作、實習科目與專題製作，透過操作、作品或成果發表整合所學。,有免費校車。校方設有免費校車路線專區，供復興區及周邊學生上下學使用。,可由大溪轉乘往復興、羅浮方向的公車，在羅浮地區下車後步行至市立羅浮高中。,市立羅浮高中目前沒有公開的一般高中職學生固定住宿申請制度資訊。,https://www.google.com/maps/search/?api=1&query=%E5%B8%82%E7%AB%8B%E7%BE%85%E6%B5%AE%E9%AB%98%E4%B8%AD%20%E6%A1%83%E5%9C%92%E5%B8%82%E5%BE%A9%E8%88%88%E5%8D%80%E7%BE%85%E6%B5%AE%E9%87%8C3%E9%84%B018%E8%99%9F,https://www.lfsh.tyc.edu.tw/home?cid=117,https://www.lfsh.tyc.edu.tw/home?cid=117,https://www.lfsh.tyc.edu.tw/,https://www.google.com/maps/search/?api=1&query=%E5%B8%82%E7%AB%8B%E7%BE%85%E6%B5%AE%E9%AB%98%E4%B8%AD%20%E6%A1%83%E5%9C%92%E5%B8%82%E5%BE%A9%E8%88%88%E5%8D%80%E7%BE%85%E6%B5%AE%E9%87%8C3%E9%84%B018%E8%99%9F | https://ebus.tycg.gov.tw/ebus/,https://www.lfsh.tyc.edu.tw/home,https://www.lfsh.tyc.edu.tw/home,https://www.lfsh.tyc.edu.tw/home,2026-09-08
,034399,市立大園國際高中,公立,桃連區日間部,高中,男女校,桃園市,大園區,桃園市大園區大成路二段8號,http://www.dysh.tyc.edu.tw,(03)3813001,普通科:420,420,420,,以普通高中課程、第二外語與國際教育為主，並設IB Diploma Programme；IBDP包含TOK知識論、EE延伸論文與CAS創意活動服務等核心。,普通課程包含探究、自主學習與成果表現；IBDP學生另完成EE延伸論文，並透過CAS專案及學科內部評量進行研究與實作。,市立大園國際高中目前沒有公開固定的高中部校車／學生專車路線資訊；一般公共運輸方式另列於「通勤資訊」。,機場捷運A17領航站距校約300公尺；高鐵桃園站距校約800公尺，可步行或騎YouBike前往。,學校設有學生宿舍，提供交通不便學生住宿；IBDP招生資訊亦明確列出校內宿舍。,https://www.google.com/maps/search/?api=1&query=%E5%B8%82%E7%AB%8B%E5%A4%A7%E5%9C%92%E5%9C%8B%E9%9A%9B%E9%AB%98%E4%B8%AD%20%E6%A1%83%E5%9C%92%E5%B8%82%E5%A4%A7%E5%9C%92%E5%8D%80%E5%A4%A7%E6%88%90%E8%B7%AF%E4%BA%8C%E6%AE%B58%E8%99%9F,https://www.dysh.tyc.edu.tw/ischool/publish_page/169/?cid=6375,https://www.dysh.tyc.edu.tw/ischool/publish_page/169/?cid=6375,http://www.dysh.tyc.edu.tw,https://www.dyish-ib.dysh.tyc.edu.tw/,https://www.dyish-ib.dysh.tyc.edu.tw/,http://www.dysh.tyc.edu.tw,http://www.dysh.tyc.edu.tw,2026-09-08
,031301,桃園市路亞國際高中,私立,桃連區日間部,綜高,男女校,桃園市,龍潭區,桃園市龍潭區中正路佳安段448號,https://www.lysh.tyc.edu.tw,(03)4711388,普通科:30；普通科:270；資訊科:65；商業經營科:90；會計事務科:45；資料處理科:100,600,600,,高中部同時提供一般高中與IBDP國際文憑路徑；IBDP以TOK、EE、CAS為核心，強調雙語學術、研究寫作、跨領域探究與國際素養。,IBDP以EE延伸論文、TOK知識論與CAS專案為主要研究／實作架構，並包含科學實驗報告、學術研究寫作與跨領域專案。,有校車。高中部學生手冊列有通勤生搭校車返家安排，校內住宿生則留校晚自習與住宿。,可先到龍潭市區，再轉乘桃園客運／市區公車至桃園市路亞國際高中周邊站點，下車後步行到校。,學校設有校內宿舍；高中部IBDP招生資訊與學生手冊均列有住宿生生活與住宿安排。,https://www.google.com/maps/search/?api=1&query=%E6%A1%83%E5%9C%92%E5%B8%82%E8%B7%AF%E4%BA%9E%E5%9C%8B%E9%9A%9B%E9%AB%98%E4%B8%AD%20%E6%A1%83%E5%9C%92%E5%B8%82%E9%BE%8D%E6%BD%AD%E5%8D%80%E4%B8%AD%E6%AD%A3%E8%B7%AF%E4%BD%B3%E5%AE%89%E6%AE%B5448%E8%99%9F,https://www.lysh.tyc.edu.tw/,https://www.lysh.tyc.edu.tw/,https://www.lysh.tyc.edu.tw/wp-content/uploads/2026/03/114%E5%AD%B8%E5%B9%B4%E5%BA%A6%E5%AD%B8%E7%94%9F%E6%89%8B%E5%86%8A_%E9%AB%98%E4%B8%AD%E7%89%880331.pdf,https://www.google.com/maps/search/?api=1&query=%E6%A1%83%E5%9C%92%E5%B8%82%E8%B7%AF%E4%BA%9E%E5%9C%8B%E9%9A%9B%E9%AB%98%E4%B8%AD%20%E6%A1%83%E5%9C%92%E5%B8%82%E9%BE%8D%E6%BD%AD%E5%8D%80%E4%B8%AD%E6%AD%A3%E8%B7%AF%E4%BD%B3%E5%AE%89%E6%AE%B5448%E8%99%9F | https://ebus.tycg.gov.tw/ebus/,https://www.psjh.tyc.edu.tw/uploads/neilmfdcms/types1/20file/file/6096_2_%E6%A1%83%E5%9C%92%E5%B8%82%E8%B7%AF%E4%BA%9E%E5%9C%8B%E9%9A%9B%E4%B8%AD%E5%AD%B8_%E9%AB%98%E4%B8%AD%E9%83%A8ibdp%E6%8B%9B%E7%94%9F%E8%AA%AA%E6%98%8E%E6%9C%83%E5%A0%B1%E5%90%8D.pdf,https://www.lysh.tyc.edu.tw,https://www.lysh.tyc.edu.tw,2026-09-08
,031309,桃園市育達高中,私立,桃連區日間部,綜高,男女校,桃園市,平鎮區,桃園市平鎮區育達路160號,https://www.yuda.tyc.edu.tw/main,(03)4934101,應用英語科:70；應用日語科:90；廣告設計科:80；多媒體設計科:90；幼兒保育科:85；時尚造型科:75；觀光事業科:90；餐飲管理科:80；普通科:55,715,715,,桃園市育達高中兼具一般學術課程與應用英語科、應用日語科、廣告設計科、多媒體設計科、幼兒保育科、時尚造型科等專業方向，115學年度透過校訂課程、多元選修、實作學習與生涯探索提供不同升學路徑。,桃園市育達高中各專業科別依115學年度課程安排專業實作、實習科目與專題製作，透過操作、作品或成果發表整合所學。,桃園市育達高中目前沒有公開固定的高中部校車／學生專車路線資訊；一般公共運輸方式另列於「通勤資訊」。,可由臺鐵中壢站轉乘平鎮方向市區公車至桃園市育達高中周邊站點，再步行到校。,桃園市育達高中目前沒有公開的一般高中職學生固定住宿申請制度資訊。,https://www.google.com/maps/search/?api=1&query=%E6%A1%83%E5%9C%92%E5%B8%82%E8%82%B2%E9%81%94%E9%AB%98%E4%B8%AD%20%E6%A1%83%E5%9C%92%E5%B8%82%E5%B9%B3%E9%8E%AE%E5%8D%80%E8%82%B2%E9%81%94%E8%B7%AF160%E8%99%9F,https://ydweb.yuda.tyc.edu.tw/page/ydw/school/home,https://ydweb.yuda.tyc.edu.tw/page/ydw/school/home,https://www.yuda.tyc.edu.tw/main,https://www.google.com/maps/search/?api=1&query=%E6%A1%83%E5%9C%92%E5%B8%82%E8%82%B2%E9%81%94%E9%AB%98%E4%B8%AD%20%E6%A1%83%E5%9C%92%E5%B8%82%E5%B9%B3%E9%8E%AE%E5%8D%80%E8%82%B2%E9%81%94%E8%B7%AF160%E8%99%9F | https://ebus.tycg.gov.tw/ebus/,https://www.yuda.tyc.edu.tw/main,https://www.yuda.tyc.edu.tw/main,https://www.yuda.tyc.edu.tw/main,2026-09-08
,031310,私立六和高中,私立,桃連區日間部,高職,男女校,桃園市,平鎮區,桃園市平鎮區陸光路180號,https://www.lioho.tw/ischool/publish_page/0/,(03)4204000,機電科:41；資訊科:20；應用英語科:20；多媒體設計科:20,101,101,,私立六和高中115學年度課程以機電科、資訊科、應用英語科、多媒體設計科等專業方向為主，各科配置專業核心、實習實作、校訂選修與職涯銜接課程。,私立六和高中各專業科別依115學年度課程安排專業實作、實習科目與專題製作，透過操作、作品或成果發表整合所學。,私立六和高中目前沒有公開固定的高中部校車／學生專車路線資訊；一般公共運輸方式另列於「通勤資訊」。,可由臺鐵中壢站轉乘平鎮方向市區公車至私立六和高中周邊站點，再步行到校。,私立六和高中目前沒有公開的一般高中職學生固定住宿申請制度資訊。,https://www.google.com/maps/search/?api=1&query=%E7%A7%81%E7%AB%8B%E5%85%AD%E5%92%8C%E9%AB%98%E4%B8%AD%20%E6%A1%83%E5%9C%92%E5%B8%82%E5%B9%B3%E9%8E%AE%E5%8D%80%E9%99%B8%E5%85%89%E8%B7%AF180%E8%99%9F,https://www.lioho.tw/,https://www.lioho.tw/,https://www.lioho.tw/ischool/publish_page/0/,https://www.google.com/maps/search/?api=1&query=%E7%A7%81%E7%AB%8B%E5%85%AD%E5%92%8C%E9%AB%98%E4%B8%AD%20%E6%A1%83%E5%9C%92%E5%B8%82%E5%B9%B3%E9%8E%AE%E5%8D%80%E9%99%B8%E5%85%89%E8%B7%AF180%E8%99%9F | https://ebus.tycg.gov.tw/ebus/,https://www.lioho.tw/ischool/publish_page/0/,https://www.lioho.tw/ischool/publish_page/0/,https://www.lioho.tw/ischool/publish_page/0/,2026-09-08
,031311,桃園市復旦高中,私立,桃連區日間部,綜高,男女校,桃園市,平鎮區,桃園市平鎮區復旦路二段122號,https://www.fdhs.tyc.edu.tw/school.htm,(03)4932476,普通科:240；普通科:185；綜合高中:25；資訊科:8,458,458,,桃園市復旦高中兼具一般學術課程與資訊科等專業方向，115學年度透過校訂課程、多元選修、實作學習與生涯探索提供不同升學路徑。,桃園市復旦高中各專業科別依115學年度課程安排專業實作、實習科目與專題製作，透過操作、作品或成果發表整合所學。,桃園市復旦高中目前沒有公開固定的高中部校車／學生專車路線資訊；一般公共運輸方式另列於「通勤資訊」。,可由臺鐵中壢站轉乘平鎮方向市區公車至桃園市復旦高中周邊站點，再步行到校。,桃園市復旦高中目前沒有公開的一般高中職學生固定住宿申請制度資訊。,https://www.google.com/maps/search/?api=1&query=%E6%A1%83%E5%9C%92%E5%B8%82%E5%BE%A9%E6%97%A6%E9%AB%98%E4%B8%AD%20%E6%A1%83%E5%9C%92%E5%B8%82%E5%B9%B3%E9%8E%AE%E5%8D%80%E5%BE%A9%E6%97%A6%E8%B7%AF%E4%BA%8C%E6%AE%B5122%E8%99%9F,https://www.fhsh.tyc.edu.tw/,https://www.fhsh.tyc.edu.tw/,https://www.fdhs.tyc.edu.tw/school.htm,https://www.google.com/maps/search/?api=1&query=%E6%A1%83%E5%9C%92%E5%B8%82%E5%BE%A9%E6%97%A6%E9%AB%98%E4%B8%AD%20%E6%A1%83%E5%9C%92%E5%B8%82%E5%B9%B3%E9%8E%AE%E5%8D%80%E5%BE%A9%E6%97%A6%E8%B7%AF%E4%BA%8C%E6%AE%B5122%E8%99%9F | https://ebus.tycg.gov.tw/ebus/,https://www.fdhs.tyc.edu.tw/school.htm,https://www.fdhs.tyc.edu.tw/school.htm,https://www.fdhs.tyc.edu.tw/school.htm,2026-09-08
,031312,桃園市治平高中,私立,桃連區日間部,綜高,男女校,桃園市,楊梅區,桃園市楊梅區中興路137號,http://www.cpshs.tyc.edu.tw/home,(03)4823636,電機科:60；資料處理科:10；電子商務科:35；應用英語科:7；應用日語科:48；時尚造型科:83；普通科:215；資訊科:60；商業經營科:35,553,553,,桃園市治平高中兼具一般學術課程與電機科、資料處理科、電子商務科、應用英語科、應用日語科、時尚造型科等專業方向，115學年度透過校訂課程、多元選修、實作學習與生涯探索提供不同升學路徑。,桃園市治平高中各專業科別依115學年度課程安排專業實作、實習科目與專題製作，透過操作、作品或成果發表整合所學。,桃園市治平高中目前沒有公開固定的高中部校車／學生專車路線資訊；一般公共運輸方式另列於「通勤資訊」。,可由臺鐵楊梅站或埔心站轉乘楊梅地區公車至桃園市治平高中周邊站點，再步行到校。,桃園市治平高中目前沒有公開的一般高中職學生固定住宿申請制度資訊。,https://www.google.com/maps/search/?api=1&query=%E6%A1%83%E5%9C%92%E5%B8%82%E6%B2%BB%E5%B9%B3%E9%AB%98%E4%B8%AD%20%E6%A1%83%E5%9C%92%E5%B8%82%E6%A5%8A%E6%A2%85%E5%8D%80%E4%B8%AD%E8%88%88%E8%B7%AF137%E8%99%9F,https://www.chihping.tyc.edu.tw/,https://www.chihping.tyc.edu.tw/,http://www.cpshs.tyc.edu.tw/home,https://www.google.com/maps/search/?api=1&query=%E6%A1%83%E5%9C%92%E5%B8%82%E6%B2%BB%E5%B9%B3%E9%AB%98%E4%B8%AD%20%E6%A1%83%E5%9C%92%E5%B8%82%E6%A5%8A%E6%A2%85%E5%8D%80%E4%B8%AD%E8%88%88%E8%B7%AF137%E8%99%9F | https://ebus.tycg.gov.tw/ebus/,http://www.cpshs.tyc.edu.tw/home,http://www.cpshs.tyc.edu.tw/home,http://www.cpshs.tyc.edu.tw/home,2026-09-08
,031313,桃園市振聲高中,私立,桃連區日間部,綜高,男女校,桃園市,桃園區,桃園市桃園區復興路439號,https://www.fxsh.tyc.edu.tw/home,(03)3322605,國際貿易科:35；電子商務科:60；應用英語科:55；廣告設計科:50；多媒體設計科:50；觀光事業科:50；普通科:27；機械科:16,343,343,,桃園市振聲高中兼具一般學術課程與國際貿易科、電子商務科、應用英語科、廣告設計科、多媒體設計科、觀光事業科等專業方向，115學年度透過校訂課程、多元選修、實作學習與生涯探索提供不同升學路徑。,桃園市振聲高中各專業科別依115學年度課程安排專業實作、實習科目與專題製作，透過操作、作品或成果發表整合所學。,桃園市振聲高中目前沒有公開固定的高中部校車／學生專車路線資訊；一般公共運輸方式另列於「通勤資訊」。,可由臺鐵桃園站沿復興路步行約15分鐘到校，也可利用桃園市區公車在復興路周邊站點下車。,桃園市振聲高中目前沒有公開的一般高中職學生固定住宿申請制度資訊。,https://www.google.com/maps/search/?api=1&query=%E6%A1%83%E5%9C%92%E5%B8%82%E6%8C%AF%E8%81%B2%E9%AB%98%E4%B8%AD%20%E6%A1%83%E5%9C%92%E5%B8%82%E6%A1%83%E5%9C%92%E5%8D%80%E5%BE%A9%E8%88%88%E8%B7%AF439%E8%99%9F,https://www.sssh.tyc.edu.tw/,https://www.sssh.tyc.edu.tw/,https://www.fxsh.tyc.edu.tw/home,https://www.google.com/maps/search/?api=1&query=%E6%A1%83%E5%9C%92%E5%B8%82%E6%8C%AF%E8%81%B2%E9%AB%98%E4%B8%AD%20%E6%A1%83%E5%9C%92%E5%B8%82%E6%A1%83%E5%9C%92%E5%8D%80%E5%BE%A9%E8%88%88%E8%B7%AF439%E8%99%9F,https://www.fxsh.tyc.edu.tw/home,https://www.fxsh.tyc.edu.tw/home,https://www.fxsh.tyc.edu.tw/home,2026-09-08
,031317,私立光啟高中,私立,桃連區日間部,綜高,男女校,桃園市,龜山區,桃園市龜山區自由街40號,http://www.phsh.tyc.edu.tw,(02)82098313,汽車科:16；電機科:16；照顧服務科:16；餐飲管理科:16；普通科:135；汽車科:90；資訊科:70；電子商務科:55；應用英語科:25,439,439,,115學年度課程依校方課程計畫安排，涵蓋普通科、機械科、汽車科、電機科、照顧服務科、餐飲管理科；共同核心之外，依學程與選修方向配置校訂、多元選修及專業課程。,私立光啟高中：普通科、機械科、汽車科、電機科、照顧服務科、餐飲管理科等科別依115學年度課程計畫安排專業實習、實作與專題製作，並透過作品、技能或成果發表整合專業學習。,私立光啟高中的學生專車目前沒有公開的路線、站點或申請資訊；一般捷運、臺鐵、公車與步行路線另列於「通勤資訊」。,可搭捷運至迴龍站後步行約10分鐘；公車可搭635、636、615、602、810、藍37、601等至龍華科技大學／迴龍周邊站點再步行到校。,私立光啟高中的一般高中部住宿目前沒有公開的校內宿舍申請、床位或收費方案；特定班級、專案或其他部別住宿另行區分。,https://www.google.com/maps/search/?api=1&query=%E7%A7%81%E7%AB%8B%E5%85%89%E5%95%9F%E9%AB%98%E4%B8%AD%20%E6%A1%83%E5%9C%92%E5%B8%82%E9%BE%9C%E5%B1%B1%E5%8D%80%E8%87%AA%E7%94%B1%E8%A1%9740%E8%99%9F,https://courset.k12ea.gov.tw/courseinformation/indextea01.asp,http://www.phsh.tyc.edu.tw,https://www.pljhs.ntpc.edu.tw/app/index.php?Action=downloadfile&file=WVhSMFlXTm9MemMwTDNCMFlWODROamhmTXpVME1qZzBNMTgxTXpBeE9DNXdaR1k9&fname=WW54RPOKRKKK41YXDGLK54MKZSMOWTJGFGB0YSLKCCUXCC40USRO01UWWW54USOKWWTSDH05A40454TXYWOKTSWWDGB0MKLKIH35DCA0LKB0VSQKFHPOYWFCNOXWLLZXTSLKQKTXKKZWWT14STEGNKKK2135A5A4,https://www.pljhs.ntpc.edu.tw/app/index.php?Action=downloadfile&file=WVhSMFlXTm9MemMwTDNCMFlWODROamhmTXpVME1qZzBNMTgxTXpBeE9DNXdaR1k9&fname=WW54RPOKRKKK41YXDGLK54MKZSMOWTJGFGB0YSLKCCUXCC40USRO01UWWW54USOKWWTSDH05A40454TXYWOKTSWWDGB0MKLKIH35DCA0LKB0VSQKFHPOYWFCNOXWLLZXTSLKQKTXKKZWWT14STEGNKKK2135A5A4；https://www.google.com/maps/search/?api=1&query=%E6%A1%83%E5%9C%92%E5%B8%82%E9%BE%9C%E5%B1%B1%E5%8D%80%E8%87%AA%E7%94%B1%E8%A1%9740%E8%99%9F,http://www.phsh.tyc.edu.tw,http://www.phsh.tyc.edu.tw,https://courset.k12ea.gov.tw/courseinformation/indextea01.asp；http://www.phsh.tyc.edu.tw；https://www.pljhs.ntpc.edu.tw/app/index.php?Action=downloadfile&file=WVhSMFlXTm9MemMwTDNCMFlWODROamhmTXpVME1qZzBNMTgxTXpBeE9DNXdaR1k9&fname=WW54RPOKRKKK41YXDGLK54MKZSMOWTJGFGB0YSLKCCUXCC40USRO01UWWW54USOKWWTSDH05A40454TXYWOKTSWWDGB0MKLKIH35DCA0LKB0VSQKFHPOYWFCNOXWLLZXTSLKQKTXKKZWWT14STEGNKKK2135A5A4；https://www.google.com/maps/search/?api=1&query=%E6%A1%83%E5%9C%92%E5%B8%82%E9%BE%9C%E5%B1%B1%E5%8D%80%E8%87%AA%E7%94%B1%E8%A1%9740%E8%99%9F,2026-09-08
,031318,桃園市啟英高中,私立,桃連區日間部,高職,男女校,桃園市,中壢區,桃園市中壢區中園路447號,http://web.cyvs.tyc.edu.tw/html/,(03)4523036,應用日語科:25；廣告設計科:65；室內設計科:90；時尚造型科:45；餐飲管理科:155；音樂科:45；電影電視科:45；表演藝術科:45；汽車科:18,533,533,,桃園市啟英高中115學年度課程以應用日語科、廣告設計科、室內設計科、時尚造型科、餐飲管理科、音樂科、電影電視科等專業方向為主，各科配置專業核心、實習實作、校訂選修與職涯銜接課程。,桃園市啟英高中各專業科別依115學年度課程安排專業實作、實習科目與專題製作，透過操作、作品或成果發表整合所學。,有校車。115學年度新生始業輔導公布各國中校車路線時間表，校方亦設日校校車路線查詢專區。,中壢火車站可搭中壢客運往五塊厝方向至啟英高中站；桃園或中壢方向也可搭1路至YKK站，再步行約10分鐘到校。,桃園市啟英高中目前沒有公開的一般高中職學生固定住宿申請制度資訊。,https://www.google.com/maps/search/?api=1&query=%E6%A1%83%E5%9C%92%E5%B8%82%E5%95%9F%E8%8B%B1%E9%AB%98%E4%B8%AD%20%E6%A1%83%E5%9C%92%E5%B8%82%E4%B8%AD%E5%A3%A2%E5%8D%80%E4%B8%AD%E5%9C%92%E8%B7%AF447%E8%99%9F,https://aao.cyvs.tyc.edu.tw/%E5%90%84%E5%B9%B4%E5%BA%A6%E8%AA%B2%E7%A8%8B%E8%A8%88%E5%8A%83%E6%9B%B8,https://aao.cyvs.tyc.edu.tw/%E5%90%84%E5%B9%B4%E5%BA%A6%E8%AA%B2%E7%A8%8B%E8%A8%88%E5%8A%83%E6%9B%B8,https://www.cyvs.tyc.edu.tw/modules/tadnews/?identity=%E5%AE%B6%E9%95%B7,https://web.cyvs.tyc.edu.tw/html/modules/sitepages/page.php?sid=36,http://web.cyvs.tyc.edu.tw/html/,http://web.cyvs.tyc.edu.tw/html/,http://web.cyvs.tyc.edu.tw/html/,2026-09-08
,031319,桃園市清華高中,私立,桃連區日間部,綜高,男女校,桃園市,新屋區,桃園市新屋區中華路658號,http://www.chvs.tyc.edu.tw,(03)4771196,軌道車輛科:13；幼兒保育科:42；餐飲管理科:18；普通科:428；機械科:54；汽車科:55；飛機修護科:54；資訊科:54；電子科:55,773,773,,桃園市清華高中兼具一般學術課程與軌道車輛科、幼兒保育科、餐飲管理科、機械科、汽車科、飛機修護科等專業方向，115學年度透過校訂課程、多元選修、實作學習與生涯探索提供不同升學路徑。,桃園市清華高中各專業科別依115學年度課程安排專業實作、實習科目與專題製作，透過操作、作品或成果發表整合所學。,桃園市清華高中目前沒有公開固定的高中部校車／學生專車路線資訊；一般公共運輸方式另列於「通勤資訊」。,可由中壢或楊梅方向轉乘往新屋的市區公車，到新屋市區後再於桃園市清華高中周邊站點下車步行到校。,桃園市清華高中目前沒有公開的一般高中職學生固定住宿申請制度資訊。,https://www.google.com/maps/search/?api=1&query=%E6%A1%83%E5%9C%92%E5%B8%82%E6%B8%85%E8%8F%AF%E9%AB%98%E4%B8%AD%20%E6%A1%83%E5%9C%92%E5%B8%82%E6%96%B0%E5%B1%8B%E5%8D%80%E4%B8%AD%E8%8F%AF%E8%B7%AF658%E8%99%9F,https://www.chvs.tyc.edu.tw/ischool/wr/file/1/3435/db2cdec1927155db625ee8d9a2410670.pdf,https://www.chvs.tyc.edu.tw/ischool/wr/file/1/3435/db2cdec1927155db625ee8d9a2410670.pdf,http://www.chvs.tyc.edu.tw,https://www.google.com/maps/search/?api=1&query=%E6%A1%83%E5%9C%92%E5%B8%82%E6%B8%85%E8%8F%AF%E9%AB%98%E4%B8%AD%20%E6%A1%83%E5%9C%92%E5%B8%82%E6%96%B0%E5%B1%8B%E5%8D%80%E4%B8%AD%E8%8F%AF%E8%B7%AF658%E8%99%9F | https://ebus.tycg.gov.tw/ebus/,http://www.chvs.tyc.edu.tw,http://www.chvs.tyc.edu.tw,http://www.chvs.tyc.edu.tw,2026-09-08
,031320,桃園市新興高中,私立,桃連區日間部,高職,男女校,桃園市,八德區,桃園市八德區永豐路563號,http://www.hshs.tyc.edu.tw,(03)3796996,商業經營科:45；國際貿易科:35；電子商務科:30；應用英語科:32；應用日語科:24；多媒體設計科:55；觀光事業科:55,276,276,,桃園市新興高中115學年度課程以商業經營科、國際貿易科、電子商務科、應用英語科、應用日語科、多媒體設計科、觀光事業科等專業方向為主，各科配置專業核心、實習實作、校訂選修與職涯銜接課程。,桃園市新興高中各專業科別依115學年度課程安排專業實作、實習科目與專題製作，透過操作、作品或成果發表整合所學。,有校車。校方交通頁提供校車路線查詢，並另列臺鐵、公車及捷運轉乘方式。,桃園、中壢或內壢車站可轉乘1、1A、1B、168、301、601等路線至桃園醫院站；另有109、L118至L121等路線停靠新興高中周邊。,桃園市新興高中目前沒有公開的一般高中職學生固定住宿申請制度資訊。,https://www.google.com/maps/search/?api=1&query=%E6%A1%83%E5%9C%92%E5%B8%82%E6%96%B0%E8%88%88%E9%AB%98%E4%B8%AD%20%E6%A1%83%E5%9C%92%E5%B8%82%E5%85%AB%E5%BE%B7%E5%8D%80%E6%B0%B8%E8%B1%90%E8%B7%AF563%E8%99%9F,https://learn.hshs.tyc.edu.tw/ischool/publish_page/456/?cid=14681,https://learn.hshs.tyc.edu.tw/ischool/publish_page/456/?cid=14681,https://learn.hshs.tyc.edu.tw/ischool/publish_page/83/?cid=15411,https://learn.hshs.tyc.edu.tw/ischool/publish_page/83/?cid=15411,http://www.hshs.tyc.edu.tw,http://www.hshs.tyc.edu.tw,http://www.hshs.tyc.edu.tw,2026-09-08
,031323,私立至善高中,私立,桃連區日間部,綜高,男女校,桃園市,大溪區,桃園市大溪區康莊路645號,http://www.tzsavs.tyc.edu.tw,(03)3887528,家具木工科:55；觀光事業科:19；普通科:45,119,119,,私立至善高中兼具一般學術課程與家具木工科、觀光事業科等專業方向，115學年度透過校訂課程、多元選修、實作學習與生涯探索提供不同升學路徑。,私立至善高中各專業科別依115學年度課程安排專業實作、實習科目與專題製作，透過操作、作品或成果發表整合所學。,私立至善高中目前沒有公開固定的高中部校車／學生專車路線資訊；一般公共運輸方式另列於「通勤資訊」。,可由桃園、中壢或龍潭方向搭往大溪的公車，在康莊路學校周邊站點下車後步行至私立至善高中。,私立至善高中目前沒有公開的一般高中職學生固定住宿申請制度資訊。,https://www.google.com/maps/search/?api=1&query=%E7%A7%81%E7%AB%8B%E8%87%B3%E5%96%84%E9%AB%98%E4%B8%AD%20%E6%A1%83%E5%9C%92%E5%B8%82%E5%A4%A7%E6%BA%AA%E5%8D%80%E5%BA%B7%E8%8E%8A%E8%B7%AF645%E8%99%9F,https://www.jsvs.tyc.edu.tw/,https://www.jsvs.tyc.edu.tw/,http://www.tzsavs.tyc.edu.tw,https://www.google.com/maps/search/?api=1&query=%E7%A7%81%E7%AB%8B%E8%87%B3%E5%96%84%E9%AB%98%E4%B8%AD%20%E6%A1%83%E5%9C%92%E5%B8%82%E5%A4%A7%E6%BA%AA%E5%8D%80%E5%BA%B7%E8%8E%8A%E8%B7%AF645%E8%99%9F | https://ebus.tycg.gov.tw/ebus/,http://www.tzsavs.tyc.edu.tw,http://www.tzsavs.tyc.edu.tw,http://www.tzsavs.tyc.edu.tw,2026-09-08
,031324,桃園市大興高中,私立,桃連區日間部,高職,男女校,桃園市,大園區,桃園市大園區永興路142號,https://www.dxhs.tyc.edu.tw/home,(03)3862330,飛機修護科:30；時尚造型科:30；餐飲管理科:30,90,90,,桃園市大興高中115學年度課程以飛機修護科、時尚造型科、餐飲管理科等專業方向為主，各科配置專業核心、實習實作、校訂選修與職涯銜接課程。,桃園市大興高中各專業科別依115學年度課程安排專業實作、實習科目與專題製作，透過操作、作品或成果發表整合所學。,桃園市大興高中目前沒有公開固定的高中部校車／學生專車路線資訊；一般公共運輸方式另列於「通勤資訊」。,可由桃園或中壢方向搭「中壢－青埔－大園」等公車至大園南門站，再步行約0.4公里；機場捷運A15大園站至校約2.2公里。,桃園市大興高中目前沒有公開的一般高中職學生固定住宿申請制度資訊。,https://www.google.com/maps/search/?api=1&query=%E6%A1%83%E5%9C%92%E5%B8%82%E5%A4%A7%E8%88%88%E9%AB%98%E4%B8%AD%20%E6%A1%83%E5%9C%92%E5%B8%82%E5%A4%A7%E5%9C%92%E5%8D%80%E6%B0%B8%E8%88%88%E8%B7%AF142%E8%99%9F,https://www.dxhs.tyc.edu.tw/,https://www.dxhs.tyc.edu.tw/,https://www.dxhs.tyc.edu.tw/home,https://www.dxhs.tyc.edu.tw/home?cid=727,https://www.dxhs.tyc.edu.tw/home,https://www.dxhs.tyc.edu.tw/home,https://www.dxhs.tyc.edu.tw/home,2026-09-08
,031326,私立大華高中,私立,桃連區日間部,綜高,男女校,桃園市,楊梅區,桃園市楊梅區三民路二段200號,http://www.thsh.tyc.edu.tw,(03)4820506,普通科:70；機械科:13,83,83,,私立大華高中兼具一般學術課程與機械科等專業方向，115學年度透過校訂課程、多元選修、實作學習與生涯探索提供不同升學路徑。,私立大華高中各專業科別依115學年度課程安排專業實作、實習科目與專題製作，透過操作、作品或成果發表整合所學。,私立大華高中目前沒有公開固定的高中部校車／學生專車路線資訊；一般公共運輸方式另列於「通勤資訊」。,可由臺鐵楊梅站或埔心站轉乘楊梅地區公車至私立大華高中周邊站點，再步行到校。,私立大華高中目前沒有公開的一般高中職學生固定住宿申請制度資訊。,https://www.google.com/maps/search/?api=1&query=%E7%A7%81%E7%AB%8B%E5%A4%A7%E8%8F%AF%E9%AB%98%E4%B8%AD%20%E6%A1%83%E5%9C%92%E5%B8%82%E6%A5%8A%E6%A2%85%E5%8D%80%E4%B8%89%E6%B0%91%E8%B7%AF%E4%BA%8C%E6%AE%B5200%E8%99%9F,https://www.thsh.tyc.edu.tw/,https://www.thsh.tyc.edu.tw/,http://www.thsh.tyc.edu.tw,https://www.google.com/maps/search/?api=1&query=%E7%A7%81%E7%AB%8B%E5%A4%A7%E8%8F%AF%E9%AB%98%E4%B8%AD%20%E6%A1%83%E5%9C%92%E5%B8%82%E6%A5%8A%E6%A2%85%E5%8D%80%E4%B8%89%E6%B0%91%E8%B7%AF%E4%BA%8C%E6%AE%B5200%E8%99%9F | https://ebus.tycg.gov.tw/ebus/,http://www.thsh.tyc.edu.tw,http://www.thsh.tyc.edu.tw,http://www.thsh.tyc.edu.tw,2026-09-08
,031414,桃園市世紀綠能工商,私立,桃連區日間部,高職,男女校,桃園市,龜山區,桃園市龜山區明德路162巷100號,https://web.cgehs.tyc.edu.tw/,(03)3294187,汽車科:13；資訊科:27；幼兒保育科:13；餐飲管理科:9；飛機修護科:20,82,82,,桃園市世紀綠能工商：115學年度課程依各科課程計畫安排，主要科別包括機械科、汽車科、資訊科、幼兒保育科、餐飲管理科；各科結合專業理論、校訂課程與實習／實作學習。,桃園市世紀綠能工商：機械科、汽車科、資訊科、幼兒保育科、餐飲管理科等科別依115學年度課程計畫安排專業實習、實作與專題製作，並透過作品、技能或成果發表整合專業學習。,有校車；校方校車路線專區列有林口一線、林口二線、三峽線及新樹迴線等，包含A9林口站、A7體育大學站、林口、三峽、鶯歌、樹林等站點。,機場捷運可利用A9林口站或A7體育大學站作為轉乘節點，再銜接龜山明德路方向的大眾運輸前往校區。,桃園市世紀綠能工商的一般高中部住宿目前沒有公開的校內宿舍申請、床位或收費方案；特定班級、專案或其他部別住宿另行區分。,https://www.google.com/maps/search/?api=1&query=%E6%A1%83%E5%9C%92%E5%B8%82%E4%B8%96%E7%B4%80%E7%B6%A0%E8%83%BD%E5%B7%A5%E5%95%86%20%E6%A1%83%E5%9C%92%E5%B8%82%E9%BE%9C%E5%B1%B1%E5%8D%80%E6%98%8E%E5%BE%B7%E8%B7%AF162%E5%B7%B7100%E8%99%9F,https://web.cgehs.tyc.edu.tw/page/academic_affairs,https://web.cgehs.tyc.edu.tw/,https://sites.google.com/cgehs.tyc.edu.tw/schoolbus,https://sites.google.com/cgehs.tyc.edu.tw/schoolbus；https://www.google.com/maps/search/?api=1&query=%E6%A1%83%E5%9C%92%E5%B8%82%E9%BE%9C%E5%B1%B1%E5%8D%80%E6%98%8E%E5%BE%B7%E8%B7%AF162%E5%B7%B7100%E8%99%9F,https://web.cgehs.tyc.edu.tw/,https://web.cgehs.tyc.edu.tw/,https://web.cgehs.tyc.edu.tw/page/academic_affairs；https://web.cgehs.tyc.edu.tw/；https://sites.google.com/cgehs.tyc.edu.tw/schoolbus；https://www.google.com/maps/search/?api=1&query=%E6%A1%83%E5%9C%92%E5%B8%82%E9%BE%9C%E5%B1%B1%E5%8D%80%E6%98%8E%E5%BE%B7%E8%B7%AF162%E5%B7%B7100%E8%99%9F,2026-09-08
,031415,私立方曙商工,私立,桃連區日間部,高職,男女校,桃園市,龍潭區,桃園市龍潭區中原路一段50號,https://www.fsvs.tyc.edu.tw/home,(03)4796345,資訊科:35；照顧服務科:35；汽車科:132；資料處理科:30,232,232,,私立方曙商工115學年度課程以資訊科、照顧服務科、汽車科、資料處理科等專業方向為主，各科配置專業核心、實習實作、校訂選修與職涯銜接課程。,私立方曙商工各專業科別依115學年度課程安排專業實作、實習科目與專題製作，透過操作、作品或成果發表整合所學。,有校車。校方招生資訊設有校車路線圖，依實際登記需求安排停靠路線。,可先到龍潭市區，再轉乘桃園客運／市區公車至私立方曙商工周邊站點，下車後步行到校。,私立方曙商工目前沒有公開的一般高中職學生固定住宿申請制度資訊。,https://www.google.com/maps/search/?api=1&query=%E7%A7%81%E7%AB%8B%E6%96%B9%E6%9B%99%E5%95%86%E5%B7%A5%20%E6%A1%83%E5%9C%92%E5%B8%82%E9%BE%8D%E6%BD%AD%E5%8D%80%E4%B8%AD%E5%8E%9F%E8%B7%AF%E4%B8%80%E6%AE%B550%E8%99%9F,https://www.fsvs.tyc.edu.tw/home?cid=207,https://www.fsvs.tyc.edu.tw/home?cid=207,https://www.fsvs.tyc.edu.tw/home?cid=129,https://www.google.com/maps/search/?api=1&query=%E7%A7%81%E7%AB%8B%E6%96%B9%E6%9B%99%E5%95%86%E5%B7%A5%20%E6%A1%83%E5%9C%92%E5%B8%82%E9%BE%8D%E6%BD%AD%E5%8D%80%E4%B8%AD%E5%8E%9F%E8%B7%AF%E4%B8%80%E6%AE%B550%E8%99%9F | https://ebus.tycg.gov.tw/ebus/,https://www.fsvs.tyc.edu.tw/home,https://www.fsvs.tyc.edu.tw/home,https://www.fsvs.tyc.edu.tw/home,2026-09-08
,031421,私立永平工商,私立,桃連區日間部,高職,男女校,桃園市,楊梅區,桃園市楊梅區永平路480號,https://www.ypvs.tyc.edu.tw/,(03)4822464,幼兒保育科:30；觀光事業科:42；表演藝術科:87,159,159,,私立永平工商115學年度課程以幼兒保育科、觀光事業科、表演藝術科等專業方向為主，各科配置專業核心、實習實作、校訂選修與職涯銜接課程。,私立永平工商各專業科別依115學年度課程安排專業實作、實習科目與專題製作，透過操作、作品或成果發表整合所學。,有校車。校方網站設校車路線專區，並有學生通學路隊與校車接駁安排。,可由臺鐵楊梅站或埔心站轉乘楊梅地區公車至私立永平工商周邊站點，再步行到校。,學校設有僑生宿舍，住宿制度明確對應僑生；不將此資訊擴張為一般高中職學生皆可住宿。,https://www.google.com/maps/search/?api=1&query=%E7%A7%81%E7%AB%8B%E6%B0%B8%E5%B9%B3%E5%B7%A5%E5%95%86%20%E6%A1%83%E5%9C%92%E5%B8%82%E6%A5%8A%E6%A2%85%E5%8D%80%E6%B0%B8%E5%B9%B3%E8%B7%AF480%E8%99%9F,https://www.ypvs.tyc.edu.tw/office/div_300/%E7%B8%BD%E9%AB%94%E8%AA%B2%E7%A8%8B%E8%A8%88%E7%95%AB%E6%9B%B8/,https://www.ypvs.tyc.edu.tw/office/div_300/%E7%B8%BD%E9%AB%94%E8%AA%B2%E7%A8%8B%E8%A8%88%E7%95%AB%E6%9B%B8/,https://www.ypvs.tyc.edu.tw/office/div_200/%E6%A0%A1%E8%BB%8A%E8%B7%AF%E7%B7%9A/,https://www.google.com/maps/search/?api=1&query=%E7%A7%81%E7%AB%8B%E6%B0%B8%E5%B9%B3%E5%B7%A5%E5%95%86%20%E6%A1%83%E5%9C%92%E5%B8%82%E6%A5%8A%E6%A2%85%E5%8D%80%E6%B0%B8%E5%B9%B3%E8%B7%AF480%E8%99%9F | https://ebus.tycg.gov.tw/ebus/,https://www.ypvs.tyc.edu.tw/office/div_400/section_461_hide/%E6%95%99%E5%AE%98%E5%AE%A4%E7%9B%B8%E9%97%9C%E8%BE%A6%E6%B3%95/,https://www.ypvs.tyc.edu.tw/,https://www.ypvs.tyc.edu.tw/,2026-09-08
,013303,市立泰山高中,公立,桃連區共同就學區（基北區）,高職,男女校,新北市,泰山區,新北市泰山區辭修路7號,http://www.tssh.ntpc.edu.tw,(02)22963625,電子科:1；汽車科:1,2,2,,市立泰山高中：115學年度課程依各科課程計畫安排，主要科別包括機械科、汽車科、電子科、電機科；各科結合專業理論、校訂課程與實習／實作學習。,市立泰山高中：機械科、汽車科、電子科、電機科等科別依115學年度課程計畫安排專業實習、實作與專題製作，並透過作品、技能或成果發表整合專業學習。,市立泰山高中的學生專車目前沒有公開的路線、站點或申請資訊；一般捷運、臺鐵、公車與步行路線另列於「通勤資訊」。,「泰山高中」站有638、638副、858、F217、F218等路線；其中638可銜接捷運輔大站、丹鳳站、泰山貴和站，在泰山高中站下車到校。,市立泰山高中的一般高中部住宿目前沒有公開的校內宿舍申請、床位或收費方案；特定班級、專案或其他部別住宿另行區分。,https://www.google.com/maps/search/?api=1&query=%E5%B8%82%E7%AB%8B%E6%B3%B0%E5%B1%B1%E9%AB%98%E4%B8%AD%20%E6%96%B0%E5%8C%97%E5%B8%82%E6%B3%B0%E5%B1%B1%E5%8D%80%E8%BE%AD%E4%BF%AE%E8%B7%AF7%E8%99%9F,https://sites.google.com/tssh.ntpc.edu.tw/tssh-course/%E8%AA%B2%E7%A8%8B%E8%A8%88%E7%95%AB%E6%9B%B8,http://www.tssh.ntpc.edu.tw,https://atis.taipei.gov.tw/aspx/businfomation/presentinfo.aspx?ddlName=638&lang=zh-Hant-TW&region=1,https://atis.taipei.gov.tw/aspx/businfomation/presentinfo.aspx?ddlName=638&lang=zh-Hant-TW&region=1；https://www.google.com/maps/search/?api=1&query=%E6%96%B0%E5%8C%97%E5%B8%82%E6%B3%B0%E5%B1%B1%E5%8D%80%E8%BE%AD%E4%BF%AE%E8%B7%AF7%E8%99%9F,http://www.tssh.ntpc.edu.tw,http://www.tssh.ntpc.edu.tw,https://sites.google.com/tssh.ntpc.edu.tw/tssh-course/%E8%AA%B2%E7%A8%8B%E8%A8%88%E7%95%AB%E6%9B%B8；http://www.tssh.ntpc.edu.tw；https://atis.taipei.gov.tw/aspx/businfomation/presentinfo.aspx?ddlName=638&lang=zh-Hant-TW&region=1；https://www.google.com/maps/search/?api=1&query=%E6%96%B0%E5%8C%97%E5%B8%82%E6%B3%B0%E5%B1%B1%E5%8D%80%E8%BE%AD%E4%BF%AE%E8%B7%AF7%E8%99%9F,2026-09-08
,013337,市立新莊高中,公立,桃連區共同就學區（基北區）,高中,男女校,新北市,新莊區,新北市新莊區中平路135號,http://www.hcsh.ntpc.edu.tw,(02)29912391,普通科:1,1,1,,市立新莊高中115學年度普通科課程以部定必修為基礎，並配置校訂必修、多元選修、自然與社會探究實作及自主學習；內容依該校115學年度課程計畫架構整理。,市立新莊高中的主要實作學習包含自然科與社會領域探究實作、自主學習與學習成果；校訂課程、多元選修或特色班可再延伸為專題研究與成果發表。,市立新莊高中的學生專車目前沒有公開的路線、站點或申請資訊；一般捷運、臺鐵、公車與步行路線另列於「通勤資訊」。,可搭F202公車，路線以新莊高中為起訖站，並銜接捷運新北產業園區站、頭前庄站、新莊站等交通節點，在「新莊高中」站下車到校。,市立新莊高中的一般高中部住宿目前沒有公開的校內宿舍申請、床位或收費方案；特定班級、專案或其他部別住宿另行區分。,https://www.google.com/maps/search/?api=1&query=%E5%B8%82%E7%AB%8B%E6%96%B0%E8%8E%8A%E9%AB%98%E4%B8%AD%20%E6%96%B0%E5%8C%97%E5%B8%82%E6%96%B0%E8%8E%8A%E5%8D%80%E4%B8%AD%E5%B9%B3%E8%B7%AF135%E8%99%9F,https://sites.google.com/hcsh.ntpc.edu.tw/hc301,http://www.hcsh.ntpc.edu.tw,https://ebus.gov.taipei/Route/StopsOfRoute?routeid=0454020200,https://ebus.gov.taipei/Route/StopsOfRoute?routeid=0454020200；https://www.google.com/maps/search/?api=1&query=%E6%96%B0%E5%8C%97%E5%B8%82%E6%96%B0%E8%8E%8A%E5%8D%80%E4%B8%AD%E5%B9%B3%E8%B7%AF135%E8%99%9F,http://www.hcsh.ntpc.edu.tw,http://www.hcsh.ntpc.edu.tw,https://sites.google.com/hcsh.ntpc.edu.tw/hc301；http://www.hcsh.ntpc.edu.tw；https://ebus.gov.taipei/Route/StopsOfRoute?routeid=0454020200；https://www.google.com/maps/search/?api=1&query=%E6%96%B0%E5%8C%97%E5%B8%82%E6%96%B0%E8%8E%8A%E5%8D%80%E4%B8%AD%E5%B9%B3%E8%B7%AF135%E8%99%9F,2026-09-08
,013339,市立林口高中,公立,桃連區共同就學區（基北區）,高中,男女校,新北市,林口區,新北市林口區仁愛路二段173號,http://www.lksh.ntpc.edu.tw,(02)26009482,普通科:30,30,30,,市立林口高中115學年度普通科課程以部定必修為基礎，並配置校訂必修、多元選修、自然與社會探究實作及自主學習；內容依該校115學年度課程計畫架構整理。,市立林口高中的主要實作學習包含自然科與社會領域探究實作、自主學習與學習成果；校訂課程、多元選修或特色班可再延伸為專題研究與成果發表。,市立林口高中的學生專車目前沒有公開的路線、站點或申請資訊；一般捷運、臺鐵、公車與步行路線另列於「通勤資訊」。,校方交通頁列「林口高中站」可搭858、898、966、946、967、920、925，下車後到校；「林口國中站」可搭786、948，下車後步行約250公尺。,市立林口高中的一般高中部住宿目前沒有公開的校內宿舍申請、床位或收費方案；特定班級、專案或其他部別住宿另行區分。,https://www.google.com/maps/search/?api=1&query=%E5%B8%82%E7%AB%8B%E6%9E%97%E5%8F%A3%E9%AB%98%E4%B8%AD%20%E6%96%B0%E5%8C%97%E5%B8%82%E6%9E%97%E5%8F%A3%E5%8D%80%E4%BB%81%E6%84%9B%E8%B7%AF%E4%BA%8C%E6%AE%B5173%E8%99%9F,https://www.lksh.ntpc.edu.tw/p/406-1000-16891%2Cr34.php,http://www.lksh.ntpc.edu.tw,https://www.lksh.ntpc.edu.tw/p/412-1000-148.php,https://www.lksh.ntpc.edu.tw/p/412-1000-148.php；https://www.google.com/maps/search/?api=1&query=%E6%96%B0%E5%8C%97%E5%B8%82%E6%9E%97%E5%8F%A3%E5%8D%80%E4%BB%81%E6%84%9B%E8%B7%AF%E4%BA%8C%E6%AE%B5173%E8%99%9F,http://www.lksh.ntpc.edu.tw,http://www.lksh.ntpc.edu.tw,https://www.lksh.ntpc.edu.tw/p/406-1000-16891%2Cr34.php；http://www.lksh.ntpc.edu.tw；https://www.lksh.ntpc.edu.tw/p/412-1000-148.php；https://www.google.com/maps/search/?api=1&query=%E6%96%B0%E5%8C%97%E5%B8%82%E6%9E%97%E5%8F%A3%E5%8D%80%E4%BB%81%E6%84%9B%E8%B7%AF%E4%BA%8C%E6%AE%B5173%E8%99%9F,2026-09-08
,014322,市立樹林高中,公立,桃連區共同就學區（基北區）,高中,男女校,新北市,樹林區,新北市樹林區中華路8號,http://www.slsh.ntpc.edu.tw,(02)86852011,普通科:3,3,3,,市立樹林高中115學年度普通科課程以部定必修為基礎，並配置校訂必修、多元選修、自然與社會探究實作及自主學習；內容依該校115學年度課程計畫架構整理。,市立樹林高中的主要實作學習包含自然科與社會領域探究實作、自主學習與學習成果；校訂課程、多元選修或特色班可再延伸為專題研究與成果發表。,有專車；114學年度公告載明上、放學均有專車時刻，並以搭乘人數維持營運。,可搭臺鐵至樹林站；由前站出口沿鎮前街步行至樹中街，或由後站出口經中山路、立人地下道再轉樹中街前往中華路8號校區。,市立樹林高中的一般高中部住宿目前沒有公開的校內宿舍申請、床位或收費方案；特定班級、專案或其他部別住宿另行區分。,https://www.google.com/maps/search/?api=1&query=%E5%B8%82%E7%AB%8B%E6%A8%B9%E6%9E%97%E9%AB%98%E4%B8%AD%20%E6%96%B0%E5%8C%97%E5%B8%82%E6%A8%B9%E6%9E%97%E5%8D%80%E4%B8%AD%E8%8F%AF%E8%B7%AF8%E8%99%9F,https://www.slsh.ntpc.edu.tw/p/403-1000-233-1.php,http://www.slsh.ntpc.edu.tw,https://www.slsh.ntpc.edu.tw/p/406-1000-12484%2Cr73.php?Lang=zh-tw,https://www.slsh.ntpc.edu.tw/p/406-1000-12484%2Cr73.php?Lang=zh-tw；https://www.google.com/maps/search/?api=1&query=%E6%96%B0%E5%8C%97%E5%B8%82%E6%A8%B9%E6%9E%97%E5%8D%80%E4%B8%AD%E8%8F%AF%E8%B7%AF8%E8%99%9F；https://www.slsh.ntpc.edu.tw/p/426-1000-15.php,http://www.slsh.ntpc.edu.tw,http://www.slsh.ntpc.edu.tw,https://www.slsh.ntpc.edu.tw/p/403-1000-233-1.php；http://www.slsh.ntpc.edu.tw；https://www.slsh.ntpc.edu.tw/p/406-1000-12484%2Cr73.php?Lang=zh-tw；https://www.google.com/maps/search/?api=1&query=%E6%96%B0%E5%8C%97%E5%B8%82%E6%A8%B9%E6%9E%97%E5%8D%80%E4%B8%AD%E8%8F%AF%E8%B7%AF8%E8%99%9F,2026-09-08
,014353,市立丹鳳高中,公立,桃連區共同就學區（基北區）,綜高,男女校,新北市,新莊區,新北市新莊區龍安路72號,http://www.dfsh.ntpc.edu.tw/,(02)29089627,普通科:4；資訊科:2；資料處理科:2,8,8,,115學年度入學課程計畫包含普通班課程與語文、數理實驗班計畫；數理實驗班安排科學試探、實驗設計及數學／物理／化學／生物／地科專題研究，普通班課程依校方115課程計畫。,數理實驗班於高一進行科學試探，高二以實驗設計延續科展或小論文研究；普通班則依115學年度總體課程計畫實施探究與實作及自主學習。,市立丹鳳高中的學生專車目前沒有公開的路線、站點或申請資訊；一般捷運、臺鐵、公車與步行路線另列於「通勤資訊」。,捷運中和新蘆線至迴龍站2號出口，步行約5至10分鐘到校；公車可在「丹鳳高中站」下車，藍2、663、712、859、F201直達，或在「丹鳳國小站」下車步行約5分鐘，635、636、810、985、橘26、898、橘21、藍37可達。,市立丹鳳高中的一般高中部住宿目前沒有公開的校內宿舍申請、床位或收費方案；校方學生專車屬交通服務，不列為住宿安排。,https://www.google.com/maps/search/?api=1&query=%E5%B8%82%E7%AB%8B%E4%B8%B9%E9%B3%B3%E9%AB%98%E4%B8%AD%20%E6%96%B0%E5%8C%97%E5%B8%82%E6%96%B0%E8%8E%8A%E5%8D%80%E9%BE%8D%E5%AE%89%E8%B7%AF72%E8%99%9F,https://www.dfsh.ntpc.edu.tw/p/406-1000-9217%2Cr223.php,https://www.dfsh.ntpc.edu.tw/app/index.php?Action=downloadfile&file=WVhSMFlXTm9MelUzTDNCMFlWOHpNamc0WHprd05UUTJNekpmT0RjM09ETXVjR1Jt,https://www.dfsh.ntpc.edu.tw/p/412-1000-825.php,https://www.dfsh.ntpc.edu.tw/p/412-1000-825.php；https://www.google.com/maps/search/?api=1&query=242046+新北市新莊區龍安路72號,https://www.dfsh.ntpc.edu.tw/,https://www.dfsh.ntpc.edu.tw/p/406-1000-9217%2Cr223.php,https://www.dfsh.ntpc.edu.tw/p/406-1000-9217%2Cr223.php；https://www.dfsh.ntpc.edu.tw/app/index.php?Action=downloadfile&file=WVhSMFlXTm9MelUzTDNCMFlWOHpNamc0WHprd05UUTJNekpmT0RjM09ETXVjR1Jt；https://www.dfsh.ntpc.edu.tw/p/412-1000-825.php；https://www.google.com/maps/search/?api=1&query=242046+新北市新莊區龍安路72號；https://www.dfsh.ntpc.edu.tw/,2026-09-08
,014439,市立鶯歌工商,公立,桃連區共同就學區（基北區）,高職,男女校,新北市,鶯歌區,新北市鶯歌區中正三路154號,http://www.ykvs.ntpc.edu.tw,(02)26775040,應用日語科:1；美術工藝科:2；陶瓷工程科:2；廣告設計科:2；多媒體設計科:1,8,8,,市立鶯歌工商：115學年度課程依各科課程計畫安排，主要科別包括資料處理科、應用日語科、美術工藝科、陶瓷工程科、廣告設計科、多媒體設計科；各科結合專業理論、校訂課程與實習／實作學習。,市立鶯歌工商：資料處理科、應用日語科、美術工藝科、陶瓷工程科、廣告設計科、多媒體設計科等科別依115學年度課程計畫安排專業實習、實作與專題製作，並透過作品、技能或成果發表整合專業學習。,市立鶯歌工商的學生專車目前沒有公開的路線、站點或申請資訊；一般捷運、臺鐵、公車與步行路線另列於「通勤資訊」。,搭臺鐵至鶯歌站後，可轉乘公車至「鶯歌高職」站；校方交通資訊列有桃園客運大溪線、新北市免費公車二橋建德線及851等路線；從鶯歌火車站搭公車至校約20分鐘。,市立鶯歌工商的一般高中部住宿目前沒有公開的校內宿舍申請、床位或收費方案；特定班級、專案或其他部別住宿另行區分。,https://www.google.com/maps/search/?api=1&query=%E5%B8%82%E7%AB%8B%E9%B6%AF%E6%AD%8C%E5%B7%A5%E5%95%86%20%E6%96%B0%E5%8C%97%E5%B8%82%E9%B6%AF%E6%AD%8C%E5%8D%80%E4%B8%AD%E6%AD%A3%E4%B8%89%E8%B7%AF154%E8%99%9F,https://www.ykvs.ntpc.edu.tw/p/403-1000-378-1.php,https://www.ykvs.ntpc.edu.tw/p/403-1000-504.php,https://www.ykvs.ntpc.edu.tw/p/406-1000-4562%2Cr265.php,https://www.ykvs.ntpc.edu.tw/p/406-1000-4562%2Cr265.php；https://www.google.com/maps/search/?api=1&query=%E6%96%B0%E5%8C%97%E5%B8%82%E9%B6%AF%E6%AD%8C%E5%8D%80%E4%B8%AD%E6%AD%A3%E4%B8%89%E8%B7%AF154%E8%99%9F,http://www.ykvs.ntpc.edu.tw,http://www.ykvs.ntpc.edu.tw,https://www.ykvs.ntpc.edu.tw/p/403-1000-378-1.php；https://www.ykvs.ntpc.edu.tw/p/403-1000-504.php；https://www.ykvs.ntpc.edu.tw/p/406-1000-4562%2Cr265.php；https://www.google.com/maps/search/?api=1&query=%E6%96%B0%E5%8C%97%E5%B8%82%E9%B6%AF%E6%AD%8C%E5%8D%80%E4%B8%AD%E6%AD%A3%E4%B8%89%E8%B7%AF154%E8%99%9F；http://www.ykvs.ntpc.edu.tw,2026-09-08
,011310,財團法人恆毅高中,私立,桃連區共同就學區（基北區）,綜高,男女校,新北市,新莊區,新北市新莊區中正路108號,http://www.hchs.ntpc.edu.tw,(02)29923619,動力機械科:31；電機科:62；農場經營科:26；園藝科:31；畜產保健科:31；普通科:5；商業經營科:5,196,196,,財團法人恆毅高中115學年度普通科課程以部定必修為基礎，並配置校訂必修、多元選修、自然與社會探究實作及自主學習；內容依該校115學年度課程計畫架構整理。,財團法人恆毅高中的主要實作學習包含自然科與社會領域探究實作、自主學習與學習成果；校訂課程、多元選修或特色班可再延伸為專題研究與成果發表。,有學生專車；校方提供115學年度學生專車系統與路線資料，校方按學年度公布專車站點及班次。,捷運新莊站1號出口向左步行約150公尺即可到校；公車235可在新莊站下車，99、299可在新泰路口下車後步行前往。,財團法人恆毅高中的一般高中部住宿目前沒有公開的校內宿舍申請、床位或收費方案；特定班級、專案或其他部別住宿另行區分。,https://www.google.com/maps/search/?api=1&query=%E8%B2%A1%E5%9C%98%E6%B3%95%E4%BA%BA%E6%81%86%E6%AF%85%E9%AB%98%E4%B8%AD%20%E6%96%B0%E5%8C%97%E5%B8%82%E6%96%B0%E8%8E%8A%E5%8D%80%E4%B8%AD%E6%AD%A3%E8%B7%AF108%E8%99%9F,https://www.hchs.ntpc.edu.tw/p/412-1000-873.php,http://www.hchs.ntpc.edu.tw,https://sun.hchs.ntpc.edu.tw/record/hchsbus/,https://sun.hchs.ntpc.edu.tw/record/hchsbus/；https://www.google.com/maps/search/?api=1&query=%E6%96%B0%E5%8C%97%E5%B8%82%E6%96%B0%E8%8E%8A%E5%8D%80%E4%B8%AD%E6%AD%A3%E8%B7%AF108%E8%99%9F；https://www2.hchs.ntpc.edu.tw/p/412-1000-439.php,http://www.hchs.ntpc.edu.tw,http://www.hchs.ntpc.edu.tw,https://www.hchs.ntpc.edu.tw/p/412-1000-873.php；http://www.hchs.ntpc.edu.tw；https://sun.hchs.ntpc.edu.tw/record/hchsbus/；https://www.google.com/maps/search/?api=1&query=%E6%96%B0%E5%8C%97%E5%B8%82%E6%96%B0%E8%8E%8A%E5%8D%80%E4%B8%AD%E6%AD%A3%E8%B7%AF108%E8%99%9F；https://www2.hchs.ntpc.edu.tw/p/412-1000-439.php,2026-09-08
,011317,私立醒吾高中,私立,桃連區共同就學區（基北區）,高職,男女校,新北市,林口區,新北市林口區粉寮路一段75巷80號,http://www.swsh.ntpc.edu.tw,(02)26012644,資料處理科:5；幼兒保育科:5；時尚造型科:5；觀光事業科:5,20,20,,私立醒吾高中：115學年度課程依各科課程計畫安排，主要科別包括幼兒保育科、照顧服務科、時尚造型科、觀光事業科；各科結合專業理論、校訂課程與實習／實作學習。,私立醒吾高中：幼兒保育科、照顧服務科、時尚造型科、觀光事業科等科別依115學年度課程計畫安排專業實習、實作與專題製作，並透過作品、技能或成果發表整合專業學習。,私立醒吾高中的學生專車目前沒有公開的路線、站點或申請資訊；一般捷運、臺鐵、公車與步行路線另列於「通勤資訊」。,可搭858等公車至「醒吾科技大學」站，再步行前往校區；858可銜接林口、泰山、捷運泰山貴和站、丹鳳站與輔大站等節點。,私立醒吾高中的一般高中部住宿目前沒有公開的校內宿舍申請、床位或收費方案；特定班級、專案或其他部別住宿另行區分。,https://www.google.com/maps/search/?api=1&query=%E7%A7%81%E7%AB%8B%E9%86%92%E5%90%BE%E9%AB%98%E4%B8%AD%20%E6%96%B0%E5%8C%97%E5%B8%82%E6%9E%97%E5%8F%A3%E5%8D%80%E7%B2%89%E5%AF%AE%E8%B7%AF%E4%B8%80%E6%AE%B575%E5%B7%B780%E8%99%9F,https://www.swsh.ntpc.edu.tw/ezfiles/0/1000/img/12/390158559.pdf,http://www.swsh.ntpc.edu.tw,https://atis.taipei.gov.tw/aspx/businfomation/presentinfo.aspx?ddlName=858&lang=zh-Hant-TW,https://atis.taipei.gov.tw/aspx/businfomation/presentinfo.aspx?ddlName=858&lang=zh-Hant-TW；https://www.google.com/maps/search/?api=1&query=%E6%96%B0%E5%8C%97%E5%B8%82%E6%9E%97%E5%8F%A3%E5%8D%80%E7%B2%89%E5%AF%AE%E8%B7%AF%E4%B8%80%E6%AE%B575%E5%B7%B780%E8%99%9F,http://www.swsh.ntpc.edu.tw,http://www.swsh.ntpc.edu.tw,https://www.swsh.ntpc.edu.tw/ezfiles/0/1000/img/12/390158559.pdf；http://www.swsh.ntpc.edu.tw；https://atis.taipei.gov.tw/aspx/businfomation/presentinfo.aspx?ddlName=858&lang=zh-Hant-TW；https://www.google.com/maps/search/?api=1&query=%E6%96%B0%E5%8C%97%E5%B8%82%E6%9E%97%E5%8F%A3%E5%8D%80%E7%B2%89%E5%AF%AE%E8%B7%AF%E4%B8%80%E6%AE%B575%E5%B7%B780%E8%99%9F,2026-09-08
,011330,新北市林口康橋國際高中,私立,桃連區共同就學區（基北區）,綜高,男女校,新北市,林口區,新北市林口區興林路55號,https://web.kcislk.ntpc.edu.tw/,(02)26015888,普通科:1；資訊科:1；商業經營科:1；資料處理科:1,4,4,,新北市林口康橋國際高中115學年度普通科課程以部定必修為基礎，並配置校訂必修、多元選修、自然與社會探究實作及自主學習；內容依該校115學年度課程計畫架構整理。,新北市林口康橋國際高中的主要實作學習包含自然科與社會領域探究實作、自主學習與學習成果；校訂課程、多元選修或特色班可再延伸為專題研究與成果發表。,有交通車；115學年度校方交通車專區提供臺北、新北、桃園、新竹及林口地區多條交通車路線，學生依校方公告站點及時刻搭乘。,可搭桃園機場捷運至A9林口站，步行至捷運林口公車站轉乘920、925、945、946或966，在林口區公所站下車後步行約4分鐘到校。,校方設宿舍及住宿申請系統，住宿資格與免住宿條件依校方舍務組公告；實際床位及費用依當學年度規定。,https://www.google.com/maps/search/?api=1&query=%E6%96%B0%E5%8C%97%E5%B8%82%E6%9E%97%E5%8F%A3%E5%BA%B7%E6%A9%8B%E5%9C%8B%E9%9A%9B%E9%AB%98%E4%B8%AD%20%E6%96%B0%E5%8C%97%E5%B8%82%E6%9E%97%E5%8F%A3%E5%8D%80%E8%88%88%E6%9E%97%E8%B7%AF55%E8%99%9F,https://web.kcislk.ntpc.edu.tw/teachingprogram/,https://web.kcislk.ntpc.edu.tw/,https://web.kcislk.ntpc.edu.tw/shuttle-bus-zone/,https://web.kcislk.ntpc.edu.tw/shuttle-bus-zone/；https://www.google.com/maps/search/?api=1&query=%E6%96%B0%E5%8C%97%E5%B8%82%E6%9E%97%E5%8F%A3%E5%8D%80%E8%88%88%E6%9E%97%E8%B7%AF55%E8%99%9F；https://web.kcislk.ntpc.edu.tw/contact_us/,https://dormitory.kcislk.ntpc.edu.tw/,https://web.kcislk.ntpc.edu.tw/,https://web.kcislk.ntpc.edu.tw/teachingprogram/；https://web.kcislk.ntpc.edu.tw/；https://web.kcislk.ntpc.edu.tw/shuttle-bus-zone/；https://www.google.com/maps/search/?api=1&query=%E6%96%B0%E5%8C%97%E5%B8%82%E6%9E%97%E5%8F%A3%E5%8D%80%E8%88%88%E6%9E%97%E8%B7%AF55%E8%99%9F；https://web.kcislk.ntpc.edu.tw/contact_us/；https://dormitory.kcislk.ntpc.edu.tw/,2026-09-08
,011405,私立樹人家商,私立,桃連區共同就學區（基北區）,高職,男女校,新北市,樹林區,新北市樹林區大安路216號,http://www.stgvs.ntpc.edu.tw,(02)26870391,烘焙科:1；幼兒保育科:1；美容科:1；餐飲管理科:1；影劇科:1；表演藝術科:1,7,7,,私立樹人家商：115學年度課程依各科課程計畫安排，主要科別包括資料處理科、烘焙科、幼兒保育科、美容科、觀光事業科、餐飲管理科、影劇科、表演藝術科；各科結合專業理論、校訂課程與實習／實作學習。,私立樹人家商：資料處理科、烘焙科、幼兒保育科、美容科、觀光事業科、餐飲管理科、影劇科、表演藝術科等科別依115學年度課程計畫安排專業實習、實作與專題製作，並透過作品、技能或成果發表整合專業學習。,有校車；校方設有「校車路線」專區，學生手冊亦載明日、進修部學生校車搭乘與收費規範；實際路線依校方當期校車安排。,臺鐵可至樹林站，從後站方向步行約8分鐘到校；公車可搭藍38至「樹人家商」站，843或701可在保安街口下車後步行前往，另有799及土城金城路－樹林大安路等路線停靠樹人家商。,私立樹人家商的一般高中部住宿目前沒有公開的校內宿舍申請、床位或收費方案；特定班級、專案或其他部別住宿另行區分。,https://www.google.com/maps/search/?api=1&query=%E7%A7%81%E7%AB%8B%E6%A8%B9%E4%BA%BA%E5%AE%B6%E5%95%86%20%E6%96%B0%E5%8C%97%E5%B8%82%E6%A8%B9%E6%9E%97%E5%8D%80%E5%A4%A7%E5%AE%89%E8%B7%AF216%E8%99%9F,https://www.stgvs.ntpc.edu.tw/uploads/1768993182693v1Zx7JPo.pdf,http://www.stgvs.ntpc.edu.tw,https://www.stgvs.ntpc.edu.tw/nss/s/main/A004A02,https://www.stgvs.ntpc.edu.tw/nss/s/main/A004A02；https://www.google.com/maps/search/?api=1&query=%E6%96%B0%E5%8C%97%E5%B8%82%E6%A8%B9%E6%9E%97%E5%8D%80%E5%A4%A7%E5%AE%89%E8%B7%AF216%E8%99%9F；https://www.stgvs.ntpc.edu.tw/nss/p/A004A03；https://ebus.gov.taipei/Route/StopsOfRoute?routeid=0463003600,http://www.stgvs.ntpc.edu.tw,http://www.stgvs.ntpc.edu.tw,https://www.stgvs.ntpc.edu.tw/uploads/1768993182693v1Zx7JPo.pdf；http://www.stgvs.ntpc.edu.tw；https://www.stgvs.ntpc.edu.tw/nss/s/main/A004A02；https://www.google.com/maps/search/?api=1&query=%E6%96%B0%E5%8C%97%E5%B8%82%E6%A8%B9%E6%9E%97%E5%8D%80%E5%A4%A7%E5%AE%89%E8%B7%AF216%E8%99%9F；https://www.stgvs.ntpc.edu.tw/nss/p/A004A03；https://ebus.gov.taipei/Route/StopsOfRoute?routeid=0463003600,2026-09-08
,040304,國立關西高中,公立,桃連區共同就學區（竹苗區）,高職,男女校,新竹縣,關西鎮,新竹縣關西鎮東安里中山東路2號,https://www.khsh.hcc.edu.tw/,(03)5872049,畜產保健科:1；餐飲管理科:1,2,2,,115學年度同時設普通型與技術型課程；職業類科涵蓋園藝、畜產保健、食品加工、家政、商業經營、電機與餐飲，另有學術與資訊等學程。,各職業類科依115課程計畫安排實習與專題；校方另設食農教育特色課程及ZTC專題呈現平台，供學生整合作品與成果。,有學生專車。115-1設專車報名、路線規劃與放學停放位置資訊，供學生上下學使用。,新竹客運有行駛「國立關西高中」班車；一般公車可由新竹、竹北、新埔或關西市區轉乘至學校周邊。,國立關西高中目前沒有公開的一般高中職學生固定住宿申請制度資訊。,https://www.google.com/maps/search/?api=1&query=%E5%9C%8B%E7%AB%8B%E9%97%9C%E8%A5%BF%E9%AB%98%E4%B8%AD%20%E6%96%B0%E7%AB%B9%E7%B8%A3%E9%97%9C%E8%A5%BF%E9%8E%AE%E6%9D%B1%E5%AE%89%E9%87%8C%E4%B8%AD%E5%B1%B1%E6%9D%B1%E8%B7%AF2%E8%99%9F,https://www.khsh.hcc.edu.tw/home?cid=18542,https://www.khsh.hcc.edu.tw/home?cid=18542,https://www.khsh.hcc.edu.tw/home?cid=25517,https://www.khsh.hcc.edu.tw/home?cid=9111,https://www.khsh.hcc.edu.tw/,https://www.khsh.hcc.edu.tw/,https://www.khsh.hcc.edu.tw/,2026-09-08
,044320,縣立湖口高中,公立,桃連區共同就學區（竹苗區）,綜高,男女校,新竹縣,湖口鄉,新竹縣湖口鄉達生路601號,https://hkhs.hcc.edu.tw,(03)5992588,普通科:1；商業經營科:1,2,2,,縣立湖口高中兼具一般學術課程與商業經營科等專業方向，115學年度透過校訂課程、多元選修、實作學習與生涯探索提供不同升學路徑。,縣立湖口高中各專業科別依115學年度課程安排專業實作、實習科目與專題製作，透過操作、作品或成果發表整合所學。,有學生專車。115-1設竹北、新埔、新竹、縱貫、後湖等路線，採線上報名並公布發車時間與位置圖。,臺鐵湖口站至學校側門步行約10分鐘；亦可利用115-1學生專車的竹北、新埔、新竹、縱貫等路線。,縣立湖口高中目前沒有公開的一般高中職學生固定住宿申請制度資訊。,https://www.google.com/maps/search/?api=1&query=%E7%B8%A3%E7%AB%8B%E6%B9%96%E5%8F%A3%E9%AB%98%E4%B8%AD%20%E6%96%B0%E7%AB%B9%E7%B8%A3%E6%B9%96%E5%8F%A3%E9%84%89%E9%81%94%E7%94%9F%E8%B7%AF601%E8%99%9F,https://hkhs.hcc.edu.tw/,https://hkhs.hcc.edu.tw/,https://hkhs.hcc.edu.tw/p/406-1015-549048%2Cr7.php,https://hkhs.hcc.edu.tw/p/406-1015-546474%2Cr1620.php?Lang=zh-tw,https://hkhs.hcc.edu.tw,https://hkhs.hcc.edu.tw,https://hkhs.hcc.edu.tw,2026-09-08
,041307,私立仰德高中,私立,桃連區共同就學區（竹苗區）,綜高,男女校,新竹縣,新豐鄉,新竹縣新豐鄉員山133號,http://www.ydvs.hcc.edu.tw/,(03)5592158,電子商務科:4；時尚造型科:4；餐飲管理科:6；綜合高中:6；資料處理科:1；餐飲管理科:2；機械科:24；模具科:24；汽車科:24；電子科:24；電機科:24；化工科:24,167,167,,115學年度技術型課程以餐飲管理、時尚造型、電子商務等專業方向為主，另有建教、實用技能與進修部課程規劃。,私立仰德高中各專業科別依115學年度課程安排專業實作、實習科目與專題製作，透過操作、作品或成果發表整合所學。,私立仰德高中目前沒有公開固定的高中部校車／學生專車路線資訊；一般公共運輸方式另列於「通勤資訊」。,可由臺鐵新豐站作為主要轉乘點，再利用新豐地區公車或步行前往員山校區。,私立仰德高中目前沒有公開的一般高中職學生固定住宿申請制度資訊。,https://www.google.com/maps/search/?api=1&query=%E7%A7%81%E7%AB%8B%E4%BB%B0%E5%BE%B7%E9%AB%98%E4%B8%AD%20%E6%96%B0%E7%AB%B9%E7%B8%A3%E6%96%B0%E8%B1%90%E9%84%89%E5%93%A1%E5%B1%B1133%E8%99%9F,https://www.ydvs.hcc.edu.tw/overall-curriculum-plan/,https://www.ydvs.hcc.edu.tw/overall-curriculum-plan/,http://www.ydvs.hcc.edu.tw/,https://www.google.com/maps/search/?api=1&query=%E7%A7%81%E7%AB%8B%E4%BB%B0%E5%BE%B7%E9%AB%98%E4%B8%AD%20%E6%96%B0%E7%AB%B9%E7%B8%A3%E6%96%B0%E8%B1%90%E9%84%89%E5%93%A1%E5%B1%B1133%E8%99%9F,http://www.ydvs.hcc.edu.tw/,http://www.ydvs.hcc.edu.tw/,http://www.ydvs.hcc.edu.tw/,2026-09-08
,041401,私立內思高工,私立,桃連區共同就學區（竹苗區）,高職,男女校,新竹縣,新埔鎮,新竹縣新埔鎮楊新路一段40號,http://www.savs.hcc.edu.tw,(03)5882520,機械科:2；資訊科:2；電子科:2；電機科:2；多媒體設計科:2,10,10,,私立內思高工115學年度課程以機械科、資訊科、電子科、電機科、多媒體設計科等專業方向為主，各科配置專業核心、實習實作、校訂選修與職涯銜接課程。,私立內思高工各專業科別依115學年度課程安排專業實作、實習科目與專題製作，透過操作、作品或成果發表整合所學。,私立內思高工目前沒有公開固定的高中部校車／學生專車路線資訊；一般公共運輸方式另列於「通勤資訊」。,可由新竹、竹北方向搭往新埔的客運至新埔市區，再沿楊新路一段步行或轉乘至內思高工。,私立內思高工目前沒有公開的一般高中職學生固定住宿申請制度資訊。,https://www.google.com/maps/search/?api=1&query=%E7%A7%81%E7%AB%8B%E5%85%A7%E6%80%9D%E9%AB%98%E5%B7%A5%20%E6%96%B0%E7%AB%B9%E7%B8%A3%E6%96%B0%E5%9F%94%E9%8E%AE%E6%A5%8A%E6%96%B0%E8%B7%AF%E4%B8%80%E6%AE%B540%E8%99%9F,https://www.nsivs.hcc.edu.tw/,https://www.nsivs.hcc.edu.tw/,http://www.savs.hcc.edu.tw,https://www.google.com/maps/search/?api=1&query=%E7%A7%81%E7%AB%8B%E5%85%A7%E6%80%9D%E9%AB%98%E5%B7%A5%20%E6%96%B0%E7%AB%B9%E7%B8%A3%E6%96%B0%E5%9F%94%E9%8E%AE%E6%A5%8A%E6%96%B0%E8%B7%AF%E4%B8%80%E6%AE%B540%E8%99%9F,http://www.savs.hcc.edu.tw,http://www.savs.hcc.edu.tw,http://www.savs.hcc.edu.tw,2026-09-08
,040302,國立竹東高中,公立,竹苗區學校名錄,高中,,新竹縣,竹東鎮,新竹縣竹東鎮大林路2號,https://www.ctsh.hcc.edu.tw/,(03)5962024,普通科(日)；普通科(夜)；商業經營科(夜),,,請以各校當年度公告為準,國立竹東高中：日間部普通科以部定必修、校訂必修、多元選修、自然與社會探究實作及自主學習為主；進修部另設普通科與商業經營科課程。,國立竹東高中的專業科別依115學年度課程安排實作、實習科目與專題製作，透過操作、作品或成果發表整合專業學習。,有學生交通車。115學年度第一學期規劃25台交通車，包含竹北等方向及東門城專車，校方公布路線、站點、時間與搭乘規定。,國立竹東高中：可由臺鐵內灣線竹東站前往竹東市區，再步行至大林路校區；亦可利用竹東地區公車至學校周邊站點。,國立竹東高中目前無公開的一般高中職學生固定住宿申請制度資訊；特定隊伍、特殊班別或特殊身分住宿不視為一般學生住宿。,https://www.google.com/maps/search/?api=1&query=%E5%9C%8B%E7%AB%8B%E7%AB%B9%E6%9D%B1%E9%AB%98%E4%B8%AD%20%E6%96%B0%E7%AB%B9%E7%B8%A3%E7%AB%B9%E6%9D%B1%E9%8E%AE%E5%A4%A7%E6%9E%97%E8%B7%AF2%E8%99%9F,https://www.ctsh.hcc.edu.tw/,https://www.ctsh.hcc.edu.tw/,https://www.ctsh.hcc.edu.tw/,https://www.google.com/maps/search/?api=1&query=%E5%9C%8B%E7%AB%8B%E7%AB%B9%E6%9D%B1%E9%AB%98%E4%B8%AD%20%E6%96%B0%E7%AB%B9%E7%B8%A3%E7%AB%B9%E6%9D%B1%E9%8E%AE%E5%A4%A7%E6%9E%97%E8%B7%AF2%E8%99%9F,https://www.ctsh.hcc.edu.tw/,https://www.ctsh.hcc.edu.tw/,https://www.ctsh.hcc.edu.tw/,2026-09-08
,040304,國立關西高中,公立,竹苗區學校名錄,高職,,新竹縣,關西鎮,新竹縣關西鎮東安里中山東路2號,https://www.khsh.hcc.edu.tw/home,(03)5872049,園藝科(日)；食品加工科(日)；畜產保健科(日)；家政科(日)；綜合職能科(日),,,請以各校當年度公告為準,國立關西高中：115學年度同時設普通型與技術型課程；職業類科涵蓋園藝、食品加工、畜產保健、家政等方向，並以食農與專業實作連結在地產業。,國立關西高中：職業類科依課程安排農業、食品與家政等實作與專題；食農教育與ZTC專題成果可讓學生整合作品與學習成果。,有學生專車。115學年度提供專車報名、路線規劃與放學停放位置資訊，供學生上下學使用。,國立關西高中：可由新竹、竹北、新埔或關西市區搭乘新竹客運至國立關西高中周邊站點，下車後步行到校。,國立關西高中目前無公開的一般高中職學生固定住宿申請制度資訊；特定隊伍、特殊班別或特殊身分住宿不視為一般學生住宿。,https://www.google.com/maps/search/?api=1&query=%E5%9C%8B%E7%AB%8B%E9%97%9C%E8%A5%BF%E9%AB%98%E4%B8%AD%20%E6%96%B0%E7%AB%B9%E7%B8%A3%E9%97%9C%E8%A5%BF%E9%8E%AE%E6%9D%B1%E5%AE%89%E9%87%8C%E4%B8%AD%E5%B1%B1%E6%9D%B1%E8%B7%AF2%E8%99%9F,https://www.khsh.hcc.edu.tw/home?cid=18542,https://www.khsh.hcc.edu.tw/home?cid=18542,https://www.khsh.hcc.edu.tw/home?cid=25517,https://www.khsh.hcc.edu.tw/home?cid=9111,https://www.khsh.hcc.edu.tw/home,https://www.khsh.hcc.edu.tw/home,https://www.khsh.hcc.edu.tw/home,2026-09-08
,040308,國立陽明交大附中,公立,竹苗區學校名錄,綜高,,新竹縣,竹北市,新竹縣竹北市中央路3號,https://www.cphs.nycu.edu.tw/home,(03)5517330,普通科(日)；舞蹈班(日)；體育班(日)；資訊科(日)；商業經營科(日)；門市服務科(日),,,請以各校當年度公告為準,國立陽明交大附中：課程兼具普通高中學術學習與資訊、商業經營等專業方向，另有舞蹈、體育班；校本課程結合跨域探究、專題與陽明交大學術資源。,國立陽明交大附中：透過科學探究、問題導向學習、專題學習與自主學習進行研究與成果呈現，資訊與商業方向另安排專業實作。,有交通車。校方設有跨新竹縣市與苗栗地區的多條學生交通路線，供學生上下學使用。,國立陽明交大附中：可由臺鐵竹北站轉乘竹北市區公車至中央路周邊，再步行到校；高鐵新竹站／六家站亦可轉乘市區公車。,學校設有學生宿舍，住宿生依校方宿舍管理與申請規定入住。,https://www.google.com/maps/search/?api=1&query=%E5%9C%8B%E7%AB%8B%E9%99%BD%E6%98%8E%E4%BA%A4%E5%A4%A7%E9%99%84%E4%B8%AD%20%E6%96%B0%E7%AB%B9%E7%B8%A3%E7%AB%B9%E5%8C%97%E5%B8%82%E4%B8%AD%E5%A4%AE%E8%B7%AF3%E8%99%9F,https://www.cphs.nycu.edu.tw/home,https://www.cphs.nycu.edu.tw/home,https://www.cpshs.hcc.edu.tw/ischool/publish_page/0/?cid=1711,https://www.google.com/maps/search/?api=1&query=%E5%9C%8B%E7%AB%8B%E9%99%BD%E6%98%8E%E4%BA%A4%E5%A4%A7%E9%99%84%E4%B8%AD%20%E6%96%B0%E7%AB%B9%E7%B8%A3%E7%AB%B9%E5%8C%97%E5%B8%82%E4%B8%AD%E5%A4%AE%E8%B7%AF3%E8%99%9F,https://www.cpshs.hcc.edu.tw/ischool/publish_page/0/?cid=1711,https://www.cphs.nycu.edu.tw/home,https://www.cphs.nycu.edu.tw/home,2026-09-08
,041303,私立義民高中,私立,竹苗區學校名錄,綜高,,新竹縣,竹北市,新竹縣竹北市中正西路15號,http://www.ymsh.hcc.edu.tw,(03)5552020,普通科(日)；資訊科(日)；資料處理科(日)；資料處理科(夜)；廣告設計科(日)；幼兒保育科(日)；廣告技術科(日)；商用資訊科(日),,,請以各校當年度公告為準,私立義民高中的115學年度課程涵蓋資訊科、資料處理科、廣告設計科、幼兒保育科、廣告技術科、商用資訊科等方向，各科配置專業核心、校訂選修與實作課程。,私立義民高中的專業科別依115學年度課程安排實作、實習科目與專題製作，透過操作、作品或成果發表整合專業學習。,有校車。115學年度新生與在校生交通安排包含校車登記與路線接送，搭乘學生依校方排定站點上下車。,私立義民高中：可由臺鐵竹北站轉乘竹北市區公車至中正西路周邊站點，再步行到校。,私立義民高中目前無公開的一般高中職學生固定住宿申請制度資訊；特定隊伍、特殊班別或特殊身分住宿不視為一般學生住宿。,https://www.google.com/maps/search/?api=1&query=%E7%A7%81%E7%AB%8B%E7%BE%A9%E6%B0%91%E9%AB%98%E4%B8%AD%20%E6%96%B0%E7%AB%B9%E7%B8%A3%E7%AB%B9%E5%8C%97%E5%B8%82%E4%B8%AD%E6%AD%A3%E8%A5%BF%E8%B7%AF15%E8%99%9F,http://www.ymsh.hcc.edu.tw/,http://www.ymsh.hcc.edu.tw/,http://www.ymsh.hcc.edu.tw/,https://www.google.com/maps/search/?api=1&query=%E7%A7%81%E7%AB%8B%E7%BE%A9%E6%B0%91%E9%AB%98%E4%B8%AD%20%E6%96%B0%E7%AB%B9%E7%B8%A3%E7%AB%B9%E5%8C%97%E5%B8%82%E4%B8%AD%E6%AD%A3%E8%A5%BF%E8%B7%AF15%E8%99%9F,http://www.ymsh.hcc.edu.tw,http://www.ymsh.hcc.edu.tw,http://www.ymsh.hcc.edu.tw,2026-09-08
,041305,私立忠信高中,私立,竹苗區學校名錄,高中,,新竹縣,新豐鄉,新竹縣新豐鄉忠信街178號,https://www.chhs.hcc.edu.tw/,(03)5595775,普通科(日),,,請以各校當年度公告為準,私立忠信高中115學年度以普通高中部定課程為基礎，搭配校訂必修、多元選修、自然與社會探究實作、自主學習及生涯探索。,私立忠信高中以自然科學探究與實作、社會領域探究、自主學習及成果發表作為高中階段主要的實作／專題型學習。,有學生專車。校方招生資訊提供校專車及竹北快線路線圖，供學生上下學使用。,私立忠信高中：可由臺鐵新豐站轉乘新豐地區公車至忠信街周邊站點，再步行到校。,私立忠信高中目前無公開的一般高中職學生固定住宿申請制度資訊；特定隊伍、特殊班別或特殊身分住宿不視為一般學生住宿。,https://www.google.com/maps/search/?api=1&query=%E7%A7%81%E7%AB%8B%E5%BF%A0%E4%BF%A1%E9%AB%98%E4%B8%AD%20%E6%96%B0%E7%AB%B9%E7%B8%A3%E6%96%B0%E8%B1%90%E9%84%89%E5%BF%A0%E4%BF%A1%E8%A1%97178%E8%99%9F,https://www.chhs.hcc.edu.tw/,https://www.chhs.hcc.edu.tw/,https://2026-lip.chhs.hcc.edu.tw/,https://www.google.com/maps/search/?api=1&query=%E7%A7%81%E7%AB%8B%E5%BF%A0%E4%BF%A1%E9%AB%98%E4%B8%AD%20%E6%96%B0%E7%AB%B9%E7%B8%A3%E6%96%B0%E8%B1%90%E9%84%89%E5%BF%A0%E4%BF%A1%E8%A1%97178%E8%99%9F,https://www.chhs.hcc.edu.tw/,https://www.chhs.hcc.edu.tw/,https://www.chhs.hcc.edu.tw/,2026-09-08
,041306,私立東泰高中,私立,竹苗區學校名錄,綜高,,新竹縣,竹東鎮,新竹縣竹東鎮東峰路343號,http://www.ttsh.hcc.edu.tw,(03)5961232,普通科(日)；汽車科(日)；汽車科(夜)；資訊科(日)；資料處理科(日)；餐飲管理科(日)；餐飲管理科(夜)；時尚造型科(日)；綜合職能科(日)；烘焙食品科(日)；汽車修護科(日)；水電技術科(日)；微電腦修護科(日)；商用資訊科(日)；餐飲技術科(日),,,請以各校當年度公告為準,私立東泰高中：課程涵蓋普通科、汽車、資訊、資料處理、餐飲管理、時尚造型等方向，並配置專業實作、技能學習與多元選修。,私立東泰高中的專業科別依115學年度課程安排實作、實習科目與專題製作，透過操作、作品或成果發表整合專業學習。,有校車。115學年度新生系統可直接選填校車，路線涵蓋湖口、竹北、苗栗、竹南、南庄、北埔、寶山、南寮、關西、尖石、六家、龍潭等方向。,私立東泰高中：可由臺鐵內灣線竹東站轉乘竹東地區公車至東峰路周邊站點，再步行到校。,學校設有住宿選項。115學年度新生報到系統可直接選填住宿，住宿學生依校方安排辦理入住。,https://www.google.com/maps/search/?api=1&query=%E7%A7%81%E7%AB%8B%E6%9D%B1%E6%B3%B0%E9%AB%98%E4%B8%AD%20%E6%96%B0%E7%AB%B9%E7%B8%A3%E7%AB%B9%E6%9D%B1%E9%8E%AE%E6%9D%B1%E5%B3%B0%E8%B7%AF343%E8%99%9F,https://www.ttsh.hcc.edu.tw/,https://www.ttsh.hcc.edu.tw/,https://app.ttsh.hcc.edu.tw/enrollment/,https://www.google.com/maps/search/?api=1&query=%E7%A7%81%E7%AB%8B%E6%9D%B1%E6%B3%B0%E9%AB%98%E4%B8%AD%20%E6%96%B0%E7%AB%B9%E7%B8%A3%E7%AB%B9%E6%9D%B1%E9%8E%AE%E6%9D%B1%E5%B3%B0%E8%B7%AF343%E8%99%9F,https://app.ttsh.hcc.edu.tw/enrollment/,http://www.ttsh.hcc.edu.tw,http://www.ttsh.hcc.edu.tw,2026-09-08
,041307,私立仰德高中,私立,竹苗區學校名錄,高職,,新竹縣,新豐鄉,新竹縣新豐鄉員山133號,https://www.ydvs.hcc.edu.tw/,(03)5592158,資料處理科(夜)；餐飲管理科(日)；餐飲管理科(夜)；電子商務科(日)；時尚造型科(日)；綜合職能科(日)；烘焙食品科(日)；餐飲技術科(日),,,請以各校當年度公告為準,私立仰德高中：115學年度以餐飲管理、電子商務、時尚造型等專業方向為主，另有實用技能及進修部課程規劃。,私立仰德高中的專業科別依115學年度課程安排實作、實習科目與專題製作，透過操作、作品或成果發表整合專業學習。,有交通車。校方總務處設交通車時刻表與票價資訊，學生依公告路線及站點搭乘。,私立仰德高中：可由臺鐵新豐站轉乘新豐地區公車至員山校區周邊，再步行到校。,私立仰德高中目前無公開的一般高中職學生固定住宿申請制度資訊；特定隊伍、特殊班別或特殊身分住宿不視為一般學生住宿。,https://www.google.com/maps/search/?api=1&query=%E7%A7%81%E7%AB%8B%E4%BB%B0%E5%BE%B7%E9%AB%98%E4%B8%AD%20%E6%96%B0%E7%AB%B9%E7%B8%A3%E6%96%B0%E8%B1%90%E9%84%89%E5%93%A1%E5%B1%B1133%E8%99%9F,https://www.ydvs.hcc.edu.tw/overall-curriculum-plan/,https://www.ydvs.hcc.edu.tw/overall-curriculum-plan/,https://www.ydvs.hcc.edu.tw/general/general-bus-schedule/,https://www.google.com/maps/search/?api=1&query=%E7%A7%81%E7%AB%8B%E4%BB%B0%E5%BE%B7%E9%AB%98%E4%B8%AD%20%E6%96%B0%E7%AB%B9%E7%B8%A3%E6%96%B0%E8%B1%90%E9%84%89%E5%93%A1%E5%B1%B1133%E8%99%9F,https://www.ydvs.hcc.edu.tw/,https://www.ydvs.hcc.edu.tw/,https://www.ydvs.hcc.edu.tw/,2026-09-08
,041401,私立內思高工,私立,竹苗區學校名錄,高職,,新竹縣,新埔鎮,新竹縣新埔鎮楊新路一段40號,https://www.savs.hcc.edu.tw/,(03)5882520,機械科(日)；資訊科(日)；電子科(日)；電機科(日)；多媒體設計科(日),,,請以各校當年度公告為準,私立內思高工：115學年度以機械、資訊、電子、電機、多媒體設計等專業方向為主，各科配置專業核心、實作及校訂選修課程。,私立內思高工的專業科別依115學年度課程安排實作、實習科目與專題製作，透過操作、作品或成果發表整合專業學習。,有校車。115學年度第一學期設北埔、橫山、竹中、香山、武陵、後湖、湖口、工業區、長安、新庄子、成功等路線，並公布站點與時刻。,私立內思高工：可由新竹、竹北方向搭客運至新埔市區，再沿楊新路一段方向轉乘或步行到校。,私立內思高工目前無公開的一般高中職學生固定住宿申請制度資訊；特定隊伍、特殊班別或特殊身分住宿不視為一般學生住宿。,https://www.google.com/maps/search/?api=1&query=%E7%A7%81%E7%AB%8B%E5%85%A7%E6%80%9D%E9%AB%98%E5%B7%A5%20%E6%96%B0%E7%AB%B9%E7%B8%A3%E6%96%B0%E5%9F%94%E9%8E%AE%E6%A5%8A%E6%96%B0%E8%B7%AF%E4%B8%80%E6%AE%B540%E8%99%9F,https://www.savs.hcc.edu.tw/,https://www.savs.hcc.edu.tw/,https://www.savs.hcc.edu.tw/ischool/publish_page/411/?cid=21686,https://www.google.com/maps/search/?api=1&query=%E7%A7%81%E7%AB%8B%E5%85%A7%E6%80%9D%E9%AB%98%E5%B7%A5%20%E6%96%B0%E7%AB%B9%E7%B8%A3%E6%96%B0%E5%9F%94%E9%8E%AE%E6%A5%8A%E6%96%B0%E8%B7%AF%E4%B8%80%E6%AE%B540%E8%99%9F,https://www.savs.hcc.edu.tw/,https://www.savs.hcc.edu.tw/,https://www.savs.hcc.edu.tw/,2026-09-08
,044311,新竹縣立六家高級中學,公立,竹苗區學校名錄,高中,,新竹縣,竹北市,新竹縣竹北市嘉興路356號,https://ljsh.hcc.edu.tw/,(03)5503824,普通科(日)；體育班(日),,,請以各校當年度公告為準,新竹縣立六家高級中學115學年度以普通高中部定課程為基礎，搭配校訂必修、多元選修、自然與社會探究實作、自主學習及生涯探索；另設體育班等特色班別。,新竹縣立六家高級中學以自然科學探究與實作、社會領域探究、自主學習及成果發表作為高中階段主要的實作／專題型學習。,有交通車。115學年度第一學期由校方辦理委外學生交通車，學生依路線與登記方式申請搭乘。,新竹縣立六家高級中學：可由高鐵新竹站／臺鐵六家站轉乘竹北市區公車至嘉興路周邊站點，再步行到校。,新竹縣立六家高級中學目前無公開的一般高中職學生固定住宿申請制度資訊；特定隊伍、特殊班別或特殊身分住宿不視為一般學生住宿。,https://www.google.com/maps/search/?api=1&query=%E6%96%B0%E7%AB%B9%E7%B8%A3%E7%AB%8B%E5%85%AD%E5%AE%B6%E9%AB%98%E7%B4%9A%E4%B8%AD%E5%AD%B8%20%E6%96%B0%E7%AB%B9%E7%B8%A3%E7%AB%B9%E5%8C%97%E5%B8%82%E5%98%89%E8%88%88%E8%B7%AF356%E8%99%9F,https://ljsh.hcc.edu.tw/p/426-1089-6.php?Lang=zh-tw,https://ljsh.hcc.edu.tw/p/426-1089-6.php?Lang=zh-tw,https://ljsh.hcc.edu.tw/p/406-1089-549850%2Cr11.php,https://www.google.com/maps/search/?api=1&query=%E6%96%B0%E7%AB%B9%E7%B8%A3%E7%AB%8B%E5%85%AD%E5%AE%B6%E9%AB%98%E7%B4%9A%E4%B8%AD%E5%AD%B8%20%E6%96%B0%E7%AB%B9%E7%B8%A3%E7%AB%B9%E5%8C%97%E5%B8%82%E5%98%89%E8%88%88%E8%B7%AF356%E8%99%9F,https://ljsh.hcc.edu.tw/,https://ljsh.hcc.edu.tw/,https://ljsh.hcc.edu.tw/,2026-09-08
,044320,新竹縣立湖口高中,公立,竹苗區學校名錄,綜高,,新竹縣,湖口鄉,新竹縣湖口鄉達生路601號,https://hkhs.hcc.edu.tw/,(03)5992588,普通科(日)；體育班(日)；商業經營科(日),,,請以各校當年度公告為準,新竹縣立湖口高中的115學年度課程涵蓋商業經營科等方向，各科配置專業核心、校訂選修與實作課程；另設體育班。,新竹縣立湖口高中的專業科別依115學年度課程安排實作、實習科目與專題製作，透過操作、作品或成果發表整合專業學習。,有學生專車。115學年度第一學期設竹北、東林、縱貫等路線，校方公布站點調整與搭乘資訊。,新竹縣立湖口高中：可由臺鐵湖口站下車，沿湖口市區步行約10分鐘至學校側門；亦可利用湖口市區公車轉乘。,新竹縣立湖口高中目前無公開的一般高中職學生固定住宿申請制度資訊；特定隊伍、特殊班別或特殊身分住宿不視為一般學生住宿。,https://www.google.com/maps/search/?api=1&query=%E6%96%B0%E7%AB%B9%E7%B8%A3%E7%AB%8B%E6%B9%96%E5%8F%A3%E9%AB%98%E4%B8%AD%20%E6%96%B0%E7%AB%B9%E7%B8%A3%E6%B9%96%E5%8F%A3%E9%84%89%E9%81%94%E7%94%9F%E8%B7%AF601%E8%99%9F,https://hkhs.hcc.edu.tw/,https://hkhs.hcc.edu.tw/,https://hkhs.hcc.edu.tw/p/404-1015-553164.php?Lang=zh-tw,https://www.google.com/maps/search/?api=1&query=%E6%96%B0%E7%AB%B9%E7%B8%A3%E7%AB%8B%E6%B9%96%E5%8F%A3%E9%AB%98%E4%B8%AD%20%E6%96%B0%E7%AB%B9%E7%B8%A3%E6%B9%96%E5%8F%A3%E9%84%89%E9%81%94%E7%94%9F%E8%B7%AF601%E8%99%9F,https://hkhs.hcc.edu.tw/,https://hkhs.hcc.edu.tw/,https://hkhs.hcc.edu.tw/,2026-09-08
,050303,國立苗栗高中,公立,竹苗區學校名錄,高中,,苗栗縣,苗栗市,苗栗縣苗栗市至公路183號,https://www.mlsh.mlc.edu.tw/,(037)320072,普通科(日)；美術班(日),,,請以各校當年度公告為準,國立苗栗高中115學年度以普通高中部定課程為基礎，搭配校訂必修、多元選修、自然與社會探究實作、自主學習及生涯探索；另設美術班等特色班別。,國立苗栗高中以自然科學探究與實作、社會領域探究、自主學習及成果發表作為高中階段主要的實作／專題型學習。,國立苗栗高中目前無公開固定的高中部校車／學生專車路線資訊；一般公共運輸方式另列於「通勤資訊」。,國立苗栗高中：可由臺鐵苗栗站轉乘苗栗市區公車至至公路周邊站點，再步行到校。,國立苗栗高中目前無公開的一般高中職學生固定住宿申請制度資訊；特定隊伍、特殊班別或特殊身分住宿不視為一般學生住宿。,https://www.google.com/maps/search/?api=1&query=%E5%9C%8B%E7%AB%8B%E8%8B%97%E6%A0%97%E9%AB%98%E4%B8%AD%20%E8%8B%97%E6%A0%97%E7%B8%A3%E8%8B%97%E6%A0%97%E5%B8%82%E8%87%B3%E5%85%AC%E8%B7%AF183%E8%99%9F,https://www.mlsh.mlc.edu.tw/,https://www.mlsh.mlc.edu.tw/,https://www.mlsh.mlc.edu.tw/,https://www.google.com/maps/search/?api=1&query=%E5%9C%8B%E7%AB%8B%E8%8B%97%E6%A0%97%E9%AB%98%E4%B8%AD%20%E8%8B%97%E6%A0%97%E7%B8%A3%E8%8B%97%E6%A0%97%E5%B8%82%E8%87%B3%E5%85%AC%E8%B7%AF183%E8%99%9F,https://www.mlsh.mlc.edu.tw/,https://www.mlsh.mlc.edu.tw/,https://www.mlsh.mlc.edu.tw/,2026-09-08
,050310,國立竹南高中,公立,竹苗區學校名錄,綜高,,苗栗縣,竹南鎮,苗栗縣竹南鎮中正路98號,https://www.cnsh.mlc.edu.tw/home,(037)476855,普通科(日)；化工科(日),,,請以各校當年度公告為準,國立竹南高中：115學年度同時設普通科與化工科；普通科另規劃數位理工、財經人文等實驗學習方向，課程包含校訂必修、多元選修及探究實作。,國立竹南高中：普通科以自然／社會探究、自主學習與實驗班專題為主；化工科另有化工實驗、專業實作與專題製作。,國立竹南高中目前無公開固定的高中部校車／學生專車路線資訊；一般公共運輸方式另列於「通勤資訊」。,國立竹南高中：可由臺鐵竹南站前往中正路校區，亦可利用竹南市區公車至學校周邊站點後步行到校。,學校設有學生住宿申請。115學年度高一新生專區提供住宿申請表，住宿生依校方程序辦理。,https://www.google.com/maps/search/?api=1&query=%E5%9C%8B%E7%AB%8B%E7%AB%B9%E5%8D%97%E9%AB%98%E4%B8%AD%20%E8%8B%97%E6%A0%97%E7%B8%A3%E7%AB%B9%E5%8D%97%E9%8E%AE%E4%B8%AD%E6%AD%A3%E8%B7%AF98%E8%99%9F,https://www.cnsh.mlc.edu.tw/ischool/publish_page/3/?cid=37,https://www.cnsh.mlc.edu.tw/ischool/publish_page/3/?cid=37,https://www.cnsh.mlc.edu.tw/home,https://www.google.com/maps/search/?api=1&query=%E5%9C%8B%E7%AB%8B%E7%AB%B9%E5%8D%97%E9%AB%98%E4%B8%AD%20%E8%8B%97%E6%A0%97%E7%B8%A3%E7%AB%B9%E5%8D%97%E9%8E%AE%E4%B8%AD%E6%AD%A3%E8%B7%AF98%E8%99%9F,https://www.cnsh.mlc.edu.tw/home?cid=4042,https://www.cnsh.mlc.edu.tw/home,https://www.cnsh.mlc.edu.tw/home,2026-09-08
,050314,國立卓蘭高中,公立,竹苗區學校名錄,綜高,,苗栗縣,卓蘭鎮,苗栗縣卓蘭鎮老庄161號,https://www.jlsh.mlc.edu.tw/,(04)25892007,普通科(日)；商業經營科(日)；國際貿易科(日)；資料處理科(日)；資料處理科(夜)；電子商務科(日)；應用英語科(日)；幼兒保育科(日),,,請以各校當年度公告為準,國立卓蘭高中的115學年度課程涵蓋商業經營科、國際貿易科、資料處理科、電子商務科、應用英語科、幼兒保育科等方向，各科配置專業核心、校訂選修與實作課程。,國立卓蘭高中的專業科別依115學年度課程安排實作、實習科目與專題製作，透過操作、作品或成果發表整合專業學習。,有學生專車。115學年度校方持續公布學生專車路線與到站時間，供卓蘭及周邊地區學生上下學使用。,國立卓蘭高中：可由豐原、東勢或苗栗方向搭客運至卓蘭市區，再轉乘卓蘭地區交通前往老庄校區。,國立卓蘭高中目前無公開的一般高中職學生固定住宿申請制度資訊；特定隊伍、特殊班別或特殊身分住宿不視為一般學生住宿。,https://www.google.com/maps/search/?api=1&query=%E5%9C%8B%E7%AB%8B%E5%8D%93%E8%98%AD%E9%AB%98%E4%B8%AD%20%E8%8B%97%E6%A0%97%E7%B8%A3%E5%8D%93%E8%98%AD%E9%8E%AE%E8%80%81%E5%BA%84161%E8%99%9F,https://www.jlsh.mlc.edu.tw/p/405-1012-186257%2Cc2910.php,https://www.jlsh.mlc.edu.tw/p/405-1012-186257%2Cc2910.php,https://www.jlsh.mlc.edu.tw/p/412-1012-1882.php?Lang=zh-tw,https://www.google.com/maps/search/?api=1&query=%E5%9C%8B%E7%AB%8B%E5%8D%93%E8%98%AD%E9%AB%98%E4%B8%AD%20%E8%8B%97%E6%A0%97%E7%B8%A3%E5%8D%93%E8%98%AD%E9%8E%AE%E8%80%81%E5%BA%84161%E8%99%9F,https://www.jlsh.mlc.edu.tw/,https://www.jlsh.mlc.edu.tw/,https://www.jlsh.mlc.edu.tw/,2026-09-08
,050315,國立苑裡高中,公立,竹苗區學校名錄,高中,,苗栗縣,苑裡鎮,苗栗縣苑裡鎮育才街100號,https://www.ylsh.mlc.edu.tw/,(037)868680,普通科(日)；美術班(日),,,請以各校當年度公告為準,國立苑裡高中115學年度以普通高中部定課程為基礎，搭配校訂必修、多元選修、自然與社會探究實作、自主學習及生涯探索；另設美術班等特色班別。,國立苑裡高中以自然科學探究與實作、社會領域探究、自主學習及成果發表作為高中階段主要的實作／專題型學習。,國立苑裡高中目前無公開固定的高中部校車／學生專車路線資訊；一般公共運輸方式另列於「通勤資訊」。,國立苑裡高中：可由臺鐵苑裡站步行約900公尺到校；亦可搭97、616、662、839等公車至學校周邊。,學校設有學生宿舍。115學年度新生可申請住宿，宿舍採4人房並設自習、洗衣等公共空間。,https://www.google.com/maps/search/?api=1&query=%E5%9C%8B%E7%AB%8B%E8%8B%91%E8%A3%A1%E9%AB%98%E4%B8%AD%20%E8%8B%97%E6%A0%97%E7%B8%A3%E8%8B%91%E8%A3%A1%E9%8E%AE%E8%82%B2%E6%89%8D%E8%A1%97100%E8%99%9F,https://www.ylsh.mlc.edu.tw/,https://www.ylsh.mlc.edu.tw/,https://www.ylsh.mlc.edu.tw/,https://www1.ylsh.mlc.edu.tw/?p=44,https://www.ylsh.mlc.edu.tw/freshman/%E4%BD%8F%E5%AE%BF%E8%A6%8F%E5%AE%9A/,https://www.ylsh.mlc.edu.tw/,https://www.ylsh.mlc.edu.tw/,2026-09-08
,050401,國立大湖農工,公立,竹苗區學校名錄,高職,,苗栗縣,大湖鄉,苗栗縣大湖鄉大寮村竹高屋68號,https://www.thvs.mlc.edu.tw/,(037)992216,園藝科(日)；食品加工科(日)；機械科(日)；電機科(日)；室內空間設計科(日)；綜合職能科(日)；水電技術科(日),,,請以各校當年度公告為準,國立大湖農工：115學年度以園藝、食品加工、機械、電機、室內空間設計等專業科別為主，結合農業、食品、機電與設計實作課程。,國立大湖農工的專業科別依115學年度課程安排實作、實習科目與專題製作，透過操作、作品或成果發表整合專業學習。,有交通車。115學年度第一學期校方公布學生交通車名單、路線與搭乘安排，供學生上下學使用。,國立大湖農工：可由臺鐵苗栗站轉乘往大湖方向的客運，在大湖農工／大湖市區周邊站點下車後步行到校。,學校設有學生宿舍。115學年度第一學期公布住宿名單與入住安排，住宿生依宿舍生活規範管理。,https://www.google.com/maps/search/?api=1&query=%E5%9C%8B%E7%AB%8B%E5%A4%A7%E6%B9%96%E8%BE%B2%E5%B7%A5%20%E8%8B%97%E6%A0%97%E7%B8%A3%E5%A4%A7%E6%B9%96%E9%84%89%E5%A4%A7%E5%AF%AE%E6%9D%91%E7%AB%B9%E9%AB%98%E5%B1%8B68%E8%99%9F,https://www.thvs.mlc.edu.tw/%E8%A1%8C%E6%94%BF%E5%96%AE%E4%BD%8D/%E6%95%99%E5%8B%99%E8%99%95/%E6%95%99%E5%8B%99%E8%99%95-%E7%B8%BD%E9%AB%94%E8%AA%B2%E7%A8%8B%E8%A8%88%E7%95%AB%E6%9B%B8%E5%8F%8A%E5%AD%B8%E7%94%9F%E9%81%B8%E8%AA%B2%E6%89%8B%E5%86%8A/,https://www.thvs.mlc.edu.tw/%E8%A1%8C%E6%94%BF%E5%96%AE%E4%BD%8D/%E6%95%99%E5%8B%99%E8%99%95/%E6%95%99%E5%8B%99%E8%99%95-%E7%B8%BD%E9%AB%94%E8%AA%B2%E7%A8%8B%E8%A8%88%E7%95%AB%E6%9B%B8%E5%8F%8A%E5%AD%B8%E7%94%9F%E9%81%B8%E8%AA%B2%E6%89%8B%E5%86%8A/,https://www.thvs.mlc.edu.tw/%E8%A1%8C%E6%94%BF%E5%96%AE%E4%BD%8D/%E5%AD%B8%E5%8B%99%E8%99%95/,https://www.google.com/maps/search/?api=1&query=%E5%9C%8B%E7%AB%8B%E5%A4%A7%E6%B9%96%E8%BE%B2%E5%B7%A5%20%E8%8B%97%E6%A0%97%E7%B8%A3%E5%A4%A7%E6%B9%96%E9%84%89%E5%A4%A7%E5%AF%AE%E6%9D%91%E7%AB%B9%E9%AB%98%E5%B1%8B68%E8%99%9F,https://www.thvs.mlc.edu.tw/%E8%A1%8C%E6%94%BF%E5%96%AE%E4%BD%8D/%E5%AD%B8%E5%8B%99%E8%99%95/,https://www.thvs.mlc.edu.tw/,https://www.thvs.mlc.edu.tw/,2026-09-08
,050404,國立苗栗農工,公立,竹苗區學校名錄,高職,,苗栗縣,苗栗市,苗栗縣苗栗市經國路二段491號,https://www.mlaivs.mlc.edu.tw/,(037)329281,農場經營科(日)；園藝科(日)；森林科(日)；食品加工科(日)；畜產保健科(日)；機械科(日)；板金科(日)；電機科(日)；化工科(日)；電機空調科(日)；生物產業機電科(日)；家政科(日)；餐飲服務科(日)；茶葉技術科(日)；家電技術科(日)；電腦繪圖科(日),,,請以各校當年度公告為準,國立苗栗農工：115學年度涵蓋農場經營、園藝、森林、食品加工、畜產保健、機械、板金、電機、化工等多元專業科別，強調農工跨域與技術實作。,國立苗栗農工的專業科別依115學年度課程安排實作、實習科目與專題製作，透過操作、作品或成果發表整合專業學習。,有交通車。115學年度新生專區提供交通車資訊與搭乘須知，學生可依校方路線辦理通學。,國立苗栗農工：可由臺鐵苗栗站轉乘苗栗市區公車至經國路二段周邊站點，再步行到校。,學校設有學生宿舍。115學年度新生可提出住宿申請，校方公布住宿申請表、入住注意事項與宿舍生活規定。,https://www.google.com/maps/search/?api=1&query=%E5%9C%8B%E7%AB%8B%E8%8B%97%E6%A0%97%E8%BE%B2%E5%B7%A5%20%E8%8B%97%E6%A0%97%E7%B8%A3%E8%8B%97%E6%A0%97%E5%B8%82%E7%B6%93%E5%9C%8B%E8%B7%AF%E4%BA%8C%E6%AE%B5491%E8%99%9F,https://www.mlaivs.mlc.edu.tw/,https://www.mlaivs.mlc.edu.tw/,https://www.mlaivs.mlc.edu.tw/ischool/publish_page/149/?cid=3863,https://www.google.com/maps/search/?api=1&query=%E5%9C%8B%E7%AB%8B%E8%8B%97%E6%A0%97%E8%BE%B2%E5%B7%A5%20%E8%8B%97%E6%A0%97%E7%B8%A3%E8%8B%97%E6%A0%97%E5%B8%82%E7%B6%93%E5%9C%8B%E8%B7%AF%E4%BA%8C%E6%AE%B5491%E8%99%9F,https://www.mlaivs.mlc.edu.tw/ischool/publish_page/149/?cid=3863,https://www.mlaivs.mlc.edu.tw/,https://www.mlaivs.mlc.edu.tw/,2026-09-08
,050407,國立苗栗高商,公立,竹苗區學校名錄,高職,,苗栗縣,苗栗市,苗栗縣苗栗市電台街7號,https://www.mlvs.mlc.edu.tw/home,(037)356001,商業經營科(夜)；國際貿易科(日)；會計事務科(日)；資料處理科(日)；資料處理科(夜)；多媒體設計科(日)；應用英語科(日),,,請以各校當年度公告為準,國立苗栗高商：115學年度以國際貿易、會計事務、資料處理、多媒體設計、應用英語等商管與語文方向為主，包含跨境電商、簡報、理財及數位應用選修。,國立苗栗高商：各商管與數位科別透過國貿實務、跨境電商、簡報、創客、理財、影音等實作選修與專題成果整合專業能力。,校方明確說明不設校車；放學時會視客運車輛與司機調度，協調公車入校接駁至苗栗火車站。,國立苗栗高商：可由臺鐵苗栗站轉乘苗栗市區公車至電台街周邊；校門外亦設YouBike站點，可作為火車站與學校間的接駁方式。,校方明確說明原學生宿舍因老舊與安全考量已停止提供住宿；學校另提供學區附近租屋資訊與訪視。,https://www.google.com/maps/search/?api=1&query=%E5%9C%8B%E7%AB%8B%E8%8B%97%E6%A0%97%E9%AB%98%E5%95%86%20%E8%8B%97%E6%A0%97%E7%B8%A3%E8%8B%97%E6%A0%97%E5%B8%82%E9%9B%BB%E5%8F%B0%E8%A1%977%E8%99%9F,https://www.mlvs.mlc.edu.tw/,https://www.mlvs.mlc.edu.tw/,https://www.mlvs.mlc.edu.tw/ischool/rfile/8fbe2fa386263ba9aae702f84a094e9e,https://www.mlvs.mlc.edu.tw/ischool/rfile/8fbe2fa386263ba9aae702f84a094e9e,https://www.mlvs.mlc.edu.tw/ischool/rfile/8fbe2fa386263ba9aae702f84a094e9e,https://www.mlvs.mlc.edu.tw/home,https://www.mlvs.mlc.edu.tw/home,2026-09-08
,051302,私立君毅高中,私立,竹苗區學校名錄,綜高,,苗栗縣,竹南鎮,苗栗縣竹南鎮公義路245號,https://www.cish.mlc.edu.tw/,(037)622009,普通科(日)；資訊科(日)；資料處理科(日)；資料處理科(夜)；觀光事業科(日)；餐飲管理科(日)；餐飲管理科(夜)；水電技術科(日)；餐飲技術科(日)；多媒體技術科(日),,,請以各校當年度公告為準,私立君毅高中：115學年度兼具普通科與資訊、資料處理、觀光、餐飲等專業方向，透過校訂必修、多元選修與技術實作提供升學與職涯路徑。,私立君毅高中的專業科別依115學年度課程安排實作、實習科目與專題製作，透過操作、作品或成果發表整合專業學習。,有學生交通車。115學年度第一學期公布上學、放學、晚自習路線與站點費用，並提供新生交通車調查。,私立君毅高中：可由臺鐵竹南站或崎頂站轉乘竹南地區公車至公義路周邊站點，再步行到校。,私立君毅高中目前無公開的一般高中職學生固定住宿申請制度資訊；特定隊伍、特殊班別或特殊身分住宿不視為一般學生住宿。,https://www.google.com/maps/search/?api=1&query=%E7%A7%81%E7%AB%8B%E5%90%9B%E6%AF%85%E9%AB%98%E4%B8%AD%20%E8%8B%97%E6%A0%97%E7%B8%A3%E7%AB%B9%E5%8D%97%E9%8E%AE%E5%85%AC%E7%BE%A9%E8%B7%AF245%E8%99%9F,https://www.cish.mlc.edu.tw/p/412-1000-374.php,https://www.cish.mlc.edu.tw/p/412-1000-374.php,https://www.cish.mlc.edu.tw/p/412-1000-310.php,https://www.google.com/maps/search/?api=1&query=%E7%A7%81%E7%AB%8B%E5%90%9B%E6%AF%85%E9%AB%98%E4%B8%AD%20%E8%8B%97%E6%A0%97%E7%B8%A3%E7%AB%B9%E5%8D%97%E9%8E%AE%E5%85%AC%E7%BE%A9%E8%B7%AF245%E8%99%9F,https://www.cish.mlc.edu.tw/,https://www.cish.mlc.edu.tw/,https://www.cish.mlc.edu.tw/,2026-09-08
,051306,私立建臺高中,私立,竹苗區學校名錄,高中,,苗栗縣,苗栗市,苗栗縣苗栗市福麗里至公路251號,https://www.ctsh.mlc.edu.tw/,(037)353270,普通科(日),,,請以各校當年度公告為準,私立建臺高中：高中部以普通高中課程為主，115學年度另設雙語實驗班與數理實驗班課程，強化語言、數理與探究學習。,私立建臺高中以自然科學探究與實作、社會領域探究、自主學習及成果發表作為高中階段主要的實作／專題型學習。,有學生交通車。115學年度暑期及學期交通車由校方交通車專區公布路線與到站時間。,私立建臺高中：可由臺鐵苗栗站轉乘苗栗市區公車至至公路周邊站點，再步行到校。,私立建臺高中目前無公開的一般高中職學生固定住宿申請制度資訊；特定隊伍、特殊班別或特殊身分住宿不視為一般學生住宿。,https://www.google.com/maps/search/?api=1&query=%E7%A7%81%E7%AB%8B%E5%BB%BA%E8%87%BA%E9%AB%98%E4%B8%AD%20%E8%8B%97%E6%A0%97%E7%B8%A3%E8%8B%97%E6%A0%97%E5%B8%82%E7%A6%8F%E9%BA%97%E9%87%8C%E8%87%B3%E5%85%AC%E8%B7%AF251%E8%99%9F,https://www.ctsh.mlc.edu.tw/p/403-1000-14-1.php?Lang=zh-tw,https://www.ctsh.mlc.edu.tw/p/403-1000-14-1.php?Lang=zh-tw,https://www.ctsh.mlc.edu.tw/p/403-1000-40-1.php?Lang=zh-tw,https://www.google.com/maps/search/?api=1&query=%E7%A7%81%E7%AB%8B%E5%BB%BA%E8%87%BA%E9%AB%98%E4%B8%AD%20%E8%8B%97%E6%A0%97%E7%B8%A3%E8%8B%97%E6%A0%97%E5%B8%82%E7%A6%8F%E9%BA%97%E9%87%8C%E8%87%B3%E5%85%AC%E8%B7%AF251%E8%99%9F,https://www.ctsh.mlc.edu.tw/,https://www.ctsh.mlc.edu.tw/,https://www.ctsh.mlc.edu.tw/,2026-09-08
,051307,私立全人實驗高中,私立,竹苗區學校名錄,高中,,苗栗縣,卓蘭鎮,苗栗縣卓蘭鎮內灣141之3號,https://holistic.org.tw/,(04)25896909,普通科(日),,,請以各校當年度公告為準,私立全人實驗高中：採實驗教育與混齡學習，課程涵蓋語文、數學、科學、社會、藝術與體育，並發展登山、戲劇、樂器、文學創作、雕塑、繪畫、電影、陶藝等特色課程。,私立全人實驗高中：以登山、戲劇、藝術創作、電影、陶藝與自主學習等實作型課程累積作品與成果，學期末並有展演與分享。,私立全人實驗高中目前無公開固定的高中部校車／學生專車路線資訊；一般公共運輸方式另列於「通勤資訊」。,私立全人實驗高中：可搭臺鐵或客運至豐原，再轉乘豐原客運前往卓蘭市區；由卓蘭市區至校約7公里，可再轉乘計程車。,全人實驗高中為住宿型學校，學生及專任教師住校，校內提供三餐與住宿生活安排。,https://www.google.com/maps/search/?api=1&query=%E7%A7%81%E7%AB%8B%E5%85%A8%E4%BA%BA%E5%AF%A6%E9%A9%97%E9%AB%98%E4%B8%AD%20%E8%8B%97%E6%A0%97%E7%B8%A3%E5%8D%93%E8%98%AD%E9%8E%AE%E5%85%A7%E7%81%A3141%E4%B9%8B3%E8%99%9F,https://holistic.org.tw/,https://holistic.org.tw/,https://holistic.org.tw/,https://holistic.org.tw/news/administrative/107-where-is-holistic-in-how-to-go.html,https://holistic.org.tw/news/education/147-105-1-semester-fall-2016-intakes-curriculum-and-course-descriptions.html,https://holistic.org.tw/,https://holistic.org.tw/,2026-09-08
,051408,私立中興商工,私立,竹苗區學校名錄,高職,,苗栗縣,竹南鎮,苗栗縣竹南鎮大營路211號,http://www.csvs.mlc.edu.tw,(037)467360,汽車科(日)；資訊科(日)；資料處理科(夜)；餐飲管理科(日)；時尚造型科(日)；汽車修護科(日)；餐飲技術科(日),,,請以各校當年度公告為準,私立中興商工的115學年度課程涵蓋汽車科、資訊科、資料處理科、餐飲管理科、時尚造型科、汽車修護科、餐飲技術科等方向，各科配置專業核心、校訂選修與實作課程。,私立中興商工的專業科別依115學年度課程安排實作、實習科目與專題製作，透過操作、作品或成果發表整合專業學習。,私立中興商工目前無公開固定的高中部校車／學生專車路線資訊；一般公共運輸方式另列於「通勤資訊」。,私立中興商工：可由臺鐵竹南站轉乘竹南市區公車至大營路周邊站點，再步行到校。,私立中興商工目前無公開的一般高中職學生固定住宿申請制度資訊；特定隊伍、特殊班別或特殊身分住宿不視為一般學生住宿。,https://www.google.com/maps/search/?api=1&query=%E7%A7%81%E7%AB%8B%E4%B8%AD%E8%88%88%E5%95%86%E5%B7%A5%20%E8%8B%97%E6%A0%97%E7%B8%A3%E7%AB%B9%E5%8D%97%E9%8E%AE%E5%A4%A7%E7%87%9F%E8%B7%AF211%E8%99%9F,https://courset.k12ea.gov.tw/courseinformation/indextea01.asp,https://courset.k12ea.gov.tw/courseinformation/indextea01.asp,http://www.csvs.mlc.edu.tw,https://www.google.com/maps/search/?api=1&query=%E7%A7%81%E7%AB%8B%E4%B8%AD%E8%88%88%E5%95%86%E5%B7%A5%20%E8%8B%97%E6%A0%97%E7%B8%A3%E7%AB%B9%E5%8D%97%E9%8E%AE%E5%A4%A7%E7%87%9F%E8%B7%AF211%E8%99%9F,http://www.csvs.mlc.edu.tw,http://www.csvs.mlc.edu.tw,http://www.csvs.mlc.edu.tw,2026-09-08
,051413,私立龍德家商,私立,竹苗區學校名錄,高職,,苗栗縣,苑裡鎮,苗栗縣苑裡鎮房裡里南房75之1號,http://www.ldvs.mlc.edu.tw/,(037)851277,家具木工科(日)；烘焙食品科(日),,,請以各校當年度公告為準,私立龍德家商的115學年度課程涵蓋家具木工科、烘焙食品科等方向，各科配置專業核心、校訂選修與實作課程。,私立龍德家商的專業科別依115學年度課程安排實作、實習科目與專題製作，透過操作、作品或成果發表整合專業學習。,私立龍德家商目前無公開固定的高中部校車／學生專車路線資訊；一般公共運輸方式另列於「通勤資訊」。,私立龍德家商：可由臺鐵苑裡站轉乘苑裡地區公車至南房里／龍德家商周邊站點，再步行到校。,私立龍德家商目前無公開的一般高中職學生固定住宿申請制度資訊；特定隊伍、特殊班別或特殊身分住宿不視為一般學生住宿。,https://www.google.com/maps/search/?api=1&query=%E7%A7%81%E7%AB%8B%E9%BE%8D%E5%BE%B7%E5%AE%B6%E5%95%86%20%E8%8B%97%E6%A0%97%E7%B8%A3%E8%8B%91%E8%A3%A1%E9%8E%AE%E6%88%BF%E8%A3%A1%E9%87%8C%E5%8D%97%E6%88%BF75%E4%B9%8B1%E8%99%9F,https://courset.k12ea.gov.tw/courseinformation/indextea01.asp,https://courset.k12ea.gov.tw/courseinformation/indextea01.asp,http://www.ldvs.mlc.edu.tw/,https://www.google.com/maps/search/?api=1&query=%E7%A7%81%E7%AB%8B%E9%BE%8D%E5%BE%B7%E5%AE%B6%E5%95%86%20%E8%8B%97%E6%A0%97%E7%B8%A3%E8%8B%91%E8%A3%A1%E9%8E%AE%E6%88%BF%E8%A3%A1%E9%87%8C%E5%8D%97%E6%88%BF75%E4%B9%8B1%E8%99%9F,http://www.ldvs.mlc.edu.tw/,http://www.ldvs.mlc.edu.tw/,http://www.ldvs.mlc.edu.tw/,2026-09-08
,054308,苗栗縣立三義高中,公立,竹苗區學校名錄,綜高,,苗栗縣,三義鄉,苗栗縣三義鄉廣盛村11鄰122號,https://sjh.mlc.edu.tw/,(037)872015,普通科(日)；餐飲管理科(日)；多媒體設計科(日),,,請以各校當年度公告為準,苗栗縣立三義高中的115學年度課程涵蓋餐飲管理科、多媒體設計科等方向，各科配置專業核心、校訂選修與實作課程。,苗栗縣立三義高中的專業科別依115學年度課程安排實作、實習科目與專題製作，透過操作、作品或成果發表整合專業學習。,有校車。校方網站設有「校車路線（115學年）」專區，依115學年度路線供學生上下學使用。,苗栗縣立三義高中：可由臺鐵三義站轉乘三義地區公車至廣盛村周邊站點，再步行到校。,苗栗縣立三義高中目前無公開的一般高中職學生固定住宿申請制度資訊；特定隊伍、特殊班別或特殊身分住宿不視為一般學生住宿。,https://www.google.com/maps/search/?api=1&query=%E8%8B%97%E6%A0%97%E7%B8%A3%E7%AB%8B%E4%B8%89%E7%BE%A9%E9%AB%98%E4%B8%AD%20%E8%8B%97%E6%A0%97%E7%B8%A3%E4%B8%89%E7%BE%A9%E9%84%89%E5%BB%A3%E7%9B%9B%E6%9D%9111%E9%84%B0122%E8%99%9F,https://sjh.mlc.edu.tw/WebMap/Index.php,https://sjh.mlc.edu.tw/WebMap/Index.php,https://sjh.mlc.edu.tw/WebMap/Index.php,https://www.google.com/maps/search/?api=1&query=%E8%8B%97%E6%A0%97%E7%B8%A3%E7%AB%8B%E4%B8%89%E7%BE%A9%E9%AB%98%E4%B8%AD%20%E8%8B%97%E6%A0%97%E7%B8%A3%E4%B8%89%E7%BE%A9%E9%84%89%E5%BB%A3%E7%9B%9B%E6%9D%9111%E9%84%B0122%E8%99%9F,https://sjh.mlc.edu.tw/,https://sjh.mlc.edu.tw/,https://sjh.mlc.edu.tw/,2026-09-08
,054309,苗栗縣立苑裡高中,公立,竹苗區學校名錄,綜高,,苗栗縣,苑裡鎮,苗栗縣苑裡鎮客庄里1鄰2號,https://yljh.mlc.edu.tw/Home/Index.php,(037)861042,普通科(日)；體育班(日)；商業經營科(日)；廣告設計科(日),,,請以各校當年度公告為準,苗栗縣立苑裡高中的115學年度課程涵蓋商業經營科、廣告設計科等方向，各科配置專業核心、校訂選修與實作課程；另設體育班。,苗栗縣立苑裡高中的專業科別依115學年度課程安排實作、實習科目與專題製作，透過操作、作品或成果發表整合專業學習。,苗栗縣立苑裡高中目前無公開固定的高中部校車／學生專車路線資訊；一般公共運輸方式另列於「通勤資訊」。,苗栗縣立苑裡高中：可由臺鐵苑裡站轉乘苑裡市區公車至客庄里周邊，或由車站步行前往校本部。,苗栗縣立苑裡高中目前無公開的一般高中職學生固定住宿申請制度資訊；特定隊伍、特殊班別或特殊身分住宿不視為一般學生住宿。,https://www.google.com/maps/search/?api=1&query=%E8%8B%97%E6%A0%97%E7%B8%A3%E7%AB%8B%E8%8B%91%E8%A3%A1%E9%AB%98%E4%B8%AD%20%E8%8B%97%E6%A0%97%E7%B8%A3%E8%8B%91%E8%A3%A1%E9%8E%AE%E5%AE%A2%E5%BA%84%E9%87%8C1%E9%84%B02%E8%99%9F,https://yljh.mlc.edu.tw/WebLink/Page.php?ID=42,https://yljh.mlc.edu.tw/WebLink/Page.php?ID=42,https://yljh.mlc.edu.tw/Home/Index.php,https://www.google.com/maps/search/?api=1&query=%E8%8B%97%E6%A0%97%E7%B8%A3%E7%AB%8B%E8%8B%91%E8%A3%A1%E9%AB%98%E4%B8%AD%20%E8%8B%97%E6%A0%97%E7%B8%A3%E8%8B%91%E8%A3%A1%E9%8E%AE%E5%AE%A2%E5%BA%84%E9%87%8C1%E9%84%B02%E8%99%9F,https://yljh.mlc.edu.tw/Home/Index.php,https://yljh.mlc.edu.tw/Home/Index.php,https://yljh.mlc.edu.tw/Home/Index.php,2026-09-08
,054317,苗栗縣立興華高中,公立,竹苗區學校名錄,綜高,,苗栗縣,頭份市,苗栗縣頭份市中正一路401號,https://shhs.mlc.edu.tw/Home/,(037)663403,普通科(日)；體育班(日)；商業經營科(日)；資料處理科(日),,,請以各校當年度公告為準,苗栗縣立興華高中的115學年度課程涵蓋商業經營科、資料處理科等方向，各科配置專業核心、校訂選修與實作課程；另設體育班。,苗栗縣立興華高中的專業科別依115學年度課程安排實作、實習科目與專題製作，透過操作、作品或成果發表整合專業學習。,有學生交通車。115學年度第一學期提供新生與在校生交通車申請，並公布頭份、竹南市區等路線資訊。,苗栗縣立興華高中：可由臺鐵竹南站轉乘頭份方向公車至中正一路周邊站點，再步行到校。,苗栗縣立興華高中目前無公開的一般高中職學生固定住宿申請制度資訊；特定隊伍、特殊班別或特殊身分住宿不視為一般學生住宿。,https://www.google.com/maps/search/?api=1&query=%E8%8B%97%E6%A0%97%E7%B8%A3%E7%AB%8B%E8%88%88%E8%8F%AF%E9%AB%98%E4%B8%AD%20%E8%8B%97%E6%A0%97%E7%B8%A3%E9%A0%AD%E4%BB%BD%E5%B8%82%E4%B8%AD%E6%AD%A3%E4%B8%80%E8%B7%AF401%E8%99%9F,https://courset.k12ea.gov.tw/courseinformation/indextea01.asp,https://courset.k12ea.gov.tw/courseinformation/indextea01.asp,https://shhs.mlc.edu.tw/News/Detail.php?ID=13650,https://www.google.com/maps/search/?api=1&query=%E8%8B%97%E6%A0%97%E7%B8%A3%E7%AB%8B%E8%88%88%E8%8F%AF%E9%AB%98%E4%B8%AD%20%E8%8B%97%E6%A0%97%E7%B8%A3%E9%A0%AD%E4%BB%BD%E5%B8%82%E4%B8%AD%E6%AD%A3%E4%B8%80%E8%B7%AF401%E8%99%9F,https://shhs.mlc.edu.tw/Home/,https://shhs.mlc.edu.tw/Home/,https://shhs.mlc.edu.tw/Home/,2026-09-08
,054333,苗栗縣立大同高中,公立,竹苗區學校名錄,高中,,苗栗縣,竹南鎮,苗栗縣竹南鎮大埔里六鄰公義路890號,https://dtsh.mlc.edu.tw/,(037)580566,普通科(日)；體育班(日),,,請以各校當年度公告為準,苗栗縣立大同高中115學年度以普通高中部定課程為基礎，搭配校訂必修、多元選修、自然與社會探究實作、自主學習及生涯探索；另設體育班等特色班別。,苗栗縣立大同高中以自然科學探究與實作、社會領域探究、自主學習及成果發表作為高中階段主要的實作／專題型學習。,苗栗縣立大同高中目前無公開固定的高中部校車／學生專車路線資訊；一般公共運輸方式另列於「通勤資訊」。,苗栗縣立大同高中：可由臺鐵竹南站轉乘苗栗客運5802、5803、5804路，在國馨新村站下車後步行到校。,苗栗縣立大同高中目前無公開的一般高中職學生固定住宿申請制度資訊；特定隊伍、特殊班別或特殊身分住宿不視為一般學生住宿。,https://www.google.com/maps/search/?api=1&query=%E8%8B%97%E6%A0%97%E7%B8%A3%E7%AB%8B%E5%A4%A7%E5%90%8C%E9%AB%98%E4%B8%AD%20%E8%8B%97%E6%A0%97%E7%B8%A3%E7%AB%B9%E5%8D%97%E9%8E%AE%E5%A4%A7%E5%9F%94%E9%87%8C%E5%85%AD%E9%84%B0%E5%85%AC%E7%BE%A9%E8%B7%AF890%E8%99%9F,https://courset.k12ea.gov.tw/courseinformation/indextea01.asp,https://courset.k12ea.gov.tw/courseinformation/indextea01.asp,https://dtsh.mlc.edu.tw/,https://dtsh.mlc.edu.tw/News/Detail.php?ID=8714,https://dtsh.mlc.edu.tw/,https://dtsh.mlc.edu.tw/,https://dtsh.mlc.edu.tw/,2026-09-08
,180301,國立竹科實驗高級中等學校,公立,竹苗區學校名錄,高中,,新竹市,東區,新竹市東區介壽路300號,https://www.nehs.hc.edu.tw/,(03)5777011,普通科(日)；數理資優班(日)；科學班(日)；雙語部(日),,,請以各校當年度公告為準,國立竹科實驗高級中等學校：115學年度普通班、數理資優班與科學班均有獨立課程規劃，並結合雙語部與園區資源，強調科學探究、專題研究、國際視野與跨領域學習。,國立竹科實驗高級中等學校：以科學探究、問題導向學習、專題研究與自主學習為主，科學班及資優課程進一步強化研究設計與成果發表。,國立竹科實驗高級中等學校目前無公開固定的高中部校車／學生專車路線資訊；一般公共運輸方式另列於「通勤資訊」。,國立竹科實驗高級中等學校：可由高鐵新竹站轉臺鐵六家線至新莊站，再步行約30分鐘；也可由新竹市區搭藍1區、藍線或5608至世界高中站，再步行約5分鐘。,國立竹科實驗高級中等學校目前無公開的一般高中職學生固定住宿申請制度資訊；特定隊伍、特殊班別或特殊身分住宿不視為一般學生住宿。,https://www.google.com/maps/search/?api=1&query=%E5%9C%8B%E7%AB%8B%E7%AB%B9%E7%A7%91%E5%AF%A6%E9%A9%97%E9%AB%98%E7%B4%9A%E4%B8%AD%E7%AD%89%E5%AD%B8%E6%A0%A1%20%E6%96%B0%E7%AB%B9%E5%B8%82%E6%9D%B1%E5%8D%80%E4%BB%8B%E5%A3%BD%E8%B7%AF300%E8%99%9F,https://c108.nehs.hc.edu.tw/%E8%AA%B2%E7%A8%8B%E8%A6%8F%E5%8A%83,https://c108.nehs.hc.edu.tw/%E8%AA%B2%E7%A8%8B%E8%A6%8F%E5%8A%83,https://www.nehs.hc.edu.tw/,https://www.nehs.hc.edu.tw/wp-content/uploads/sites/40/2026/01/115%E7%B0%A1%E7%AB%B0%E6%A0%B8%E5%AE%9A_06%E7%AB%B9%E8%8B%97%E5%8D%80_AU%E5%85%8D%E8%A9%A6%E5%85%A5%E5%AD%B8-20260115-%E6%9E%97%E6%B2%9B%E5%90%9B.pdf,https://www.nehs.hc.edu.tw/,https://www.nehs.hc.edu.tw/,https://www.nehs.hc.edu.tw/,2026-09-08
,180302,國立新竹女中,公立,竹苗區學校名錄,高中,,新竹市,東區,新竹市東區中華路二段270號,https://www.hgsh.hc.edu.tw/,(03)5456611,普通科(日)；美術班(日)；數理資優班(日)；語文資優班(日),,,請以各校當年度公告為準,國立新竹女中：115學年度普通科課程搭配美術班、數理資優與語文資優學習路徑，包含校訂必修、多元選修、探究實作與自主學習。,國立新竹女中以自然科學探究與實作、社會領域探究、自主學習及成果發表作為高中階段主要的實作／專題型學習。,國立新竹女中目前無公開固定的高中部校車／學生專車路線資訊；一般公共運輸方式另列於「通勤資訊」。,國立新竹女中：可由臺鐵新竹站轉乘市區公車至東門街／中華路一帶，再步行到校；亦可由新竹站步行前往市中心校區。,學校設有學生宿舍。115學年度第一學期開放高一新生住宿申請，住宿生依校方名單與入住規定辦理。,https://www.google.com/maps/search/?api=1&query=%E5%9C%8B%E7%AB%8B%E6%96%B0%E7%AB%B9%E5%A5%B3%E4%B8%AD%20%E6%96%B0%E7%AB%B9%E5%B8%82%E6%9D%B1%E5%8D%80%E4%B8%AD%E8%8F%AF%E8%B7%AF%E4%BA%8C%E6%AE%B5270%E8%99%9F,https://www.hgsh.hc.edu.tw/office/div_1200/%E8%AA%B2%E7%A8%8B%E8%A8%88%E7%95%AB/,https://www.hgsh.hc.edu.tw/office/div_1200/%E8%AA%B2%E7%A8%8B%E8%A8%88%E7%95%AB/,https://www.hgsh.hc.edu.tw/,https://www.google.com/maps/search/?api=1&query=%E5%9C%8B%E7%AB%8B%E6%96%B0%E7%AB%B9%E5%A5%B3%E4%B8%AD%20%E6%96%B0%E7%AB%B9%E5%B8%82%E6%9D%B1%E5%8D%80%E4%B8%AD%E8%8F%AF%E8%B7%AF%E4%BA%8C%E6%AE%B5270%E8%99%9F,https://www.hgsh.hc.edu.tw/office/div_1300/%E5%AD%B8%E5%8B%99%E8%99%95%E6%9C%80%E6%96%B0%E6%B6%88%E6%81%AF/,https://www.hgsh.hc.edu.tw/,https://www.hgsh.hc.edu.tw/,2026-09-08
,180309,國立新竹高中,公立,竹苗區學校名錄,高中,,新竹市,東區,新竹市東區學府路36號,https://www.hchs.hc.edu.tw/home,(03)5736666,普通科(日)；音樂班(日)；數理資優班(日),,,請以各校當年度公告為準,國立新竹高中：普通科課程結合音樂班與數理資優班，透過加深加廣選修、探究實作、自主學習與藝術專業課程提供多元發展。,國立新竹高中以自然科學探究與實作、社會領域探究、自主學習及成果發表作為高中階段主要的實作／專題型學習。,國立新竹高中目前無公開固定的高中部校車／學生專車路線資訊；一般公共運輸方式另列於「通勤資訊」。,國立新竹高中：可由臺鐵新竹站轉乘市區公車至學府路周邊站點，再步行到校。,學校設有學生宿舍，校方學務與生活管理編制包含學生宿舍管理。,https://www.google.com/maps/search/?api=1&query=%E5%9C%8B%E7%AB%8B%E6%96%B0%E7%AB%B9%E9%AB%98%E4%B8%AD%20%E6%96%B0%E7%AB%B9%E5%B8%82%E6%9D%B1%E5%8D%80%E5%AD%B8%E5%BA%9C%E8%B7%AF36%E8%99%9F,https://courset.k12ea.gov.tw/courseinformation/indextea01.asp,https://courset.k12ea.gov.tw/courseinformation/indextea01.asp,https://www.hchs.hc.edu.tw/home,https://www.google.com/maps/search/?api=1&query=%E5%9C%8B%E7%AB%8B%E6%96%B0%E7%AB%B9%E9%AB%98%E4%B8%AD%20%E6%96%B0%E7%AB%B9%E5%B8%82%E6%9D%B1%E5%8D%80%E5%AD%B8%E5%BA%9C%E8%B7%AF36%E8%99%9F,https://www.hchs.hc.edu.tw/home?cid=1063,https://www.hchs.hc.edu.tw/home,https://www.hchs.hc.edu.tw/home,2026-09-08
,180403,國立新竹高商,公立,竹苗區學校名錄,高職,,新竹市,東區,新竹市東區學府路128號,https://www.hccvs.hc.edu.tw/home,(03)5722150,商業經營科(日)；國際貿易科(日)；資料處理科(日)；流通管理科(夜)；應用英語科(日)；商用資訊科(日)；銷售事務科(日),,,請以各校當年度公告為準,國立新竹高商的115學年度課程涵蓋商業經營科、國際貿易科、資料處理科、流通管理科、應用英語科、商用資訊科、銷售事務科等方向，各科配置專業核心、校訂選修與實作課程。,國立新竹高商的專業科別依115學年度課程安排實作、實習科目與專題製作，透過操作、作品或成果發表整合專業學習。,國立新竹高商目前無公開固定的高中部校車／學生專車路線資訊；一般公共運輸方式另列於「通勤資訊」。,國立新竹高商：可由臺鐵新竹站轉乘市區公車至學府路周邊站點，再步行到校。,學校設有學生宿舍。115學年度第一學期已公布高一新生住宿合格名單；現行公告包含新竹高商女宿入住規定。,https://www.google.com/maps/search/?api=1&query=%E5%9C%8B%E7%AB%8B%E6%96%B0%E7%AB%B9%E9%AB%98%E5%95%86%20%E6%96%B0%E7%AB%B9%E5%B8%82%E6%9D%B1%E5%8D%80%E5%AD%B8%E5%BA%9C%E8%B7%AF128%E8%99%9F,https://www.hccvs.hc.edu.tw/,https://www.hccvs.hc.edu.tw/,https://www.hccvs.hc.edu.tw/home,https://www.google.com/maps/search/?api=1&query=%E5%9C%8B%E7%AB%8B%E6%96%B0%E7%AB%B9%E9%AB%98%E5%95%86%20%E6%96%B0%E7%AB%B9%E5%B8%82%E6%9D%B1%E5%8D%80%E5%AD%B8%E5%BA%9C%E8%B7%AF128%E8%99%9F,https://www.hccvs.hc.edu.tw/ischool/publish_page/213/?nid=26174,https://www.hccvs.hc.edu.tw/home,https://www.hccvs.hc.edu.tw/home,2026-09-08
,180404,國立新竹高工,公立,竹苗區學校名錄,高職,,新竹市,東區,新竹市東區中華路二段2號,https://www.hcvs.hc.edu.tw/,(03)5322175,機械科(日)；機械科(夜)；板金科(日)；資訊科(日)；電機科(日)；電機科(夜)；化工科(日)；製圖科(日)；製圖科(夜)；室內空間設計科(日)；餐飲服務科(日)；機械加工科(日),,,請以各校當年度公告為準,國立新竹高工的115學年度課程涵蓋機械科、板金科、資訊科、電機科、化工科、製圖科、室內空間設計科等方向，各科配置專業核心、校訂選修與實作課程。,國立新竹高工的專業科別依115學年度課程安排實作、實習科目與專題製作，透過操作、作品或成果發表整合專業學習。,國立新竹高工目前無公開固定的高中部校車／學生專車路線資訊；一般公共運輸方式另列於「通勤資訊」。,國立新竹高工：可由臺鐵北新竹站或新竹站轉乘市區公車至中華路二段周邊站點，再步行到校。,國立新竹高工目前無公開的一般高中職學生固定住宿申請制度資訊；特定隊伍、特殊班別或特殊身分住宿不視為一般學生住宿。,https://www.google.com/maps/search/?api=1&query=%E5%9C%8B%E7%AB%8B%E6%96%B0%E7%AB%B9%E9%AB%98%E5%B7%A5%20%E6%96%B0%E7%AB%B9%E5%B8%82%E6%9D%B1%E5%8D%80%E4%B8%AD%E8%8F%AF%E8%B7%AF%E4%BA%8C%E6%AE%B52%E8%99%9F,https://www.hcvs.hc.edu.tw/ischool/publish_page/21/?cid=740,https://www.hcvs.hc.edu.tw/ischool/publish_page/21/?cid=740,https://www.hcvs.hc.edu.tw/,https://www.google.com/maps/search/?api=1&query=%E5%9C%8B%E7%AB%8B%E6%96%B0%E7%AB%B9%E9%AB%98%E5%B7%A5%20%E6%96%B0%E7%AB%B9%E5%B8%82%E6%9D%B1%E5%8D%80%E4%B8%AD%E8%8F%AF%E8%B7%AF%E4%BA%8C%E6%AE%B52%E8%99%9F,https://www.hcvs.hc.edu.tw/,https://www.hcvs.hc.edu.tw/,https://www.hcvs.hc.edu.tw/,2026-09-08
,181305,私立光復高中,私立,竹苗區學校名錄,綜高,,新竹市,東區,新竹市東區光復路二段153號,https://www.kfsh.hc.edu.tw/,(03)5753698,普通科(日)；汽車科(日)；汽車科(夜)；資訊科(日)；電子科(日)；電機科(日)；資料處理科(日)；資料處理科(夜)；廣告設計科(日)；觀光事業科(日)；觀光事業科(夜)；餐飲管理科(日)；餐飲管理科(夜)；多媒體設計科(日)；應用英語科(日)；應用日語科(日)；幼兒保育科(日)；美容科(夜)；室內設計科(日)；照顧服務科(日)；時尚造型科(日)；餐飲服務科(日),,,請以各校當年度公告為準,私立光復高中：115學年度同時有普通型與技術型課程，專業方向涵蓋汽車、資訊、電子、電機、資料處理、觀光、餐飲、設計、語文等，並另有建教與僑生課程。,私立光復高中：普通科安排探究與自主學習；技術型各科另有專業實習、專題製作、建教合作與作品成果，依科別銜接職場技能。,有校車服務。校方招生交通專區持續提供校車路線資訊，115學年度新生報到亦安排校車接送。,私立光復高中：可由臺鐵新竹站轉乘光復路幹線公車至清大／光復路二段周邊站點，再步行到校。,私立光復高中目前無公開的一般高中職學生固定住宿申請制度資訊；特定隊伍、特殊班別或特殊身分住宿不視為一般學生住宿。,https://www.google.com/maps/search/?api=1&query=%E7%A7%81%E7%AB%8B%E5%85%89%E5%BE%A9%E9%AB%98%E4%B8%AD%20%E6%96%B0%E7%AB%B9%E5%B8%82%E6%9D%B1%E5%8D%80%E5%85%89%E5%BE%A9%E8%B7%AF%E4%BA%8C%E6%AE%B5153%E8%99%9F,https://www.kfsh.hc.edu.tw/article/529,https://www.kfsh.hc.edu.tw/article/529,https://www.kfsh.hc.edu.tw/article/197,https://www.google.com/maps/search/?api=1&query=%E7%A7%81%E7%AB%8B%E5%85%89%E5%BE%A9%E9%AB%98%E4%B8%AD%20%E6%96%B0%E7%AB%B9%E5%B8%82%E6%9D%B1%E5%8D%80%E5%85%89%E5%BE%A9%E8%B7%AF%E4%BA%8C%E6%AE%B5153%E8%99%9F,https://www.kfsh.hc.edu.tw/,https://www.kfsh.hc.edu.tw/,https://www.kfsh.hc.edu.tw/,2026-09-08
,181306,私立曙光女中,私立,竹苗區學校名錄,綜高,,新竹市,東區,新竹市東區北大路61號,https://www.sggs.hc.edu.tw/,(03)5325709,普通科(日)；商業經營科(日)；應用英語科(日)；應用日語科(日),,,請以各校當年度公告為準,私立曙光女中的115學年度課程涵蓋商業經營科、應用英語科、應用日語科等方向，各科配置專業核心、校訂選修與實作課程。,私立曙光女中的專業科別依115學年度課程安排實作、實習科目與專題製作，透過操作、作品或成果發表整合專業學習。,有校車。115學年度持續公布交通車車趟與發車表，供學生依排定路線上下學。,私立曙光女中：可由臺鐵新竹站轉乘市區公車至北大路周邊站點，再步行到校；市中心亦可步行前往。,私立曙光女中目前無公開的一般高中職學生固定住宿申請制度資訊；特定隊伍、特殊班別或特殊身分住宿不視為一般學生住宿。,https://www.google.com/maps/search/?api=1&query=%E7%A7%81%E7%AB%8B%E6%9B%99%E5%85%89%E5%A5%B3%E4%B8%AD%20%E6%96%B0%E7%AB%B9%E5%B8%82%E6%9D%B1%E5%8D%80%E5%8C%97%E5%A4%A7%E8%B7%AF61%E8%99%9F,https://www.sggs.hc.edu.tw/,https://www.sggs.hc.edu.tw/,https://www.sggs.hc.edu.tw/,https://www.google.com/maps/search/?api=1&query=%E7%A7%81%E7%AB%8B%E6%9B%99%E5%85%89%E5%A5%B3%E4%B8%AD%20%E6%96%B0%E7%AB%B9%E5%B8%82%E6%9D%B1%E5%8D%80%E5%8C%97%E5%A4%A7%E8%B7%AF61%E8%99%9F,https://www.sggs.hc.edu.tw/,https://www.sggs.hc.edu.tw/,https://www.sggs.hc.edu.tw/,2026-09-08
,181307,私立磐石高中,私立,竹苗區學校名錄,綜高,,新竹市,北區,新竹市北區西大路683號,https://www.sphs.hc.edu.tw/,(03)5223946,普通科(日)；機械科(日)；電機科(日)；資料處理科(日)；資料處理科(夜),,,請以各校當年度公告為準,私立磐石高中的115學年度課程涵蓋機械科、電機科、資料處理科等方向，各科配置專業核心、校訂選修與實作課程。,私立磐石高中的專業科別依115學年度課程安排實作、實習科目與專題製作，透過操作、作品或成果發表整合專業學習。,私立磐石高中目前無公開固定的高中部校車／學生專車路線資訊；一般公共運輸方式另列於「通勤資訊」。,私立磐石高中：可由臺鐵新竹站轉乘市區公車至西大路周邊站點，再步行到校。,私立磐石高中目前無公開的一般高中職學生固定住宿申請制度資訊；特定隊伍、特殊班別或特殊身分住宿不視為一般學生住宿。,https://www.google.com/maps/search/?api=1&query=%E7%A7%81%E7%AB%8B%E7%A3%90%E7%9F%B3%E9%AB%98%E4%B8%AD%20%E6%96%B0%E7%AB%B9%E5%B8%82%E5%8C%97%E5%8D%80%E8%A5%BF%E5%A4%A7%E8%B7%AF683%E8%99%9F,https://www.sphs.hc.edu.tw/,https://www.sphs.hc.edu.tw/,https://www.sphs.hc.edu.tw/,https://www.google.com/maps/search/?api=1&query=%E7%A7%81%E7%AB%8B%E7%A3%90%E7%9F%B3%E9%AB%98%E4%B8%AD%20%E6%96%B0%E7%AB%B9%E5%B8%82%E5%8C%97%E5%8D%80%E8%A5%BF%E5%A4%A7%E8%B7%AF683%E8%99%9F,https://www.sphs.hc.edu.tw/,https://www.sphs.hc.edu.tw/,https://www.sphs.hc.edu.tw/,2026-09-08
,181308,私立世界高中,私立,竹苗區學校名錄,高職,,新竹市,東區,新竹市東區光復路一段257號,https://www.wvs.hc.edu.tw/,(03)5783271,汽車科(日)；美工科(日)；餐飲管理科(日)；時尚造型科(日)；餐飲服務科(日)；餐飲技術科(日),,,請以各校當年度公告為準,私立世界高中的115學年度課程涵蓋汽車科、美工科、餐飲管理科、時尚造型科、餐飲服務科、餐飲技術科等方向，各科配置專業核心、校訂選修與實作課程。,私立世界高中的專業科別依115學年度課程安排實作、實習科目與專題製作，透過操作、作品或成果發表整合專業學習。,有校車。校方總務處設校車路線查詢，包含南寮、明湖等方向，實際路線依當年度搭乘人數調整。,私立世界高中：可由臺鐵新莊站或新竹站轉乘光復路幹線公車至世界高中周邊站點，再步行到校。,私立世界高中目前無公開的一般高中職學生固定住宿申請制度資訊；特定隊伍、特殊班別或特殊身分住宿不視為一般學生住宿。,https://www.google.com/maps/search/?api=1&query=%E7%A7%81%E7%AB%8B%E4%B8%96%E7%95%8C%E9%AB%98%E4%B8%AD%20%E6%96%B0%E7%AB%B9%E5%B8%82%E6%9D%B1%E5%8D%80%E5%85%89%E5%BE%A9%E8%B7%AF%E4%B8%80%E6%AE%B5257%E8%99%9F,https://www.wvs.hc.edu.tw/,https://www.wvs.hc.edu.tw/,https://www.wvs.hc.edu.tw/home?cid=154,https://www.google.com/maps/search/?api=1&query=%E7%A7%81%E7%AB%8B%E4%B8%96%E7%95%8C%E9%AB%98%E4%B8%AD%20%E6%96%B0%E7%AB%B9%E5%B8%82%E6%9D%B1%E5%8D%80%E5%85%89%E5%BE%A9%E8%B7%AF%E4%B8%80%E6%AE%B5257%E8%99%9F,https://www.wvs.hc.edu.tw/,https://www.wvs.hc.edu.tw/,https://www.wvs.hc.edu.tw/,2026-09-08
,183306,新竹市立成德高中,公立,竹苗區學校名錄,高中,,新竹市,北區,新竹市北區崧嶺路128巷38號,https://www.cdjh.hc.edu.tw/,(03)5258748,普通科(日)；體育班(日),,,請以各校當年度公告為準,新竹市立成德高中115學年度以普通高中部定課程為基礎，搭配校訂必修、多元選修、自然與社會探究實作、自主學習及生涯探索；另設體育班等特色班別。,新竹市立成德高中以自然科學探究與實作、社會領域探究、自主學習及成果發表作為高中階段主要的實作／專題型學習。,有交通車。115學年度校方公布交通車停靠站點與報名時程，供高中部及校內學生申請搭乘。,新竹市立成德高中：可由臺鐵新竹站轉乘新竹市區公車至崧嶺路周邊站點，再步行到校。,新竹市立成德高中目前無公開的一般高中職學生固定住宿申請制度資訊；特定隊伍、特殊班別或特殊身分住宿不視為一般學生住宿。,https://www.google.com/maps/search/?api=1&query=%E6%96%B0%E7%AB%B9%E5%B8%82%E7%AB%8B%E6%88%90%E5%BE%B7%E9%AB%98%E4%B8%AD%20%E6%96%B0%E7%AB%B9%E5%B8%82%E5%8C%97%E5%8D%80%E5%B4%A7%E5%B6%BA%E8%B7%AF128%E5%B7%B738%E8%99%9F,https://www.cdjh.hc.edu.tw/,https://www.cdjh.hc.edu.tw/,https://www.cdjh.hc.edu.tw/,https://www.google.com/maps/search/?api=1&query=%E6%96%B0%E7%AB%B9%E5%B8%82%E7%AB%8B%E6%88%90%E5%BE%B7%E9%AB%98%E4%B8%AD%20%E6%96%B0%E7%AB%B9%E5%B8%82%E5%8C%97%E5%8D%80%E5%B4%A7%E5%B6%BA%E8%B7%AF128%E5%B7%B738%E8%99%9F,https://www.cdjh.hc.edu.tw/,https://www.cdjh.hc.edu.tw/,https://www.cdjh.hc.edu.tw/,2026-09-08
,183307,新竹市立香山高中,公立,竹苗區學校名錄,綜高,,新竹市,香山區,新竹市香山區元培街124號,https://www.hhjh.hc.edu.tw/,(03)5384332,普通科(日)；普通科(夜)；體育班(日)；美術工藝科(日)；資料處理科(日),,,請以各校當年度公告為準,新竹市立香山高中的115學年度課程涵蓋美術工藝科、資料處理科等方向，各科配置專業核心、校訂選修與實作課程；另設體育班。,新竹市立香山高中的專業科別依115學年度課程安排實作、實習科目與專題製作，透過操作、作品或成果發表整合專業學習。,有校車。校方設有校車資訊入口，學生依學期公告之路線與搭乘安排使用。,新竹市立香山高中：可由臺鐵三姓橋站或新竹站轉乘香山區市區公車至元培街周邊站點，再步行到校。,新竹市立香山高中目前無公開的一般高中職學生固定住宿申請制度資訊；特定隊伍、特殊班別或特殊身分住宿不視為一般學生住宿。,https://www.google.com/maps/search/?api=1&query=%E6%96%B0%E7%AB%B9%E5%B8%82%E7%AB%8B%E9%A6%99%E5%B1%B1%E9%AB%98%E4%B8%AD%20%E6%96%B0%E7%AB%B9%E5%B8%82%E9%A6%99%E5%B1%B1%E5%8D%80%E5%85%83%E5%9F%B9%E8%A1%97124%E8%99%9F,https://www.hhjh.hc.edu.tw/,https://www.hhjh.hc.edu.tw/,https://www.hhjh.hc.edu.tw/,https://www.google.com/maps/search/?api=1&query=%E6%96%B0%E7%AB%B9%E5%B8%82%E7%AB%8B%E9%A6%99%E5%B1%B1%E9%AB%98%E4%B8%AD%20%E6%96%B0%E7%AB%B9%E5%B8%82%E9%A6%99%E5%B1%B1%E5%8D%80%E5%85%83%E5%9F%B9%E8%A1%97124%E8%99%9F,https://www.hhjh.hc.edu.tw/,https://www.hhjh.hc.edu.tw/,https://www.hhjh.hc.edu.tw/,2026-09-08
,183313,新竹市立建功高中,公立,竹苗區學校名錄,高中,,新竹市,東區,新竹市東區建功二路17號,https://www.cksh.hc.edu.tw/,(03)5745892,普通科(日),,,請以各校當年度公告為準,新竹市立建功高中115學年度以普通高中部定課程為基礎，搭配校訂必修、多元選修、自然與社會探究實作、自主學習及生涯探索。,新竹市立建功高中以自然科學探究與實作、社會領域探究、自主學習及成果發表作為高中階段主要的實作／專題型學習。,有交通車。校方以學期公布市區等交通車路線、站點、時間與車資，供學生申請搭乘。,新竹市立建功高中：可由臺鐵新竹站轉乘新竹市區公車至建功一路／清大周邊站點，再步行到校。,新竹市立建功高中目前無公開的一般高中職學生固定住宿申請制度資訊；特定隊伍、特殊班別或特殊身分住宿不視為一般學生住宿。,https://www.google.com/maps/search/?api=1&query=%E6%96%B0%E7%AB%B9%E5%B8%82%E7%AB%8B%E5%BB%BA%E5%8A%9F%E9%AB%98%E4%B8%AD%20%E6%96%B0%E7%AB%B9%E5%B8%82%E6%9D%B1%E5%8D%80%E5%BB%BA%E5%8A%9F%E4%BA%8C%E8%B7%AF17%E8%99%9F,https://www.cksh.hc.edu.tw/nss/s/academic/index,https://www.cksh.hc.edu.tw/nss/s/academic/index,https://www.cksh.hc.edu.tw/uploads/1766541928656Lkas0w1B.pdf,https://www.google.com/maps/search/?api=1&query=%E6%96%B0%E7%AB%B9%E5%B8%82%E7%AB%8B%E5%BB%BA%E5%8A%9F%E9%AB%98%E4%B8%AD%20%E6%96%B0%E7%AB%B9%E5%B8%82%E6%9D%B1%E5%8D%80%E5%BB%BA%E5%8A%9F%E4%BA%8C%E8%B7%AF17%E8%99%9F,https://www.cksh.hc.edu.tw/,https://www.cksh.hc.edu.tw/,https://www.cksh.hc.edu.tw/,2026-09-08
,183314,新竹市數位實驗高中,公立,竹苗區學校名錄,高中,,新竹市,香山區,新竹市香山區延平路二段76號,https://www.desh.hc.edu.tw/,(03)6211165,普通科(日),,,請以各校當年度公告為準,新竹市數位實驗高中：採數位實驗教育取向，課程重視跨域探究、自主學習、專題實作與數位工具應用，讓學生以實際問題與專案組織學習。,新竹市數位實驗高中：以跨域專案、問題探究、自主學習與數位作品為主要實作形式，學生透過專題過程形成可展示的學習成果。,新竹市數位實驗高中目前無公開固定的高中部校車／學生專車路線資訊；一般公共運輸方式另列於「通勤資訊」。,新竹市數位實驗高中：可由臺鐵新竹站搭11路或11甲公車，在虎林新村站下車；也可由新竹站或三姓橋站騎乘YouBike至虎林棒球場／虎林國小站。,新竹市數位實驗高中目前無公開的一般高中職學生固定住宿申請制度資訊；特定隊伍、特殊班別或特殊身分住宿不視為一般學生住宿。,https://www.google.com/maps/search/?api=1&query=%E6%96%B0%E7%AB%B9%E5%B8%82%E6%95%B8%E4%BD%8D%E5%AF%A6%E9%A9%97%E9%AB%98%E4%B8%AD%20%E6%96%B0%E7%AB%B9%E5%B8%82%E9%A6%99%E5%B1%B1%E5%8D%80%E5%BB%B6%E5%B9%B3%E8%B7%AF%E4%BA%8C%E6%AE%B576%E8%99%9F,https://www.desh.hc.edu.tw/,https://www.desh.hc.edu.tw/,https://www.desh.hc.edu.tw/,https://www.desh.hc.edu.tw/home?cid=18,https://www.desh.hc.edu.tw/,https://www.desh.hc.edu.tw/,https://www.desh.hc.edu.tw/,2026-09-08
,050314,國立卓蘭高級中等學校,公立,中投區免試入學日間部,綜高,不限,苗栗縣,卓蘭鎮,369002 苗栗縣卓蘭鎮老庄里161號,https://www.jlsh.mlc.edu.tw,04-25892007#204,普通科:93(不限);商業經營科:25(不限);國際貿易科:25(不限);資料處理科:25(不限);電子商務科:25(不限);應用英語科:25(不限);幼兒保育科:51(不限),269,269,"普通科特色班曾規劃科學創思班、卓越人文班、文創閱讀班;各職業類科另依科本位課程發展,實際開班依當年度公告。",國立卓蘭高級中等學校同時提供普通／綜合高中學習與商業經營科、國際貿易科、資料處理科、電子商務科、應用英語科等專業方向；一般課程搭配校訂必修、多元選修與探究實作，專業類科則發展資電與工程、商管與數位應用、家政與照護、外語應用實務能力。,國立卓蘭高級中等學校普通／綜合高中端以自然科與社會領域探究、自主學習成果為主；專業類科另安排資電與工程、商管與數位應用、家政與照護、外語應用實習與專題實作，形成研究與技能並行的實作學習。,國立卓蘭高級中等學校的固定校車／學生專車服務目前沒有足以確認適用對象與路線的校方制度資訊。,可由臺鐵豐原站前轉乘 208 路公車往卓蘭方向，抵達卓蘭市區後再銜接老庄校址周邊站點到校。,學校設有學生宿舍，住宿依校方宿舍管理與申請制度辦理。,https://www.google.com/maps/search/?api=1&query=%E5%9C%8B%E7%AB%8B%E5%8D%93%E8%98%AD%E9%AB%98%E7%B4%9A%E4%B8%AD%E7%AD%89%E5%AD%B8%E6%A0%A1%20369002%20%E8%8B%97%E6%A0%97%E7%B8%A3%E5%8D%93%E8%98%AD%E9%8E%AE%E8%80%81%E5%BA%84%E9%87%8C161%E8%99%9F,https://www.jlsh.mlc.edu.tw,https://www.jlsh.mlc.edu.tw,https://www.jlsh.mlc.edu.tw,https://www.google.com/maps/search/?api=1&query=%E5%9C%8B%E7%AB%8B%E5%8D%93%E8%98%AD%E9%AB%98%E7%B4%9A%E4%B8%AD%E7%AD%89%E5%AD%B8%E6%A0%A1%20369002%20%E8%8B%97%E6%A0%97%E7%B8%A3%E5%8D%93%E8%98%AD%E9%8E%AE%E8%80%81%E5%BA%84%E9%87%8C161%E8%99%9F,https://www.jlsh.mlc.edu.tw/p/403-1012-827-1.php,https://www.jlsh.mlc.edu.tw,https://www.jlsh.mlc.edu.tw,2026-09-07
,050315,國立苑裡高級中學,公立,中投區免試入學日間部,高中,不限,苗栗縣,苑裡鎮,苗栗縣苑裡鎮育才街100號,https://www.ylsh.mlc.edu.tw,037-868680#202,普通科:190(不限),190,190,"美術班;課程計畫另列普通班與實驗班課程地圖,實際甄選與編班依當年度公告。",國立苑裡高級中學普通高中課程以語文、數理、社會、自然與科技領域為基礎，搭配校訂必修、多元選修、探究與實作及自主學習，讓學生依升學與興趣規劃加深加廣學習。,國立苑裡高級中學的實作學習以自然科探究與實作、社會議題探究、校訂課程及自主學習成果為主，學生可透過實驗、研究報告、作品或成果發表完成學習成果。,國立苑裡高級中學的固定校車／學生專車服務目前沒有足以確認適用對象與路線的校方制度資訊。,可搭臺鐵至苑裡站，出站後步行約 900 公尺至學校；公車 97、616、662、839 可於「國立苑裡高中」站下車。,學校設有學生宿舍，住宿採申請方式辦理，校方並提供住宿規定與生活管理資訊。,https://www.google.com/maps/search/?api=1&query=%E5%9C%8B%E7%AB%8B%E8%8B%91%E8%A3%A1%E9%AB%98%E7%B4%9A%E4%B8%AD%E5%AD%B8%20%E8%8B%97%E6%A0%97%E7%B8%A3%E8%8B%91%E8%A3%A1%E9%8E%AE%E8%82%B2%E6%89%8D%E8%A1%97100%E8%99%9F,https://www.ylsh.mlc.edu.tw/office/div_200/108course/%E8%AA%B2%E7%A8%8B%E8%A8%88%E7%95%AB%E6%9B%B8/,https://www.ylsh.mlc.edu.tw/office/div_200/108course/%E8%AA%B2%E7%A8%8B%E8%A8%88%E7%95%AB%E6%9B%B8/,https://www.ylsh.mlc.edu.tw,https://www.ylsh.mlc.edu.tw/about/%E4%BA%A4%E9%80%9A%E8%B7%AF%E7%B7%9A/,https://www.ylsh.mlc.edu.tw/freshman/%E4%BD%8F%E5%AE%BF%E8%A6%8F%E5%AE%9A/,https://www.ylsh.mlc.edu.tw,https://www.ylsh.mlc.edu.tw,2026-09-07
,050401,國立大湖高級農工職業學校,公立,中投區免試入學日間部,高職,不限,苗栗縣,大湖鄉,苗栗縣大湖鄉大寮村竹高屋68號,https://www.thvs.mlc.edu.tw,037-992216#403,園藝科(產特):4(不限);食品加工科:4(不限);機械科:4(不限);電機科:4(不限);室內空間設計科:4(不限),20,20,"園藝科為產業特殊需求類科;另設實用技能學程與綜合職能科,實際招生科班依年度簡章。",國立大湖高級農工職業學校依園藝科、食品加工科、機械科、電機科、室內空間設計科規劃專業課程，學習涵蓋農業與食品、機械與製造、資電與工程、建築與空間，並配置專業科目、實習科目、技能應用與專題實作。,國立大湖高級農工職業學校各專業科別安排實習操作與專題實作，內容對應農業與食品、機械與製造、資電與工程、建築與空間，並結合設備操作、技能訓練、作品製作或成果發表。,有交通車。115學年度第1學期校方公布學生交通車搭乘名單、路線與時間表，包含竹南造橋線等路線，學生依分配車次與站別搭乘。,可由苗栗車站轉乘往大湖方向客運至大湖市區，再銜接大寮方向公車至竹高屋校址周邊後步行到校。,學校設有學生宿舍。115學年度第1學期已公布住宿寢室名單與入住須知。,https://www.google.com/maps/search/?api=1&query=%E5%9C%8B%E7%AB%8B%E5%A4%A7%E6%B9%96%E9%AB%98%E7%B4%9A%E8%BE%B2%E5%B7%A5%E8%81%B7%E6%A5%AD%E5%AD%B8%E6%A0%A1%20%E8%8B%97%E6%A0%97%E7%B8%A3%E5%A4%A7%E6%B9%96%E9%84%89%E5%A4%A7%E5%AF%AE%E6%9D%91%E7%AB%B9%E9%AB%98%E5%B1%8B68%E8%99%9F,https://www.thvs.mlc.edu.tw/%E8%A1%8C%E6%94%BF%E5%96%AE%E4%BD%8D/%E6%95%99%E5%8B%99%E8%99%95/%E6%95%99%E5%8B%99%E8%99%95-%E7%B8%BD%E9%AB%94%E8%AA%B2%E7%A8%8B%E8%A8%88%E7%95%AB%E6%9B%B8%E5%8F%8A%E5%AD%B8%E7%94%9F%E9%81%B8%E8%AA%B2%E6%89%8B%E5%86%8A/,https://www.thvs.mlc.edu.tw/%E8%A1%8C%E6%94%BF%E5%96%AE%E4%BD%8D/%E5%AF%A6%E7%BF%92%E8%99%95/,https://www.thvs.mlc.edu.tw/2026/08/24/%E3%80%90%E5%85%AC%E5%91%8A%E3%80%91115%E5%AD%B8%E5%B9%B4%E5%BA%A6%E7%AC%AC1%E5%AD%B8%E6%9C%9F%E4%BA%A4%E9%80%9A%E8%BB%8A%E8%B7%AF%E7%B7%9A%E5%8F%8A%E6%99%82%E5%88%BB%E8%A1%A8/,https://www.google.com/maps/search/?api=1&query=%E5%9C%8B%E7%AB%8B%E5%A4%A7%E6%B9%96%E9%AB%98%E7%B4%9A%E8%BE%B2%E5%B7%A5%E8%81%B7%E6%A5%AD%E5%AD%B8%E6%A0%A1%20%E8%8B%97%E6%A0%97%E7%B8%A3%E5%A4%A7%E6%B9%96%E9%84%89%E5%A4%A7%E5%AF%AE%E6%9D%91%E7%AB%B9%E9%AB%98%E5%B1%8B68%E8%99%9F,https://www.thvs.mlc.edu.tw/2026/08/24/%E3%80%90%E5%85%AC%E5%91%8A%E3%80%91115%E5%AD%B8%E5%B9%B4%E5%BA%A6%E7%AC%AC1%E5%AD%B8%E6%9C%9F-%E5%AE%BF%E8%88%8D%E5%AF%A2%E5%AE%A4%E5%90%8D%E5%96%AE%E5%8F%8A%E5%85%A5%E4%BD%8F%E9%A0%88%E7%9F%A5/,https://www.thvs.mlc.edu.tw,https://www.thvs.mlc.edu.tw,2026-09-07
,050B14,國立卓蘭高級中等學校進修部,公立,中投區免試入學進修部,進修部,不限,苗栗縣,卓蘭鎮,369002 苗栗縣卓蘭鎮老庄里161號,https://www.jlsh.mlc.edu.tw,04-25895645,資料處理科(夜間班):20(不限),20,20,"普通科特色班曾規劃科學創思班、卓越人文班、文創閱讀班;各職業類科另依科本位課程發展,實際開班依當年度公告。",國立卓蘭高級中等學校進修部以資料處理科為主要學習科別，課程兼顧一般科目與商管與數位應用專業核心，並依進修學制安排實務與技能應用課程。,國立卓蘭高級中等學校進修部的實作學習依資料處理科配置專業實習與專題實作，重點放在商管與數位應用技能操作、作品製作與成果呈現。,國立卓蘭高級中等學校進修部的固定校車／學生專車服務目前沒有足以確認適用對象與路線的校方制度資訊。,可由臺鐵豐原站前轉乘 208 路公車往卓蘭方向，抵達卓蘭市區後再銜接老庄校址周邊站點到校。,國立卓蘭高級中等學校進修部的一般招生學生住宿制度目前沒有足以確認適用對象與申請方式的校方制度資訊。,https://www.google.com/maps/search/?api=1&query=%E5%9C%8B%E7%AB%8B%E5%8D%93%E8%98%AD%E9%AB%98%E7%B4%9A%E4%B8%AD%E7%AD%89%E5%AD%B8%E6%A0%A1%E9%80%B2%E4%BF%AE%E9%83%A8%20369002%20%E8%8B%97%E6%A0%97%E7%B8%A3%E5%8D%93%E8%98%AD%E9%8E%AE%E8%80%81%E5%BA%84%E9%87%8C161%E8%99%9F,https://www.jlsh.mlc.edu.tw/p/406-1012-186131%2Cr474.php,https://www.jlsh.mlc.edu.tw/p/406-1012-186131%2Cr474.php,https://www.jlsh.mlc.edu.tw,https://www.google.com/maps/search/?api=1&query=%E5%9C%8B%E7%AB%8B%E5%8D%93%E8%98%AD%E9%AB%98%E7%B4%9A%E4%B8%AD%E7%AD%89%E5%AD%B8%E6%A0%A1%E9%80%B2%E4%BF%AE%E9%83%A8%20369002%20%E8%8B%97%E6%A0%97%E7%B8%A3%E5%8D%93%E8%98%AD%E9%8E%AE%E8%80%81%E5%BA%84%E9%87%8C161%E8%99%9F,https://www.jlsh.mlc.edu.tw,https://www.jlsh.mlc.edu.tw,https://www.jlsh.mlc.edu.tw,2026-09-07
,051307,全人學校財團法人苗栗縣全人實驗高級中等學校,私立,中投區免試入學日間部,高中,不限,苗栗縣,卓蘭鎮,苗栗縣卓蘭鎮內灣里內灣141-3號,https://holistic.org.tw,04-25896909、25896910,普通科:5(不限),5,5,"實驗教育學校,不以傳統資優班分流;以民主教育、專題式學習、追夢計畫與畢業專題為主要特色。",課程採實驗教育取向，以民主教育、專題式學習、追夢計畫與跨領域自主探索為核心，學生透過共同課程與個人學習計畫發展興趣與能力。,以專題式學習為核心，學生可進行追夢計畫、跨領域專題與畢業專題，並以作品、報告或公開成果展現學習歷程。,全人學校財團法人苗栗縣全人實驗高級中等學校的固定校車／學生專車服務目前沒有足以確認適用對象與路線的校方制度資訊。,可由臺鐵豐原站轉乘往東勢、卓蘭方向公車抵達卓蘭，再銜接內灣方向在地交通前往內灣校址。,全人學校財團法人苗栗縣全人實驗高級中等學校的一般招生學生住宿制度目前沒有足以確認適用對象與申請方式的校方制度資訊。,https://www.google.com/maps/search/?api=1&query=%E5%85%A8%E4%BA%BA%E5%AD%B8%E6%A0%A1%E8%B2%A1%E5%9C%98%E6%B3%95%E4%BA%BA%E8%8B%97%E6%A0%97%E7%B8%A3%E5%85%A8%E4%BA%BA%E5%AF%A6%E9%A9%97%E9%AB%98%E7%B4%9A%E4%B8%AD%E7%AD%89%E5%AD%B8%E6%A0%A1%20%E8%8B%97%E6%A0%97%E7%B8%A3%E5%8D%93%E8%98%AD%E9%8E%AE%E5%85%A7%E7%81%A3%E9%87%8C%E5%85%A7%E7%81%A3141-3%E8%99%9F,https://holistic.org.tw,https://holistic.org.tw,https://holistic.org.tw,https://www.google.com/maps/search/?api=1&query=%E5%85%A8%E4%BA%BA%E5%AD%B8%E6%A0%A1%E8%B2%A1%E5%9C%98%E6%B3%95%E4%BA%BA%E8%8B%97%E6%A0%97%E7%B8%A3%E5%85%A8%E4%BA%BA%E5%AF%A6%E9%A9%97%E9%AB%98%E7%B4%9A%E4%B8%AD%E7%AD%89%E5%AD%B8%E6%A0%A1%20%E8%8B%97%E6%A0%97%E7%B8%A3%E5%8D%93%E8%98%AD%E9%8E%AE%E5%85%A7%E7%81%A3%E9%87%8C%E5%85%A7%E7%81%A3141-3%E8%99%9F,https://holistic.org.tw,https://holistic.org.tw,https://holistic.org.tw,2026-09-07
,051413,苗栗縣私立龍德家事商業職業學校,私立,中投區免試入學日間部,高職,不限,苗栗縣,苑裡鎮,苗栗縣苑裡鎮房裡里南房75之1號,http://www.ldvs.mlc.edu.tw,037-851277#121、122,家具木工科(產特):15(不限),15,15,家具木工科為產業特殊需求類科;校方官網未標示另設資優班。,苗栗縣私立龍德家事商業職業學校依家具木工科規劃專業課程，學習涵蓋建築與空間，並配置專業科目、實習科目、技能應用與專題實作。,苗栗縣私立龍德家事商業職業學校各專業科別安排實習操作與專題實作，內容對應建築與空間，並結合設備操作、技能訓練、作品製作或成果發表。,苗栗縣私立龍德家事商業職業學校的固定校車／學生專車服務目前沒有足以確認適用對象與路線的校方制度資訊。,可搭 97、181 或 616 路公車，在「龍德家商」站下車後步行進入校園。,苗栗縣私立龍德家事商業職業學校的一般招生學生住宿制度目前沒有足以確認適用對象與申請方式的校方制度資訊。,https://www.google.com/maps/search/?api=1&query=%E8%8B%97%E6%A0%97%E7%B8%A3%E7%A7%81%E7%AB%8B%E9%BE%8D%E5%BE%B7%E5%AE%B6%E4%BA%8B%E5%95%86%E6%A5%AD%E8%81%B7%E6%A5%AD%E5%AD%B8%E6%A0%A1%20%E8%8B%97%E6%A0%97%E7%B8%A3%E8%8B%91%E8%A3%A1%E9%8E%AE%E6%88%BF%E8%A3%A1%E9%87%8C%E5%8D%97%E6%88%BF75%E4%B9%8B1%E8%99%9F,http://www.ldvs.mlc.edu.tw,http://www.ldvs.mlc.edu.tw,http://www.ldvs.mlc.edu.tw,https://citybus-free.taichung.gov.tw/driving-map?route=181,http://www.ldvs.mlc.edu.tw,http://www.ldvs.mlc.edu.tw,http://www.ldvs.mlc.edu.tw,2026-09-07
,054308,苗栗縣立三義高級中學,公立,中投區免試入學日間部,綜高,不限,苗栗縣,三義鄉,苗栗縣三義鄉廣盛村11鄰122號,https://sjh.mlc.edu.tw,037-872015#201,普通科:5(不限);餐飲管理科:5(不限);多媒體設計科:9(不限),19,19,"普通科、餐飲管理科、多媒體設計科並設;校方另有高中課程計畫,固定特色班依當年度公告。",苗栗縣立三義高級中學同時提供普通／綜合高中學習與餐飲管理科、多媒體設計科等專業方向；一般課程搭配校訂必修、多元選修與探究實作，專業類科則發展餐旅與服務、設計與藝術實務能力。,苗栗縣立三義高級中學普通／綜合高中端以自然科與社會領域探究、自主學習成果為主；專業類科另安排餐旅與服務、設計與藝術實習與專題實作，形成研究與技能並行的實作學習。,苗栗縣立三義高級中學的固定校車／學生專車服務目前沒有足以確認適用對象與路線的校方制度資訊。,可搭臺鐵至三義站，再轉乘往三義市區方向客運，在廣盛村校址周邊站點下車後步行到校。,苗栗縣立三義高級中學的一般招生學生住宿制度目前沒有足以確認適用對象與申請方式的校方制度資訊。,https://www.google.com/maps/search/?api=1&query=%E8%8B%97%E6%A0%97%E7%B8%A3%E7%AB%8B%E4%B8%89%E7%BE%A9%E9%AB%98%E7%B4%9A%E4%B8%AD%E5%AD%B8%20%E8%8B%97%E6%A0%97%E7%B8%A3%E4%B8%89%E7%BE%A9%E9%84%89%E5%BB%A3%E7%9B%9B%E6%9D%9111%E9%84%B0122%E8%99%9F,https://sjh.mlc.edu.tw,https://sjh.mlc.edu.tw,https://sjh.mlc.edu.tw,https://www.google.com/maps/search/?api=1&query=%E8%8B%97%E6%A0%97%E7%B8%A3%E7%AB%8B%E4%B8%89%E7%BE%A9%E9%AB%98%E7%B4%9A%E4%B8%AD%E5%AD%B8%20%E8%8B%97%E6%A0%97%E7%B8%A3%E4%B8%89%E7%BE%A9%E9%84%89%E5%BB%A3%E7%9B%9B%E6%9D%9111%E9%84%B0122%E8%99%9F,https://sjh.mlc.edu.tw,https://sjh.mlc.edu.tw,https://sjh.mlc.edu.tw,2026-09-07
,054309,苗栗縣立苑裡高級中學,公立,中投區免試入學日間部,綜高,不限,苗栗縣,苑裡鎮,35862 苗栗縣苑裡鎮客庄里新興路19號,https://yljh.mlc.edu.tw,037-857042#213,普通科:57(不限);商業經營科:13(不限);廣告設計科:13(不限),83,83,"高中部設體育班,並推動數理實驗課程班;普通科、商業經營科、廣告設計科多軌發展。",苗栗縣立苑裡高級中學同時提供普通／綜合高中學習與商業經營科、廣告設計科等專業方向；一般課程搭配校訂必修、多元選修與探究實作，專業類科則發展商管與數位應用、設計與藝術實務能力。,苗栗縣立苑裡高級中學普通／綜合高中端以自然科與社會領域探究、自主學習成果為主；專業類科另安排商管與數位應用、設計與藝術實習與專題實作，形成研究與技能並行的實作學習。,苗栗縣立苑裡高級中學的固定校車／學生專車服務目前沒有足以確認適用對象與路線的校方制度資訊。,可搭臺鐵至苑裡站，再由車站步行或短程接駁至新興路高中校區；苑裡市區公車可在車站周邊轉乘。,苗栗縣立苑裡高級中學的一般招生學生住宿制度目前沒有足以確認適用對象與申請方式的校方制度資訊。,https://www.google.com/maps/search/?api=1&query=%E8%8B%97%E6%A0%97%E7%B8%A3%E7%AB%8B%E8%8B%91%E8%A3%A1%E9%AB%98%E7%B4%9A%E4%B8%AD%E5%AD%B8%2035862%20%E8%8B%97%E6%A0%97%E7%B8%A3%E8%8B%91%E8%A3%A1%E9%8E%AE%E5%AE%A2%E5%BA%84%E9%87%8C%E6%96%B0%E8%88%88%E8%B7%AF19%E8%99%9F,https://yljh.mlc.edu.tw/WebLink/Page.php?ID=42,https://yljh.mlc.edu.tw/WebLink/Page.php?ID=42,https://yljh.mlc.edu.tw,https://www.google.com/maps/search/?api=1&query=%E8%8B%97%E6%A0%97%E7%B8%A3%E7%AB%8B%E8%8B%91%E8%A3%A1%E9%AB%98%E7%B4%9A%E4%B8%AD%E5%AD%B8%2035862%20%E8%8B%97%E6%A0%97%E7%B8%A3%E8%8B%91%E8%A3%A1%E9%8E%AE%E5%AE%A2%E5%BA%84%E9%87%8C%E6%96%B0%E8%88%88%E8%B7%AF19%E8%99%9F,https://yljh.mlc.edu.tw,https://yljh.mlc.edu.tw,https://yljh.mlc.edu.tw,2026-09-07
,060322,國立中興大學附屬高級中學,公立,中投區免試入學日間部,高中,不限,臺中市,大里區,臺中市大里區東榮路369號,https://www.dali.tc.edu.tw,04-24875199#321,普通科:454(不限),454,454,數理資優班、創意科學實驗班;新生特色班級依校方當年度遴選公告辦理。,普通型課程兼顧語文、人文社會、數理自然與科技領域，並發展數理資優、創意科學實驗、校訂必修、專題研究與多元選修。,自然科探究與實作、校訂必修及特色課程可延伸為科學研究與專題發表，學生可透過實驗、研究報告與成果展示累積研究經驗。,國立中興大學附屬高級中學的固定校車／學生專車服務目前沒有足以確認適用對象與路線的校方制度資訊。,可由臺中車站轉乘往大里方向市區公車，在東榮路、國光路一帶下車後步行至學校；由大慶站亦可轉乘大里方向公車。,國立中興大學附屬高級中學的一般招生學生住宿制度目前沒有足以確認適用對象與申請方式的校方制度資訊。,https://www.google.com/maps/search/?api=1&query=%E5%9C%8B%E7%AB%8B%E4%B8%AD%E8%88%88%E5%A4%A7%E5%AD%B8%E9%99%84%E5%B1%AC%E9%AB%98%E7%B4%9A%E4%B8%AD%E5%AD%B8%20%E8%87%BA%E4%B8%AD%E5%B8%82%E5%A4%A7%E9%87%8C%E5%8D%80%E6%9D%B1%E6%A6%AE%E8%B7%AF369%E8%99%9F,https://www.dali.tc.edu.tw/resource/openfid.php?id=2938,https://www.dali.tc.edu.tw/resource/openfid.php?id=2938,https://www.dali.tc.edu.tw,https://www.google.com/maps/search/?api=1&query=%E5%9C%8B%E7%AB%8B%E4%B8%AD%E8%88%88%E5%A4%A7%E5%AD%B8%E9%99%84%E5%B1%AC%E9%AB%98%E7%B4%9A%E4%B8%AD%E5%AD%B8%20%E8%87%BA%E4%B8%AD%E5%B8%82%E5%A4%A7%E9%87%8C%E5%8D%80%E6%9D%B1%E6%A6%AE%E8%B7%AF369%E8%99%9F,https://www.dali.tc.edu.tw,https://www.dali.tc.edu.tw,https://www.dali.tc.edu.tw,2026-09-07
,060323,國立中科實驗高級中學,公立,中投區免試入學日間部,高中,不限,臺中市,大雅區,臺中市大雅區平和路227號,https://www.nehs.tc.edu.tw,04-25686850#1220,普通科:76(不限),76,76,高中部設數理實驗班;課程以專題研究、小論文、科展與PBL成果發表為特色。,高中課程強調數理與科學探究，設數理實驗班，並透過專題研究、小論文、科展、PBL與多元選修培養研究與問題解決能力。,實作重點包含專題研究、小論文、科展與PBL，學生需進行問題設定、資料蒐集、實驗或設計，並完成成果發表。,國立中科實驗高級中學的固定校車／學生專車服務目前沒有足以確認適用對象與路線的校方制度資訊。,可搭 45延或 45延1 路公車，在「中科實驗高中（平和路）」站下車後步行到校。,國立中科實驗高級中學的一般招生學生住宿制度目前沒有足以確認適用對象與申請方式的校方制度資訊。,https://www.google.com/maps/search/?api=1&query=%E5%9C%8B%E7%AB%8B%E4%B8%AD%E7%A7%91%E5%AF%A6%E9%A9%97%E9%AB%98%E7%B4%9A%E4%B8%AD%E5%AD%B8%20%E8%87%BA%E4%B8%AD%E5%B8%82%E5%A4%A7%E9%9B%85%E5%8D%80%E5%B9%B3%E5%92%8C%E8%B7%AF227%E8%99%9F,https://www.nehs.tc.edu.tw,https://www.nehs.tc.edu.tw,https://www.nehs.tc.edu.tw,https://citybus-free.taichung.gov.tw/driving-map?route=451,https://www.nehs.tc.edu.tw,https://www.nehs.tc.edu.tw,https://www.nehs.tc.edu.tw,2026-09-07
,061301,常春藤學校財團法人臺中市常春藤高級中學,私立,中投區免試入學日間部,高中,不限,臺中市,潭子區,臺中市潭子區潭興路一段165巷320號,https://www.ivyjhs.tc.edu.tw,04-25395066#114,普通科:191(不限),191,191,"官網可見哈克尼斯國際實驗教育移地教學等活動;未標示固定資優班招生,班別以當年度公告為準。",常春藤學校財團法人臺中市常春藤高級中學普通高中課程以語文、數理、社會、自然與科技領域為基礎，搭配校訂必修、多元選修、探究與實作及自主學習，讓學生依升學與興趣規劃加深加廣學習。,常春藤學校財團法人臺中市常春藤高級中學的實作學習以自然科探究與實作、社會議題探究、校訂課程及自主學習成果為主，學生可透過實驗、研究報告、作品或成果發表完成學習成果。,常春藤學校財團法人臺中市常春藤高級中學的固定校車／學生專車服務目前沒有足以確認適用對象與路線的校方制度資訊。,可搭臺鐵至潭子站，再轉乘往潭興路方向市區公車，於潭興路一段校址周邊下車後步行到校。,常春藤學校財團法人臺中市常春藤高級中學的一般招生學生住宿制度目前沒有足以確認適用對象與申請方式的校方制度資訊。,https://www.google.com/maps/search/?api=1&query=%E5%B8%B8%E6%98%A5%E8%97%A4%E5%AD%B8%E6%A0%A1%E8%B2%A1%E5%9C%98%E6%B3%95%E4%BA%BA%E8%87%BA%E4%B8%AD%E5%B8%82%E5%B8%B8%E6%98%A5%E8%97%A4%E9%AB%98%E7%B4%9A%E4%B8%AD%E5%AD%B8%20%E8%87%BA%E4%B8%AD%E5%B8%82%E6%BD%AD%E5%AD%90%E5%8D%80%E6%BD%AD%E8%88%88%E8%B7%AF%E4%B8%80%E6%AE%B5165%E5%B7%B7320%E8%99%9F,https://www.ivyjhs.tc.edu.tw,https://www.ivyjhs.tc.edu.tw,https://www.ivyjhs.tc.edu.tw,https://www.google.com/maps/search/?api=1&query=%E5%B8%B8%E6%98%A5%E8%97%A4%E5%AD%B8%E6%A0%A1%E8%B2%A1%E5%9C%98%E6%B3%95%E4%BA%BA%E8%87%BA%E4%B8%AD%E5%B8%82%E5%B8%B8%E6%98%A5%E8%97%A4%E9%AB%98%E7%B4%9A%E4%B8%AD%E5%AD%B8%20%E8%87%BA%E4%B8%AD%E5%B8%82%E6%BD%AD%E5%AD%90%E5%8D%80%E6%BD%AD%E8%88%88%E8%B7%AF%E4%B8%80%E6%AE%B5165%E5%B7%B7320%E8%99%9F,https://www.ivyjhs.tc.edu.tw,https://www.ivyjhs.tc.edu.tw,https://www.ivyjhs.tc.edu.tw,2026-09-07
,061306,臺中市明台高級中學,私立,中投區免試入學日間部,高職,不限,臺中市,霧峰區,413 臺中市霧峰區萊園路91號,https://www.mths.tc.edu.tw,04-23393071#210、211,資料處理科:87(不限);觀光事業科:83(不限);餐飲管理科:82(不限);幼兒保育科:43(不限);美容科:42(不限);室內設計科:86(不限),423,423,"以餐旅、設計、美容、幼保、資料處理等專業科別為特色;另有實用技能科別,無固定資優班公告。",臺中市明台高級中學依資料處理科、觀光事業科、餐飲管理科、幼兒保育科、美容科、室內設計科規劃專業課程，學習涵蓋建築與空間、商管與數位應用、餐旅與服務、家政與照護，並配置專業科目、實習科目、技能應用與專題實作。,臺中市明台高級中學各專業科別安排實習操作與專題實作，內容對應建築與空間、商管與數位應用、餐旅與服務、家政與照護，並結合設備操作、技能訓練、作品製作或成果發表。,有校車。115學年度新生可登記搭乘校車，校方提供站名代碼與校車申請系統。,可搭 291 路公車，在「明台高中」站下車後步行進入校園。,臺中市明台高級中學的一般招生學生住宿制度目前沒有足以確認適用對象與申請方式的校方制度資訊。,https://www.google.com/maps/search/?api=1&query=%E8%87%BA%E4%B8%AD%E5%B8%82%E6%98%8E%E5%8F%B0%E9%AB%98%E7%B4%9A%E4%B8%AD%E5%AD%B8%20413%20%E8%87%BA%E4%B8%AD%E5%B8%82%E9%9C%A7%E5%B3%B0%E5%8D%80%E8%90%8A%E5%9C%92%E8%B7%AF91%E8%99%9F,https://www.mths.tc.edu.tw/index,https://www.mths.tc.edu.tw/InternshipOffice,https://www.mths.tc.edu.tw/announcement/9149bbe0-7679-11f1-b357-cbe6b899b5a1?page=1,https://citybus-free.taichung.gov.tw/driving-map?route=291,https://www.mths.tc.edu.tw,https://www.mths.tc.edu.tw,https://www.mths.tc.edu.tw,2026-09-07
,061309,臺中市私立致用高級中學,私立,中投區免試入學日間部,綜高,不限,臺中市,大甲區,43742 臺中市大甲區中山里甲東路512號,https://www.cycivs.tc.edu.tw,04-26872354#311、312,普通科:40(不限);機械科:65(不限);汽車科:64(不限);資訊科:80(不限);資料處理科:40(不限);餐飲管理科:39(不限);美容科:63(不限);照顧服務科(產特):25(不限),416,416,照顧服務科為產業特殊需求類科;另有國立大學/國立科大升學輔導班、建教合作班與實用技能學程。,臺中市私立致用高級中學同時提供普通／綜合高中學習與機械科、汽車科、資訊科、資料處理科、餐飲管理科等專業方向；一般課程搭配校訂必修、多元選修與探究實作，專業類科則發展機械與製造、資電與工程、商管與數位應用、餐旅與服務實務能力。,臺中市私立致用高級中學普通／綜合高中端以自然科與社會領域探究、自主學習成果為主；專業類科另安排機械與製造、資電與工程、商管與數位應用、餐旅與服務實習與專題實作，形成研究與技能並行的實作學習。,臺中市私立致用高級中學的固定校車／學生專車服務目前沒有足以確認適用對象與路線的校方制度資訊。,可搭臺鐵至大甲站，再轉乘 661 路公車至「致用高中」站下車到校。,臺中市私立致用高級中學的一般招生學生住宿制度目前沒有足以確認適用對象與申請方式的校方制度資訊。,https://www.google.com/maps/search/?api=1&query=%E8%87%BA%E4%B8%AD%E5%B8%82%E7%A7%81%E7%AB%8B%E8%87%B4%E7%94%A8%E9%AB%98%E7%B4%9A%E4%B8%AD%E5%AD%B8%2043742%20%E8%87%BA%E4%B8%AD%E5%B8%82%E5%A4%A7%E7%94%B2%E5%8D%80%E4%B8%AD%E5%B1%B1%E9%87%8C%E7%94%B2%E6%9D%B1%E8%B7%AF512%E8%99%9F,https://www.cycivs.tc.edu.tw/ischool/rfile/b5023e3bf5b92de451ab3684c57a5390,https://www.cycivs.tc.edu.tw/ischool/rfile/b5023e3bf5b92de451ab3684c57a5390,https://www.cycivs.tc.edu.tw,https://citybus-free.taichung.gov.tw/driving-map?route=661,https://www.cycivs.tc.edu.tw,https://www.cycivs.tc.edu.tw,https://www.cycivs.tc.edu.tw,2026-09-07
,061310,永誠學校財團法人臺中市大明高級中等學校,私立,中投區免試入學日間部,綜高,不限,臺中市,潭子區,427003 臺中市潭子區潭興路一段168號,https://www.tmsh.tc.edu.tw,04-25391800#202,普通科:90(不限);美工科:65(不限);廣告設計科:65(不限);多媒體動畫科:65(不限),285,285,"美工、廣告設計、多媒體動畫等藝術設計特色科,並辦理藝術類特色招生;普通科班別依年度公告。",永誠學校財團法人臺中市大明高級中等學校同時提供普通／綜合高中學習與美工科、廣告設計科、多媒體動畫科等專業方向；一般課程搭配校訂必修、多元選修與探究實作，專業類科則發展設計與藝術實務能力。,永誠學校財團法人臺中市大明高級中等學校普通／綜合高中端以自然科與社會領域探究、自主學習成果為主；專業類科另安排設計與藝術實習與專題實作，形成研究與技能並行的實作學習。,永誠學校財團法人臺中市大明高級中等學校的固定校車／學生專車服務目前沒有足以確認適用對象與路線的校方制度資訊。,可搭臺鐵至潭子站，再轉乘往潭興路方向市區公車，於潭興路一段校址周邊下車後步行到校。,永誠學校財團法人臺中市大明高級中等學校的一般招生學生住宿制度目前沒有足以確認適用對象與申請方式的校方制度資訊。,https://www.google.com/maps/search/?api=1&query=%E6%B0%B8%E8%AA%A0%E5%AD%B8%E6%A0%A1%E8%B2%A1%E5%9C%98%E6%B3%95%E4%BA%BA%E8%87%BA%E4%B8%AD%E5%B8%82%E5%A4%A7%E6%98%8E%E9%AB%98%E7%B4%9A%E4%B8%AD%E7%AD%89%E5%AD%B8%E6%A0%A1%20427003%20%E8%87%BA%E4%B8%AD%E5%B8%82%E6%BD%AD%E5%AD%90%E5%8D%80%E6%BD%AD%E8%88%88%E8%B7%AF%E4%B8%80%E6%AE%B5168%E8%99%9F,https://www.tmsh.tc.edu.tw,https://www.tmsh.tc.edu.tw,https://www.tmsh.tc.edu.tw,https://www.google.com/maps/search/?api=1&query=%E6%B0%B8%E8%AA%A0%E5%AD%B8%E6%A0%A1%E8%B2%A1%E5%9C%98%E6%B3%95%E4%BA%BA%E8%87%BA%E4%B8%AD%E5%B8%82%E5%A4%A7%E6%98%8E%E9%AB%98%E7%B4%9A%E4%B8%AD%E7%AD%89%E5%AD%B8%E6%A0%A1%20427003%20%E8%87%BA%E4%B8%AD%E5%B8%82%E6%BD%AD%E5%AD%90%E5%8D%80%E6%BD%AD%E8%88%88%E8%B7%AF%E4%B8%80%E6%AE%B5168%E8%99%9F,https://www.tmsh.tc.edu.tw,https://www.tmsh.tc.edu.tw,https://www.tmsh.tc.edu.tw,2026-09-07
,061313,臺中市私立明道高級中學,私立,中投區免試入學日間部,綜高,不限,臺中市,烏日區,臺中市烏日區中山路一段497號,https://www.mingdao.edu.tw,04-23341115,普通科:111(不限);資訊科:69(不限);電子科:69(不限);美工科:44(不限);商業經營科:128(不限);廣告設計科:86(不限);觀光事業科:27(不限);餐飲管理科:86(不限);應用英語科:49(不限),669,669,"普通高中、技高與國際教育多軌;設數理實驗等學習方案,並有完整校內外課程、社團與升學支持。",臺中市私立明道高級中學同時提供普通／綜合高中學習與資訊科、電子科、美工科、商業經營科、廣告設計科等專業方向；一般課程搭配校訂必修、多元選修與探究實作，專業類科則發展資電與工程、商管與數位應用、餐旅與服務、設計與藝術實務能力。,臺中市私立明道高級中學普通／綜合高中端以自然科與社會領域探究、自主學習成果為主；專業類科另安排資電與工程、商管與數位應用、餐旅與服務、設計與藝術實習與專題實作，形成研究與技能並行的實作學習。,臺中市私立明道高級中學的固定校車／學生專車服務目前沒有足以確認適用對象與路線的校方制度資訊。,可搭 100 或 133 路公車，在「明道中學」站下車後步行進入校園；亦可由臺鐵烏日站轉乘市區公車。,臺中市私立明道高級中學的一般招生學生住宿制度目前沒有足以確認適用對象與申請方式的校方制度資訊。,https://www.google.com/maps/search/?api=1&query=%E8%87%BA%E4%B8%AD%E5%B8%82%E7%A7%81%E7%AB%8B%E6%98%8E%E9%81%93%E9%AB%98%E7%B4%9A%E4%B8%AD%E5%AD%B8%20%E8%87%BA%E4%B8%AD%E5%B8%82%E7%83%8F%E6%97%A5%E5%8D%80%E4%B8%AD%E5%B1%B1%E8%B7%AF%E4%B8%80%E6%AE%B5497%E8%99%9F,https://www.mingdao.edu.tw,https://www.mingdao.edu.tw,https://www.mingdao.edu.tw,https://citybus-free.taichung.gov.tw/driving-map?route=133,https://www.mingdao.edu.tw,https://www.mingdao.edu.tw,https://www.mingdao.edu.tw,2026-09-07
,061314,臺中市私立僑泰高級中學,私立,中投區免試入學日間部,綜高,不限,臺中市,大里區,臺中市大里區樹王路342號,https://www.ctas.tc.edu.tw,04-24063936#117,普通科:302(不限);機械科:71(不限);汽車科:64(不限);資訊科:32(不限);電子科:75(不限);商業經營科:75(不限);廣告設計科:32(不限);觀光事業科:32(不限);餐飲管理科:98(不限);多媒體設計科:70(不限);應用英語科:32(不限);應用日語科:32(不限);幼兒保育科:31(不限);美容科:72(不限);室內設計科:60(不限),1078,1078,高中部官網列醫科班、台清交成班、國立大學班、雙語國際班;技高另有多科專業與實用技能班。,臺中市私立僑泰高級中學同時提供普通／綜合高中學習與機械科、汽車科、資訊科、電子科、商業經營科等專業方向；一般課程搭配校訂必修、多元選修與探究實作，專業類科則發展機械與製造、資電與工程、建築與空間、商管與數位應用實務能力。,臺中市私立僑泰高級中學普通／綜合高中端以自然科與社會領域探究、自主學習成果為主；專業類科另安排機械與製造、資電與工程、建築與空間、商管與數位應用實習與專題實作，形成研究與技能並行的實作學習。,有校車。115學年度校方持續公布來校與放學校車路線表及停放位置，供高中職學生上下學使用。,可由臺中車站或捷運大慶站轉乘往大里、樹王路方向市區公車，於樹王路校址周邊下車後步行到校。,學校設有學生宿舍。115學年度第1學期校方已公布宿舍床位分配資料。,https://www.google.com/maps/search/?api=1&query=%E8%87%BA%E4%B8%AD%E5%B8%82%E7%A7%81%E7%AB%8B%E5%83%91%E6%B3%B0%E9%AB%98%E7%B4%9A%E4%B8%AD%E5%AD%B8%20%E8%87%BA%E4%B8%AD%E5%B8%82%E5%A4%A7%E9%87%8C%E5%8D%80%E6%A8%B9%E7%8E%8B%E8%B7%AF342%E8%99%9F,https://www.ctas.tc.edu.tw,https://www.ctas.tc.edu.tw/main,https://www.ctas.tc.edu.tw/main.php,https://www.google.com/maps/search/?api=1&query=%E8%87%BA%E4%B8%AD%E5%B8%82%E7%A7%81%E7%AB%8B%E5%83%91%E6%B3%B0%E9%AB%98%E7%B4%9A%E4%B8%AD%E5%AD%B8%20%E8%87%BA%E4%B8%AD%E5%B8%82%E5%A4%A7%E9%87%8C%E5%8D%80%E6%A8%B9%E7%8E%8B%E8%B7%AF342%E8%99%9F,https://www.ctas.tc.edu.tw/main.php,https://www.ctas.tc.edu.tw,https://www.ctas.tc.edu.tw,2026-09-07
,061315,臺中市華盛頓高級中學,私立,中投區免試入學日間部,高中,不限,臺中市,太平區,臺中市太平區廍仔坑路26號,https://www.whs.tc.edu.tw,04-23934712#113、116,普通科:237(不限),237,237,寰宇雙語實驗班、國際雙聯課程、IBDP/AP等國際課程;班別與收費依當年度招生公告。,普通高中課程結合雙語與國際教育，包含寰宇雙語實驗、國際雙聯與國際課程資源，同時保有校訂必修、多元選修與自主學習。,臺中市華盛頓高級中學的實作學習以自然科探究與實作、社會議題探究、校訂課程及自主學習成果為主，學生可透過實驗、研究報告、作品或成果發表完成學習成果。,臺中市華盛頓高級中學的固定校車／學生專車服務目前沒有足以確認適用對象與路線的校方制度資訊。,可由臺中車站或臺鐵太原站轉乘往太平方向市區公車，抵達廍仔坑路校區周邊後步行進入校園。,臺中市華盛頓高級中學的一般招生學生住宿制度目前沒有足以確認適用對象與申請方式的校方制度資訊。,https://www.google.com/maps/search/?api=1&query=%E8%87%BA%E4%B8%AD%E5%B8%82%E8%8F%AF%E7%9B%9B%E9%A0%93%E9%AB%98%E7%B4%9A%E4%B8%AD%E5%AD%B8%20%E8%87%BA%E4%B8%AD%E5%B8%82%E5%A4%AA%E5%B9%B3%E5%8D%80%E5%BB%8D%E4%BB%94%E5%9D%91%E8%B7%AF26%E8%99%9F,https://www.whs.tc.edu.tw,https://www.whs.tc.edu.tw,https://www.whs.tc.edu.tw,https://www.google.com/maps/search/?api=1&query=%E8%87%BA%E4%B8%AD%E5%B8%82%E8%8F%AF%E7%9B%9B%E9%A0%93%E9%AB%98%E7%B4%9A%E4%B8%AD%E5%AD%B8%20%E8%87%BA%E4%B8%AD%E5%B8%82%E5%A4%AA%E5%B9%B3%E5%8D%80%E5%BB%8D%E4%BB%94%E5%9D%91%E8%B7%AF26%E8%99%9F,https://www.whs.tc.edu.tw,https://www.whs.tc.edu.tw,https://www.whs.tc.edu.tw,2026-09-07
,061316,臺中市青年高級中學,私立,中投區免試入學日間部,綜高,不限,臺中市,大里區,臺中市大里區中湖路100號,https://www.youth.tc.edu.tw,04-24963333#212,綜合高中:134(不限);汽車科:44(不限);資訊科:45(不限);餐飲管理科:44(不限);美容科:88(不限);音樂科:45(不限);表演藝術科:131(不限);多媒體動畫科:132(不限),663,663,"音樂科、表演藝術科、多媒體動畫科(含電競專長),綜高另有藥護、體育專長等學程。",臺中市青年高級中學同時提供普通／綜合高中學習與汽車科、資訊科、餐飲管理科、美容科、音樂科等專業方向；一般課程搭配校訂必修、多元選修與探究實作，專業類科則發展機械與製造、資電與工程、餐旅與服務、設計與藝術實務能力。,臺中市青年高級中學普通／綜合高中端以自然科與社會領域探究、自主學習成果為主；專業類科另安排機械與製造、資電與工程、餐旅與服務、設計與藝術實習與專題實作，形成研究與技能並行的實作學習。,有校車。115學年度新生訓練提供校車接送，並由校方新生系統提供校車路線與搭乘資訊。,可由臺中車站轉乘往大里、塗城方向市區公車，在中湖路校址周邊下車後步行到校。,學校設有學生宿舍。115學年度新生可申請住宿，校方公布住宿名單、入住時段與住宿申請文件。,https://www.google.com/maps/search/?api=1&query=%E8%87%BA%E4%B8%AD%E5%B8%82%E9%9D%92%E5%B9%B4%E9%AB%98%E7%B4%9A%E4%B8%AD%E5%AD%B8%20%E8%87%BA%E4%B8%AD%E5%B8%82%E5%A4%A7%E9%87%8C%E5%8D%80%E4%B8%AD%E6%B9%96%E8%B7%AF100%E8%99%9F,https://www.youth.tc.edu.tw,https://www.youth.tc.edu.tw,https://newstu.gm.youth.tc.edu.tw/apply/newact,https://www.google.com/maps/search/?api=1&query=%E8%87%BA%E4%B8%AD%E5%B8%82%E9%9D%92%E5%B9%B4%E9%AB%98%E7%B4%9A%E4%B8%AD%E5%AD%B8%20%E8%87%BA%E4%B8%AD%E5%B8%82%E5%A4%A7%E9%87%8C%E5%8D%80%E4%B8%AD%E6%B9%96%E8%B7%AF100%E8%99%9F,https://newstu.gm.youth.tc.edu.tw/apply/list,https://www.youth.tc.edu.tw,https://www.youth.tc.edu.tw,2026-09-07
,061317,臺中市私立弘文高級中學,私立,中投區免試入學日間部,高中,不限,臺中市,潭子區,427009 臺中市潭子區弘文街100號,https://www.hwhs.tc.edu.tw,04-25340011#118,普通科:392(不限),392,392,普通科以多元選修、自主學習、議題研究與ESL/國際課程資源為特色;未標示固定資優班招生公告。,臺中市私立弘文高級中學普通高中課程以語文、數理、社會、自然與科技領域為基礎，搭配校訂必修、多元選修、探究與實作及自主學習，讓學生依升學與興趣規劃加深加廣學習。,臺中市私立弘文高級中學的實作學習以自然科探究與實作、社會議題探究、校訂課程及自主學習成果為主，學生可透過實驗、研究報告、作品或成果發表完成學習成果。,臺中市私立弘文高級中學的固定校車／學生專車服務目前沒有足以確認適用對象與路線的校方制度資訊。,可搭臺鐵至潭子站，再轉乘潭子市區公車至弘文街、水源路一帶後步行到校。,臺中市私立弘文高級中學的一般招生學生住宿制度目前沒有足以確認適用對象與申請方式的校方制度資訊。,https://www.google.com/maps/search/?api=1&query=%E8%87%BA%E4%B8%AD%E5%B8%82%E7%A7%81%E7%AB%8B%E5%BC%98%E6%96%87%E9%AB%98%E7%B4%9A%E4%B8%AD%E5%AD%B8%20427009%20%E8%87%BA%E4%B8%AD%E5%B8%82%E6%BD%AD%E5%AD%90%E5%8D%80%E5%BC%98%E6%96%87%E8%A1%97100%E8%99%9F,https://www.hwhs.tc.edu.tw,https://www.hwhs.tc.edu.tw,https://www.hwhs.tc.edu.tw,https://www.google.com/maps/search/?api=1&query=%E8%87%BA%E4%B8%AD%E5%B8%82%E7%A7%81%E7%AB%8B%E5%BC%98%E6%96%87%E9%AB%98%E7%B4%9A%E4%B8%AD%E5%AD%B8%20427009%20%E8%87%BA%E4%B8%AD%E5%B8%82%E6%BD%AD%E5%AD%90%E5%8D%80%E5%BC%98%E6%96%87%E8%A1%97100%E8%99%9F,https://www.hwhs.tc.edu.tw,https://www.hwhs.tc.edu.tw,https://www.hwhs.tc.edu.tw,2026-09-07
,061318,臺中市私立立人高級中學,私立,中投區免試入學日間部,高中,不限,臺中市,大里區,臺中市大里區中興路二段380號,https://www.lzsh.tc.edu.tw,04-24834138#511~514,普通科:660(不限),660,660,"設菁英班,依新生測驗與校方編班規定辦理;實際名額與測驗方式依當年度公告。",臺中市私立立人高級中學普通高中課程以語文、數理、社會、自然與科技領域為基礎，搭配校訂必修、多元選修、探究與實作及自主學習，讓學生依升學與興趣規劃加深加廣學習。,臺中市私立立人高級中學的實作學習以自然科探究與實作、社會議題探究、校訂課程及自主學習成果為主，學生可透過實驗、研究報告、作品或成果發表完成學習成果。,有學生專車。115學年度第1學期校方公布各站路線、站名、時間與收費資料，供學生上下學搭乘。,可搭 291 路公車，在「立人高中」站下車後步行進入校園。,臺中市私立立人高級中學的一般招生學生住宿制度目前沒有足以確認適用對象與申請方式的校方制度資訊。,https://www.google.com/maps/search/?api=1&query=%E8%87%BA%E4%B8%AD%E5%B8%82%E7%A7%81%E7%AB%8B%E7%AB%8B%E4%BA%BA%E9%AB%98%E7%B4%9A%E4%B8%AD%E5%AD%B8%20%E8%87%BA%E4%B8%AD%E5%B8%82%E5%A4%A7%E9%87%8C%E5%8D%80%E4%B8%AD%E8%88%88%E8%B7%AF%E4%BA%8C%E6%AE%B5380%E8%99%9F,https://www.lzsh.tc.edu.tw,https://www.lzsh.tc.edu.tw,https://www.lzsh.tc.edu.tw/p/405-1000-3497%2Cc176.php?Lang=zh-tw,https://citybus-free.taichung.gov.tw/driving-map?route=291,https://www.lzsh.tc.edu.tw,https://www.lzsh.tc.edu.tw,https://www.lzsh.tc.edu.tw,2026-09-07
,061319,臺中市私立玉山高級中學,私立,中投區免試入學日間部,高職,不限,臺中市,東勢區,423009 臺中市東勢區東崎路四段399號,https://www.yssh.tc.edu.tw,04-25771313#103,觀光事業科:42(不限);餐飲管理科:42(不限);照顧服務科(產特):42(不限),126,126,照顧服務科為產業特殊需求類科;另以餐飲、觀光專業實作及證照輔導為特色。,臺中市私立玉山高級中學依觀光事業科、餐飲管理科、照顧服務科規劃專業課程，學習涵蓋餐旅與服務、家政與照護，並配置專業科目、實習科目、技能應用與專題實作。,臺中市私立玉山高級中學各專業科別安排實習操作與專題實作，內容對應餐旅與服務、家政與照護，並結合設備操作、技能訓練、作品製作或成果發表。,有校車。校方設有校車行駛路線專區，供學生查詢上下學路線。,可由臺鐵豐原站搭 90、206、207、208 或 209 路往東勢，抵東勢市區後銜接東崎路方向公車至學校周邊。,臺中市私立玉山高級中學的一般招生學生住宿制度目前沒有足以確認適用對象與申請方式的校方制度資訊。,https://www.google.com/maps/search/?api=1&query=%E8%87%BA%E4%B8%AD%E5%B8%82%E7%A7%81%E7%AB%8B%E7%8E%89%E5%B1%B1%E9%AB%98%E7%B4%9A%E4%B8%AD%E5%AD%B8%20423009%20%E8%87%BA%E4%B8%AD%E5%B8%82%E6%9D%B1%E5%8B%A2%E5%8D%80%E6%9D%B1%E5%B4%8E%E8%B7%AF%E5%9B%9B%E6%AE%B5399%E8%99%9F,https://www.yssh.tc.edu.tw,https://www.yssh.tc.edu.tw,https://www.yssh.tc.edu.tw/,https://www.google.com/maps/search/?api=1&query=%E8%87%BA%E4%B8%AD%E5%B8%82%E7%A7%81%E7%AB%8B%E7%8E%89%E5%B1%B1%E9%AB%98%E7%B4%9A%E4%B8%AD%E5%AD%B8%20423009%20%E8%87%BA%E4%B8%AD%E5%B8%82%E6%9D%B1%E5%8B%A2%E5%8D%80%E6%9D%B1%E5%B4%8E%E8%B7%AF%E5%9B%9B%E6%AE%B5399%E8%99%9F,https://www.yssh.tc.edu.tw,https://www.yssh.tc.edu.tw,https://www.yssh.tc.edu.tw,2026-09-07
,061321,慈明學校財團法人臺中市慈明高級中等學校,私立,中投區免試入學日間部,高職,不限,臺中市,太平區,411 臺中市太平區光德路388號,https://www.tmhs.tc.edu.tw,04-22713911#102,資訊科:43(不限);餐飲管理科:41(不限);電子商務科:43(不限);照顧服務科(產特):43(不限),170,170,照顧服務科為產特;另發展電子商務電競、資電AI、長照產學等特色課程。,慈明學校財團法人臺中市慈明高級中等學校依資訊科、餐飲管理科、電子商務科、照顧服務科規劃專業課程，學習涵蓋資電與工程、商管與數位應用、餐旅與服務、家政與照護，並配置專業科目、實習科目、技能應用與專題實作。,慈明學校財團法人臺中市慈明高級中等學校各專業科別安排實習操作與專題實作，內容對應資電與工程、商管與數位應用、餐旅與服務、家政與照護，並結合設備操作、技能訓練、作品製作或成果發表。,有校車。校方設有校車／公車路線資訊專區，整理校車路線及可到校的市區公車。,可搭 3、7、41、249、280、284、286 或 291 路公車，在光隆、七星或慈明高中周邊站點下車後步行到校。,慈明學校財團法人臺中市慈明高級中等學校的一般招生學生住宿制度目前沒有足以確認適用對象與申請方式的校方制度資訊。,https://www.google.com/maps/search/?api=1&query=%E6%85%88%E6%98%8E%E5%AD%B8%E6%A0%A1%E8%B2%A1%E5%9C%98%E6%B3%95%E4%BA%BA%E8%87%BA%E4%B8%AD%E5%B8%82%E6%85%88%E6%98%8E%E9%AB%98%E7%B4%9A%E4%B8%AD%E7%AD%89%E5%AD%B8%E6%A0%A1%20411%20%E8%87%BA%E4%B8%AD%E5%B8%82%E5%A4%AA%E5%B9%B3%E5%8D%80%E5%85%89%E5%BE%B7%E8%B7%AF388%E8%99%9F,https://www.tmhs.tc.edu.tw,https://www.tmhs.tc.edu.tw,https://www.gapp.tmhs.tc.edu.tw/%E8%B3%87%E8%A8%8A%E6%9C%8D%E5%8B%99,https://www.gapp.tmhs.tc.edu.tw/%E8%B3%87%E8%A8%8A%E6%9C%8D%E5%8B%99/%E6%A0%A1%E8%BB%8A%E5%85%AC%E8%BB%8A%E8%B7%AF%E7%B7%9A%E8%B3%87%E8%A8%8A,https://www.tmhs.tc.edu.tw,https://www.tmhs.tc.edu.tw,https://www.tmhs.tc.edu.tw,2026-09-07
,061B11,嘉陽學校財團法人臺中市嘉陽高級中學進修部,私立,中投區免試入學進修部,進修部,不限,臺中市,清水區,43654 臺中市清水區中航路三段1號,https://www.cysh.tc.edu.tw,04-26152166# 2221,餐飲管理科(夜間班):120(不限),120,120,"進修部依當年度核定科別開班;官網未標示另設固定資優班,實際班別以進修部公告為準。",嘉陽學校財團法人臺中市嘉陽高級中學進修部以餐飲管理科為主要學習科別，課程兼顧一般科目與餐旅與服務專業核心，並依進修學制安排實務與技能應用課程。,嘉陽學校財團法人臺中市嘉陽高級中學進修部的實作學習依餐飲管理科配置專業實習與專題實作，重點放在餐旅與服務技能操作、作品製作與成果呈現。,嘉陽學校財團法人臺中市嘉陽高級中學進修部的固定校車／學生專車服務目前沒有足以確認適用對象與路線的校方制度資訊。,可由臺鐵清水站轉乘往臺中國際機場方向公車，在中航路三段校址周邊下車後步行到校。,嘉陽學校財團法人臺中市嘉陽高級中學進修部的一般招生學生住宿制度目前沒有足以確認適用對象與申請方式的校方制度資訊。,https://www.google.com/maps/search/?api=1&query=%E5%98%89%E9%99%BD%E5%AD%B8%E6%A0%A1%E8%B2%A1%E5%9C%98%E6%B3%95%E4%BA%BA%E8%87%BA%E4%B8%AD%E5%B8%82%E5%98%89%E9%99%BD%E9%AB%98%E7%B4%9A%E4%B8%AD%E5%AD%B8%E9%80%B2%E4%BF%AE%E9%83%A8%2043654%20%E8%87%BA%E4%B8%AD%E5%B8%82%E6%B8%85%E6%B0%B4%E5%8D%80%E4%B8%AD%E8%88%AA%E8%B7%AF%E4%B8%89%E6%AE%B51%E8%99%9F,https://www.cysh.tc.edu.tw/files/11-1000-441.php,https://www.cysh.tc.edu.tw/files/11-1000-441.php,https://www.cysh.tc.edu.tw,https://www.google.com/maps/search/?api=1&query=%E5%98%89%E9%99%BD%E5%AD%B8%E6%A0%A1%E8%B2%A1%E5%9C%98%E6%B3%95%E4%BA%BA%E8%87%BA%E4%B8%AD%E5%B8%82%E5%98%89%E9%99%BD%E9%AB%98%E7%B4%9A%E4%B8%AD%E5%AD%B8%E9%80%B2%E4%BF%AE%E9%83%A8%2043654%20%E8%87%BA%E4%B8%AD%E5%B8%82%E6%B8%85%E6%B0%B4%E5%8D%80%E4%B8%AD%E8%88%AA%E8%B7%AF%E4%B8%89%E6%AE%B51%E8%99%9F,https://www.cysh.tc.edu.tw,https://www.cysh.tc.edu.tw,https://www.cysh.tc.edu.tw,2026-09-07
,061B14,臺中市私立僑泰高級中學進修部,私立,中投區免試入學進修部,進修部,不限,臺中市,大里區,臺中市大里區樹王路342號,https://www.ctas.tc.edu.tw,04-24063936#152,汽車科(夜間班):40(不限);觀光事業科(夜間班):40(不限);餐飲管理科(夜間班):80(不限);美容科(夜間班):80(不限);流行服飾科(夜間班):40(不限),280,280,"進修部依當年度核定科別開班;官網未標示另設固定資優班,實際班別以進修部公告為準。",臺中市私立僑泰高級中學進修部以汽車科、觀光事業科、餐飲管理科、美容科、流行服飾科為主要學習科別，課程兼顧一般科目與機械與製造、餐旅與服務、家政與照護專業核心，並依進修學制安排實務與技能應用課程。,臺中市私立僑泰高級中學進修部的實作學習依汽車科、觀光事業科、餐飲管理科、美容科、流行服飾科配置專業實習與專題實作，重點放在機械與製造、餐旅與服務、家政與照護技能操作、作品製作與成果呈現。,臺中市私立僑泰高級中學進修部的固定校車／學生專車服務目前沒有足以確認適用對象與路線的校方制度資訊。,可由臺中車站或捷運大慶站轉乘往大里、樹王路方向市區公車，於樹王路校址周邊下車後步行到校。,臺中市私立僑泰高級中學進修部的一般招生學生住宿制度目前沒有足以確認適用對象與申請方式的校方制度資訊。,https://www.google.com/maps/search/?api=1&query=%E8%87%BA%E4%B8%AD%E5%B8%82%E7%A7%81%E7%AB%8B%E5%83%91%E6%B3%B0%E9%AB%98%E7%B4%9A%E4%B8%AD%E5%AD%B8%E9%80%B2%E4%BF%AE%E9%83%A8%20%E8%87%BA%E4%B8%AD%E5%B8%82%E5%A4%A7%E9%87%8C%E5%8D%80%E6%A8%B9%E7%8E%8B%E8%B7%AF342%E8%99%9F,https://www.ctas.tc.edu.tw,https://www.ctas.tc.edu.tw/main,https://www.ctas.tc.edu.tw,https://www.google.com/maps/search/?api=1&query=%E8%87%BA%E4%B8%AD%E5%B8%82%E7%A7%81%E7%AB%8B%E5%83%91%E6%B3%B0%E9%AB%98%E7%B4%9A%E4%B8%AD%E5%AD%B8%E9%80%B2%E4%BF%AE%E9%83%A8%20%E8%87%BA%E4%B8%AD%E5%B8%82%E5%A4%A7%E9%87%8C%E5%8D%80%E6%A8%B9%E7%8E%8B%E8%B7%AF342%E8%99%9F,https://www.ctas.tc.edu.tw,https://www.ctas.tc.edu.tw,https://www.ctas.tc.edu.tw,2026-09-07
,061B16,臺中市私立青年高級中學進修部,私立,中投區免試入學進修部,進修部,不限,臺中市,大里區,臺中市大里區中湖路100號,https://www.youth.tc.edu.tw,04-24963333#212,餐飲管理科(日間班):40(不限);餐飲管理科(夜間班):40(不限);美容科(日間班):40(不限);照顧服務科(產特)(夜間班):40(不限),160,160,"進修部設照顧服務科(夜間班)產業特殊需求類科;其餘依核定夜間/日間班辦理,未另設資優班。",臺中市私立青年高級中學進修部以餐飲管理科、美容科、照顧服務科為主要學習科別，課程兼顧一般科目與餐旅與服務、家政與照護專業核心，並依進修學制安排實務與技能應用課程。,臺中市私立青年高級中學進修部的實作學習依餐飲管理科、美容科、照顧服務科配置專業實習與專題實作，重點放在餐旅與服務、家政與照護技能操作、作品製作與成果呈現。,有校車。115學年度日間部暨進修部新生須知包含校車登記，學生可依校方停靠站與路線資訊辦理搭乘。,可由臺中車站轉乘往大里、塗城方向市區公車，在中湖路校址周邊下車後步行到校。,學校設有學生宿舍。115學年度日間部暨進修部新生須知包含住宿申請，住宿相關資料由校方新生系統辦理。,https://www.google.com/maps/search/?api=1&query=%E8%87%BA%E4%B8%AD%E5%B8%82%E7%A7%81%E7%AB%8B%E9%9D%92%E5%B9%B4%E9%AB%98%E7%B4%9A%E4%B8%AD%E5%AD%B8%E9%80%B2%E4%BF%AE%E9%83%A8%20%E8%87%BA%E4%B8%AD%E5%B8%82%E5%A4%A7%E9%87%8C%E5%8D%80%E4%B8%AD%E6%B9%96%E8%B7%AF100%E8%99%9F,https://www.youth.tc.edu.tw,https://www.youth.tc.edu.tw,https://newstu.gm.youth.tc.edu.tw/apply/notice,https://www.google.com/maps/search/?api=1&query=%E8%87%BA%E4%B8%AD%E5%B8%82%E7%A7%81%E7%AB%8B%E9%9D%92%E5%B9%B4%E9%AB%98%E7%B4%9A%E4%B8%AD%E5%AD%B8%E9%80%B2%E4%BF%AE%E9%83%A8%20%E8%87%BA%E4%B8%AD%E5%B8%82%E5%A4%A7%E9%87%8C%E5%8D%80%E4%B8%AD%E6%B9%96%E8%B7%AF100%E8%99%9F,https://newstu.gm.youth.tc.edu.tw/apply/notice,https://www.youth.tc.edu.tw,https://www.youth.tc.edu.tw,2026-09-07
,061B19,臺中市私立玉山高級中學進修部,私立,中投區免試入學進修部,進修部,不限,臺中市,東勢區,423009 臺中市東勢區東崎路四段399號,https://www.yssh.tc.edu.tw,04-25771313#103,資料處理科(夜間班):10(不限);餐飲管理科(夜間班):20(不限);美容科(夜間班):10(不限);照顧服務科(產特)(夜間班):20(不限),60,60,"進修部設照顧服務科(夜間班)產業特殊需求類科;其餘依核定夜間/日間班辦理,未另設資優班。",臺中市私立玉山高級中學進修部以資料處理科、餐飲管理科、美容科、照顧服務科為主要學習科別，課程兼顧一般科目與商管與數位應用、餐旅與服務、家政與照護專業核心，並依進修學制安排實務與技能應用課程。,臺中市私立玉山高級中學進修部的實作學習依資料處理科、餐飲管理科、美容科、照顧服務科配置專業實習與專題實作，重點放在商管與數位應用、餐旅與服務、家政與照護技能操作、作品製作與成果呈現。,臺中市私立玉山高級中學進修部的固定校車／學生專車服務目前沒有足以確認適用對象與路線的校方制度資訊。,可由臺鐵豐原站搭 90、206、207、208 或 209 路往東勢，抵東勢市區後銜接東崎路方向公車至學校周邊。,臺中市私立玉山高級中學進修部的一般招生學生住宿制度目前沒有足以確認適用對象與申請方式的校方制度資訊。,https://www.google.com/maps/search/?api=1&query=%E8%87%BA%E4%B8%AD%E5%B8%82%E7%A7%81%E7%AB%8B%E7%8E%89%E5%B1%B1%E9%AB%98%E7%B4%9A%E4%B8%AD%E5%AD%B8%E9%80%B2%E4%BF%AE%E9%83%A8%20423009%20%E8%87%BA%E4%B8%AD%E5%B8%82%E6%9D%B1%E5%8B%A2%E5%8D%80%E6%9D%B1%E5%B4%8E%E8%B7%AF%E5%9B%9B%E6%AE%B5399%E8%99%9F,https://www.yssh.tc.edu.tw,https://www.yssh.tc.edu.tw,https://www.yssh.tc.edu.tw,https://www.google.com/maps/search/?api=1&query=%E8%87%BA%E4%B8%AD%E5%B8%82%E7%A7%81%E7%AB%8B%E7%8E%89%E5%B1%B1%E9%AB%98%E7%B4%9A%E4%B8%AD%E5%AD%B8%E9%80%B2%E4%BF%AE%E9%83%A8%20423009%20%E8%87%BA%E4%B8%AD%E5%B8%82%E6%9D%B1%E5%8B%A2%E5%8D%80%E6%9D%B1%E5%B4%8E%E8%B7%AF%E5%9B%9B%E6%AE%B5399%E8%99%9F,https://www.yssh.tc.edu.tw,https://www.yssh.tc.edu.tw,https://www.yssh.tc.edu.tw,2026-09-07
,061B21,臺中市私立慈明高級中學進修部,私立,中投區免試入學進修部,進修部,不限,臺中市,太平區,臺中市太平區光德路388號,https://www.gapp.tmhs.tc.edu.tw,04-22713911#501~503,餐飲管理科(夜間班):80(不限),80,80,"進修部依當年度核定科別開班;官網未標示另設固定資優班,實際班別以進修部公告為準。",臺中市私立慈明高級中學進修部以餐飲管理科為主要學習科別，課程兼顧一般科目與餐旅與服務專業核心，並依進修學制安排實務與技能應用課程。,臺中市私立慈明高級中學進修部的實作學習依餐飲管理科配置專業實習與專題實作，重點放在餐旅與服務技能操作、作品製作與成果呈現。,臺中市私立慈明高級中學進修部的固定校車／學生專車服務目前沒有足以確認適用對象與路線的校方制度資訊。,可搭 3、7、41、249、280、284、286 或 291 路公車，在光隆、七星或慈明高中周邊站點下車後步行到校。,臺中市私立慈明高級中學進修部的一般招生學生住宿制度目前沒有足以確認適用對象與申請方式的校方制度資訊。,https://www.google.com/maps/search/?api=1&query=%E8%87%BA%E4%B8%AD%E5%B8%82%E7%A7%81%E7%AB%8B%E6%85%88%E6%98%8E%E9%AB%98%E7%B4%9A%E4%B8%AD%E5%AD%B8%E9%80%B2%E4%BF%AE%E9%83%A8%20%E8%87%BA%E4%B8%AD%E5%B8%82%E5%A4%AA%E5%B9%B3%E5%8D%80%E5%85%89%E5%BE%B7%E8%B7%AF388%E8%99%9F,https://www.gapp.tmhs.tc.edu.tw,https://www.gapp.tmhs.tc.edu.tw,https://www.gapp.tmhs.tc.edu.tw,https://www.gapp.tmhs.tc.edu.tw/%E8%B3%87%E8%A8%8A%E6%9C%8D%E5%8B%99/%E6%A0%A1%E8%BB%8A%E5%85%AC%E8%BB%8A%E8%B7%AF%E7%B7%9A%E8%B3%87%E8%A8%8A,https://www.gapp.tmhs.tc.edu.tw,https://www.gapp.tmhs.tc.edu.tw,https://www.gapp.tmhs.tc.edu.tw,2026-09-07
,063303,臺中市立大甲高級中等學校,公立,中投區免試入學日間部,綜高,不限,臺中市,大甲區,437001 臺中市大甲區中山路一段720號,https://djsh.tc.edu.tw,04-26877165#333,綜合高中:410(不限);美工科:33(不限),443,443,設實驗班、體育班及美工科;實驗班甄選與體育班特色招生依當年度校方公告。,臺中市立大甲高級中等學校同時提供普通／綜合高中學習與美工科等專業方向；一般課程搭配校訂必修、多元選修與探究實作，專業類科則發展設計與藝術實務能力。,臺中市立大甲高級中等學校普通／綜合高中端以自然科與社會領域探究、自主學習成果為主；專業類科另安排設計與藝術實習與專題實作，形成研究與技能並行的實作學習。,臺中市立大甲高級中等學校的固定校車／學生專車服務目前沒有足以確認適用對象與路線的校方制度資訊。,可搭臺鐵至大甲站，再轉乘 181 或 661 路公車，在大甲高中周邊站點下車後步行到校。,臺中市立大甲高級中等學校的一般招生學生住宿制度目前沒有足以確認適用對象與申請方式的校方制度資訊。,https://www.google.com/maps/search/?api=1&query=%E8%87%BA%E4%B8%AD%E5%B8%82%E7%AB%8B%E5%A4%A7%E7%94%B2%E9%AB%98%E7%B4%9A%E4%B8%AD%E7%AD%89%E5%AD%B8%E6%A0%A1%20437001%20%E8%87%BA%E4%B8%AD%E5%B8%82%E5%A4%A7%E7%94%B2%E5%8D%80%E4%B8%AD%E5%B1%B1%E8%B7%AF%E4%B8%80%E6%AE%B5720%E8%99%9F,https://djsh.tc.edu.tw/p/406-1073-619261%2Cr70.php,https://djsh.tc.edu.tw/p/406-1073-619261%2Cr70.php,https://djsh.tc.edu.tw,https://citybus-free.taichung.gov.tw/driving-map?route=181,https://djsh.tc.edu.tw,https://djsh.tc.edu.tw,https://djsh.tc.edu.tw,2026-09-07
,063305,臺中市立清水高級中等學校,公立,中投區免試入學日間部,高中,不限,臺中市,清水區,436-53 臺中市清水區中山路90號,https://cshs.tc.edu.tw,04-26222116 # 231,普通科:452(不限),452,452,校方官網未標示固定資優班/特色班招生;實際班別與校本特色課程依當年度公告。,臺中市立清水高級中等學校普通高中課程以語文、數理、社會、自然與科技領域為基礎，搭配校訂必修、多元選修、探究與實作及自主學習，讓學生依升學與興趣規劃加深加廣學習。,臺中市立清水高級中等學校的實作學習以自然科探究與實作、社會議題探究、校訂課程及自主學習成果為主，學生可透過實驗、研究報告、作品或成果發表完成學習成果。,臺中市立清水高級中等學校的固定校車／學生專車服務目前沒有足以確認適用對象與路線的校方制度資訊。,可搭臺鐵至清水站，出站後沿中山路步行至學校；亦可轉乘行經中山路的市區公車至清水高中周邊。,臺中市立清水高級中等學校的一般招生學生住宿制度目前沒有足以確認適用對象與申請方式的校方制度資訊。,https://www.google.com/maps/search/?api=1&query=%E8%87%BA%E4%B8%AD%E5%B8%82%E7%AB%8B%E6%B8%85%E6%B0%B4%E9%AB%98%E7%B4%9A%E4%B8%AD%E7%AD%89%E5%AD%B8%E6%A0%A1%20436-53%20%E8%87%BA%E4%B8%AD%E5%B8%82%E6%B8%85%E6%B0%B4%E5%8D%80%E4%B8%AD%E5%B1%B1%E8%B7%AF90%E8%99%9F,https://cshs.tc.edu.tw,https://cshs.tc.edu.tw,https://cshs.tc.edu.tw,https://www.google.com/maps/search/?api=1&query=%E8%87%BA%E4%B8%AD%E5%B8%82%E7%AB%8B%E6%B8%85%E6%B0%B4%E9%AB%98%E7%B4%9A%E4%B8%AD%E7%AD%89%E5%AD%B8%E6%A0%A1%20436-53%20%E8%87%BA%E4%B8%AD%E5%B8%82%E6%B8%85%E6%B0%B4%E5%8D%80%E4%B8%AD%E5%B1%B1%E8%B7%AF90%E8%99%9F,https://cshs.tc.edu.tw,https://cshs.tc.edu.tw,https://cshs.tc.edu.tw,2026-09-07
,063312,臺中市立豐原高級中等學校,公立,中投區免試入學日間部,高中,不限,臺中市,豐原區,420302 臺中市豐原區水源路150號,https://fysh.tc.edu.tw,04-25290381#1121,普通科:470(不限),470,470,校方官網未標示固定資優班/特色班招生;實際班別與校本特色課程依當年度公告。,臺中市立豐原高級中等學校普通高中課程以語文、數理、社會、自然與科技領域為基礎，搭配校訂必修、多元選修、探究與實作及自主學習，讓學生依升學與興趣規劃加深加廣學習。,臺中市立豐原高級中等學校的實作學習以自然科探究與實作、社會議題探究、校訂課程及自主學習成果為主，學生可透過實驗、研究報告、作品或成果發表完成學習成果。,臺中市立豐原高級中等學校的固定校車／學生專車服務目前沒有足以確認適用對象與路線的校方制度資訊。,可由臺鐵豐原站轉乘往東勢、新社方向市區公車，在水源路、豐原高中周邊站點下車後步行到校。,臺中市立豐原高級中等學校的一般招生學生住宿制度目前沒有足以確認適用對象與申請方式的校方制度資訊。,https://www.google.com/maps/search/?api=1&query=%E8%87%BA%E4%B8%AD%E5%B8%82%E7%AB%8B%E8%B1%90%E5%8E%9F%E9%AB%98%E7%B4%9A%E4%B8%AD%E7%AD%89%E5%AD%B8%E6%A0%A1%20420302%20%E8%87%BA%E4%B8%AD%E5%B8%82%E8%B1%90%E5%8E%9F%E5%8D%80%E6%B0%B4%E6%BA%90%E8%B7%AF150%E8%99%9F,https://fysh.tc.edu.tw,https://fysh.tc.edu.tw,https://fysh.tc.edu.tw,https://www.google.com/maps/search/?api=1&query=%E8%87%BA%E4%B8%AD%E5%B8%82%E7%AB%8B%E8%B1%90%E5%8E%9F%E9%AB%98%E7%B4%9A%E4%B8%AD%E7%AD%89%E5%AD%B8%E6%A0%A1%20420302%20%E8%87%BA%E4%B8%AD%E5%B8%82%E8%B1%90%E5%8E%9F%E5%8D%80%E6%B0%B4%E6%BA%90%E8%B7%AF150%E8%99%9F,https://fysh.tc.edu.tw,https://fysh.tc.edu.tw,https://fysh.tc.edu.tw,2026-09-07
,063401,臺中市立豐原商業高級中等學校,公立,中投區免試入學日間部,高職,不限,臺中市,豐原區,420305 臺中市豐原區圓環南路50號,https://fyvs.tc.edu.tw,04-25283556#212、296,商業經營科:133(不限);國際貿易科:135(不限);資料處理科:102(不限);應用英語科:69(不限),439,439,以商業經營科、國際貿易科、資料處理科、應用英語科多元科別為特色;未標示固定資優班公告。,臺中市立豐原商業高級中等學校依商業經營科、國際貿易科、資料處理科、應用英語科規劃專業課程，學習涵蓋商管與數位應用、外語應用，並配置專業科目、實習科目、技能應用與專題實作。,臺中市立豐原商業高級中等學校各專業科別安排實習操作與專題實作，內容對應商管與數位應用、外語應用，並結合設備操作、技能訓練、作品製作或成果發表。,臺中市立豐原商業高級中等學校的固定校車／學生專車服務目前沒有足以確認適用對象與路線的校方制度資訊。,可由臺鐵豐原站轉乘 202、203、900、235 等路線至圓環南路校區周邊，再依校方交通指引步行到校。,學校設有學生宿舍。115學年度高一新生可申請住宿，校方另公布床位分配與入住注意事項。,https://www.google.com/maps/search/?api=1&query=%E8%87%BA%E4%B8%AD%E5%B8%82%E7%AB%8B%E8%B1%90%E5%8E%9F%E5%95%86%E6%A5%AD%E9%AB%98%E7%B4%9A%E4%B8%AD%E7%AD%89%E5%AD%B8%E6%A0%A1%20420305%20%E8%87%BA%E4%B8%AD%E5%B8%82%E8%B1%90%E5%8E%9F%E5%8D%80%E5%9C%93%E7%92%B0%E5%8D%97%E8%B7%AF50%E8%99%9F,https://fyvs.tc.edu.tw/p/412-1085-5010.php,https://fyvs.tc.edu.tw/p/412-1085-5010.php,https://fyvs.tc.edu.tw,https://fyvs.tc.edu.tw/p/412-1085-4982.php,https://fyvs.tc.edu.tw/p/412-1085-5009.php?Lang=zh-tw,https://fyvs.tc.edu.tw,https://fyvs.tc.edu.tw,2026-09-07
,063402,臺中市立大甲工業高級中等學校,公立,中投區免試入學日間部,高職,不限,臺中市,大甲區,437024 臺中市大甲區頂店里開元路71號,https://tcvs.tc.edu.tw,04-26874132#113、120,機械科:67(不限);資訊科:33(不限);電子科:64(不限);電機科:66(不限);建築科:64(不限);製圖科:31(不限),325,325,以機械科、資訊科、電子科、電機科、建築科等多元科別為特色;未標示固定資優班公告。,臺中市立大甲工業高級中等學校依機械科、資訊科、電子科、電機科、建築科、製圖科規劃專業課程，學習涵蓋機械與製造、資電與工程、建築與空間，並配置專業科目、實習科目、技能應用與專題實作。,臺中市立大甲工業高級中等學校各專業科別安排實習操作與專題實作，內容對應機械與製造、資電與工程、建築與空間，並結合設備操作、技能訓練、作品製作或成果發表。,臺中市立大甲工業高級中等學校的固定校車／學生專車服務目前沒有足以確認適用對象與路線的校方制度資訊。,可搭臺鐵至大甲站，再轉乘 181 路往頂店方向，在頂店一帶下車後沿開元路步行至學校。,臺中市立大甲工業高級中等學校的一般招生學生住宿制度目前沒有足以確認適用對象與申請方式的校方制度資訊。,https://www.google.com/maps/search/?api=1&query=%E8%87%BA%E4%B8%AD%E5%B8%82%E7%AB%8B%E5%A4%A7%E7%94%B2%E5%B7%A5%E6%A5%AD%E9%AB%98%E7%B4%9A%E4%B8%AD%E7%AD%89%E5%AD%B8%E6%A0%A1%20437024%20%E8%87%BA%E4%B8%AD%E5%B8%82%E5%A4%A7%E7%94%B2%E5%8D%80%E9%A0%82%E5%BA%97%E9%87%8C%E9%96%8B%E5%85%83%E8%B7%AF71%E8%99%9F,https://tcvs.tc.edu.tw/p/404-1084-46207.php,https://tcvs.tc.edu.tw/p/404-1084-46207.php,https://tcvs.tc.edu.tw,https://www.google.com/maps/search/?api=1&query=%E8%87%BA%E4%B8%AD%E5%B8%82%E7%AB%8B%E5%A4%A7%E7%94%B2%E5%B7%A5%E6%A5%AD%E9%AB%98%E7%B4%9A%E4%B8%AD%E7%AD%89%E5%AD%B8%E6%A0%A1%20437024%20%E8%87%BA%E4%B8%AD%E5%B8%82%E5%A4%A7%E7%94%B2%E5%8D%80%E9%A0%82%E5%BA%97%E9%87%8C%E9%96%8B%E5%85%83%E8%B7%AF71%E8%99%9F,https://tcvs.tc.edu.tw,https://tcvs.tc.edu.tw,https://tcvs.tc.edu.tw,2026-09-07
,063404,臺中市立東勢工業高級中等學校,公立,中投區免試入學日間部,高職,不限,臺中市,東勢區,423311 臺中市東勢區東關路六段1328號,https://tsvs.tc.edu.tw,04-25872136#103,機械科:66(不限);汽車科:68(不限);資訊科:34(不限);電子科:34(不限);電機科:67(不限);建築科:34(不限);化工科:69(不限);製圖科:34(不限);室內空間設計科:34(不限);家具設計科:34(不限),474,474,以機械科、汽車科、資訊科、電子科、電機科等多元科別為特色;未標示固定資優班公告。,臺中市立東勢工業高級中等學校依機械科、汽車科、資訊科、電子科、電機科、建築科規劃專業課程，學習涵蓋機械與製造、資電與工程、建築與空間、工業技術，並配置專業科目、實習科目、技能應用與專題實作。,臺中市立東勢工業高級中等學校各專業科別安排實習操作與專題實作，內容對應機械與製造、資電與工程、建築與空間、工業技術，並結合設備操作、技能訓練、作品製作或成果發表。,臺中市立東勢工業高級中等學校的固定校車／學生專車服務目前沒有足以確認適用對象與路線的校方制度資訊。,可由臺鐵豐原站搭 90、206、207、208 或 209 路往東勢，在東勢高工周邊站點下車後步行到校。,臺中市立東勢工業高級中等學校的一般招生學生住宿制度目前沒有足以確認適用對象與申請方式的校方制度資訊。,https://www.google.com/maps/search/?api=1&query=%E8%87%BA%E4%B8%AD%E5%B8%82%E7%AB%8B%E6%9D%B1%E5%8B%A2%E5%B7%A5%E6%A5%AD%E9%AB%98%E7%B4%9A%E4%B8%AD%E7%AD%89%E5%AD%B8%E6%A0%A1%20423311%20%E8%87%BA%E4%B8%AD%E5%B8%82%E6%9D%B1%E5%8B%A2%E5%8D%80%E6%9D%B1%E9%97%9C%E8%B7%AF%E5%85%AD%E6%AE%B51328%E8%99%9F,https://tsvs.tc.edu.tw,https://tsvs.tc.edu.tw,https://tsvs.tc.edu.tw,https://www.google.com/maps/search/?api=1&query=%E8%87%BA%E4%B8%AD%E5%B8%82%E7%AB%8B%E6%9D%B1%E5%8B%A2%E5%B7%A5%E6%A5%AD%E9%AB%98%E7%B4%9A%E4%B8%AD%E7%AD%89%E5%AD%B8%E6%A0%A1%20423311%20%E8%87%BA%E4%B8%AD%E5%B8%82%E6%9D%B1%E5%8B%A2%E5%8D%80%E6%9D%B1%E9%97%9C%E8%B7%AF%E5%85%AD%E6%AE%B51328%E8%99%9F,https://tsvs.tc.edu.tw,https://tsvs.tc.edu.tw,https://tsvs.tc.edu.tw,2026-09-07
,063407,臺中市立沙鹿工業高級中等學校,公立,中投區免試入學日間部,高職,不限,臺中市,沙鹿區,433029 臺中市沙鹿區臺灣大道七段823號,https://slvs.tc.edu.tw,04-26621795#203、207,機械科:34(不限);汽車科:68(不限);資訊科:33(不限);電子科:33(不限);化工科:70(不限);紡織科(產特):70(不限);染整科(產特):35(不限);製圖科:33(不限);資料處理科:35(不限),411,411,紡織科、染整科為產業特殊需求類科;其餘各科以專業實習、證照與升學就業銜接為特色。,臺中市立沙鹿工業高級中等學校依機械科、汽車科、資訊科、電子科、化工科、紡織科規劃專業課程，學習涵蓋機械與製造、資電與工程、商管與數位應用、工業技術，並配置專業科目、實習科目、技能應用與專題實作。,臺中市立沙鹿工業高級中等學校各專業科別安排實習操作與專題實作，內容對應機械與製造、資電與工程、商管與數位應用、工業技術，並結合設備操作、技能訓練、作品製作或成果發表。,有學生專車。115學年度新生始業輔導由校方安排專車說明，學生可依校方專車制度辦理搭乘。,可搭臺鐵至沙鹿站，再轉乘臺灣大道幹線公車往靜宜大學方向，在沙鹿高工周邊站點下車後步行到校。,臺中市立沙鹿工業高級中等學校的一般招生學生住宿制度目前沒有足以確認適用對象與申請方式的校方制度資訊。,https://www.google.com/maps/search/?api=1&query=%E8%87%BA%E4%B8%AD%E5%B8%82%E7%AB%8B%E6%B2%99%E9%B9%BF%E5%B7%A5%E6%A5%AD%E9%AB%98%E7%B4%9A%E4%B8%AD%E7%AD%89%E5%AD%B8%E6%A0%A1%20433029%20%E8%87%BA%E4%B8%AD%E5%B8%82%E6%B2%99%E9%B9%BF%E5%8D%80%E8%87%BA%E7%81%A3%E5%A4%A7%E9%81%93%E4%B8%83%E6%AE%B5823%E8%99%9F,https://slvs.tc.edu.tw/p/412-1082-11187.php?Lang=zh-tw,https://slvs.tc.edu.tw/p/406-1082-624904%2Cr1671.php?Lang=zh-tw,https://slvs.tc.edu.tw/p/406-1082-622283%2Cr1671.php?Lang=zh-tw,https://www.google.com/maps/search/?api=1&query=%E8%87%BA%E4%B8%AD%E5%B8%82%E7%AB%8B%E6%B2%99%E9%B9%BF%E5%B7%A5%E6%A5%AD%E9%AB%98%E7%B4%9A%E4%B8%AD%E7%AD%89%E5%AD%B8%E6%A0%A1%20433029%20%E8%87%BA%E4%B8%AD%E5%B8%82%E6%B2%99%E9%B9%BF%E5%8D%80%E8%87%BA%E7%81%A3%E5%A4%A7%E9%81%93%E4%B8%83%E6%AE%B5823%E8%99%9F,https://slvs.tc.edu.tw,https://slvs.tc.edu.tw,https://slvs.tc.edu.tw,2026-09-07
,063408,臺中市立霧峰農業工業高級中等學校,公立,中投區免試入學日間部,高職,不限,臺中市,霧峰區,413010 臺中市霧峰區中正路1222號,https://wufai.tc.edu.tw,04-23303118#203,園藝科(產特):35(不限);食品加工科:34(不限);機械科:67(不限);汽車科:34(不限);電子科:69(不限);電機科:68(不限);餐飲管理科:34(不限),341,341,園藝科為產業特殊需求類科;其餘各科以專業實習、證照與升學就業銜接為特色。,臺中市立霧峰農業工業高級中等學校依園藝科、食品加工科、機械科、汽車科、電子科、電機科規劃專業課程，學習涵蓋農業與食品、機械與製造、資電與工程、餐旅與服務，並配置專業科目、實習科目、技能應用與專題實作。,臺中市立霧峰農業工業高級中等學校各專業科別安排實習操作與專題實作，內容對應農業與食品、機械與製造、資電與工程、餐旅與服務，並結合設備操作、技能訓練、作品製作或成果發表。,臺中市立霧峰農業工業高級中等學校的固定校車／學生專車服務目前沒有足以確認適用對象與路線的校方制度資訊。,可由臺中車站或大里轉乘 291 路公車，在「霧峰農工」站下車後步行到校。,臺中市立霧峰農業工業高級中等學校的一般招生學生住宿制度目前沒有足以確認適用對象與申請方式的校方制度資訊。,https://www.google.com/maps/search/?api=1&query=%E8%87%BA%E4%B8%AD%E5%B8%82%E7%AB%8B%E9%9C%A7%E5%B3%B0%E8%BE%B2%E6%A5%AD%E5%B7%A5%E6%A5%AD%E9%AB%98%E7%B4%9A%E4%B8%AD%E7%AD%89%E5%AD%B8%E6%A0%A1%20413010%20%E8%87%BA%E4%B8%AD%E5%B8%82%E9%9C%A7%E5%B3%B0%E5%8D%80%E4%B8%AD%E6%AD%A3%E8%B7%AF1222%E8%99%9F,https://wufai.tc.edu.tw,https://wufai.tc.edu.tw,https://wufai.tc.edu.tw,https://citybus-free.taichung.gov.tw/driving-map?route=291,https://wufai.tc.edu.tw,https://wufai.tc.edu.tw,https://wufai.tc.edu.tw,2026-09-07
,063C01,臺中市立豐原商業高級中等學校進修部,公立,中投區免試入學進修部,進修部,不限,臺中市,豐原區,420305 臺中市豐原區圓環南路50號,https://fyvs.tc.edu.tw,04-25283556#262,商業經營科(夜間班):19(不限);資料處理科(夜間班):12(不限),31,31,"進修部依當年度核定科別開班;官網未標示另設固定資優班,實際班別以進修部公告為準。",臺中市立豐原商業高級中等學校進修部以商業經營科、資料處理科為主要學習科別，課程兼顧一般科目與商管與數位應用專業核心，並依進修學制安排實務與技能應用課程。,臺中市立豐原商業高級中等學校進修部的實作學習依商業經營科、資料處理科配置專業實習與專題實作，重點放在商管與數位應用技能操作、作品製作與成果呈現。,臺中市立豐原商業高級中等學校進修部的固定校車／學生專車服務目前沒有足以確認適用對象與路線的校方制度資訊。,可由臺鐵豐原站轉乘 202、203、900、235 等路線至圓環南路校區周邊，再依校方交通指引步行到校。,臺中市立豐原商業高級中等學校進修部的一般招生學生住宿制度目前沒有足以確認適用對象與申請方式的校方制度資訊。,https://www.google.com/maps/search/?api=1&query=%E8%87%BA%E4%B8%AD%E5%B8%82%E7%AB%8B%E8%B1%90%E5%8E%9F%E5%95%86%E6%A5%AD%E9%AB%98%E7%B4%9A%E4%B8%AD%E7%AD%89%E5%AD%B8%E6%A0%A1%E9%80%B2%E4%BF%AE%E9%83%A8%20420305%20%E8%87%BA%E4%B8%AD%E5%B8%82%E8%B1%90%E5%8E%9F%E5%8D%80%E5%9C%93%E7%92%B0%E5%8D%97%E8%B7%AF50%E8%99%9F,https://fyvs.tc.edu.tw/p/412-1085-5010.php,https://fyvs.tc.edu.tw/p/412-1085-5010.php,https://fyvs.tc.edu.tw,https://fyvs.tc.edu.tw/p/412-1085-4982.php,https://fyvs.tc.edu.tw,https://fyvs.tc.edu.tw,https://fyvs.tc.edu.tw,2026-09-07
,063C02,臺中市立大甲工業高級中等學校進修部,公立,中投區免試入學進修部,進修部,不限,臺中市,大甲區,437024 臺中市大甲區頂店里開元路71號,https://tcvs.tc.edu.tw,04-26874132#502,建築科(夜間班):39(不限),39,39,"進修部依當年度核定科別開班;官網未標示另設固定資優班,實際班別以進修部公告為準。",臺中市立大甲工業高級中等學校進修部以建築科為主要學習科別，課程兼顧一般科目與建築與空間專業核心，並依進修學制安排實務與技能應用課程。,臺中市立大甲工業高級中等學校進修部的實作學習依建築科配置專業實習與專題實作，重點放在建築與空間技能操作、作品製作與成果呈現。,臺中市立大甲工業高級中等學校進修部的固定校車／學生專車服務目前沒有足以確認適用對象與路線的校方制度資訊。,可搭臺鐵至大甲站，再轉乘 181 路往頂店方向，在頂店一帶下車後沿開元路步行至學校。,臺中市立大甲工業高級中等學校進修部的一般招生學生住宿制度目前沒有足以確認適用對象與申請方式的校方制度資訊。,https://www.google.com/maps/search/?api=1&query=%E8%87%BA%E4%B8%AD%E5%B8%82%E7%AB%8B%E5%A4%A7%E7%94%B2%E5%B7%A5%E6%A5%AD%E9%AB%98%E7%B4%9A%E4%B8%AD%E7%AD%89%E5%AD%B8%E6%A0%A1%E9%80%B2%E4%BF%AE%E9%83%A8%20437024%20%E8%87%BA%E4%B8%AD%E5%B8%82%E5%A4%A7%E7%94%B2%E5%8D%80%E9%A0%82%E5%BA%97%E9%87%8C%E9%96%8B%E5%85%83%E8%B7%AF71%E8%99%9F,https://tcvs.tc.edu.tw/p/404-1084-46207.php,https://tcvs.tc.edu.tw/p/404-1084-46207.php,https://tcvs.tc.edu.tw,https://www.google.com/maps/search/?api=1&query=%E8%87%BA%E4%B8%AD%E5%B8%82%E7%AB%8B%E5%A4%A7%E7%94%B2%E5%B7%A5%E6%A5%AD%E9%AB%98%E7%B4%9A%E4%B8%AD%E7%AD%89%E5%AD%B8%E6%A0%A1%E9%80%B2%E4%BF%AE%E9%83%A8%20437024%20%E8%87%BA%E4%B8%AD%E5%B8%82%E5%A4%A7%E7%94%B2%E5%8D%80%E9%A0%82%E5%BA%97%E9%87%8C%E9%96%8B%E5%85%83%E8%B7%AF71%E8%99%9F,https://tcvs.tc.edu.tw,https://tcvs.tc.edu.tw,https://tcvs.tc.edu.tw,2026-09-07
,063C04,臺中市立東勢工業高級中等學校進修部,公立,中投區免試入學進修部,進修部,不限,臺中市,東勢區,423311 臺中市東勢區東關路六段1328號,https://tsvs.tc.edu.tw,04-25872136#607,機械科(夜間班):39(不限),39,39,"進修部依當年度核定科別開班;官網未標示另設固定資優班,實際班別以進修部公告為準。",臺中市立東勢工業高級中等學校進修部以機械科為主要學習科別，課程兼顧一般科目與機械與製造專業核心，並依進修學制安排實務與技能應用課程。,臺中市立東勢工業高級中等學校進修部的實作學習依機械科配置專業實習與專題實作，重點放在機械與製造技能操作、作品製作與成果呈現。,臺中市立東勢工業高級中等學校進修部的固定校車／學生專車服務目前沒有足以確認適用對象與路線的校方制度資訊。,可由臺鐵豐原站搭 90、206、207、208 或 209 路往東勢，在東勢高工周邊站點下車後步行到校。,臺中市立東勢工業高級中等學校進修部的一般招生學生住宿制度目前沒有足以確認適用對象與申請方式的校方制度資訊。,https://www.google.com/maps/search/?api=1&query=%E8%87%BA%E4%B8%AD%E5%B8%82%E7%AB%8B%E6%9D%B1%E5%8B%A2%E5%B7%A5%E6%A5%AD%E9%AB%98%E7%B4%9A%E4%B8%AD%E7%AD%89%E5%AD%B8%E6%A0%A1%E9%80%B2%E4%BF%AE%E9%83%A8%20423311%20%E8%87%BA%E4%B8%AD%E5%B8%82%E6%9D%B1%E5%8B%A2%E5%8D%80%E6%9D%B1%E9%97%9C%E8%B7%AF%E5%85%AD%E6%AE%B51328%E8%99%9F,https://tsvs.tc.edu.tw,https://tsvs.tc.edu.tw,https://tsvs.tc.edu.tw,https://www.google.com/maps/search/?api=1&query=%E8%87%BA%E4%B8%AD%E5%B8%82%E7%AB%8B%E6%9D%B1%E5%8B%A2%E5%B7%A5%E6%A5%AD%E9%AB%98%E7%B4%9A%E4%B8%AD%E7%AD%89%E5%AD%B8%E6%A0%A1%E9%80%B2%E4%BF%AE%E9%83%A8%20423311%20%E8%87%BA%E4%B8%AD%E5%B8%82%E6%9D%B1%E5%8B%A2%E5%8D%80%E6%9D%B1%E9%97%9C%E8%B7%AF%E5%85%AD%E6%AE%B51328%E8%99%9F,https://tsvs.tc.edu.tw,https://tsvs.tc.edu.tw,https://tsvs.tc.edu.tw,2026-09-07
,063C07,臺中市立沙鹿工業高級中等學校進修部,公立,中投區免試入學進修部,進修部,不限,臺中市,沙鹿區,433029 臺中市沙鹿區臺灣大道七段823號,https://slvs.tc.edu.tw,04-26621795#262,機械科(夜間班):36(不限);汽車科(夜間班):36(不限);電子科(夜間班):36(不限);紡織科(產特)(夜間班):36(不限),144,144,"進修部設紡織科(夜間班)產業特殊需求類科;其餘依核定夜間/日間班辦理,未另設資優班。",臺中市立沙鹿工業高級中等學校進修部以機械科、汽車科、電子科、紡織科為主要學習科別，課程兼顧一般科目與機械與製造、資電與工程、工業技術專業核心，並依進修學制安排實務與技能應用課程。,臺中市立沙鹿工業高級中等學校進修部的實作學習依機械科、汽車科、電子科、紡織科配置專業實習與專題實作，重點放在機械與製造、資電與工程、工業技術技能操作、作品製作與成果呈現。,臺中市立沙鹿工業高級中等學校進修部的固定校車／學生專車服務目前沒有足以確認適用對象與路線的校方制度資訊。,可搭臺鐵至沙鹿站，再轉乘臺灣大道幹線公車往靜宜大學方向，在沙鹿高工周邊站點下車後步行到校。,臺中市立沙鹿工業高級中等學校進修部的一般招生學生住宿制度目前沒有足以確認適用對象與申請方式的校方制度資訊。,https://www.google.com/maps/search/?api=1&query=%E8%87%BA%E4%B8%AD%E5%B8%82%E7%AB%8B%E6%B2%99%E9%B9%BF%E5%B7%A5%E6%A5%AD%E9%AB%98%E7%B4%9A%E4%B8%AD%E7%AD%89%E5%AD%B8%E6%A0%A1%E9%80%B2%E4%BF%AE%E9%83%A8%20433029%20%E8%87%BA%E4%B8%AD%E5%B8%82%E6%B2%99%E9%B9%BF%E5%8D%80%E8%87%BA%E7%81%A3%E5%A4%A7%E9%81%93%E4%B8%83%E6%AE%B5823%E8%99%9F,https://slvs.tc.edu.tw/p/412-1082-11187.php?Lang=zh-tw,https://slvs.tc.edu.tw/p/406-1082-624904%2Cr1671.php?Lang=zh-tw,https://slvs.tc.edu.tw,https://www.google.com/maps/search/?api=1&query=%E8%87%BA%E4%B8%AD%E5%B8%82%E7%AB%8B%E6%B2%99%E9%B9%BF%E5%B7%A5%E6%A5%AD%E9%AB%98%E7%B4%9A%E4%B8%AD%E7%AD%89%E5%AD%B8%E6%A0%A1%E9%80%B2%E4%BF%AE%E9%83%A8%20433029%20%E8%87%BA%E4%B8%AD%E5%B8%82%E6%B2%99%E9%B9%BF%E5%8D%80%E8%87%BA%E7%81%A3%E5%A4%A7%E9%81%93%E4%B8%83%E6%AE%B5823%E8%99%9F,https://slvs.tc.edu.tw,https://slvs.tc.edu.tw,https://slvs.tc.edu.tw,2026-09-07
,063C08,臺中市立霧峰農業工業高級中等學校進修部,公立,中投區免試入學進修部,進修部,不限,臺中市,霧峰區,413010 臺中市霧峰區中正路1222號,https://wufai.tc.edu.tw,04-23303118#802,食品加工科(夜間班):22(不限);汽車科(夜間班):22(不限),44,44,"進修部依當年度核定科別開班;官網未標示另設固定資優班,實際班別以進修部公告為準。",臺中市立霧峰農業工業高級中等學校進修部以食品加工科、汽車科為主要學習科別，課程兼顧一般科目與農業與食品、機械與製造專業核心，並依進修學制安排實務與技能應用課程。,臺中市立霧峰農業工業高級中等學校進修部的實作學習依食品加工科、汽車科配置專業實習與專題實作，重點放在農業與食品、機械與製造技能操作、作品製作與成果呈現。,臺中市立霧峰農業工業高級中等學校進修部的固定校車／學生專車服務目前沒有足以確認適用對象與路線的校方制度資訊。,可由臺中車站或大里轉乘 291 路公車，在「霧峰農工」站下車後步行到校。,臺中市立霧峰農業工業高級中等學校進修部的一般招生學生住宿制度目前沒有足以確認適用對象與申請方式的校方制度資訊。,https://www.google.com/maps/search/?api=1&query=%E8%87%BA%E4%B8%AD%E5%B8%82%E7%AB%8B%E9%9C%A7%E5%B3%B0%E8%BE%B2%E6%A5%AD%E5%B7%A5%E6%A5%AD%E9%AB%98%E7%B4%9A%E4%B8%AD%E7%AD%89%E5%AD%B8%E6%A0%A1%E9%80%B2%E4%BF%AE%E9%83%A8%20413010%20%E8%87%BA%E4%B8%AD%E5%B8%82%E9%9C%A7%E5%B3%B0%E5%8D%80%E4%B8%AD%E6%AD%A3%E8%B7%AF1222%E8%99%9F,https://wufai.tc.edu.tw,https://wufai.tc.edu.tw,https://wufai.tc.edu.tw,https://citybus-free.taichung.gov.tw/driving-map?route=291,https://wufai.tc.edu.tw,https://wufai.tc.edu.tw,https://wufai.tc.edu.tw,2026-09-07
,064308,臺中市立后綜高級中學,公立,中投區免試入學日間部,高中,不限,臺中市,后里區,421303 臺中市后里區三豐路三段968號,https://hzsh.tc.edu.tw,04-25562012#1107,普通科:264(不限),264,264,校方官網未標示固定資優班/特色班招生;實際班別與校本特色課程依當年度公告。,臺中市立后綜高級中學普通高中課程以語文、數理、社會、自然與科技領域為基礎，搭配校訂必修、多元選修、探究與實作及自主學習，讓學生依升學與興趣規劃加深加廣學習。,高中部自然組設有物理、化學、生物專題選修，並搭配多元選修、探究實作與自主學習成果。,有學生專車。115學年度開學專車規劃 8 台車，校方公布路線、時間、停靠站照片與搭乘登記方式。,可搭臺鐵至后里站，再轉乘后里市區公車至三豐路、后綜高中周邊；也可由后里站以自行車銜接校區。,臺中市立后綜高級中學的一般招生學生住宿制度目前沒有足以確認適用對象與申請方式的校方制度資訊。,https://www.google.com/maps/search/?api=1&query=%E8%87%BA%E4%B8%AD%E5%B8%82%E7%AB%8B%E5%90%8E%E7%B6%9C%E9%AB%98%E7%B4%9A%E4%B8%AD%E5%AD%B8%20421303%20%E8%87%BA%E4%B8%AD%E5%B8%82%E5%90%8E%E9%87%8C%E5%8D%80%E4%B8%89%E8%B1%90%E8%B7%AF%E4%B8%89%E6%AE%B5968%E8%99%9F,https://hzsh.tc.edu.tw/p/406-1071-618575%2Cr783.php,https://hzsh.tc.edu.tw/p/406-1071-618575%2Cr783.php,https://hzsh.tc.edu.tw/p/406-1071-621757%2Cr906.php,https://www.google.com/maps/search/?api=1&query=%E8%87%BA%E4%B8%AD%E5%B8%82%E7%AB%8B%E5%90%8E%E7%B6%9C%E9%AB%98%E7%B4%9A%E4%B8%AD%E5%AD%B8%20421303%20%E8%87%BA%E4%B8%AD%E5%B8%82%E5%90%8E%E9%87%8C%E5%8D%80%E4%B8%89%E8%B1%90%E8%B7%AF%E4%B8%89%E6%AE%B5968%E8%99%9F,https://hzsh.tc.edu.tw,https://hzsh.tc.edu.tw,https://hzsh.tc.edu.tw,2026-09-07
,064324,臺中市立大里高級中學,公立,中投區免試入學日間部,高中,不限,臺中市,大里區,臺中市大里區國中路365號,https://dlsh.tc.edu.tw,04-24067870#215,普通科:188(不限),188,188,校方官網未標示固定資優班/特色班招生;實際班別與校本特色課程依當年度公告。,臺中市立大里高級中學普通高中課程以語文、數理、社會、自然與科技領域為基礎，搭配校訂必修、多元選修、探究與實作及自主學習，讓學生依升學與興趣規劃加深加廣學習。,臺中市立大里高級中學的實作學習以自然科探究與實作、社會議題探究、校訂課程及自主學習成果為主，學生可透過實驗、研究報告、作品或成果發表完成學習成果。,臺中市立大里高級中學的固定校車／學生專車服務目前沒有足以確認適用對象與路線的校方制度資訊。,可由臺中車站轉乘往大里、仁化方向市區公車，在國中路、大里高中周邊站點下車後步行到校。,臺中市立大里高級中學的一般招生學生住宿制度目前沒有足以確認適用對象與申請方式的校方制度資訊。,https://www.google.com/maps/search/?api=1&query=%E8%87%BA%E4%B8%AD%E5%B8%82%E7%AB%8B%E5%A4%A7%E9%87%8C%E9%AB%98%E7%B4%9A%E4%B8%AD%E5%AD%B8%20%E8%87%BA%E4%B8%AD%E5%B8%82%E5%A4%A7%E9%87%8C%E5%8D%80%E5%9C%8B%E4%B8%AD%E8%B7%AF365%E8%99%9F,https://dlsh.tc.edu.tw,https://dlsh.tc.edu.tw,https://dlsh.tc.edu.tw,https://www.google.com/maps/search/?api=1&query=%E8%87%BA%E4%B8%AD%E5%B8%82%E7%AB%8B%E5%A4%A7%E9%87%8C%E9%AB%98%E7%B4%9A%E4%B8%AD%E5%AD%B8%20%E8%87%BA%E4%B8%AD%E5%B8%82%E5%A4%A7%E9%87%8C%E5%8D%80%E5%9C%8B%E4%B8%AD%E8%B7%AF365%E8%99%9F,https://dlsh.tc.edu.tw,https://dlsh.tc.edu.tw,https://dlsh.tc.edu.tw,2026-09-07
,064328,臺中市立新社高級中學,公立,中投區免試入學日間部,綜高,不限,臺中市,新社區,臺中市新社區中和街三段國中巷10號,https://sshs.tc.edu.tw,04-25812116#213,普通科:130(不限);農場經營科(產特):30(不限);園藝科(產特):29(不限);商業經營科:33(不限);資料處理科:30(不限),252,252,"體育班(自行車、射擊等專長);農場經營、園藝為產業特殊需求類科,並發展在地農業特色。",臺中市立新社高級中學同時提供普通／綜合高中學習與農場經營科、園藝科、商業經營科、資料處理科等專業方向；一般課程搭配校訂必修、多元選修與探究實作，專業類科則發展農業與食品、商管與數位應用實務能力。,臺中市立新社高級中學普通／綜合高中端以自然科與社會領域探究、自主學習成果為主；專業類科另安排農業與食品、商管與數位應用實習與專題實作，形成研究與技能並行的實作學習。,臺中市立新社高級中學的固定校車／學生專車服務目前沒有足以確認適用對象與路線的校方制度資訊。,可由臺鐵豐原站搭 91 路往新社，抵新社市區後於中和街三段、學校周邊站點下車。,臺中市立新社高級中學的一般招生學生住宿制度目前沒有足以確認適用對象與申請方式的校方制度資訊。,https://www.google.com/maps/search/?api=1&query=%E8%87%BA%E4%B8%AD%E5%B8%82%E7%AB%8B%E6%96%B0%E7%A4%BE%E9%AB%98%E7%B4%9A%E4%B8%AD%E5%AD%B8%20%E8%87%BA%E4%B8%AD%E5%B8%82%E6%96%B0%E7%A4%BE%E5%8D%80%E4%B8%AD%E5%92%8C%E8%A1%97%E4%B8%89%E6%AE%B5%E5%9C%8B%E4%B8%AD%E5%B7%B710%E8%99%9F,https://sshs.tc.edu.tw,https://sshs.tc.edu.tw,https://sshs.tc.edu.tw,https://www.google.com/maps/search/?api=1&query=%E8%87%BA%E4%B8%AD%E5%B8%82%E7%AB%8B%E6%96%B0%E7%A4%BE%E9%AB%98%E7%B4%9A%E4%B8%AD%E5%AD%B8%20%E8%87%BA%E4%B8%AD%E5%B8%82%E6%96%B0%E7%A4%BE%E5%8D%80%E4%B8%AD%E5%92%8C%E8%A1%97%E4%B8%89%E6%AE%B5%E5%9C%8B%E4%B8%AD%E5%B7%B710%E8%99%9F,https://sshs.tc.edu.tw,https://sshs.tc.edu.tw,https://sshs.tc.edu.tw,2026-09-07
,064336,臺中市立長億高級中學,公立,中投區免試入學日間部,高中,不限,臺中市,太平區,臺中市太平區長億里長億六街1號,https://cyhs.tc.edu.tw,04-22704022#112,普通科:195(不限),195,195,"發展國際雙語教育、雙語實驗課程、美術班與體育班,實際招生與編班依年度公告。",普通高中課程以核心學科為基礎，另發展國際雙語、美術與體育特色，搭配多元選修、校訂課程及自主學習。,臺中市立長億高級中學的實作學習以自然科探究與實作、社會議題探究、校訂課程及自主學習成果為主，學生可透過實驗、研究報告、作品或成果發表完成學習成果。,臺中市立長億高級中學的固定校車／學生專車服務目前沒有足以確認適用對象與路線的校方制度資訊。,可由臺中車站或臺鐵太原站轉乘往太平方向市區公車，在長億六街、長億高中周邊站點下車後步行到校。,臺中市立長億高級中學的一般招生學生住宿制度目前沒有足以確認適用對象與申請方式的校方制度資訊。,https://www.google.com/maps/search/?api=1&query=%E8%87%BA%E4%B8%AD%E5%B8%82%E7%AB%8B%E9%95%B7%E5%84%84%E9%AB%98%E7%B4%9A%E4%B8%AD%E5%AD%B8%20%E8%87%BA%E4%B8%AD%E5%B8%82%E5%A4%AA%E5%B9%B3%E5%8D%80%E9%95%B7%E5%84%84%E9%87%8C%E9%95%B7%E5%84%84%E5%85%AD%E8%A1%971%E8%99%9F,https://cyhs.tc.edu.tw,https://cyhs.tc.edu.tw,https://cyhs.tc.edu.tw,https://www.google.com/maps/search/?api=1&query=%E8%87%BA%E4%B8%AD%E5%B8%82%E7%AB%8B%E9%95%B7%E5%84%84%E9%AB%98%E7%B4%9A%E4%B8%AD%E5%AD%B8%20%E8%87%BA%E4%B8%AD%E5%B8%82%E5%A4%AA%E5%B9%B3%E5%8D%80%E9%95%B7%E5%84%84%E9%87%8C%E9%95%B7%E5%84%84%E5%85%AD%E8%A1%971%E8%99%9F,https://cyhs.tc.edu.tw,https://cyhs.tc.edu.tw,https://cyhs.tc.edu.tw,2026-09-07
,064342,臺中市立中港高級中學,公立,中投區免試入學日間部,高中,不限,臺中市,梧棲區,臺中市梧棲區文昌路400號,https://cgsh.tc.edu.tw,04-26578270#9202,普通科:198(不限),198,198,校方官網未標示固定資優班/特色班招生;實際班別與校本特色課程依當年度公告。,臺中市立中港高級中學普通高中課程以語文、數理、社會、自然與科技領域為基礎，搭配校訂必修、多元選修、探究與實作及自主學習，讓學生依升學與興趣規劃加深加廣學習。,臺中市立中港高級中學的實作學習以自然科探究與實作、社會議題探究、校訂課程及自主學習成果為主，學生可透過實驗、研究報告、作品或成果發表完成學習成果。,臺中市立中港高級中學的固定校車／學生專車服務目前沒有足以確認適用對象與路線的校方制度資訊。,可由臺鐵清水或沙鹿站轉乘往梧棲方向市區公車，在文昌路、中港高中周邊站點下車後步行到校。,臺中市立中港高級中學的一般招生學生住宿制度目前沒有足以確認適用對象與申請方式的校方制度資訊。,https://www.google.com/maps/search/?api=1&query=%E8%87%BA%E4%B8%AD%E5%B8%82%E7%AB%8B%E4%B8%AD%E6%B8%AF%E9%AB%98%E7%B4%9A%E4%B8%AD%E5%AD%B8%20%E8%87%BA%E4%B8%AD%E5%B8%82%E6%A2%A7%E6%A3%B2%E5%8D%80%E6%96%87%E6%98%8C%E8%B7%AF400%E8%99%9F,https://cgsh.tc.edu.tw/p/412-1070-11268.php?Lang=zh-tw,https://cgsh.tc.edu.tw/p/412-1070-11268.php?Lang=zh-tw,https://cgsh.tc.edu.tw,https://www.google.com/maps/search/?api=1&query=%E8%87%BA%E4%B8%AD%E5%B8%82%E7%AB%8B%E4%B8%AD%E6%B8%AF%E9%AB%98%E7%B4%9A%E4%B8%AD%E5%AD%B8%20%E8%87%BA%E4%B8%AD%E5%B8%82%E6%A2%A7%E6%A3%B2%E5%8D%80%E6%96%87%E6%98%8C%E8%B7%AF400%E8%99%9F,https://cgsh.tc.edu.tw,https://cgsh.tc.edu.tw,https://cgsh.tc.edu.tw,2026-09-07
,064350,臺中市立龍津高級中等學校,公立,中投區免試入學日間部,高中,不限,臺中市,龍井區,臺中市龍井區三港路130號,https://ljjhs.tc.edu.tw,04-26304536#714、710,普通科:118(不限),118,118,高中部設美術班、體育班;普通班另發展海洋教育、跨域與國際教育課程。,普通高中課程結合美術、體育、海洋教育、跨域與國際教育，透過校訂課程與多元選修延伸在地與跨域學習。,臺中市立龍津高級中等學校的實作學習以自然科探究與實作、社會議題探究、校訂課程及自主學習成果為主，學生可透過實驗、研究報告、作品或成果發表完成學習成果。,臺中市立龍津高級中等學校的固定校車／學生專車服務目前沒有足以確認適用對象與路線的校方制度資訊。,可由臺鐵龍井站或沙鹿站轉乘往龍井、麗水方向市區公車，在三港路、龍津高中周邊站點下車後步行到校。,臺中市立龍津高級中等學校的一般招生學生住宿制度目前沒有足以確認適用對象與申請方式的校方制度資訊。,https://www.google.com/maps/search/?api=1&query=%E8%87%BA%E4%B8%AD%E5%B8%82%E7%AB%8B%E9%BE%8D%E6%B4%A5%E9%AB%98%E7%B4%9A%E4%B8%AD%E7%AD%89%E5%AD%B8%E6%A0%A1%20%E8%87%BA%E4%B8%AD%E5%B8%82%E9%BE%8D%E4%BA%95%E5%8D%80%E4%B8%89%E6%B8%AF%E8%B7%AF130%E8%99%9F,https://ljjhs.tc.edu.tw,https://ljjhs.tc.edu.tw,https://ljjhs.tc.edu.tw,https://www.google.com/maps/search/?api=1&query=%E8%87%BA%E4%B8%AD%E5%B8%82%E7%AB%8B%E9%BE%8D%E6%B4%A5%E9%AB%98%E7%B4%9A%E4%B8%AD%E7%AD%89%E5%AD%B8%E6%A0%A1%20%E8%87%BA%E4%B8%AD%E5%B8%82%E9%BE%8D%E4%BA%95%E5%8D%80%E4%B8%89%E6%B8%AF%E8%B7%AF130%E8%99%9F,https://ljjhs.tc.edu.tw,https://ljjhs.tc.edu.tw,https://ljjhs.tc.edu.tw,2026-09-07
,064406,臺中市立神岡工業高級中等學校,公立,中投區免試入學日間部,高職,不限,臺中市,神岡區,臺中市神岡區中山路627號,https://sgihs.tc.edu.tw,04-25623421#612,機械科:59(不限),59,59,校方官網未標示固定資優班/特色班招生;實際班別與校本特色課程依當年度公告。,臺中市立神岡工業高級中等學校依機械科規劃專業課程，學習涵蓋機械與製造，並配置專業科目、實習科目、技能應用與專題實作。,臺中市立神岡工業高級中等學校各專業科別安排實習操作與專題實作，內容對應機械與製造，並結合設備操作、技能訓練、作品製作或成果發表。,臺中市立神岡工業高級中等學校的固定校車／學生專車服務目前沒有足以確認適用對象與路線的校方制度資訊。,可由臺鐵豐原站轉乘往神岡、大雅方向市區公車，在中山路、神岡工業高中周邊站點下車後步行到校。,臺中市立神岡工業高級中等學校的一般招生學生住宿制度目前沒有足以確認適用對象與申請方式的校方制度資訊。,https://www.google.com/maps/search/?api=1&query=%E8%87%BA%E4%B8%AD%E5%B8%82%E7%AB%8B%E7%A5%9E%E5%B2%A1%E5%B7%A5%E6%A5%AD%E9%AB%98%E7%B4%9A%E4%B8%AD%E7%AD%89%E5%AD%B8%E6%A0%A1%20%E8%87%BA%E4%B8%AD%E5%B8%82%E7%A5%9E%E5%B2%A1%E5%8D%80%E4%B8%AD%E5%B1%B1%E8%B7%AF627%E8%99%9F,https://sgihs.tc.edu.tw,https://sgihs.tc.edu.tw,https://sgihs.tc.edu.tw,https://www.google.com/maps/search/?api=1&query=%E8%87%BA%E4%B8%AD%E5%B8%82%E7%AB%8B%E7%A5%9E%E5%B2%A1%E5%B7%A5%E6%A5%AD%E9%AB%98%E7%B4%9A%E4%B8%AD%E7%AD%89%E5%AD%B8%E6%A0%A1%20%E8%87%BA%E4%B8%AD%E5%B8%82%E7%A5%9E%E5%B2%A1%E5%8D%80%E4%B8%AD%E5%B1%B1%E8%B7%AF627%E8%99%9F,https://sgihs.tc.edu.tw,https://sgihs.tc.edu.tw,https://sgihs.tc.edu.tw,2026-09-07
,064B08,臺中市立后綜高級中學進修部,公立,中投區免試入學進修部,進修部,不限,臺中市,后里區,421303 臺中市后里區三豐路三段968號,https://hzsh.tc.edu.tw,04-25562012#3151、3152,普通科(夜間班):25(不限),25,25,"進修部依當年度核定科別開班;官網未標示另設固定資優班,實際班別以進修部公告為準。",臺中市立后綜高級中學進修部以普通科為主要學習科別，課程兼顧一般科目與專業技能與實務應用專業核心，並依進修學制安排實務與技能應用課程。,臺中市立后綜高級中學進修部的實作學習依普通科配置專業實習與專題實作，重點放在專業技能與實務應用技能操作、作品製作與成果呈現。,臺中市立后綜高級中學進修部的固定校車／學生專車服務目前沒有足以確認適用對象與路線的校方制度資訊。,可搭臺鐵至后里站，再轉乘后里市區公車至三豐路、后綜高中周邊；也可由后里站以自行車銜接校區。,臺中市立后綜高級中學進修部的一般招生學生住宿制度目前沒有足以確認適用對象與申請方式的校方制度資訊。,https://www.google.com/maps/search/?api=1&query=%E8%87%BA%E4%B8%AD%E5%B8%82%E7%AB%8B%E5%90%8E%E7%B6%9C%E9%AB%98%E7%B4%9A%E4%B8%AD%E5%AD%B8%E9%80%B2%E4%BF%AE%E9%83%A8%20421303%20%E8%87%BA%E4%B8%AD%E5%B8%82%E5%90%8E%E9%87%8C%E5%8D%80%E4%B8%89%E8%B1%90%E8%B7%AF%E4%B8%89%E6%AE%B5968%E8%99%9F,https://hzsh.tc.edu.tw/p/404-1071-559923.php,https://hzsh.tc.edu.tw/p/406-1071-618575%2Cr783.php,https://hzsh.tc.edu.tw,https://www.google.com/maps/search/?api=1&query=%E8%87%BA%E4%B8%AD%E5%B8%82%E7%AB%8B%E5%90%8E%E7%B6%9C%E9%AB%98%E7%B4%9A%E4%B8%AD%E5%AD%B8%E9%80%B2%E4%BF%AE%E9%83%A8%20421303%20%E8%87%BA%E4%B8%AD%E5%B8%82%E5%90%8E%E9%87%8C%E5%8D%80%E4%B8%89%E8%B1%90%E8%B7%AF%E4%B8%89%E6%AE%B5968%E8%99%9F,https://hzsh.tc.edu.tw,https://hzsh.tc.edu.tw,https://hzsh.tc.edu.tw,2026-09-07
,071414,彰化縣私立達德高級商工職業學校,私立,中投區免試入學日間部,高職,不限,彰化縣,田中鎮,520 彰化縣田中鎮中南路二段277號,https://www.tdvs.chc.edu.tw,04-8753929#108,汽車科:2(不限);電機科:1(不限);資料處理科:1(不限);餐飲管理科:2(不限);幼兒保育科:2(不限);美容科:1(不限),9,9,以汽車科、電機科、資料處理科、餐飲管理科、幼兒保育科等多元科別為特色;未標示固定資優班公告。,彰化縣私立達德高級商工職業學校依汽車科、電機科、資料處理科、餐飲管理科、幼兒保育科、美容科規劃專業課程，學習涵蓋機械與製造、資電與工程、商管與數位應用、餐旅與服務，並配置專業科目、實習科目、技能應用與專題實作。,彰化縣私立達德高級商工職業學校各專業科別安排實習操作與專題實作，內容對應機械與製造、資電與工程、商管與數位應用、餐旅與服務，並結合設備操作、技能訓練、作品製作或成果發表。,有校車。115學年度第1學期校方公布新生訓練、開學校車路線與停放位置，並提供智慧交通車查詢。,可搭臺鐵至田中站，再轉乘彰化客運往田中、二水方向，在中南路校址周邊下車後步行到校。,彰化縣私立達德高級商工職業學校的一般招生學生住宿制度目前沒有足以確認適用對象與申請方式的校方制度資訊。,https://www.google.com/maps/search/?api=1&query=%E5%BD%B0%E5%8C%96%E7%B8%A3%E7%A7%81%E7%AB%8B%E9%81%94%E5%BE%B7%E9%AB%98%E7%B4%9A%E5%95%86%E5%B7%A5%E8%81%B7%E6%A5%AD%E5%AD%B8%E6%A0%A1%20520%20%E5%BD%B0%E5%8C%96%E7%B8%A3%E7%94%B0%E4%B8%AD%E9%8E%AE%E4%B8%AD%E5%8D%97%E8%B7%AF%E4%BA%8C%E6%AE%B5277%E8%99%9F,https://www.tdvs.chc.edu.tw,https://www.tdvs.chc.edu.tw,https://www.tdvs.chc.edu.tw/www/dwc021/,https://www.google.com/maps/search/?api=1&query=%E5%BD%B0%E5%8C%96%E7%B8%A3%E7%A7%81%E7%AB%8B%E9%81%94%E5%BE%B7%E9%AB%98%E7%B4%9A%E5%95%86%E5%B7%A5%E8%81%B7%E6%A5%AD%E5%AD%B8%E6%A0%A1%20520%20%E5%BD%B0%E5%8C%96%E7%B8%A3%E7%94%B0%E4%B8%AD%E9%8E%AE%E4%B8%AD%E5%8D%97%E8%B7%AF%E4%BA%8C%E6%AE%B5277%E8%99%9F,https://www.tdvs.chc.edu.tw,https://www.tdvs.chc.edu.tw,https://www.tdvs.chc.edu.tw,2026-09-07
,080302,國立南投高級中學,公立,中投區免試入學日間部,綜高,不限,南投縣,南投市,540 南投縣南投市建國路137號,https://www.ntsh.ntct.edu.tw,049-2231175#307、308,普通科:198(不限);電子科:31(不限);電機科:32(不限);建築科:32(不限);美工科:31(不限);電腦機械製圖科:31(不限);電子商務科:32(不限);應用英語科:33(不限),420,420,設雙語實驗班、音樂班等特色學習;普通科與電子、電機、建築、設計、商管外語類科並行。,國立南投高級中學同時提供普通／綜合高中學習與電子科、電機科、建築科、美工科、電腦機械製圖科等專業方向；一般課程搭配校訂必修、多元選修與探究實作，專業類科則發展機械與製造、資電與工程、建築與空間、商管與數位應用實務能力。,國立南投高級中學普通／綜合高中端以自然科與社會領域探究、自主學習成果為主；專業類科另安排機械與製造、資電與工程、建築與空間、商管與數位應用實習與專題實作，形成研究與技能並行的實作學習。,國立南投高級中學的固定校車／學生專車服務目前沒有足以確認適用對象與路線的校方制度資訊。,可搭臺中往南投的客運至南投市區或南投轉運站，再轉乘市區公車至建國路、南投高中周邊下車。,國立南投高級中學的一般招生學生住宿制度目前沒有足以確認適用對象與申請方式的校方制度資訊。,https://www.google.com/maps/search/?api=1&query=%E5%9C%8B%E7%AB%8B%E5%8D%97%E6%8A%95%E9%AB%98%E7%B4%9A%E4%B8%AD%E5%AD%B8%20540%20%E5%8D%97%E6%8A%95%E7%B8%A3%E5%8D%97%E6%8A%95%E5%B8%82%E5%BB%BA%E5%9C%8B%E8%B7%AF137%E8%99%9F,https://www.ntsh.ntct.edu.tw,https://www.ntsh.ntct.edu.tw,https://www.ntsh.ntct.edu.tw,https://www.google.com/maps/search/?api=1&query=%E5%9C%8B%E7%AB%8B%E5%8D%97%E6%8A%95%E9%AB%98%E7%B4%9A%E4%B8%AD%E5%AD%B8%20540%20%E5%8D%97%E6%8A%95%E7%B8%A3%E5%8D%97%E6%8A%95%E5%B8%82%E5%BB%BA%E5%9C%8B%E8%B7%AF137%E8%99%9F,https://www.ntsh.ntct.edu.tw,https://www.ntsh.ntct.edu.tw,https://www.ntsh.ntct.edu.tw,2026-09-07
,080305,國立中興高級中學,公立,中投區免試入學日間部,高中,不限,南投縣,南投市,54044 南投縣南投市中興新村中學路2號,https://www.chsh.ntct.edu.tw,049-2332110#1203、1207,普通科:350(不限),350,350,校方設有資優班鑑定暨特色班招生專區;實際班別、名額與鑑定方式依當年度公告。,國立中興高級中學普通高中課程以語文、數理、社會、自然與科技領域為基礎，搭配校訂必修、多元選修、探究與實作及自主學習，讓學生依升學與興趣規劃加深加廣學習。,國立中興高級中學的實作學習以自然科探究與實作、社會議題探究、校訂課程及自主學習成果為主，學生可透過實驗、研究報告、作品或成果發表完成學習成果。,國立中興高級中學的固定校車／學生專車服務目前沒有足以確認適用對象與路線的校方制度資訊。,可由臺中或高鐵臺中站搭往南投／中興新村方向客運，在中興新村下車後步行至中學路校區。,國立中興高級中學的一般招生學生住宿制度目前沒有足以確認適用對象與申請方式的校方制度資訊。,https://www.google.com/maps/search/?api=1&query=%E5%9C%8B%E7%AB%8B%E4%B8%AD%E8%88%88%E9%AB%98%E7%B4%9A%E4%B8%AD%E5%AD%B8%2054044%20%E5%8D%97%E6%8A%95%E7%B8%A3%E5%8D%97%E6%8A%95%E5%B8%82%E4%B8%AD%E8%88%88%E6%96%B0%E6%9D%91%E4%B8%AD%E5%AD%B8%E8%B7%AF2%E8%99%9F,https://www.chsh.ntct.edu.tw,https://www.chsh.ntct.edu.tw,https://www.chsh.ntct.edu.tw,https://www.google.com/maps/search/?api=1&query=%E5%9C%8B%E7%AB%8B%E4%B8%AD%E8%88%88%E9%AB%98%E7%B4%9A%E4%B8%AD%E5%AD%B8%2054044%20%E5%8D%97%E6%8A%95%E7%B8%A3%E5%8D%97%E6%8A%95%E5%B8%82%E4%B8%AD%E8%88%88%E6%96%B0%E6%9D%91%E4%B8%AD%E5%AD%B8%E8%B7%AF2%E8%99%9F,https://www.chsh.ntct.edu.tw,https://www.chsh.ntct.edu.tw,https://www.chsh.ntct.edu.tw,2026-09-07
,080307,國立竹山高級中學,公立,中投區免試入學日間部,綜高,不限,南投縣,竹山鎮,557002 南投縣竹山鎮枋坪巷1-3號,https://www.cshs.ntct.edu.tw,049-2643344#113、114,綜合高中:148(不限);商業經營科:10(不限);國際貿易科:18(不限);資料處理科:26(不限);廣告設計科:14(不限);多媒體設計科:13(不限),229,229,官網列實驗班、自然科、社會科、美術班、體育班及商業/設計群等特色學習路徑。,國立竹山高級中學同時提供普通／綜合高中學習與商業經營科、國際貿易科、資料處理科、廣告設計科、多媒體設計科等專業方向；一般課程搭配校訂必修、多元選修與探究實作，專業類科則發展商管與數位應用、設計與藝術實務能力。,國立竹山高級中學普通／綜合高中端以自然科與社會領域探究、自主學習成果為主；專業類科另安排商管與數位應用、設計與藝術實習與專題實作，形成研究與技能並行的實作學習。,國立竹山高級中學的固定校車／學生專車服務目前沒有足以確認適用對象與路線的校方制度資訊。,可由臺中或斗六搭往竹山方向客運至竹山站，再轉乘竹山市區交通至枋坪巷校址周邊。,國立竹山高級中學的一般招生學生住宿制度目前沒有足以確認適用對象與申請方式的校方制度資訊。,https://www.google.com/maps/search/?api=1&query=%E5%9C%8B%E7%AB%8B%E7%AB%B9%E5%B1%B1%E9%AB%98%E7%B4%9A%E4%B8%AD%E5%AD%B8%20557002%20%E5%8D%97%E6%8A%95%E7%B8%A3%E7%AB%B9%E5%B1%B1%E9%8E%AE%E6%9E%8B%E5%9D%AA%E5%B7%B71-3%E8%99%9F,https://www.cshs.ntct.edu.tw,https://www.cshs.ntct.edu.tw,https://www.cshs.ntct.edu.tw,https://www.google.com/maps/search/?api=1&query=%E5%9C%8B%E7%AB%8B%E7%AB%B9%E5%B1%B1%E9%AB%98%E7%B4%9A%E4%B8%AD%E5%AD%B8%20557002%20%E5%8D%97%E6%8A%95%E7%B8%A3%E7%AB%B9%E5%B1%B1%E9%8E%AE%E6%9E%8B%E5%9D%AA%E5%B7%B71-3%E8%99%9F,https://www.cshs.ntct.edu.tw,https://www.cshs.ntct.edu.tw,https://www.cshs.ntct.edu.tw,2026-09-07
,080308,國立暨南國際大學附屬高級中學,公立,中投區免試入學日間部,綜高,不限,南投縣,埔里鎮,南投縣埔里鎮鐵山路1-6號,https://www.pshs.ntct.edu.tw,049-2913483#202,綜合高中:198(不限);商業經營科:24(不限);國際貿易科:26(不限);資料處理科:27(不限);電子商務科:23(不限),298,298,"數理實驗班、語文實驗班;另有綜合高中與商管群專業科別,提供多軌適性選擇。",國立暨南國際大學附屬高級中學同時提供普通／綜合高中學習與商業經營科、國際貿易科、資料處理科、電子商務科等專業方向；一般課程搭配校訂必修、多元選修與探究實作，專業類科則發展資電與工程、商管與數位應用實務能力。,國立暨南國際大學附屬高級中學普通／綜合高中端以自然科與社會領域探究、自主學習成果為主；專業類科另安排資電與工程、商管與數位應用實習與專題實作，形成研究與技能並行的實作學習。,國立暨南國際大學附屬高級中學的固定校車／學生專車服務目前沒有足以確認適用對象與路線的校方制度資訊。,可先到埔里轉運站，再轉乘往暨南大學、水里方向的南投客運，在鐵山路校址周邊下車後步行到校。,國立暨南國際大學附屬高級中學的一般招生學生住宿制度目前沒有足以確認適用對象與申請方式的校方制度資訊。,https://www.google.com/maps/search/?api=1&query=%E5%9C%8B%E7%AB%8B%E6%9A%A8%E5%8D%97%E5%9C%8B%E9%9A%9B%E5%A4%A7%E5%AD%B8%E9%99%84%E5%B1%AC%E9%AB%98%E7%B4%9A%E4%B8%AD%E5%AD%B8%20%E5%8D%97%E6%8A%95%E7%B8%A3%E5%9F%94%E9%87%8C%E9%8E%AE%E9%90%B5%E5%B1%B1%E8%B7%AF1-6%E8%99%9F,https://www.pshs.ntct.edu.tw,https://www.pshs.ntct.edu.tw,https://www.pshs.ntct.edu.tw,https://www.google.com/maps/search/?api=1&query=%E5%9C%8B%E7%AB%8B%E6%9A%A8%E5%8D%97%E5%9C%8B%E9%9A%9B%E5%A4%A7%E5%AD%B8%E9%99%84%E5%B1%AC%E9%AB%98%E7%B4%9A%E4%B8%AD%E5%AD%B8%20%E5%8D%97%E6%8A%95%E7%B8%A3%E5%9F%94%E9%87%8C%E9%8E%AE%E9%90%B5%E5%B1%B1%E8%B7%AF1-6%E8%99%9F,https://www.pshs.ntct.edu.tw,https://www.pshs.ntct.edu.tw,https://www.pshs.ntct.edu.tw,2026-09-07
,080401,國立仁愛高級農業職業學校,公立,中投區免試入學日間部,高職,不限,南投縣,仁愛鄉,南投縣仁愛鄉大同村山農巷27號,https://www.ravs.ntct.edu.tw,049-2802619#203,農場經營科(產特):18(不限);園藝科(產特):20(不限);森林科(產特):19(不限);空間測繪科(產特):21(不限);觀光事業科:20(不限);家政科:16(不限),114,114,"農場經營、園藝、森林、空間測繪為產業特殊需求類科,另有觀光與家政專業。",國立仁愛高級農業職業學校依農場經營科、園藝科、森林科、空間測繪科、觀光事業科、家政科規劃專業課程，學習涵蓋農業與食品、建築與空間、餐旅與服務、家政與照護，並配置專業科目、實習科目、技能應用與專題實作。,國立仁愛高級農業職業學校各專業科別安排實習操作與專題實作，內容對應農業與食品、建築與空間、餐旅與服務、家政與照護，並結合設備操作、技能訓練、作品製作或成果發表。,國立仁愛高級農業職業學校的固定校車／學生專車服務目前沒有足以確認適用對象與路線的校方制度資訊。,可先到埔里轉運站，再搭往仁愛、霧社或清境方向的南投客運至霧社／大同村，再銜接山農巷校區。,國立仁愛高級農業職業學校的一般招生學生住宿制度目前沒有足以確認適用對象與申請方式的校方制度資訊。,https://www.google.com/maps/search/?api=1&query=%E5%9C%8B%E7%AB%8B%E4%BB%81%E6%84%9B%E9%AB%98%E7%B4%9A%E8%BE%B2%E6%A5%AD%E8%81%B7%E6%A5%AD%E5%AD%B8%E6%A0%A1%20%E5%8D%97%E6%8A%95%E7%B8%A3%E4%BB%81%E6%84%9B%E9%84%89%E5%A4%A7%E5%90%8C%E6%9D%91%E5%B1%B1%E8%BE%B2%E5%B7%B727%E8%99%9F,https://www.ravs.ntct.edu.tw,https://www.ravs.ntct.edu.tw,https://www.ravs.ntct.edu.tw,https://www.google.com/maps/search/?api=1&query=%E5%9C%8B%E7%AB%8B%E4%BB%81%E6%84%9B%E9%AB%98%E7%B4%9A%E8%BE%B2%E6%A5%AD%E8%81%B7%E6%A5%AD%E5%AD%B8%E6%A0%A1%20%E5%8D%97%E6%8A%95%E7%B8%A3%E4%BB%81%E6%84%9B%E9%84%89%E5%A4%A7%E5%90%8C%E6%9D%91%E5%B1%B1%E8%BE%B2%E5%B7%B727%E8%99%9F,https://www.ravs.ntct.edu.tw,https://www.ravs.ntct.edu.tw,https://www.ravs.ntct.edu.tw,2026-09-07
,080403,國立埔里高級工業職業學校,公立,中投區免試入學日間部,高職,不限,南投縣,埔里鎮,南投縣埔里鎮中山路一段435號,https://www.plvs.ntct.edu.tw,049-2982225#206,機械科:62(不限);資訊科:22(不限);電機科:33(不限);建築科:50(不限);化工科:29(不限),196,196,以機械科、資訊科、電機科、建築科、化工科多元科別為特色;未標示固定資優班公告。,國立埔里高級工業職業學校依機械科、資訊科、電機科、建築科、化工科規劃專業課程，學習涵蓋機械與製造、資電與工程、建築與空間、工業技術，並配置專業科目、實習科目、技能應用與專題實作。,國立埔里高級工業職業學校各專業科別安排實習操作與專題實作，內容對應機械與製造、資電與工程、建築與空間、工業技術，並結合設備操作、技能訓練、作品製作或成果發表。,有學生專車。115學年度新生入學資料設有專車服務窗口，供學生辦理通學專車相關事項。,抵達埔里轉運站後，轉乘行經中山路一段的市區或南投客運，在埔里高工周邊站點下車後步行到校。,學校設有住宿服務。115學年度新生入學資料提供住宿承辦窗口，供新生辦理住宿事項。,https://www.google.com/maps/search/?api=1&query=%E5%9C%8B%E7%AB%8B%E5%9F%94%E9%87%8C%E9%AB%98%E7%B4%9A%E5%B7%A5%E6%A5%AD%E8%81%B7%E6%A5%AD%E5%AD%B8%E6%A0%A1%20%E5%8D%97%E6%8A%95%E7%B8%A3%E5%9F%94%E9%87%8C%E9%8E%AE%E4%B8%AD%E5%B1%B1%E8%B7%AF%E4%B8%80%E6%AE%B5435%E8%99%9F,https://www.plvs.ntct.edu.tw,https://www.plvs.ntct.edu.tw,https://www.plvs.ntct.edu.tw/ischool/publish_page/227/?cid=7474,https://www.google.com/maps/search/?api=1&query=%E5%9C%8B%E7%AB%8B%E5%9F%94%E9%87%8C%E9%AB%98%E7%B4%9A%E5%B7%A5%E6%A5%AD%E8%81%B7%E6%A5%AD%E5%AD%B8%E6%A0%A1%20%E5%8D%97%E6%8A%95%E7%B8%A3%E5%9F%94%E9%87%8C%E9%8E%AE%E4%B8%AD%E5%B1%B1%E8%B7%AF%E4%B8%80%E6%AE%B5435%E8%99%9F,https://www.plvs.ntct.edu.tw/ischool/publish_page/227/?cid=7474,https://www.plvs.ntct.edu.tw,https://www.plvs.ntct.edu.tw,2026-09-07
,080404,國立南投高級商業職業學校,公立,中投區免試入學日間部,高職,不限,南投縣,南投市,540 南投縣南投市三興里彰南路一段993號,https://www.pntcv.ntct.edu.tw,049-2222269#2207~2209,商業經營科:47(不限);會計事務科:29(不限);資料處理科:23(不限);廣告設計科:31(不限);觀光事業科:12(不限);餐飲管理科:30(不限);電子商務科:29(不限);應用英語科:26(不限),227,227,以商業經營科、會計事務科、資料處理科、廣告設計科、觀光事業科等多元科別為特色;未標示固定資優班公告。,國立南投高級商業職業學校依商業經營科、會計事務科、資料處理科、廣告設計科、觀光事業科、餐飲管理科規劃專業課程，學習涵蓋資電與工程、商管與數位應用、餐旅與服務、設計與藝術，並配置專業科目、實習科目、技能應用與專題實作。,國立南投高級商業職業學校各專業科別安排實習操作與專題實作，內容對應資電與工程、商管與數位應用、餐旅與服務、設計與藝術，並結合設備操作、技能訓練、作品製作或成果發表。,有學生專車。115學年度新生專區提供學生專車路線與通車資訊。,可搭往南投市區的客運至南投轉運站，再轉乘行經彰南路的市區公車，在南投高商周邊下車後步行到校。,學校設有學生住宿。115學年度新生專區提供住宿資訊與申請表。,https://www.google.com/maps/search/?api=1&query=%E5%9C%8B%E7%AB%8B%E5%8D%97%E6%8A%95%E9%AB%98%E7%B4%9A%E5%95%86%E6%A5%AD%E8%81%B7%E6%A5%AD%E5%AD%B8%E6%A0%A1%20540%20%E5%8D%97%E6%8A%95%E7%B8%A3%E5%8D%97%E6%8A%95%E5%B8%82%E4%B8%89%E8%88%88%E9%87%8C%E5%BD%B0%E5%8D%97%E8%B7%AF%E4%B8%80%E6%AE%B5993%E8%99%9F,https://www.pntcv.ntct.edu.tw/ischool/rfile/156cad7997748ca7d6d374aa143a8d07,https://www.pntcv.ntct.edu.tw/ischool/rfile/156cad7997748ca7d6d374aa143a8d07,https://www.pntcv.ntct.edu.tw/ischool/publish_page/5/?cid=7213,https://www.google.com/maps/search/?api=1&query=%E5%9C%8B%E7%AB%8B%E5%8D%97%E6%8A%95%E9%AB%98%E7%B4%9A%E5%95%86%E6%A5%AD%E8%81%B7%E6%A5%AD%E5%AD%B8%E6%A0%A1%20540%20%E5%8D%97%E6%8A%95%E7%B8%A3%E5%8D%97%E6%8A%95%E5%B8%82%E4%B8%89%E8%88%88%E9%87%8C%E5%BD%B0%E5%8D%97%E8%B7%AF%E4%B8%80%E6%AE%B5993%E8%99%9F,https://www.pntcv.ntct.edu.tw/ischool/publish_page/5/?cid=7213,https://www.pntcv.ntct.edu.tw,https://www.pntcv.ntct.edu.tw,2026-09-07
,080406,國立草屯高級商工職業學校,公立,中投區免試入學日間部,高職,不限,南投縣,草屯鎮,542015 南投縣草屯鎮新庄里20鄰芬草路二段736號,https://www.ttvs.ntct.edu.tw,049-2362082#1208、1210,機械科:60(不限);配管科(產特):29(不限);商業經營科:128(不限);會計事務科:65(不限);資料處理科:64(不限);應用英語科:31(不限),377,377,配管科為產業特殊需求類科;其餘商管、外語、機械科以技能、證照及專題實作為主。,國立草屯高級商工職業學校依機械科、配管科、商業經營科、會計事務科、資料處理科、應用英語科規劃專業課程，學習涵蓋機械與製造、商管與數位應用、外語應用、工業技術，並配置專業科目、實習科目、技能應用與專題實作。,國立草屯高級商工職業學校各專業科別安排實習操作與專題實作，內容對應機械與製造、商管與數位應用、外語應用、工業技術，並結合設備操作、技能訓練、作品製作或成果發表。,有學生專車。115學年度新生入學資料設有專車服務窗口，供學生辦理通學專車相關事項。,可搭臺中往草屯的客運至草屯轉運站，再轉乘行經芬草路的公車，在草屯商工周邊下車後步行到校。,學校設有住宿服務。115學年度新生入學資料將專車與住宿列為學務處生輔組辦理事項。,https://www.google.com/maps/search/?api=1&query=%E5%9C%8B%E7%AB%8B%E8%8D%89%E5%B1%AF%E9%AB%98%E7%B4%9A%E5%95%86%E5%B7%A5%E8%81%B7%E6%A5%AD%E5%AD%B8%E6%A0%A1%20542015%20%E5%8D%97%E6%8A%95%E7%B8%A3%E8%8D%89%E5%B1%AF%E9%8E%AE%E6%96%B0%E5%BA%84%E9%87%8C20%E9%84%B0%E8%8A%AC%E8%8D%89%E8%B7%AF%E4%BA%8C%E6%AE%B5736%E8%99%9F,https://www.ttvs.ntct.edu.tw,https://www.ttvs.ntct.edu.tw,https://www.ttvs.ntct.edu.tw/ischool/publish_page/15/?cid=61,https://www.google.com/maps/search/?api=1&query=%E5%9C%8B%E7%AB%8B%E8%8D%89%E5%B1%AF%E9%AB%98%E7%B4%9A%E5%95%86%E5%B7%A5%E8%81%B7%E6%A5%AD%E5%AD%B8%E6%A0%A1%20542015%20%E5%8D%97%E6%8A%95%E7%B8%A3%E8%8D%89%E5%B1%AF%E9%8E%AE%E6%96%B0%E5%BA%84%E9%87%8C20%E9%84%B0%E8%8A%AC%E8%8D%89%E8%B7%AF%E4%BA%8C%E6%AE%B5736%E8%99%9F,https://www.ttvs.ntct.edu.tw/ischool/publish_page/15/?cid=61,https://www.ttvs.ntct.edu.tw,https://www.ttvs.ntct.edu.tw,2026-09-07
,080410,國立水里高級商工職業學校,公立,中投區免試入學日間部,綜高,不限,南投縣,水里鄉,南投縣水里鄉南湖路2號,https://www.slvs.ntct.edu.tw,049-2870666#253、254,普通科:26(不限);資訊科:30(不限);電機科:24(不限);商業經營科:29(不限);觀光事業科:28(不限);餐飲管理科:16(不限);應用日語科:27(不限),180,180,普通科、體育班與多元技職科並設;特色包含山野教育、水上運動與山水美學校本課程。,國立水里高級商工職業學校同時提供普通／綜合高中學習與資訊科、電機科、商業經營科、觀光事業科、餐飲管理科等專業方向；一般課程搭配校訂必修、多元選修與探究實作，專業類科則發展資電與工程、商管與數位應用、餐旅與服務、外語應用實務能力。,國立水里高級商工職業學校普通／綜合高中端以自然科與社會領域探究、自主學習成果為主；專業類科另安排資電與工程、商管與數位應用、餐旅與服務、外語應用實習與專題實作，形成研究與技能並行的實作學習。,有學生專車與住宿生返鄉車。新生可登記通學專車；住宿生另有星期五、星期日返鄉／返校專車。,可搭臺鐵集集線至水里站，再轉乘水里市區公車或短程交通至南湖路校區。,學校設有學生宿舍。115學年度新生住宿有入住注意事項，住宿生另有假日返鄉／返校專車。,https://www.google.com/maps/search/?api=1&query=%E5%9C%8B%E7%AB%8B%E6%B0%B4%E9%87%8C%E9%AB%98%E7%B4%9A%E5%95%86%E5%B7%A5%E8%81%B7%E6%A5%AD%E5%AD%B8%E6%A0%A1%20%E5%8D%97%E6%8A%95%E7%B8%A3%E6%B0%B4%E9%87%8C%E9%84%89%E5%8D%97%E6%B9%96%E8%B7%AF2%E8%99%9F,https://www.slvs.ntct.edu.tw/home?cid=19846,https://www.slvs.ntct.edu.tw/home?cid=19846,https://www.slvs.ntct.edu.tw/home?cid=21145,https://www.google.com/maps/search/?api=1&query=%E5%9C%8B%E7%AB%8B%E6%B0%B4%E9%87%8C%E9%AB%98%E7%B4%9A%E5%95%86%E5%B7%A5%E8%81%B7%E6%A5%AD%E5%AD%B8%E6%A0%A1%20%E5%8D%97%E6%8A%95%E7%B8%A3%E6%B0%B4%E9%87%8C%E9%84%89%E5%8D%97%E6%B9%96%E8%B7%AF2%E8%99%9F,https://www.slvs.ntct.edu.tw/ischool/publish_page/4/?cid=23386,https://www.slvs.ntct.edu.tw,https://www.slvs.ntct.edu.tw,2026-09-07
,080B05,國立中興高級中學進修部,公立,中投區免試入學進修部,進修部,不限,南投縣,南投市,54044 南投縣南投市中興新村中學路2號,https://www.chsh.ntct.edu.tw,049-2332110#1702,商業經營科(夜間班):38(不限);資料處理科(夜間班):38(不限),76,76,"進修部依當年度核定科別開班;官網未標示另設固定資優班,實際班別以進修部公告為準。",國立中興高級中學進修部以商業經營科、資料處理科為主要學習科別，課程兼顧一般科目與商管與數位應用專業核心，並依進修學制安排實務與技能應用課程。,國立中興高級中學進修部的實作學習依商業經營科、資料處理科配置專業實習與專題實作，重點放在商管與數位應用技能操作、作品製作與成果呈現。,國立中興高級中學進修部的固定校車／學生專車服務目前沒有足以確認適用對象與路線的校方制度資訊。,可由臺中或高鐵臺中站搭往南投／中興新村方向客運，在中興新村下車後步行至中學路校區。,國立中興高級中學進修部的一般招生學生住宿制度目前沒有足以確認適用對象與申請方式的校方制度資訊。,https://www.google.com/maps/search/?api=1&query=%E5%9C%8B%E7%AB%8B%E4%B8%AD%E8%88%88%E9%AB%98%E7%B4%9A%E4%B8%AD%E5%AD%B8%E9%80%B2%E4%BF%AE%E9%83%A8%2054044%20%E5%8D%97%E6%8A%95%E7%B8%A3%E5%8D%97%E6%8A%95%E5%B8%82%E4%B8%AD%E8%88%88%E6%96%B0%E6%9D%91%E4%B8%AD%E5%AD%B8%E8%B7%AF2%E8%99%9F,https://www.chsh.ntct.edu.tw,https://www.chsh.ntct.edu.tw,https://www.chsh.ntct.edu.tw,https://www.google.com/maps/search/?api=1&query=%E5%9C%8B%E7%AB%8B%E4%B8%AD%E8%88%88%E9%AB%98%E7%B4%9A%E4%B8%AD%E5%AD%B8%E9%80%B2%E4%BF%AE%E9%83%A8%2054044%20%E5%8D%97%E6%8A%95%E7%B8%A3%E5%8D%97%E6%8A%95%E5%B8%82%E4%B8%AD%E8%88%88%E6%96%B0%E6%9D%91%E4%B8%AD%E5%AD%B8%E8%B7%AF2%E8%99%9F,https://www.chsh.ntct.edu.tw,https://www.chsh.ntct.edu.tw,https://www.chsh.ntct.edu.tw,2026-09-07
,080B07,國立竹山高級中學進修部,公立,中投區免試入學進修部,進修部,不限,南投縣,竹山鎮,557002 南投縣竹山鎮枋坪巷1-3號,https://www.cshs.ntct.edu.tw,049-2643344#141,資料處理科(夜間班):14(不限),14,14,"進修部依當年度核定科別開班;官網未標示另設固定資優班,實際班別以進修部公告為準。",國立竹山高級中學進修部以資料處理科為主要學習科別，課程兼顧一般科目與商管與數位應用專業核心，並依進修學制安排實務與技能應用課程。,國立竹山高級中學進修部的實作學習依資料處理科配置專業實習與專題實作，重點放在商管與數位應用技能操作、作品製作與成果呈現。,國立竹山高級中學進修部的固定校車／學生專車服務目前沒有足以確認適用對象與路線的校方制度資訊。,可由臺中或斗六搭往竹山方向客運至竹山站，再轉乘竹山市區交通至枋坪巷校址周邊。,國立竹山高級中學進修部的一般招生學生住宿制度目前沒有足以確認適用對象與申請方式的校方制度資訊。,https://www.google.com/maps/search/?api=1&query=%E5%9C%8B%E7%AB%8B%E7%AB%B9%E5%B1%B1%E9%AB%98%E7%B4%9A%E4%B8%AD%E5%AD%B8%E9%80%B2%E4%BF%AE%E9%83%A8%20557002%20%E5%8D%97%E6%8A%95%E7%B8%A3%E7%AB%B9%E5%B1%B1%E9%8E%AE%E6%9E%8B%E5%9D%AA%E5%B7%B71-3%E8%99%9F,https://www.cshs.ntct.edu.tw,https://www.cshs.ntct.edu.tw,https://www.cshs.ntct.edu.tw,https://www.google.com/maps/search/?api=1&query=%E5%9C%8B%E7%AB%8B%E7%AB%B9%E5%B1%B1%E9%AB%98%E7%B4%9A%E4%B8%AD%E5%AD%B8%E9%80%B2%E4%BF%AE%E9%83%A8%20557002%20%E5%8D%97%E6%8A%95%E7%B8%A3%E7%AB%B9%E5%B1%B1%E9%8E%AE%E6%9E%8B%E5%9D%AA%E5%B7%B71-3%E8%99%9F,https://www.cshs.ntct.edu.tw,https://www.cshs.ntct.edu.tw,https://www.cshs.ntct.edu.tw,2026-09-07
,080B08,國立暨南國際大學附屬高級中學進修部,公立,中投區免試入學進修部,進修部,不限,南投縣,埔里鎮,南投縣埔里鎮鐵山路1-6號,https://www.pshs.ntct.edu.tw,049-2913483#711,商業經營科(夜間班):18(不限);資料處理科(夜間班):18(不限),36,36,"進修部依當年度核定科別開班;官網未標示另設固定資優班,實際班別以進修部公告為準。",國立暨南國際大學附屬高級中學進修部以商業經營科、資料處理科為主要學習科別，課程兼顧一般科目與商管與數位應用專業核心，並依進修學制安排實務與技能應用課程。,國立暨南國際大學附屬高級中學進修部的實作學習依商業經營科、資料處理科配置專業實習與專題實作，重點放在商管與數位應用技能操作、作品製作與成果呈現。,國立暨南國際大學附屬高級中學進修部的固定校車／學生專車服務目前沒有足以確認適用對象與路線的校方制度資訊。,可先到埔里轉運站，再轉乘往暨南大學、水里方向的南投客運，在鐵山路校址周邊下車後步行到校。,國立暨南國際大學附屬高級中學進修部的一般招生學生住宿制度目前沒有足以確認適用對象與申請方式的校方制度資訊。,https://www.google.com/maps/search/?api=1&query=%E5%9C%8B%E7%AB%8B%E6%9A%A8%E5%8D%97%E5%9C%8B%E9%9A%9B%E5%A4%A7%E5%AD%B8%E9%99%84%E5%B1%AC%E9%AB%98%E7%B4%9A%E4%B8%AD%E5%AD%B8%E9%80%B2%E4%BF%AE%E9%83%A8%20%E5%8D%97%E6%8A%95%E7%B8%A3%E5%9F%94%E9%87%8C%E9%8E%AE%E9%90%B5%E5%B1%B1%E8%B7%AF1-6%E8%99%9F,https://www.pshs.ntct.edu.tw,https://www.pshs.ntct.edu.tw,https://www.pshs.ntct.edu.tw,https://www.google.com/maps/search/?api=1&query=%E5%9C%8B%E7%AB%8B%E6%9A%A8%E5%8D%97%E5%9C%8B%E9%9A%9B%E5%A4%A7%E5%AD%B8%E9%99%84%E5%B1%AC%E9%AB%98%E7%B4%9A%E4%B8%AD%E5%AD%B8%E9%80%B2%E4%BF%AE%E9%83%A8%20%E5%8D%97%E6%8A%95%E7%B8%A3%E5%9F%94%E9%87%8C%E9%8E%AE%E9%90%B5%E5%B1%B1%E8%B7%AF1-6%E8%99%9F,https://www.pshs.ntct.edu.tw,https://www.pshs.ntct.edu.tw,https://www.pshs.ntct.edu.tw,2026-09-07
,080C04,國立南投高級商業職業學校進修部,公立,中投區免試入學進修部,進修部,不限,南投縣,南投市,540 南投縣南投市三興里彰南路一段993號,https://www.pntcv.ntct.edu.tw,049-2222269#2312~2316,商業經營科(夜間班):28(不限);資料處理科(夜間班):28(不限),56,56,"進修部依當年度核定科別開班;官網未標示另設固定資優班,實際班別以進修部公告為準。",國立南投高級商業職業學校進修部以商業經營科、資料處理科為主要學習科別，課程兼顧一般科目與商管與數位應用專業核心，並依進修學制安排實務與技能應用課程。,國立南投高級商業職業學校進修部的實作學習依商業經營科、資料處理科配置專業實習與專題實作，重點放在商管與數位應用技能操作、作品製作與成果呈現。,國立南投高級商業職業學校進修部的固定校車／學生專車服務目前沒有足以確認適用對象與路線的校方制度資訊。,可搭往南投市區的客運至南投轉運站，再轉乘行經彰南路的市區公車，在南投高商周邊下車後步行到校。,國立南投高級商業職業學校進修部的一般招生學生住宿制度目前沒有足以確認適用對象與申請方式的校方制度資訊。,https://www.google.com/maps/search/?api=1&query=%E5%9C%8B%E7%AB%8B%E5%8D%97%E6%8A%95%E9%AB%98%E7%B4%9A%E5%95%86%E6%A5%AD%E8%81%B7%E6%A5%AD%E5%AD%B8%E6%A0%A1%E9%80%B2%E4%BF%AE%E9%83%A8%20540%20%E5%8D%97%E6%8A%95%E7%B8%A3%E5%8D%97%E6%8A%95%E5%B8%82%E4%B8%89%E8%88%88%E9%87%8C%E5%BD%B0%E5%8D%97%E8%B7%AF%E4%B8%80%E6%AE%B5993%E8%99%9F,https://www.pntcv.ntct.edu.tw/ischool/rfile/156cad7997748ca7d6d374aa143a8d07,https://www.pntcv.ntct.edu.tw/ischool/rfile/156cad7997748ca7d6d374aa143a8d07,https://www.pntcv.ntct.edu.tw,https://www.google.com/maps/search/?api=1&query=%E5%9C%8B%E7%AB%8B%E5%8D%97%E6%8A%95%E9%AB%98%E7%B4%9A%E5%95%86%E6%A5%AD%E8%81%B7%E6%A5%AD%E5%AD%B8%E6%A0%A1%E9%80%B2%E4%BF%AE%E9%83%A8%20540%20%E5%8D%97%E6%8A%95%E7%B8%A3%E5%8D%97%E6%8A%95%E5%B8%82%E4%B8%89%E8%88%88%E9%87%8C%E5%BD%B0%E5%8D%97%E8%B7%AF%E4%B8%80%E6%AE%B5993%E8%99%9F,https://www.pntcv.ntct.edu.tw,https://www.pntcv.ntct.edu.tw,https://www.pntcv.ntct.edu.tw,2026-09-07
,080C06,國立草屯高級商工職業學校進修部,公立,中投區免試入學進修部,進修部,不限,南投縣,草屯鎮,542015 南投縣草屯鎮新庄里20鄰芬草路二段736號,https://www.ttvs.ntct.edu.tw,049-2362082#3138、3140,機械科(夜間班):17(不限);商業經營科(夜間班):17(不限);資料處理科(夜間班):17(不限),51,51,"進修部依當年度核定科別開班;官網未標示另設固定資優班,實際班別以進修部公告為準。",國立草屯高級商工職業學校進修部以機械科、商業經營科、資料處理科為主要學習科別，課程兼顧一般科目與機械與製造、商管與數位應用專業核心，並依進修學制安排實務與技能應用課程。,國立草屯高級商工職業學校進修部的實作學習依機械科、商業經營科、資料處理科配置專業實習與專題實作，重點放在機械與製造、商管與數位應用技能操作、作品製作與成果呈現。,國立草屯高級商工職業學校進修部的固定校車／學生專車服務目前沒有足以確認適用對象與路線的校方制度資訊。,可搭臺中往草屯的客運至草屯轉運站，再轉乘行經芬草路的公車，在草屯商工周邊下車後步行到校。,國立草屯高級商工職業學校進修部的一般招生學生住宿制度目前沒有足以確認適用對象與申請方式的校方制度資訊。,https://www.google.com/maps/search/?api=1&query=%E5%9C%8B%E7%AB%8B%E8%8D%89%E5%B1%AF%E9%AB%98%E7%B4%9A%E5%95%86%E5%B7%A5%E8%81%B7%E6%A5%AD%E5%AD%B8%E6%A0%A1%E9%80%B2%E4%BF%AE%E9%83%A8%20542015%20%E5%8D%97%E6%8A%95%E7%B8%A3%E8%8D%89%E5%B1%AF%E9%8E%AE%E6%96%B0%E5%BA%84%E9%87%8C20%E9%84%B0%E8%8A%AC%E8%8D%89%E8%B7%AF%E4%BA%8C%E6%AE%B5736%E8%99%9F,https://www.ttvs.ntct.edu.tw,https://www.ttvs.ntct.edu.tw,https://www.ttvs.ntct.edu.tw,https://www.google.com/maps/search/?api=1&query=%E5%9C%8B%E7%AB%8B%E8%8D%89%E5%B1%AF%E9%AB%98%E7%B4%9A%E5%95%86%E5%B7%A5%E8%81%B7%E6%A5%AD%E5%AD%B8%E6%A0%A1%E9%80%B2%E4%BF%AE%E9%83%A8%20542015%20%E5%8D%97%E6%8A%95%E7%B8%A3%E8%8D%89%E5%B1%AF%E9%8E%AE%E6%96%B0%E5%BA%84%E9%87%8C20%E9%84%B0%E8%8A%AC%E8%8D%89%E8%B7%AF%E4%BA%8C%E6%AE%B5736%E8%99%9F,https://www.ttvs.ntct.edu.tw,https://www.ttvs.ntct.edu.tw,https://www.ttvs.ntct.edu.tw,2026-09-07
,080C10,國立水里高級商工職業學校進修部,公立,中投區免試入學進修部,進修部,不限,南投縣,水里鄉,南投縣水里鄉南湖路2號,https://www.slvs.ntct.edu.tw,049-2870666#350,餐飲管理科(夜間班):20(不限),20,20,普通科、體育班與多元技職科並設;特色包含山野教育、水上運動與山水美學校本課程。,國立水里高級商工職業學校進修部以餐飲管理科為主要學習科別，課程兼顧一般科目與餐旅與服務專業核心，並依進修學制安排實務與技能應用課程。,國立水里高級商工職業學校進修部的實作學習依餐飲管理科配置專業實習與專題實作，重點放在餐旅與服務技能操作、作品製作與成果呈現。,國立水里高級商工職業學校進修部的固定校車／學生專車服務目前沒有足以確認適用對象與路線的校方制度資訊。,可搭臺鐵集集線至水里站，再轉乘水里市區公車或短程交通至南湖路校區。,國立水里高級商工職業學校進修部的一般招生學生住宿制度目前沒有足以確認適用對象與申請方式的校方制度資訊。,https://www.google.com/maps/search/?api=1&query=%E5%9C%8B%E7%AB%8B%E6%B0%B4%E9%87%8C%E9%AB%98%E7%B4%9A%E5%95%86%E5%B7%A5%E8%81%B7%E6%A5%AD%E5%AD%B8%E6%A0%A1%E9%80%B2%E4%BF%AE%E9%83%A8%20%E5%8D%97%E6%8A%95%E7%B8%A3%E6%B0%B4%E9%87%8C%E9%84%89%E5%8D%97%E6%B9%96%E8%B7%AF2%E8%99%9F,https://www.slvs.ntct.edu.tw/ischool/rfile/dcbd0521fa041a152417776060a8d409,https://www.slvs.ntct.edu.tw/ischool/rfile/dcbd0521fa041a152417776060a8d409,https://www.slvs.ntct.edu.tw,https://www.google.com/maps/search/?api=1&query=%E5%9C%8B%E7%AB%8B%E6%B0%B4%E9%87%8C%E9%AB%98%E7%B4%9A%E5%95%86%E5%B7%A5%E8%81%B7%E6%A5%AD%E5%AD%B8%E6%A0%A1%E9%80%B2%E4%BF%AE%E9%83%A8%20%E5%8D%97%E6%8A%95%E7%B8%A3%E6%B0%B4%E9%87%8C%E9%84%89%E5%8D%97%E6%B9%96%E8%B7%AF2%E8%99%9F,https://www.slvs.ntct.edu.tw,https://www.slvs.ntct.edu.tw,https://www.slvs.ntct.edu.tw,2026-09-07
,081311,南投縣私立五育高級中學,私立,中投區免試入學日間部,高職,不限,南投縣,南投市,540 南投縣南投市樂利路200號,https://www.wu-yu.ntct.edu.tw,049-2246346#204,美容科:34(不限);照顧服務科(產特):31(不限);多媒體動畫科:34(不限),99,99,"照顧服務科為產特,另有就業導向/建教合作及醫護人才培育等課程方案。",南投縣私立五育高級中學依美容科、照顧服務科、多媒體動畫科規劃專業課程，學習涵蓋設計與藝術、家政與照護，並配置專業科目、實習科目、技能應用與專題實作。,南投縣私立五育高級中學各專業科別安排實習操作與專題實作，內容對應設計與藝術、家政與照護，並結合設備操作、技能訓練、作品製作或成果發表。,南投縣私立五育高級中學的固定校車／學生專車服務目前沒有足以確認適用對象與路線的校方制度資訊。,可搭往南投市區的客運至南投轉運站，再轉乘市區公車至樂利路、五育高中周邊後步行到校。,南投縣私立五育高級中學的一般招生學生住宿制度目前沒有足以確認適用對象與申請方式的校方制度資訊。,https://www.google.com/maps/search/?api=1&query=%E5%8D%97%E6%8A%95%E7%B8%A3%E7%A7%81%E7%AB%8B%E4%BA%94%E8%82%B2%E9%AB%98%E7%B4%9A%E4%B8%AD%E5%AD%B8%20540%20%E5%8D%97%E6%8A%95%E7%B8%A3%E5%8D%97%E6%8A%95%E5%B8%82%E6%A8%82%E5%88%A9%E8%B7%AF200%E8%99%9F,https://www.wu-yu.ntct.edu.tw,https://www.wu-yu.ntct.edu.tw,https://www.wu-yu.ntct.edu.tw,https://www.google.com/maps/search/?api=1&query=%E5%8D%97%E6%8A%95%E7%B8%A3%E7%A7%81%E7%AB%8B%E4%BA%94%E8%82%B2%E9%AB%98%E7%B4%9A%E4%B8%AD%E5%AD%B8%20540%20%E5%8D%97%E6%8A%95%E7%B8%A3%E5%8D%97%E6%8A%95%E5%B8%82%E6%A8%82%E5%88%A9%E8%B7%AF200%E8%99%9F,https://www.wu-yu.ntct.edu.tw,https://www.wu-yu.ntct.edu.tw,https://www.wu-yu.ntct.edu.tw,2026-09-07
,081312,南投縣私立三育高級中學,私立,中投區免試入學日間部,綜高,不限,南投縣,魚池鄉,555 南投縣魚池鄉魚池村瓊文巷39號,https://www.taa.ntct.edu.tw,049-2897212#112、114,普通科:35(不限);照顧服務科(產特):41(不限),76,76,美語學程、音樂學程;照顧服務科為產業特殊需求類科。,南投縣私立三育高級中學同時提供普通／綜合高中學習與照顧服務科等專業方向；一般課程搭配校訂必修、多元選修與探究實作，專業類科則發展家政與照護實務能力。,南投縣私立三育高級中學普通／綜合高中端以自然科與社會領域探究、自主學習成果為主；專業類科另安排家政與照護實習與專題實作，形成研究與技能並行的實作學習。,南投縣私立三育高級中學的固定校車／學生專車服務目前沒有足以確認適用對象與路線的校方制度資訊。,可先到埔里轉運站，再搭往日月潭、魚池方向的南投客運於魚池下車，之後銜接瓊文巷校址。,南投縣私立三育高級中學的一般招生學生住宿制度目前沒有足以確認適用對象與申請方式的校方制度資訊。,https://www.google.com/maps/search/?api=1&query=%E5%8D%97%E6%8A%95%E7%B8%A3%E7%A7%81%E7%AB%8B%E4%B8%89%E8%82%B2%E9%AB%98%E7%B4%9A%E4%B8%AD%E5%AD%B8%20555%20%E5%8D%97%E6%8A%95%E7%B8%A3%E9%AD%9A%E6%B1%A0%E9%84%89%E9%AD%9A%E6%B1%A0%E6%9D%91%E7%93%8A%E6%96%87%E5%B7%B739%E8%99%9F,https://www.taa.ntct.edu.tw/,https://www.taa.ntct.edu.tw/,https://www.taa.ntct.edu.tw,https://www.google.com/maps/search/?api=1&query=%E5%8D%97%E6%8A%95%E7%B8%A3%E7%A7%81%E7%AB%8B%E4%B8%89%E8%82%B2%E9%AB%98%E7%B4%9A%E4%B8%AD%E5%AD%B8%20555%20%E5%8D%97%E6%8A%95%E7%B8%A3%E9%AD%9A%E6%B1%A0%E9%84%89%E9%AD%9A%E6%B1%A0%E6%9D%91%E7%93%8A%E6%96%87%E5%B7%B739%E8%99%9F,https://www.taa.ntct.edu.tw,https://www.taa.ntct.edu.tw,https://www.taa.ntct.edu.tw,2026-09-07
,081313,南投縣私立弘明實驗高級中等學校,私立,中投區免試入學日間部,高中,不限,南投縣,名間鄉,551 南投縣名間鄉東湖村大老巷102號,http://www.holdmean.org.tw,049-2731799#714,普通科:33(不限),33,33,"實驗教育普通科;校方官網本次無法穩定讀取,未將未核實班名寫入,實際實驗課程依校方最新公告。",南投縣私立弘明實驗高級中等學校普通高中課程以語文、數理、社會、自然與科技領域為基礎，搭配校訂必修、多元選修、探究與實作及自主學習，讓學生依升學與興趣規劃加深加廣學習。,南投縣私立弘明實驗高級中等學校的實作學習以自然科探究與實作、社會議題探究、校訂課程及自主學習成果為主，學生可透過實驗、研究報告、作品或成果發表完成學習成果。,南投縣私立弘明實驗高級中等學校的固定校車／學生專車服務目前沒有足以確認適用對象與路線的校方制度資訊。,可搭臺鐵集集線至濁水站，再轉乘名間地區公車或短程接駁前往東湖村大老巷校址。,南投縣私立弘明實驗高級中等學校的一般招生學生住宿制度目前沒有足以確認適用對象與申請方式的校方制度資訊。,https://www.google.com/maps/search/?api=1&query=%E5%8D%97%E6%8A%95%E7%B8%A3%E7%A7%81%E7%AB%8B%E5%BC%98%E6%98%8E%E5%AF%A6%E9%A9%97%E9%AB%98%E7%B4%9A%E4%B8%AD%E7%AD%89%E5%AD%B8%E6%A0%A1%20551%20%E5%8D%97%E6%8A%95%E7%B8%A3%E5%90%8D%E9%96%93%E9%84%89%E6%9D%B1%E6%B9%96%E6%9D%91%E5%A4%A7%E8%80%81%E5%B7%B7102%E8%99%9F,http://www.holdmean.org.tw,http://www.holdmean.org.tw,http://www.holdmean.org.tw,https://www.google.com/maps/search/?api=1&query=%E5%8D%97%E6%8A%95%E7%B8%A3%E7%A7%81%E7%AB%8B%E5%BC%98%E6%98%8E%E5%AF%A6%E9%A9%97%E9%AB%98%E7%B4%9A%E4%B8%AD%E7%AD%89%E5%AD%B8%E6%A0%A1%20551%20%E5%8D%97%E6%8A%95%E7%B8%A3%E5%90%8D%E9%96%93%E9%84%89%E6%9D%B1%E6%B9%96%E6%9D%91%E5%A4%A7%E8%80%81%E5%B7%B7102%E8%99%9F,http://www.holdmean.org.tw,http://www.holdmean.org.tw,http://www.holdmean.org.tw,2026-09-07
,081314,南投縣私立普台高級中學,私立,中投區免試入學日間部,高中,不限,南投縣,埔里鎮,54544 南投縣埔里鎮中台路5號,https://www.ptsh.ntct.edu.tw,049-2932899#11222 11224,普通科:181(不限),181,181,住宿型學校;以國學、書法、靜心、四語教學、音樂與通識活動為特色。,普通高中課程結合國學、書法、語文、音樂與通識教育，並以住宿生活教育支持完整的學習與生活作息。,南投縣私立普台高級中學的實作學習以自然科探究與實作、社會議題探究、校訂課程及自主學習成果為主，學生可透過實驗、研究報告、作品或成果發表完成學習成果。,有交通車。普台為住宿型學校，學生返家與收假返校日可搭乘校方交通車，停靠點依各地中台禪寺精舍規劃。,可先到埔里轉運站，再轉乘埔里地區公車前往中台路校區周邊，於鄰近站點下車後步行到校。,普台為住宿型學校，設有男、女生宿舍與住宿生活管理，高中部學生在校生活採住宿制度。,https://www.google.com/maps/search/?api=1&query=%E5%8D%97%E6%8A%95%E7%B8%A3%E7%A7%81%E7%AB%8B%E6%99%AE%E5%8F%B0%E9%AB%98%E7%B4%9A%E4%B8%AD%E5%AD%B8%2054544%20%E5%8D%97%E6%8A%95%E7%B8%A3%E5%9F%94%E9%87%8C%E9%8E%AE%E4%B8%AD%E5%8F%B0%E8%B7%AF5%E8%99%9F,https://www.ptsh.ntct.edu.tw/sr_course_plan/plans.html,https://www.ptsh.ntct.edu.tw/sr_course_plan/plans.html,https://www.ptsh.ntct.edu.tw/ptsh/administrative5-2.php,https://www.google.com/maps/search/?api=1&query=%E5%8D%97%E6%8A%95%E7%B8%A3%E7%A7%81%E7%AB%8B%E6%99%AE%E5%8F%B0%E9%AB%98%E7%B4%9A%E4%B8%AD%E5%AD%B8%2054544%20%E5%8D%97%E6%8A%95%E7%B8%A3%E5%9F%94%E9%87%8C%E9%8E%AE%E4%B8%AD%E5%8F%B0%E8%B7%AF5%E8%99%9F,https://www.ptsh.ntct.edu.tw/ptsh/about8.php,https://www.ptsh.ntct.edu.tw,https://www.ptsh.ntct.edu.tw,2026-09-07
,081409,同德學校財團法人南投縣同德高級中等學校,私立,中投區免試入學日間部,綜高,不限,南投縣,草屯鎮,542 南投縣草屯鎮中正路培英巷8號,https://www.tdhs.ntct.edu.tw,049-2553109#1241,普通科:117(不限);餐飲管理科:82(不限);烘焙科:41(不限),240,240,國際文憑課程實驗班(IBDP候選學校資訊以官網最新狀態為準);另有普通科、餐飲與烘焙專業。,同德學校財團法人南投縣同德高級中等學校同時提供普通／綜合高中學習與餐飲管理科、烘焙科等專業方向；一般課程搭配校訂必修、多元選修與探究實作，專業類科則發展餐旅與服務實務能力。,同德學校財團法人南投縣同德高級中等學校普通／綜合高中端以自然科與社會領域探究、自主學習成果為主；專業類科另安排餐旅與服務實習與專題實作，形成研究與技能並行的實作學習。,同德學校財團法人南投縣同德高級中等學校的固定校車／學生專車服務目前沒有足以確認適用對象與路線的校方制度資訊。,可搭臺中往草屯方向客運至草屯轉運站，再轉乘行經中正路的公車，在培英巷校址周邊下車後步行到校。,同德學校財團法人南投縣同德高級中等學校的一般招生學生住宿制度目前沒有足以確認適用對象與申請方式的校方制度資訊。,https://www.google.com/maps/search/?api=1&query=%E5%90%8C%E5%BE%B7%E5%AD%B8%E6%A0%A1%E8%B2%A1%E5%9C%98%E6%B3%95%E4%BA%BA%E5%8D%97%E6%8A%95%E7%B8%A3%E5%90%8C%E5%BE%B7%E9%AB%98%E7%B4%9A%E4%B8%AD%E7%AD%89%E5%AD%B8%E6%A0%A1%20542%20%E5%8D%97%E6%8A%95%E7%B8%A3%E8%8D%89%E5%B1%AF%E9%8E%AE%E4%B8%AD%E6%AD%A3%E8%B7%AF%E5%9F%B9%E8%8B%B1%E5%B7%B78%E8%99%9F,https://www.tdhs.ntct.edu.tw,https://www.tdhs.ntct.edu.tw,https://www.tdhs.ntct.edu.tw,https://www.google.com/maps/search/?api=1&query=%E5%90%8C%E5%BE%B7%E5%AD%B8%E6%A0%A1%E8%B2%A1%E5%9C%98%E6%B3%95%E4%BA%BA%E5%8D%97%E6%8A%95%E7%B8%A3%E5%90%8C%E5%BE%B7%E9%AB%98%E7%B4%9A%E4%B8%AD%E7%AD%89%E5%AD%B8%E6%A0%A1%20542%20%E5%8D%97%E6%8A%95%E7%B8%A3%E8%8D%89%E5%B1%AF%E9%8E%AE%E4%B8%AD%E6%AD%A3%E8%B7%AF%E5%9F%B9%E8%8B%B1%E5%B7%B78%E8%99%9F,https://www.tdhs.ntct.edu.tw,https://www.tdhs.ntct.edu.tw,https://www.tdhs.ntct.edu.tw,2026-09-07
,084309,南投縣立旭光高級中學,公立,中投區免試入學日間部,高中,不限,南投縣,草屯鎮,542 南投縣草屯鎮中正路568-23號,https://skjhs.ntct.edu.tw,049-2563472#211,普通科:152(不限),152,152,設數理語文班與體育班;班別招生依年度簡章。,南投縣立旭光高級中學普通高中課程以語文、數理、社會、自然與科技領域為基礎，搭配校訂必修、多元選修、探究與實作及自主學習，讓學生依升學與興趣規劃加深加廣學習。,南投縣立旭光高級中學的實作學習以自然科探究與實作、社會議題探究、校訂課程及自主學習成果為主，學生可透過實驗、研究報告、作品或成果發表完成學習成果。,南投縣立旭光高級中學的固定校車／學生專車服務目前沒有足以確認適用對象與路線的校方制度資訊。,可搭臺中往草屯方向客運至草屯轉運站，再轉乘行經中正路的公車，在旭光高中周邊站點下車後步行到校。,南投縣立旭光高級中學的一般招生學生住宿制度目前沒有足以確認適用對象與申請方式的校方制度資訊。,https://www.google.com/maps/search/?api=1&query=%E5%8D%97%E6%8A%95%E7%B8%A3%E7%AB%8B%E6%97%AD%E5%85%89%E9%AB%98%E7%B4%9A%E4%B8%AD%E5%AD%B8%20542%20%E5%8D%97%E6%8A%95%E7%B8%A3%E8%8D%89%E5%B1%AF%E9%8E%AE%E4%B8%AD%E6%AD%A3%E8%B7%AF568-23%E8%99%9F,https://skjhs.ntct.edu.tw,https://skjhs.ntct.edu.tw,https://skjhs.ntct.edu.tw,https://www.google.com/maps/search/?api=1&query=%E5%8D%97%E6%8A%95%E7%B8%A3%E7%AB%8B%E6%97%AD%E5%85%89%E9%AB%98%E7%B4%9A%E4%B8%AD%E5%AD%B8%20542%20%E5%8D%97%E6%8A%95%E7%B8%A3%E8%8D%89%E5%B1%AF%E9%8E%AE%E4%B8%AD%E6%AD%A3%E8%B7%AF568-23%E8%99%9F,https://skjhs.ntct.edu.tw,https://skjhs.ntct.edu.tw,https://skjhs.ntct.edu.tw,2026-09-07
,091318,義峰學校財團法人雲林縣義峰高級中學,私立,中投區免試入學日間部,高職,不限,雲林縣,林內鄉,643 雲林縣林內鄉烏麻村長源201號,http://www.yfsh.ylc.edu.tw,05-5800099#521、523,餐飲管理科:3(不限);照顧服務科(產特):3(不限);多媒體動畫科:3(不限),9,9,照顧服務科為產特;另以餐飲、多媒體動畫等專業實作為特色。,義峰學校財團法人雲林縣義峰高級中學依餐飲管理科、照顧服務科、多媒體動畫科規劃專業課程，學習涵蓋餐旅與服務、設計與藝術、家政與照護，並配置專業科目、實習科目、技能應用與專題實作。,義峰學校財團法人雲林縣義峰高級中學各專業科別安排實習操作與專題實作，內容對應餐旅與服務、設計與藝術、家政與照護，並結合設備操作、技能訓練、作品製作或成果發表。,義峰學校財團法人雲林縣義峰高級中學的固定校車／學生專車服務目前沒有足以確認適用對象與路線的校方制度資訊。,可搭臺鐵至林內站，再轉乘林內地區公車或短程接駁前往長源路校址。,義峰學校財團法人雲林縣義峰高級中學的一般招生學生住宿制度目前沒有足以確認適用對象與申請方式的校方制度資訊。,https://www.google.com/maps/search/?api=1&query=%E7%BE%A9%E5%B3%B0%E5%AD%B8%E6%A0%A1%E8%B2%A1%E5%9C%98%E6%B3%95%E4%BA%BA%E9%9B%B2%E6%9E%97%E7%B8%A3%E7%BE%A9%E5%B3%B0%E9%AB%98%E7%B4%9A%E4%B8%AD%E5%AD%B8%20643%20%E9%9B%B2%E6%9E%97%E7%B8%A3%E6%9E%97%E5%85%A7%E9%84%89%E7%83%8F%E9%BA%BB%E6%9D%91%E9%95%B7%E6%BA%90201%E8%99%9F,http://www.yfsh.ylc.edu.tw,http://www.yfsh.ylc.edu.tw,http://www.yfsh.ylc.edu.tw,https://www.google.com/maps/search/?api=1&query=%E7%BE%A9%E5%B3%B0%E5%AD%B8%E6%A0%A1%E8%B2%A1%E5%9C%98%E6%B3%95%E4%BA%BA%E9%9B%B2%E6%9E%97%E7%B8%A3%E7%BE%A9%E5%B3%B0%E9%AB%98%E7%B4%9A%E4%B8%AD%E5%AD%B8%20643%20%E9%9B%B2%E6%9E%97%E7%B8%A3%E6%9E%97%E5%85%A7%E9%84%89%E7%83%8F%E9%BA%BB%E6%9D%91%E9%95%B7%E6%BA%90201%E8%99%9F,http://www.yfsh.ylc.edu.tw,http://www.yfsh.ylc.edu.tw,http://www.yfsh.ylc.edu.tw,2026-09-07
,190406,國立中興大學附屬臺中高級農業職業學校,公立,中投區免試入學日間部,高職,不限,臺中市,東區,臺中市東區台中路283號,https://www.tcavs.tc.edu.tw,04-22810010#202、208、209,農場經營科(產特):63(不限);園藝科(產特):63(不限);森林科(產特):31(不限);食品加工科:62(不限);畜產保健科(產特):31(不限);土木科(產特):31(不限);生物產業機電科:32(不限);觀光事業科:32(不限);餐飲管理科:64(不限);幼兒保育科:32(不限),441,441,農場經營、園藝、森林、畜產保健、土木等為產業特殊需求類科;另設實用技能與體育班。,國立中興大學附屬臺中高級農業職業學校依農場經營科、園藝科、森林科、食品加工科、畜產保健科、土木科規劃專業課程，學習涵蓋農業與食品、機械與製造、建築與空間、餐旅與服務，並配置專業科目、實習科目、技能應用與專題實作。,國立中興大學附屬臺中高級農業職業學校各專業科別安排實習操作與專題實作，內容對應農業與食品、機械與製造、建築與空間、餐旅與服務，並結合設備操作、技能訓練、作品製作或成果發表。,國立中興大學附屬臺中高級農業職業學校的固定校車／學生專車服務目前沒有足以確認適用對象與路線的校方制度資訊。,可搭臺鐵至臺中站，再轉乘行經臺中路、建成路的市區公車，在興大附農周邊站點下車後步行到校。,國立中興大學附屬臺中高級農業職業學校的一般招生學生住宿制度目前沒有足以確認適用對象與申請方式的校方制度資訊。,https://www.google.com/maps/search/?api=1&query=%E5%9C%8B%E7%AB%8B%E4%B8%AD%E8%88%88%E5%A4%A7%E5%AD%B8%E9%99%84%E5%B1%AC%E8%87%BA%E4%B8%AD%E9%AB%98%E7%B4%9A%E8%BE%B2%E6%A5%AD%E8%81%B7%E6%A5%AD%E5%AD%B8%E6%A0%A1%20%E8%87%BA%E4%B8%AD%E5%B8%82%E6%9D%B1%E5%8D%80%E5%8F%B0%E4%B8%AD%E8%B7%AF283%E8%99%9F,https://www.tcavs.tc.edu.tw,https://www.tcavs.tc.edu.tw,https://www.tcavs.tc.edu.tw,https://www.google.com/maps/search/?api=1&query=%E5%9C%8B%E7%AB%8B%E4%B8%AD%E8%88%88%E5%A4%A7%E5%AD%B8%E9%99%84%E5%B1%AC%E8%87%BA%E4%B8%AD%E9%AB%98%E7%B4%9A%E8%BE%B2%E6%A5%AD%E8%81%B7%E6%A5%AD%E5%AD%B8%E6%A0%A1%20%E8%87%BA%E4%B8%AD%E5%B8%82%E6%9D%B1%E5%8D%80%E5%8F%B0%E4%B8%AD%E8%B7%AF283%E8%99%9F,https://www.tcavs.tc.edu.tw,https://www.tcavs.tc.edu.tw,https://www.tcavs.tc.edu.tw,2026-09-07
,190C06,國立中興大學附屬臺中高級農業職業學校進修部,公立,中投區免試入學進修部,進修部,不限,臺中市,東區,臺中市東區台中路283號,https://www.tcavs.tc.edu.tw/night/,04-22810010#702,農場經營科(產特)(夜間班):28(不限);園藝科(產特)(夜間班):28(不限);觀光事業科(夜間班):28(不限);餐飲管理科(夜間班):28(不限),112,112,農場經營、園藝、森林、畜產保健、土木等為產業特殊需求類科;另設實用技能與體育班。,國立中興大學附屬臺中高級農業職業學校進修部以農場經營科、園藝科、觀光事業科、餐飲管理科為主要學習科別，課程兼顧一般科目與農業與食品、餐旅與服務專業核心，並依進修學制安排實務與技能應用課程。,國立中興大學附屬臺中高級農業職業學校進修部的實作學習依農場經營科、園藝科、觀光事業科、餐飲管理科配置專業實習與專題實作，重點放在農業與食品、餐旅與服務技能操作、作品製作與成果呈現。,國立中興大學附屬臺中高級農業職業學校進修部的固定校車／學生專車服務目前沒有足以確認適用對象與路線的校方制度資訊。,可搭臺鐵至臺中站，再轉乘行經臺中路、建成路的市區公車，在興大附農周邊站點下車後步行到校。,國立中興大學附屬臺中高級農業職業學校進修部的一般招生學生住宿制度目前沒有足以確認適用對象與申請方式的校方制度資訊。,https://www.google.com/maps/search/?api=1&query=%E5%9C%8B%E7%AB%8B%E4%B8%AD%E8%88%88%E5%A4%A7%E5%AD%B8%E9%99%84%E5%B1%AC%E8%87%BA%E4%B8%AD%E9%AB%98%E7%B4%9A%E8%BE%B2%E6%A5%AD%E8%81%B7%E6%A5%AD%E5%AD%B8%E6%A0%A1%E9%80%B2%E4%BF%AE%E9%83%A8%20%E8%87%BA%E4%B8%AD%E5%B8%82%E6%9D%B1%E5%8D%80%E5%8F%B0%E4%B8%AD%E8%B7%AF283%E8%99%9F,https://www.tcavs.tc.edu.tw/night/,https://www.tcavs.tc.edu.tw/night/,https://www.tcavs.tc.edu.tw/night/,https://www.google.com/maps/search/?api=1&query=%E5%9C%8B%E7%AB%8B%E4%B8%AD%E8%88%88%E5%A4%A7%E5%AD%B8%E9%99%84%E5%B1%AC%E8%87%BA%E4%B8%AD%E9%AB%98%E7%B4%9A%E8%BE%B2%E6%A5%AD%E8%81%B7%E6%A5%AD%E5%AD%B8%E6%A0%A1%E9%80%B2%E4%BF%AE%E9%83%A8%20%E8%87%BA%E4%B8%AD%E5%B8%82%E6%9D%B1%E5%8D%80%E5%8F%B0%E4%B8%AD%E8%B7%AF283%E8%99%9F,https://www.tcavs.tc.edu.tw/night/,https://www.tcavs.tc.edu.tw/night/,https://www.tcavs.tc.edu.tw/night/,2026-09-07
,191301,財團法人東海大學附屬高級中等學校,私立,中投區免試入學日間部,高中,不限,臺中市,西屯區,臺中市西屯區臺灣大道四段1727號,https://www.hn.thu.edu.tw/index.php,04-23590269#1220,普通科:207(不限),207,207,普通科結合東海大學資源、多元選修與自主學習;官網另設國際教育與AP/SAT、IB測驗資源。,普通高中課程可運用東海大學校園與教學資源，搭配多元選修、自主學習、國際教育與進階學習資源。,財團法人東海大學附屬高級中等學校的實作學習以自然科探究與實作、社會議題探究、校訂課程及自主學習成果為主，學生可透過實驗、研究報告、作品或成果發表完成學習成果。,財團法人東海大學附屬高級中等學校的固定校車／學生專車服務目前沒有足以確認適用對象與路線的校方制度資訊。,可搭臺灣大道幹線公車（300 系列）至東海大學周邊站點，再進入東海大學校園前往附中。,財團法人東海大學附屬高級中等學校的一般招生學生住宿制度目前沒有足以確認適用對象與申請方式的校方制度資訊。,https://www.google.com/maps/search/?api=1&query=%E8%B2%A1%E5%9C%98%E6%B3%95%E4%BA%BA%E6%9D%B1%E6%B5%B7%E5%A4%A7%E5%AD%B8%E9%99%84%E5%B1%AC%E9%AB%98%E7%B4%9A%E4%B8%AD%E7%AD%89%E5%AD%B8%E6%A0%A1%20%E8%87%BA%E4%B8%AD%E5%B8%82%E8%A5%BF%E5%B1%AF%E5%8D%80%E8%87%BA%E7%81%A3%E5%A4%A7%E9%81%93%E5%9B%9B%E6%AE%B51727%E8%99%9F,https://www.hn.thu.edu.tw/index.php,https://www.hn.thu.edu.tw/index.php,https://www.hn.thu.edu.tw/index.php,https://www.google.com/maps/search/?api=1&query=%E8%B2%A1%E5%9C%98%E6%B3%95%E4%BA%BA%E6%9D%B1%E6%B5%B7%E5%A4%A7%E5%AD%B8%E9%99%84%E5%B1%AC%E9%AB%98%E7%B4%9A%E4%B8%AD%E7%AD%89%E5%AD%B8%E6%A0%A1%20%E8%87%BA%E4%B8%AD%E5%B8%82%E8%A5%BF%E5%B1%AF%E5%8D%80%E8%87%BA%E7%81%A3%E5%A4%A7%E9%81%93%E5%9B%9B%E6%AE%B51727%E8%99%9F,https://www.hn.thu.edu.tw/index.php,https://www.hn.thu.edu.tw/index.php,https://www.hn.thu.edu.tw/index.php,2026-09-07
,191302,葳格學校財團法人臺中市葳格高級中學,私立,中投區免試入學日間部,綜高,不限,臺中市,北屯區,臺中市北屯區軍福十八路328號,https://senior.wagor.tc.edu.tw,04-24371728#712,普通科:45(不限);餐飲管理科:44(不限),89,89,"國際教育與雙語學習為校本特色;另設餐飲管理科,班別依年度招生公告。",葳格學校財團法人臺中市葳格高級中學同時提供普通／綜合高中學習與餐飲管理科等專業方向；一般課程搭配校訂必修、多元選修與探究實作，專業類科則發展餐旅與服務實務能力。,葳格學校財團法人臺中市葳格高級中學普通／綜合高中端以自然科與社會領域探究、自主學習成果為主；專業類科另安排餐旅與服務實習與專題實作，形成研究與技能並行的實作學習。,葳格學校財團法人臺中市葳格高級中學的固定校車／學生專車服務目前沒有足以確認適用對象與路線的校方制度資訊。,可由臺中車站、太原站或捷運松竹站轉乘往北屯軍功地區公車，在軍福十八路校址周邊下車後步行到校。,葳格學校財團法人臺中市葳格高級中學的一般招生學生住宿制度目前沒有足以確認適用對象與申請方式的校方制度資訊。,https://www.google.com/maps/search/?api=1&query=%E8%91%B3%E6%A0%BC%E5%AD%B8%E6%A0%A1%E8%B2%A1%E5%9C%98%E6%B3%95%E4%BA%BA%E8%87%BA%E4%B8%AD%E5%B8%82%E8%91%B3%E6%A0%BC%E9%AB%98%E7%B4%9A%E4%B8%AD%E5%AD%B8%20%E8%87%BA%E4%B8%AD%E5%B8%82%E5%8C%97%E5%B1%AF%E5%8D%80%E8%BB%8D%E7%A6%8F%E5%8D%81%E5%85%AB%E8%B7%AF328%E8%99%9F,https://senior.wagor.tc.edu.tw/aa/curriculum.html,https://senior.wagor.tc.edu.tw/aa/curriculum.html,https://senior.wagor.tc.edu.tw,https://www.google.com/maps/search/?api=1&query=%E8%91%B3%E6%A0%BC%E5%AD%B8%E6%A0%A1%E8%B2%A1%E5%9C%98%E6%B3%95%E4%BA%BA%E8%87%BA%E4%B8%AD%E5%B8%82%E8%91%B3%E6%A0%BC%E9%AB%98%E7%B4%9A%E4%B8%AD%E5%AD%B8%20%E8%87%BA%E4%B8%AD%E5%B8%82%E5%8C%97%E5%B1%AF%E5%8D%80%E8%BB%8D%E7%A6%8F%E5%8D%81%E5%85%AB%E8%B7%AF328%E8%99%9F,https://senior.wagor.tc.edu.tw,https://senior.wagor.tc.edu.tw,https://senior.wagor.tc.edu.tw,2026-09-07
,191305,臺中市私立新民高級中學,私立,中投區免試入學日間部,綜高,不限,臺中市,北區,臺中市北區健行路111號,https://www.shinmin.tc.edu.tw,04-22334105#6171~6179,普通科:363(不限);機械科:45(不限);資訊科:94(不限);電子科:45(不限);電機科:90(不限);機電科:45(不限);商業經營科:121(不限);資料處理科:37(不限);廣告設計科:45(不限);觀光事業科:79(不限);多媒體設計科:93(不限);應用英語科:81(不限);應用日語科:74(不限);室內設計科:45(不限);表演藝術科:27(不限),1284,1284,普通科與工業、商管、外語、設計、表演藝術等多科並設;另有音樂、雙語等特色課程資源。,臺中市私立新民高級中學同時提供普通／綜合高中學習與機械科、資訊科、電子科、電機科、機電科等專業方向；一般課程搭配校訂必修、多元選修與探究實作，專業類科則發展機械與製造、資電與工程、建築與空間、商管與數位應用實務能力。,臺中市私立新民高級中學普通／綜合高中端以自然科與社會領域探究、自主學習成果為主；專業類科另安排機械與製造、資電與工程、建築與空間、商管與數位應用實習與專題實作，形成研究與技能並行的實作學習。,有學生專車。115學年度第1學期校方提供日間部學生專車名單、時間表與價格資料。,可由臺中車站轉乘行經三民路、健行路的市區公車，在新民高中周邊站點下車後步行到校。,學校設有學生宿舍。115學年度提供一年級新生住宿調查與二、三年級新申請住宿，並有宿舍管理規定與住宿申請表。,https://www.google.com/maps/search/?api=1&query=%E8%87%BA%E4%B8%AD%E5%B8%82%E7%A7%81%E7%AB%8B%E6%96%B0%E6%B0%91%E9%AB%98%E7%B4%9A%E4%B8%AD%E5%AD%B8%20%E8%87%BA%E4%B8%AD%E5%B8%82%E5%8C%97%E5%8D%80%E5%81%A5%E8%A1%8C%E8%B7%AF111%E8%99%9F,https://www.shinmin.tc.edu.tw,https://www.shinmin.tc.edu.tw,https://rpage.shinmin.tc.edu.tw/p/404-1000-1307.php,https://www.google.com/maps/search/?api=1&query=%E8%87%BA%E4%B8%AD%E5%B8%82%E7%A7%81%E7%AB%8B%E6%96%B0%E6%B0%91%E9%AB%98%E7%B4%9A%E4%B8%AD%E5%AD%B8%20%E8%87%BA%E4%B8%AD%E5%B8%82%E5%8C%97%E5%8D%80%E5%81%A5%E8%A1%8C%E8%B7%AF111%E8%99%9F,https://rpage.shinmin.tc.edu.tw/p/404-1000-1310.php,https://www.shinmin.tc.edu.tw,https://www.shinmin.tc.edu.tw,2026-09-07
,191308,宜寧學校財團法人臺中市宜寧高級中學,私立,中投區免試入學日間部,綜高,不限,臺中市,西屯區,臺中市西屯區東大路一段555號,https://www.inhs.tc.edu.tw,04- 24621800#204,普通科:180(不限);電機科:88(不限);資料處理科:89(不限);觀光事業科:90(不限);電子商務科:45(不限);應用日語科:42(不限),534,534,普通科、電機、資處、電商、觀光、應日等多軌;官網另列電競學程與雙語國中部。,宜寧學校財團法人臺中市宜寧高級中學同時提供普通／綜合高中學習與電機科、資料處理科、觀光事業科、電子商務科、應用日語科等專業方向；一般課程搭配校訂必修、多元選修與探究實作，專業類科則發展資電與工程、商管與數位應用、餐旅與服務、外語應用實務能力。,宜寧學校財團法人臺中市宜寧高級中學普通／綜合高中端以自然科與社會領域探究、自主學習成果為主；專業類科另安排資電與工程、商管與數位應用、餐旅與服務、外語應用實習與專題實作，形成研究與技能並行的實作學習。,宜寧學校財團法人臺中市宜寧高級中學的固定校車／學生專車服務目前沒有足以確認適用對象與路線的校方制度資訊。,可搭 45延或 45延1 路公車，在國安社區、宜寧中學周邊站點下車後步行到校。,宜寧學校財團法人臺中市宜寧高級中學的一般招生學生住宿制度目前沒有足以確認適用對象與申請方式的校方制度資訊。,https://www.google.com/maps/search/?api=1&query=%E5%AE%9C%E5%AF%A7%E5%AD%B8%E6%A0%A1%E8%B2%A1%E5%9C%98%E6%B3%95%E4%BA%BA%E8%87%BA%E4%B8%AD%E5%B8%82%E5%AE%9C%E5%AF%A7%E9%AB%98%E7%B4%9A%E4%B8%AD%E5%AD%B8%20%E8%87%BA%E4%B8%AD%E5%B8%82%E8%A5%BF%E5%B1%AF%E5%8D%80%E6%9D%B1%E5%A4%A7%E8%B7%AF%E4%B8%80%E6%AE%B5555%E8%99%9F,https://www.inhs.tc.edu.tw,https://www.inhs.tc.edu.tw,https://www.inhs.tc.edu.tw,https://www.google.com/maps/search/?api=1&query=%E5%AE%9C%E5%AF%A7%E5%AD%B8%E6%A0%A1%E8%B2%A1%E5%9C%98%E6%B3%95%E4%BA%BA%E8%87%BA%E4%B8%AD%E5%B8%82%E5%AE%9C%E5%AF%A7%E9%AB%98%E7%B4%9A%E4%B8%AD%E5%AD%B8%20%E8%87%BA%E4%B8%AD%E5%B8%82%E8%A5%BF%E5%B1%AF%E5%8D%80%E6%9D%B1%E5%A4%A7%E8%B7%AF%E4%B8%80%E6%AE%B5555%E8%99%9F,https://www.inhs.tc.edu.tw,https://www.inhs.tc.edu.tw,https://www.inhs.tc.edu.tw,2026-09-07
,191309,明德學校財團法人臺中市明德高級中學,私立,中投區免試入學日間部,綜高,不限,臺中市,南區,臺中市南區明德街84號,https://www.mdhs.tc.edu.tw,04-22877676#2,普通科:166(不限);商業經營科:47(不限);餐飲管理科:117(不限);多媒體設計科:45(不限);幼兒保育科:74(不限);美容科:117(不限),566,566,普通科與商管、餐飲、多媒體、幼保、美容等職業類科並設;各科依專業實習發展特色。,明德學校財團法人臺中市明德高級中學同時提供普通／綜合高中學習與商業經營科、餐飲管理科、多媒體設計科、幼兒保育科、美容科等專業方向；一般課程搭配校訂必修、多元選修與探究實作，專業類科則發展商管與數位應用、餐旅與服務、設計與藝術、家政與照護實務能力。,明德學校財團法人臺中市明德高級中學普通／綜合高中端以自然科與社會領域探究、自主學習成果為主；專業類科另安排商管與數位應用、餐旅與服務、設計與藝術、家政與照護實習與專題實作，形成研究與技能並行的實作學習。,明德學校財團法人臺中市明德高級中學的固定校車／學生專車服務目前沒有足以確認適用對象與路線的校方制度資訊。,可搭臺鐵至五權站，再轉乘南區市區公車至明德街、明德高中周邊後步行到校。,明德學校財團法人臺中市明德高級中學的一般招生學生住宿制度目前沒有足以確認適用對象與申請方式的校方制度資訊。,https://www.google.com/maps/search/?api=1&query=%E6%98%8E%E5%BE%B7%E5%AD%B8%E6%A0%A1%E8%B2%A1%E5%9C%98%E6%B3%95%E4%BA%BA%E8%87%BA%E4%B8%AD%E5%B8%82%E6%98%8E%E5%BE%B7%E9%AB%98%E7%B4%9A%E4%B8%AD%E5%AD%B8%20%E8%87%BA%E4%B8%AD%E5%B8%82%E5%8D%97%E5%8D%80%E6%98%8E%E5%BE%B7%E8%A1%9784%E8%99%9F,https://www.mdhs.tc.edu.tw,https://www.mdhs.tc.edu.tw,https://www.mdhs.tc.edu.tw,https://www.google.com/maps/search/?api=1&query=%E6%98%8E%E5%BE%B7%E5%AD%B8%E6%A0%A1%E8%B2%A1%E5%9C%98%E6%B3%95%E4%BA%BA%E8%87%BA%E4%B8%AD%E5%B8%82%E6%98%8E%E5%BE%B7%E9%AB%98%E7%B4%9A%E4%B8%AD%E5%AD%B8%20%E8%87%BA%E4%B8%AD%E5%B8%82%E5%8D%97%E5%8D%80%E6%98%8E%E5%BE%B7%E8%A1%9784%E8%99%9F,https://www.mdhs.tc.edu.tw,https://www.mdhs.tc.edu.tw,https://www.mdhs.tc.edu.tw,2026-09-07
,191311,臺中市私立衛道高級中學,私立,中投區免試入學日間部,高中,不限,臺中市,北屯區,臺中市北屯區四平路161號,https://www.vtsh.tc.edu.tw,04-22911187# 230,普通科:180(不限),180,180,普通科以課程計畫、多元選修與校本活動為主;學校官網未標示固定資優班招生資訊。,臺中市私立衛道高級中學普通高中課程以語文、數理、社會、自然與科技領域為基礎，搭配校訂必修、多元選修、探究與實作及自主學習，讓學生依升學與興趣規劃加深加廣學習。,臺中市私立衛道高級中學的實作學習以自然科探究與實作、社會議題探究、校訂課程及自主學習成果為主，學生可透過實驗、研究報告、作品或成果發表完成學習成果。,有校專車。115學年度第1學期校方公布校專車路線、停靠站、校內停車位置與車資資料。,可搭臺中捷運綠線至文心中清站，再轉乘往四平路方向市區公車，在衛道中學周邊站點下車後步行到校。,學校設有學生宿舍。115學年度高一新生可申請住宿，校方公布男、女生宿舍床位與住宿辦理資訊。,https://www.google.com/maps/search/?api=1&query=%E8%87%BA%E4%B8%AD%E5%B8%82%E7%A7%81%E7%AB%8B%E8%A1%9B%E9%81%93%E9%AB%98%E7%B4%9A%E4%B8%AD%E5%AD%B8%20%E8%87%BA%E4%B8%AD%E5%B8%82%E5%8C%97%E5%B1%AF%E5%8D%80%E5%9B%9B%E5%B9%B3%E8%B7%AF161%E8%99%9F,https://www.vtsh.tc.edu.tw,https://www.vtsh.tc.edu.tw,https://www.vtsh.tc.edu.tw/news/%E3%80%90%E6%A0%A1%E5%B0%88%E8%BB%8A%E3%80%91115-1-%E5%AD%B8%E6%9C%9F-%E6%A0%A1%E5%B0%88%E8%BB%8A%E8%B7%AF%E7%B7%9A%E8%A1%A8/,https://www.google.com/maps/search/?api=1&query=%E8%87%BA%E4%B8%AD%E5%B8%82%E7%A7%81%E7%AB%8B%E8%A1%9B%E9%81%93%E9%AB%98%E7%B4%9A%E4%B8%AD%E5%AD%B8%20%E8%87%BA%E4%B8%AD%E5%B8%82%E5%8C%97%E5%B1%AF%E5%8D%80%E5%9B%9B%E5%B9%B3%E8%B7%AF161%E8%99%9F,https://www.vtsh.tc.edu.tw/category/office/div_300/section_360/,https://www.vtsh.tc.edu.tw,https://www.vtsh.tc.edu.tw,2026-09-07
,191313,臺中市私立曉明女子高級中學,私立,中投區免試入學日間部,高中,女生,臺中市,北區,臺中市北區中清路一段606號,https://www.smgsh.tc.edu.tw,04-22921175#131,普通科:137(女生),137,137,"普通科女校;官網未標示固定資優班招生資訊,實際特色課程與分組依當年度課程計畫。",臺中市私立曉明女子高級中學普通高中課程以語文、數理、社會、自然與科技領域為基礎，搭配校訂必修、多元選修、探究與實作及自主學習，讓學生依升學與興趣規劃加深加廣學習。,臺中市私立曉明女子高級中學的實作學習以自然科探究與實作、社會議題探究、校訂課程及自主學習成果為主，學生可透過實驗、研究報告、作品或成果發表完成學習成果。,有學生專車。校方提供南投、大里、南區、霧峰、彰化、神岡、潭子、南屯、東海、清水、梧棲、豐原、市政等多條路線與停靠站查詢。,可搭臺中捷運綠線至文心中清站，再轉乘行經中清路的市區公車，在曉明女中周邊站點下車後步行到校。,學校設有住宿安排。115學年度新生報到包含住宿調查，校方另提供宿舍事務與住宿費資訊。,https://www.google.com/maps/search/?api=1&query=%E8%87%BA%E4%B8%AD%E5%B8%82%E7%A7%81%E7%AB%8B%E6%9B%89%E6%98%8E%E5%A5%B3%E5%AD%90%E9%AB%98%E7%B4%9A%E4%B8%AD%E5%AD%B8%20%E8%87%BA%E4%B8%AD%E5%B8%82%E5%8C%97%E5%8D%80%E4%B8%AD%E6%B8%85%E8%B7%AF%E4%B8%80%E6%AE%B5606%E8%99%9F,https://www.smgsh.tc.edu.tw,https://www.smgsh.tc.edu.tw,https://www.smgsh.tc.edu.tw/v6/home/CarsList,https://www.google.com/maps/search/?api=1&query=%E8%87%BA%E4%B8%AD%E5%B8%82%E7%A7%81%E7%AB%8B%E6%9B%89%E6%98%8E%E5%A5%B3%E5%AD%90%E9%AB%98%E7%B4%9A%E4%B8%AD%E5%AD%B8%20%E8%87%BA%E4%B8%AD%E5%B8%82%E5%8C%97%E5%8D%80%E4%B8%AD%E6%B8%85%E8%B7%AF%E4%B8%80%E6%AE%B5606%E8%99%9F,https://www.smgsh.tc.edu.tw/v6/Home/News/3346,https://www.smgsh.tc.edu.tw,https://www.smgsh.tc.edu.tw,2026-09-07
,191314,臺中市私立嶺東高級中學,私立,中投區免試入學日間部,綜高,不限,臺中市,南屯區,臺中市南屯區嶺東路2號,https://www.lths.tc.edu.tw,04-23898940#22,普通科:248(不限);汽車科:77(不限);資訊科:35(不限);電子科:32(不限);建築科:35(不限);商業經營科:35(不限);廣告設計科:34(不限);觀光事業科:78(不限);餐飲管理科:34(不限);多媒體設計科:77(不限);應用英語科:35(不限),720,720,普通科與汽車、資電、建築、商管、餐旅、設計及應英等多科;另有實用技能與建教合作課程。,臺中市私立嶺東高級中學同時提供普通／綜合高中學習與汽車科、資訊科、電子科、建築科、商業經營科等專業方向；一般課程搭配校訂必修、多元選修與探究實作，專業類科則發展機械與製造、資電與工程、建築與空間、商管與數位應用實務能力。,臺中市私立嶺東高級中學普通／綜合高中端以自然科與社會領域探究、自主學習成果為主；專業類科另安排機械與製造、資電與工程、建築與空間、商管與數位應用實習與專題實作，形成研究與技能並行的實作學習。,有學生交通車。115學年度第1學期校方公布學生交通車路線表與停放位置，並提供各路線查詢。,可由高鐵臺中站或臺中市區轉乘往嶺東地區公車，在嶺東高中、嶺東科大周邊站點下車後步行到校。,學校設有學生宿舍，宿舍位於校園住宿空間，床位依住宿申請與校方分配安排。,https://www.google.com/maps/search/?api=1&query=%E8%87%BA%E4%B8%AD%E5%B8%82%E7%A7%81%E7%AB%8B%E5%B6%BA%E6%9D%B1%E9%AB%98%E7%B4%9A%E4%B8%AD%E5%AD%B8%20%E8%87%BA%E4%B8%AD%E5%B8%82%E5%8D%97%E5%B1%AF%E5%8D%80%E5%B6%BA%E6%9D%B1%E8%B7%AF2%E8%99%9F,https://www.lths.tc.edu.tw/ischool/publish_page/15/,https://www.lths.tc.edu.tw/ischool/publish_page/15/,https://ischool.lths.tc.edu.tw/ischool/publish_page/7/?cid=3048,https://www.google.com/maps/search/?api=1&query=%E8%87%BA%E4%B8%AD%E5%B8%82%E7%A7%81%E7%AB%8B%E5%B6%BA%E6%9D%B1%E9%AB%98%E7%B4%9A%E4%B8%AD%E5%AD%B8%20%E8%87%BA%E4%B8%AD%E5%B8%82%E5%8D%97%E5%B1%AF%E5%8D%80%E5%B6%BA%E6%9D%B1%E8%B7%AF2%E8%99%9F,https://ischool.lths.tc.edu.tw/ischool/widget/main_menu/show.php?cid=3227,https://www.lths.tc.edu.tw,https://www.lths.tc.edu.tw,2026-09-07
,191412,光華學校財團法人臺中市光華高級工業職業學校,私立,中投區免試入學日間部,高職,不限,臺中市,太平區,臺中市太平區東平路18號,https://www.khvs.tc.edu.tw,04-23949009#1120,機械科:23(不限);電機科:23(不限);消防工程科:23(不限),69,69,"工業技職特色校,發展電機、機械、消防工程及AIoT跨域實作;本次招生資料未列固定資優班。",光華學校財團法人臺中市光華高級工業職業學校依機械科、電機科、消防工程科規劃專業課程，學習涵蓋機械與製造、資電與工程、工業技術，並配置專業科目、實習科目、技能應用與專題實作。,光華學校財團法人臺中市光華高級工業職業學校各專業科別安排實習操作與專題實作，內容對應機械與製造、資電與工程、工業技術，並結合設備操作、技能訓練、作品製作或成果發表。,光華學校財團法人臺中市光華高級工業職業學校的固定校車／學生專車服務目前沒有足以確認適用對象與路線的校方制度資訊。,可由臺中車站轉乘往太平方向市區公車，在東平路、光華高工周邊站點下車後步行到校。,光華學校財團法人臺中市光華高級工業職業學校的一般招生學生住宿制度目前沒有足以確認適用對象與申請方式的校方制度資訊。,https://www.google.com/maps/search/?api=1&query=%E5%85%89%E8%8F%AF%E5%AD%B8%E6%A0%A1%E8%B2%A1%E5%9C%98%E6%B3%95%E4%BA%BA%E8%87%BA%E4%B8%AD%E5%B8%82%E5%85%89%E8%8F%AF%E9%AB%98%E7%B4%9A%E5%B7%A5%E6%A5%AD%E8%81%B7%E6%A5%AD%E5%AD%B8%E6%A0%A1%20%E8%87%BA%E4%B8%AD%E5%B8%82%E5%A4%AA%E5%B9%B3%E5%8D%80%E6%9D%B1%E5%B9%B3%E8%B7%AF18%E8%99%9F,https://www.khvs.tc.edu.tw,https://www.khvs.tc.edu.tw,https://www.khvs.tc.edu.tw,https://www.google.com/maps/search/?api=1&query=%E5%85%89%E8%8F%AF%E5%AD%B8%E6%A0%A1%E8%B2%A1%E5%9C%98%E6%B3%95%E4%BA%BA%E8%87%BA%E4%B8%AD%E5%B8%82%E5%85%89%E8%8F%AF%E9%AB%98%E7%B4%9A%E5%B7%A5%E6%A5%AD%E8%81%B7%E6%A5%AD%E5%AD%B8%E6%A0%A1%20%E8%87%BA%E4%B8%AD%E5%B8%82%E5%A4%AA%E5%B9%B3%E5%8D%80%E6%9D%B1%E5%B9%B3%E8%B7%AF18%E8%99%9F,https://www.khvs.tc.edu.tw,https://www.khvs.tc.edu.tw,https://www.khvs.tc.edu.tw,2026-09-07
,191B05,臺中市私立新民高級中學進修部,私立,中投區免試入學進修部,進修部,不限,臺中市,北區,臺中市北區健行路111號,https://www.shinmin.tc.edu.tw,04-22334105#6167,普通科(日間班):40(不限);機械科(夜間班):40(不限);電機科(夜間班):40(不限);商業經營科(夜間班):40(不限);觀光事業科(夜間班):40(不限);多媒體設計科(夜間班):40(不限);應用英語科(夜間班):40(不限);應用日語科(夜間班):40(不限),320,320,"進修部依當年度核定科別開班;官網未標示另設固定資優班,實際班別以進修部公告為準。",臺中市私立新民高級中學進修部以普通科、機械科、電機科、商業經營科、觀光事業科為主要學習科別，課程兼顧一般科目與機械與製造、資電與工程、商管與數位應用專業核心，並依進修學制安排實務與技能應用課程。,臺中市私立新民高級中學進修部的實作學習依普通科、機械科、電機科、商業經營科、觀光事業科配置專業實習與專題實作，重點放在機械與製造、資電與工程、商管與數位應用技能操作、作品製作與成果呈現。,臺中市私立新民高級中學進修部的固定校車／學生專車服務目前沒有足以確認適用對象與路線的校方制度資訊。,可由臺中車站轉乘行經三民路、健行路的市區公車，在新民高中周邊站點下車後步行到校。,臺中市私立新民高級中學進修部的一般招生學生住宿制度目前沒有足以確認適用對象與申請方式的校方制度資訊。,https://www.google.com/maps/search/?api=1&query=%E8%87%BA%E4%B8%AD%E5%B8%82%E7%A7%81%E7%AB%8B%E6%96%B0%E6%B0%91%E9%AB%98%E7%B4%9A%E4%B8%AD%E5%AD%B8%E9%80%B2%E4%BF%AE%E9%83%A8%20%E8%87%BA%E4%B8%AD%E5%B8%82%E5%8C%97%E5%8D%80%E5%81%A5%E8%A1%8C%E8%B7%AF111%E8%99%9F,https://rpage.shinmin.tc.edu.tw/p/412-1000-221.php,https://rpage.shinmin.tc.edu.tw/p/412-1000-221.php,https://www.shinmin.tc.edu.tw,https://www.google.com/maps/search/?api=1&query=%E8%87%BA%E4%B8%AD%E5%B8%82%E7%A7%81%E7%AB%8B%E6%96%B0%E6%B0%91%E9%AB%98%E7%B4%9A%E4%B8%AD%E5%AD%B8%E9%80%B2%E4%BF%AE%E9%83%A8%20%E8%87%BA%E4%B8%AD%E5%B8%82%E5%8C%97%E5%8D%80%E5%81%A5%E8%A1%8C%E8%B7%AF111%E8%99%9F,https://www.shinmin.tc.edu.tw,https://www.shinmin.tc.edu.tw,https://www.shinmin.tc.edu.tw,2026-09-07
,191B14,臺中市私立嶺東高級中學進修部,私立,中投區免試入學進修部,進修部,不限,臺中市,南屯區,臺中市南屯區嶺東路2號,https://www.lths.tc.edu.tw,04-23898940#52,資訊科(夜間班):40(不限);商業經營科(夜間班):40(不限);資料處理科(夜間班):40(不限);觀光事業科(夜間班):80(不限),200,200,普通科與汽車、資電、建築、商管、餐旅、設計及應英等多科;另有實用技能與建教合作課程。,臺中市私立嶺東高級中學進修部以資訊科、商業經營科、資料處理科、觀光事業科為主要學習科別，課程兼顧一般科目與資電與工程、商管與數位應用、餐旅與服務專業核心，並依進修學制安排實務與技能應用課程。,臺中市私立嶺東高級中學進修部的實作學習依資訊科、商業經營科、資料處理科、觀光事業科配置專業實習與專題實作，重點放在資電與工程、商管與數位應用、餐旅與服務技能操作、作品製作與成果呈現。,臺中市私立嶺東高級中學進修部的固定校車／學生專車服務目前沒有足以確認適用對象與路線的校方制度資訊。,可由高鐵臺中站或臺中市區轉乘往嶺東地區公車，在嶺東高中、嶺東科大周邊站點下車後步行到校。,臺中市私立嶺東高級中學進修部的一般招生學生住宿制度目前沒有足以確認適用對象與申請方式的校方制度資訊。,https://www.google.com/maps/search/?api=1&query=%E8%87%BA%E4%B8%AD%E5%B8%82%E7%A7%81%E7%AB%8B%E5%B6%BA%E6%9D%B1%E9%AB%98%E7%B4%9A%E4%B8%AD%E5%AD%B8%E9%80%B2%E4%BF%AE%E9%83%A8%20%E8%87%BA%E4%B8%AD%E5%B8%82%E5%8D%97%E5%B1%AF%E5%8D%80%E5%B6%BA%E6%9D%B1%E8%B7%AF2%E8%99%9F,https://www.lths.tc.edu.tw/ischool/publish_page/15/,https://www.lths.tc.edu.tw/ischool/publish_page/15/,https://www.lths.tc.edu.tw,https://www.google.com/maps/search/?api=1&query=%E8%87%BA%E4%B8%AD%E5%B8%82%E7%A7%81%E7%AB%8B%E5%B6%BA%E6%9D%B1%E9%AB%98%E7%B4%9A%E4%B8%AD%E5%AD%B8%E9%80%B2%E4%BF%AE%E9%83%A8%20%E8%87%BA%E4%B8%AD%E5%B8%82%E5%8D%97%E5%B1%AF%E5%8D%80%E5%B6%BA%E6%9D%B1%E8%B7%AF2%E8%99%9F,https://www.lths.tc.edu.tw,https://www.lths.tc.edu.tw,https://www.lths.tc.edu.tw,2026-09-07
,193301,臺中市立臺中女子高級中等學校,公立,中投區免試入學日間部,高中,女校,臺中市,西區,臺中市西區自由路一段95號,https://www.tcgs.tc.edu.tw,04-22205108#203,普通科:613(女生),613,613,數理資優班、人文社會資優班、語文資優班、創意科學實驗班;各班依鑑定或校方遴選辦理。,普通高中課程涵蓋語文、數理、人文社會、自然與科技，並設數理、人文社會、語文資優及創意科學等進階學習路徑。,臺中市立臺中女子高級中等學校的實作學習以自然科探究與實作、社會議題探究、校訂課程及自主學習成果為主，學生可透過實驗、研究報告、作品或成果發表完成學習成果。,臺中市立臺中女子高級中等學校的固定校車／學生專車服務目前沒有足以確認適用對象與路線的校方制度資訊。,可由臺中車站轉乘行經自由路、民權路的市區公車，在臺中女中周邊站點下車後步行到校。,臺中市立臺中女子高級中等學校的一般招生學生住宿制度目前沒有足以確認適用對象與申請方式的校方制度資訊。,https://www.google.com/maps/search/?api=1&query=%E8%87%BA%E4%B8%AD%E5%B8%82%E7%AB%8B%E8%87%BA%E4%B8%AD%E5%A5%B3%E5%AD%90%E9%AB%98%E7%B4%9A%E4%B8%AD%E7%AD%89%E5%AD%B8%E6%A0%A1%20%E8%87%BA%E4%B8%AD%E5%B8%82%E8%A5%BF%E5%8D%80%E8%87%AA%E7%94%B1%E8%B7%AF%E4%B8%80%E6%AE%B595%E8%99%9F,https://www.tcgs.tc.edu.tw,https://www.tcgs.tc.edu.tw,https://www.tcgs.tc.edu.tw,https://www.google.com/maps/search/?api=1&query=%E8%87%BA%E4%B8%AD%E5%B8%82%E7%AB%8B%E8%87%BA%E4%B8%AD%E5%A5%B3%E5%AD%90%E9%AB%98%E7%B4%9A%E4%B8%AD%E7%AD%89%E5%AD%B8%E6%A0%A1%20%E8%87%BA%E4%B8%AD%E5%B8%82%E8%A5%BF%E5%8D%80%E8%87%AA%E7%94%B1%E8%B7%AF%E4%B8%80%E6%AE%B595%E8%99%9F,https://www.tcgs.tc.edu.tw,https://www.tcgs.tc.edu.tw,https://www.tcgs.tc.edu.tw,2026-09-07
,193302,臺中市立臺中第一高級中等學校,公立,中投區免試入學日間部,高中,男生,臺中市,北區,臺中市北區育才街2號,https://www.tcfsh.tc.edu.tw,04-22226081#203,普通科:795(男生),795,795,"科學班、數理資優班、語文資優班、美術班;科學班與陽明交通大學合作,班別依各管道甄選。",普通高中課程除核心學科外，另有科學班、數理與語文資優、美術等專門學習路徑，並提供進階研究與跨校課程資源。,臺中市立臺中第一高級中等學校的實作學習以自然科探究與實作、社會議題探究、校訂課程及自主學習成果為主，學生可透過實驗、研究報告、作品或成果發表完成學習成果。,臺中市立臺中第一高級中等學校的固定校車／學生專車服務目前沒有足以確認適用對象與路線的校方制度資訊。,可由臺中車站轉乘市區公車至一中商圈、臺中一中周邊站點；高鐵臺中站可先轉 159 路進入市區再銜接。,臺中市立臺中第一高級中等學校的一般招生學生住宿制度目前沒有足以確認適用對象與申請方式的校方制度資訊。,https://www.google.com/maps/search/?api=1&query=%E8%87%BA%E4%B8%AD%E5%B8%82%E7%AB%8B%E8%87%BA%E4%B8%AD%E7%AC%AC%E4%B8%80%E9%AB%98%E7%B4%9A%E4%B8%AD%E7%AD%89%E5%AD%B8%E6%A0%A1%20%E8%87%BA%E4%B8%AD%E5%B8%82%E5%8C%97%E5%8D%80%E8%82%B2%E6%89%8D%E8%A1%972%E8%99%9F,https://www.tcfsh.tc.edu.tw,https://www.tcfsh.tc.edu.tw,https://www.tcfsh.tc.edu.tw,https://www.google.com/maps/search/?api=1&query=%E8%87%BA%E4%B8%AD%E5%B8%82%E7%AB%8B%E8%87%BA%E4%B8%AD%E7%AC%AC%E4%B8%80%E9%AB%98%E7%B4%9A%E4%B8%AD%E7%AD%89%E5%AD%B8%E6%A0%A1%20%E8%87%BA%E4%B8%AD%E5%B8%82%E5%8C%97%E5%8D%80%E8%82%B2%E6%89%8D%E8%A1%972%E8%99%9F,https://www.tcfsh.tc.edu.tw,https://www.tcfsh.tc.edu.tw,https://www.tcfsh.tc.edu.tw,2026-09-07
,193303,臺中市立忠明高級中學,公立,中投區免試入學日間部,高中,不限,臺中市,西區,403023 臺中市西區博館路166號,https://cmsh.tc.edu.tw,04-23224690#712,普通科:244(不限),244,244,"高中部雙語實驗班;另有多元課程與升學銜接,實際編班依當年度公告。",臺中市立忠明高級中學普通高中課程以語文、數理、社會、自然與科技領域為基礎，搭配校訂必修、多元選修、探究與實作及自主學習，讓學生依升學與興趣規劃加深加廣學習。,臺中市立忠明高級中學的實作學習以自然科探究與實作、社會議題探究、校訂課程及自主學習成果為主，學生可透過實驗、研究報告、作品或成果發表完成學習成果。,臺中市立忠明高級中學的固定校車／學生專車服務目前沒有足以確認適用對象與路線的校方制度資訊。,可搭臺灣大道幹線公車至科博館、忠明路周邊站點，再沿博館路步行到校。,臺中市立忠明高級中學的一般招生學生住宿制度目前沒有足以確認適用對象與申請方式的校方制度資訊。,https://www.google.com/maps/search/?api=1&query=%E8%87%BA%E4%B8%AD%E5%B8%82%E7%AB%8B%E5%BF%A0%E6%98%8E%E9%AB%98%E7%B4%9A%E4%B8%AD%E5%AD%B8%20403023%20%E8%87%BA%E4%B8%AD%E5%B8%82%E8%A5%BF%E5%8D%80%E5%8D%9A%E9%A4%A8%E8%B7%AF166%E8%99%9F,https://cmsh.tc.edu.tw/p/406-1065-598716%2Cr70.php,https://cmsh.tc.edu.tw/p/406-1065-598716%2Cr70.php,https://cmsh.tc.edu.tw,https://www.google.com/maps/search/?api=1&query=%E8%87%BA%E4%B8%AD%E5%B8%82%E7%AB%8B%E5%BF%A0%E6%98%8E%E9%AB%98%E7%B4%9A%E4%B8%AD%E5%AD%B8%20403023%20%E8%87%BA%E4%B8%AD%E5%B8%82%E8%A5%BF%E5%8D%80%E5%8D%9A%E9%A4%A8%E8%B7%AF166%E8%99%9F,https://cmsh.tc.edu.tw,https://cmsh.tc.edu.tw,https://cmsh.tc.edu.tw,2026-09-07
,193313,臺中市立西苑高級中學,公立,中投區免試入學日間部,高中,不限,臺中市,西屯區,臺中市西屯區漢翔路188號,https://sysh.tc.edu.tw,04-27016473#714,普通科:241(不限),241,241,普通科並發展資訊科技、自主學習與體育專長;固定班別與特色招生依校方年度公告。,臺中市立西苑高級中學普通高中課程以語文、數理、社會、自然與科技領域為基礎，搭配校訂必修、多元選修、探究與實作及自主學習，讓學生依升學與興趣規劃加深加廣學習。,臺中市立西苑高級中學的實作學習以自然科探究與實作、社會議題探究、校訂課程及自主學習成果為主，學生可透過實驗、研究報告、作品或成果發表完成學習成果。,臺中市立西苑高級中學的固定校車／學生專車服務目前沒有足以確認適用對象與路線的校方制度資訊。,可搭 45延或 45延1 路公車，在「西苑高中」站下車後步行進入校園。,臺中市立西苑高級中學的一般招生學生住宿制度目前沒有足以確認適用對象與申請方式的校方制度資訊。,https://www.google.com/maps/search/?api=1&query=%E8%87%BA%E4%B8%AD%E5%B8%82%E7%AB%8B%E8%A5%BF%E8%8B%91%E9%AB%98%E7%B4%9A%E4%B8%AD%E5%AD%B8%20%E8%87%BA%E4%B8%AD%E5%B8%82%E8%A5%BF%E5%B1%AF%E5%8D%80%E6%BC%A2%E7%BF%94%E8%B7%AF188%E8%99%9F,https://sysh.tc.edu.tw,https://sysh.tc.edu.tw,https://sysh.tc.edu.tw,https://www.google.com/maps/search/?api=1&query=%E8%87%BA%E4%B8%AD%E5%B8%82%E7%AB%8B%E8%A5%BF%E8%8B%91%E9%AB%98%E7%B4%9A%E4%B8%AD%E5%AD%B8%20%E8%87%BA%E4%B8%AD%E5%B8%82%E8%A5%BF%E5%B1%AF%E5%8D%80%E6%BC%A2%E7%BF%94%E8%B7%AF188%E8%99%9F,https://sysh.tc.edu.tw,https://sysh.tc.edu.tw,https://sysh.tc.edu.tw,2026-09-07
,193315,臺中市立東山高級中學,公立,中投區免試入學日間部,高中,不限,臺中市,北屯區,臺中市北屯區景賢六路200號,https://tsjh.tc.edu.tw,04-24360166#713,普通科:199(不限),199,199,發展程式設計、創客與科學教育特色;固定特色班別依當年度校方公告。,臺中市立東山高級中學普通高中課程以語文、數理、社會、自然與科技領域為基礎，搭配校訂必修、多元選修、探究與實作及自主學習，讓學生依升學與興趣規劃加深加廣學習。,課程發展包含程式設計、創客與科學教育，學生可透過設計實作、資訊專題、探究活動與成果發表完成作品。,臺中市立東山高級中學的固定校車／學生專車服務目前沒有足以確認適用對象與路線的校方制度資訊。,可搭臺鐵至太原站，再轉乘北屯區市區公車至景賢六路、東山高中周邊後步行到校。,臺中市立東山高級中學的一般招生學生住宿制度目前沒有足以確認適用對象與申請方式的校方制度資訊。,https://www.google.com/maps/search/?api=1&query=%E8%87%BA%E4%B8%AD%E5%B8%82%E7%AB%8B%E6%9D%B1%E5%B1%B1%E9%AB%98%E7%B4%9A%E4%B8%AD%E5%AD%B8%20%E8%87%BA%E4%B8%AD%E5%B8%82%E5%8C%97%E5%B1%AF%E5%8D%80%E6%99%AF%E8%B3%A2%E5%85%AD%E8%B7%AF200%E8%99%9F,https://tsjh.tc.edu.tw,https://tsjh.tc.edu.tw,https://tsjh.tc.edu.tw,https://www.google.com/maps/search/?api=1&query=%E8%87%BA%E4%B8%AD%E5%B8%82%E7%AB%8B%E6%9D%B1%E5%B1%B1%E9%AB%98%E7%B4%9A%E4%B8%AD%E5%AD%B8%20%E8%87%BA%E4%B8%AD%E5%B8%82%E5%8C%97%E5%B1%AF%E5%8D%80%E6%99%AF%E8%B3%A2%E5%85%AD%E8%B7%AF200%E8%99%9F,https://tsjh.tc.edu.tw,https://tsjh.tc.edu.tw,https://tsjh.tc.edu.tw,2026-09-07
,193316,臺中市立惠文高級中學,公立,中投區免試入學日間部,高中,不限,臺中市,南屯區,臺中市南屯區公益路二段298號,https://hwsh.tc.edu.tw,04-22503928#721,普通科:294(不限),294,294,國際教育雙語實驗班;另有多元選修、特色活動與國際教育課程。,臺中市立惠文高級中學普通高中課程以語文、數理、社會、自然與科技領域為基礎，搭配校訂必修、多元選修、探究與實作及自主學習，讓學生依升學與興趣規劃加深加廣學習。,臺中市立惠文高級中學的實作學習以自然科探究與實作、社會議題探究、校訂課程及自主學習成果為主，學生可透過實驗、研究報告、作品或成果發表完成學習成果。,臺中市立惠文高級中學的固定校車／學生專車服務目前沒有足以確認適用對象與路線的校方制度資訊。,可搭臺中捷運綠線至水安宮站，再步行或轉乘行經公益路的市區公車至惠文高中周邊。,臺中市立惠文高級中學的一般招生學生住宿制度目前沒有足以確認適用對象與申請方式的校方制度資訊。,https://www.google.com/maps/search/?api=1&query=%E8%87%BA%E4%B8%AD%E5%B8%82%E7%AB%8B%E6%83%A0%E6%96%87%E9%AB%98%E7%B4%9A%E4%B8%AD%E5%AD%B8%20%E8%87%BA%E4%B8%AD%E5%B8%82%E5%8D%97%E5%B1%AF%E5%8D%80%E5%85%AC%E7%9B%8A%E8%B7%AF%E4%BA%8C%E6%AE%B5298%E8%99%9F,https://hwsh.tc.edu.tw,https://hwsh.tc.edu.tw,https://hwsh.tc.edu.tw,https://www.google.com/maps/search/?api=1&query=%E8%87%BA%E4%B8%AD%E5%B8%82%E7%AB%8B%E6%83%A0%E6%96%87%E9%AB%98%E7%B4%9A%E4%B8%AD%E5%AD%B8%20%E8%87%BA%E4%B8%AD%E5%B8%82%E5%8D%97%E5%B1%AF%E5%8D%80%E5%85%AC%E7%9B%8A%E8%B7%AF%E4%BA%8C%E6%AE%B5298%E8%99%9F,https://hwsh.tc.edu.tw,https://hwsh.tc.edu.tw,https://hwsh.tc.edu.tw,2026-09-07
,193404,臺中市立臺中家事商業高級中等學校,公立,中投區免試入學日間部,高職,不限,臺中市,東區,臺中市東區和平街50號,https://www.tchcvs.tc.edu.tw,04-22223307#203,商業經營科:131(不限);國際貿易科:65(不限);會計事務科:65(不限);資料處理科:96(不限);應用英語科:66(不限);幼兒保育科:62(不限);流行服飾科:55(不限),540,540,"流行服飾科辦理特色招生,另有商管、應英、幼保等專業類科;實際招生科班依年度簡章。",臺中市立臺中家事商業高級中等學校依商業經營科、國際貿易科、會計事務科、資料處理科、應用英語科、幼兒保育科規劃專業課程，學習涵蓋商管與數位應用、家政與照護、外語應用，並配置專業科目、實習科目、技能應用與專題實作。,臺中市立臺中家事商業高級中等學校各專業科別安排實習操作與專題實作，內容對應商管與數位應用、家政與照護、外語應用，並結合設備操作、技能訓練、作品製作或成果發表。,臺中市立臺中家事商業高級中等學校的固定校車／學生專車服務目前沒有足以確認適用對象與路線的校方制度資訊。,可搭臺鐵至臺中站，再步行或轉乘行經和平街、臺中路的市區公車至臺中家商。,臺中市立臺中家事商業高級中等學校的一般招生學生住宿制度目前沒有足以確認適用對象與申請方式的校方制度資訊。,https://www.google.com/maps/search/?api=1&query=%E8%87%BA%E4%B8%AD%E5%B8%82%E7%AB%8B%E8%87%BA%E4%B8%AD%E5%AE%B6%E4%BA%8B%E5%95%86%E6%A5%AD%E9%AB%98%E7%B4%9A%E4%B8%AD%E7%AD%89%E5%AD%B8%E6%A0%A1%20%E8%87%BA%E4%B8%AD%E5%B8%82%E6%9D%B1%E5%8D%80%E5%92%8C%E5%B9%B3%E8%A1%9750%E8%99%9F,https://www.tchcvs.tc.edu.tw,https://www.tchcvs.tc.edu.tw,https://www.tchcvs.tc.edu.tw,https://www.google.com/maps/search/?api=1&query=%E8%87%BA%E4%B8%AD%E5%B8%82%E7%AB%8B%E8%87%BA%E4%B8%AD%E5%AE%B6%E4%BA%8B%E5%95%86%E6%A5%AD%E9%AB%98%E7%B4%9A%E4%B8%AD%E7%AD%89%E5%AD%B8%E6%A0%A1%20%E8%87%BA%E4%B8%AD%E5%B8%82%E6%9D%B1%E5%8D%80%E5%92%8C%E5%B9%B3%E8%A1%9750%E8%99%9F,https://www.tchcvs.tc.edu.tw,https://www.tchcvs.tc.edu.tw,https://www.tchcvs.tc.edu.tw,2026-09-07
,193407,臺中市立臺中工業高級中等學校,公立,中投區免試入學日間部,高職,不限,臺中市,南區,臺中市南區高工路191號,https://www.tcivs.tc.edu.tw,04-22613158#2200,機械科:67(不限);汽車科:67(不限);板金科(產特):34(不限);資訊科:70(不限);電子科:65(不限);控制科:66(不限);電機科:66(不限);冷凍空調科:67(不限);建築科:33(不限);化工科:66(不限);土木科(產特):32(不限);圖文傳播科:67(不限);電腦機械製圖科:69(不限),769,769,板金、土木為產業特殊需求類科;另有臺中高工×臺科大專班及多元工業專業科。,臺中市立臺中工業高級中等學校依機械科、汽車科、板金科、資訊科、電子科、控制科規劃專業課程，學習涵蓋機械與製造、資電與工程、建築與空間、設計與藝術，並配置專業科目、實習科目、技能應用與專題實作。,臺中市立臺中工業高級中等學校各專業科別安排實習操作與專題實作，內容對應機械與製造、資電與工程、建築與空間、設計與藝術，並結合設備操作、技能訓練、作品製作或成果發表。,臺中市立臺中工業高級中等學校的固定校車／學生專車服務目前沒有足以確認適用對象與路線的校方制度資訊。,可由臺中車站搭 33、35、58、65、73 路至「臺中高工（高工路）」；也可搭臺鐵或捷運至大慶站再轉公車。,臺中市立臺中工業高級中等學校的一般招生學生住宿制度目前沒有足以確認適用對象與申請方式的校方制度資訊。,https://www.google.com/maps/search/?api=1&query=%E8%87%BA%E4%B8%AD%E5%B8%82%E7%AB%8B%E8%87%BA%E4%B8%AD%E5%B7%A5%E6%A5%AD%E9%AB%98%E7%B4%9A%E4%B8%AD%E7%AD%89%E5%AD%B8%E6%A0%A1%20%E8%87%BA%E4%B8%AD%E5%B8%82%E5%8D%97%E5%8D%80%E9%AB%98%E5%B7%A5%E8%B7%AF191%E8%99%9F,https://www.tcivs.tc.edu.tw,https://tcivs.tc.edu.tw/p/403-1081-4126-1.php,https://www.tcivs.tc.edu.tw,https://tcivs.tc.edu.tw/p/404-1081-30899.php,https://www.tcivs.tc.edu.tw,https://www.tcivs.tc.edu.tw,https://www.tcivs.tc.edu.tw,2026-09-07
,193C04,臺中市立臺中家事商業高級中等學校進修部,公立,中投區免試入學進修部,進修部,不限,臺中市,東區,臺中市東區和平街50號,https://www.tchcvs.tc.edu.tw,04-22223307#703、713,商業經營科(夜間班):34(不限);國際貿易科(夜間班):34(不限);資料處理科(夜間班):34(不限),102,102,"流行服飾科辦理特色招生,另有商管、應英、幼保等專業類科;實際招生科班依年度簡章。",臺中市立臺中家事商業高級中等學校進修部以商業經營科、國際貿易科、資料處理科為主要學習科別，課程兼顧一般科目與商管與數位應用專業核心，並依進修學制安排實務與技能應用課程。,臺中市立臺中家事商業高級中等學校進修部的實作學習依商業經營科、國際貿易科、資料處理科配置專業實習與專題實作，重點放在商管與數位應用技能操作、作品製作與成果呈現。,臺中市立臺中家事商業高級中等學校進修部的固定校車／學生專車服務目前沒有足以確認適用對象與路線的校方制度資訊。,可搭臺鐵至臺中站，再步行或轉乘行經和平街、臺中路的市區公車至臺中家商。,臺中市立臺中家事商業高級中等學校進修部的一般招生學生住宿制度目前沒有足以確認適用對象與申請方式的校方制度資訊。,https://www.google.com/maps/search/?api=1&query=%E8%87%BA%E4%B8%AD%E5%B8%82%E7%AB%8B%E8%87%BA%E4%B8%AD%E5%AE%B6%E4%BA%8B%E5%95%86%E6%A5%AD%E9%AB%98%E7%B4%9A%E4%B8%AD%E7%AD%89%E5%AD%B8%E6%A0%A1%E9%80%B2%E4%BF%AE%E9%83%A8%20%E8%87%BA%E4%B8%AD%E5%B8%82%E6%9D%B1%E5%8D%80%E5%92%8C%E5%B9%B3%E8%A1%9750%E8%99%9F,https://www.tchcvs.tc.edu.tw,https://www.tchcvs.tc.edu.tw,https://www.tchcvs.tc.edu.tw,https://www.google.com/maps/search/?api=1&query=%E8%87%BA%E4%B8%AD%E5%B8%82%E7%AB%8B%E8%87%BA%E4%B8%AD%E5%AE%B6%E4%BA%8B%E5%95%86%E6%A5%AD%E9%AB%98%E7%B4%9A%E4%B8%AD%E7%AD%89%E5%AD%B8%E6%A0%A1%E9%80%B2%E4%BF%AE%E9%83%A8%20%E8%87%BA%E4%B8%AD%E5%B8%82%E6%9D%B1%E5%8D%80%E5%92%8C%E5%B9%B3%E8%A1%9750%E8%99%9F,https://www.tchcvs.tc.edu.tw,https://www.tchcvs.tc.edu.tw,https://www.tchcvs.tc.edu.tw,2026-09-07
,193C07,臺中市立臺中工業高級中等學校進修部,公立,中投區免試入學進修部,進修部,不限,臺中市,南區,臺中市南區高工路191號,https://www.tcivs.tc.edu.tw,04-22613158#6504,機械科(夜間班):22(不限);汽車科(夜間班):22(不限);電機科(夜間班):21(不限);建築科(夜間班):20(不限),85,85,板金、土木為產業特殊需求類科;另有臺中高工×臺科大專班及多元工業專業科。,臺中市立臺中工業高級中等學校進修部以機械科、汽車科、電機科、建築科為主要學習科別，課程兼顧一般科目與機械與製造、資電與工程、建築與空間專業核心，並依進修學制安排實務與技能應用課程。,臺中市立臺中工業高級中等學校進修部的實作學習依機械科、汽車科、電機科、建築科配置專業實習與專題實作，重點放在機械與製造、資電與工程、建築與空間技能操作、作品製作與成果呈現。,臺中市立臺中工業高級中等學校進修部的固定校車／學生專車服務目前沒有足以確認適用對象與路線的校方制度資訊。,可由臺中車站搭 33、35、58、65、73 路至「臺中高工（高工路）」；也可搭臺鐵或捷運至大慶站再轉公車。,臺中市立臺中工業高級中等學校進修部的一般招生學生住宿制度目前沒有足以確認適用對象與申請方式的校方制度資訊。,https://www.google.com/maps/search/?api=1&query=%E8%87%BA%E4%B8%AD%E5%B8%82%E7%AB%8B%E8%87%BA%E4%B8%AD%E5%B7%A5%E6%A5%AD%E9%AB%98%E7%B4%9A%E4%B8%AD%E7%AD%89%E5%AD%B8%E6%A0%A1%E9%80%B2%E4%BF%AE%E9%83%A8%20%E8%87%BA%E4%B8%AD%E5%B8%82%E5%8D%97%E5%8D%80%E9%AB%98%E5%B7%A5%E8%B7%AF191%E8%99%9F,https://www.tcivs.tc.edu.tw,https://tcivs.tc.edu.tw/p/403-1081-4126-1.php,https://www.tcivs.tc.edu.tw,https://tcivs.tc.edu.tw/p/404-1081-30899.php,https://www.tcivs.tc.edu.tw,https://www.tcivs.tc.edu.tw,https://www.tcivs.tc.edu.tw,2026-09-07
,194303,臺中市立臺中第二高級中等學校,公立,中投區免試入學日間部,高中,不限,臺中市,北區,臺中市北區英士路109號,https://tcssh.tc.edu.tw,04-22021521#1205,普通科:740(不限),740,740,語文資優班、音樂班;其他特色學習與招生方式依當年度校方公告。,普通高中課程以核心學科、校訂必修、多元選修與自主學習為主，並設語文資優與音樂等專門學習路徑。,臺中市立臺中第二高級中等學校的實作學習以自然科探究與實作、社會議題探究、校訂課程及自主學習成果為主，學生可透過實驗、研究報告、作品或成果發表完成學習成果。,臺中市立臺中第二高級中等學校的固定校車／學生專車服務目前沒有足以確認適用對象與路線的校方制度資訊。,可搭市區公車至英士路、五權路一帶的臺中二中周邊站點；由臺中車站轉乘市區公車可直接進入北區。,臺中市立臺中第二高級中等學校的一般招生學生住宿制度目前沒有足以確認適用對象與申請方式的校方制度資訊。,https://www.google.com/maps/search/?api=1&query=%E8%87%BA%E4%B8%AD%E5%B8%82%E7%AB%8B%E8%87%BA%E4%B8%AD%E7%AC%AC%E4%BA%8C%E9%AB%98%E7%B4%9A%E4%B8%AD%E7%AD%89%E5%AD%B8%E6%A0%A1%20%E8%87%BA%E4%B8%AD%E5%B8%82%E5%8C%97%E5%8D%80%E8%8B%B1%E5%A3%AB%E8%B7%AF109%E8%99%9F,https://tcssh.tc.edu.tw,https://tcssh.tc.edu.tw,https://tcssh.tc.edu.tw,https://tcssh.tc.edu.tw/p/426-1077-35.php?Lang=zh-tw,https://tcssh.tc.edu.tw,https://tcssh.tc.edu.tw,https://tcssh.tc.edu.tw,2026-09-07
,194315,臺中市立文華高級中等學校,公立,中投區免試入學日間部,高中,不限,臺中市,西屯區,臺中市西屯區寧夏路240號,https://www.whsh.tc.edu.tw,04-23124000#214,普通科:279(男生);普通科:369(女生),648,648,數理資優班、語文資優班、舞蹈班;另推動國際教育與多元特色課程。,普通高中課程涵蓋語文、數理、人文社會、自然與科技領域，並設數理、語文資優及舞蹈等專門課程，搭配國際教育與多元選修。,高中課程設有專題研究相關學習，學生可透過探究、資料整理、研究報告與成果發表發展專題能力。,有學生交通車。115學年度第1學期校方提供新生與二、三年級交通車申請、各站時間、路線照片及座位資訊。,可搭臺中捷運綠線至「文華高中站」，出站後步行至寧夏路校區。,臺中市立文華高級中等學校的一般招生學生住宿制度目前沒有足以確認適用對象與申請方式的校方制度資訊。,https://www.google.com/maps/search/?api=1&query=%E8%87%BA%E4%B8%AD%E5%B8%82%E7%AB%8B%E6%96%87%E8%8F%AF%E9%AB%98%E7%B4%9A%E4%B8%AD%E7%AD%89%E5%AD%B8%E6%A0%A1%20%E8%87%BA%E4%B8%AD%E5%B8%82%E8%A5%BF%E5%B1%AF%E5%8D%80%E5%AF%A7%E5%A4%8F%E8%B7%AF240%E8%99%9F,https://web.whsh.tc.edu.tw/ischool/publish_page/4/?cid=38407,https://web.whsh.tc.edu.tw/ischool/publish_page/9/?cid=39478,https://web.whsh.tc.edu.tw/ischool/publish_page/235/?cid=35909,https://www.google.com/maps/search/?api=1&query=%E8%87%BA%E4%B8%AD%E5%B8%82%E7%AB%8B%E6%96%87%E8%8F%AF%E9%AB%98%E7%B4%9A%E4%B8%AD%E7%AD%89%E5%AD%B8%E6%A0%A1%20%E8%87%BA%E4%B8%AD%E5%B8%82%E8%A5%BF%E5%B1%AF%E5%8D%80%E5%AF%A7%E5%A4%8F%E8%B7%AF240%E8%99%9F,https://www.whsh.tc.edu.tw,https://www.whsh.tc.edu.tw,https://www.whsh.tc.edu.tw,2026-09-07
,120303,國立鳳山高中,公立,高雄區學校名錄,高中,男女校,高雄市,鳳山區,高雄市鳳山區光復路二段130號,https://www.fssh.khc.edu.tw/,(07)7463150,普通科(日)；數理資優班(日),,,請以各校當年度公告為準,國立鳳山高中以普通高中學科基礎、跨領域選修與探究學習，並保留自主學習與生涯探索空間為主，115學年度課程包含自然科學探究與實作、社會領域探究等學習內容；另設有數理資優班等班別，相關課程依班別深化。,國立鳳山高中以自然科學探究與實作、社會領域探究、自主學習及成果發表作為高中階段的實作／專題型學習。,有學生專車。校方交通資料列有梓官右昌、高楠方向的學生專車方案，並以實際登記人數確認是否成行。,可由臺鐵正義站步行約10分鐘到校；也可由捷運鳳山西站步行前往，另有多條市區公車停靠學校周邊。,國立鳳山高中的一般高中職學生住宿目前沒有固定公開申請資訊。,https://www.google.com/maps/search/?api=1&query=%E5%9C%8B%E7%AB%8B%E9%B3%B3%E5%B1%B1%E9%AB%98%E4%B8%AD%20%E9%AB%98%E9%9B%84%E5%B8%82%E9%B3%B3%E5%B1%B1%E5%8D%80%E5%85%89%E5%BE%A9%E8%B7%AF%E4%BA%8C%E6%AE%B5130%E8%99%9F,https://www.fssh.khc.edu.tw/ | https://courset.k12ea.gov.tw/courseinformation/indexStu01.asp,https://www.fssh.khc.edu.tw/ | https://courset.k12ea.gov.tw/courseinformation/indexStu01.asp,https://www.fssh.khc.edu.tw/ischool/public/resource_view/open.php?file=15def6bd163945fc5fde64357ceaab5a.pdf,https://www.fssh.khc.edu.tw/ischool/public/resource_view/open.php?file=15def6bd163945fc5fde64357ceaab5a.pdf,https://www.fssh.khc.edu.tw/,https://www.fssh.khc.edu.tw/,https://www.fssh.khc.edu.tw/,2026-09-07
,120304,國立岡山高中,公立,高雄區學校名錄,高中,男女校,高雄市,岡山區,高雄市岡山區公園路52號,https://www.kssh.khc.edu.tw/,(07)6212033,普通科(日)；體育班(日),,,請以各校當年度公告為準,國立岡山高中以部定必修、校訂課程、多元選修與彈性學習為主，115學年度課程包含自然科學探究與實作、社會領域探究等學習內容；另設有體育班等班別，相關課程依班別深化。,國立岡山高中以自然科學探究與實作、社會領域探究、自主學習及成果發表作為高中階段的實作／專題型學習。,有學生專車。校方交通資料提供岡山高中學生專車路線與時刻，供學生上下學使用。,可先至臺鐵岡山站或捷運岡山／南岡山一帶，再轉乘紅69等岡山地區公車至岡山高中周邊。,國立岡山高中的一般高中職學生住宿目前沒有固定公開申請資訊。,https://www.google.com/maps/search/?api=1&query=%E5%9C%8B%E7%AB%8B%E5%B2%A1%E5%B1%B1%E9%AB%98%E4%B8%AD%20%E9%AB%98%E9%9B%84%E5%B8%82%E5%B2%A1%E5%B1%B1%E5%8D%80%E5%85%AC%E5%9C%92%E8%B7%AF52%E8%99%9F,https://www.kssh.khc.edu.tw/p/412-1001-613.php,https://www.kssh.khc.edu.tw/p/412-1001-613.php,https://www.kssh.khc.edu.tw/var/file/1/1001/attach/8/pta_91256_451786_41870.pdf,https://www.kssh.khc.edu.tw/var/file/1/1001/attach/8/pta_91256_451786_41870.pdf,https://www.kssh.khc.edu.tw/,https://www.kssh.khc.edu.tw/,https://www.kssh.khc.edu.tw/,2026-09-07
,120311,國立旗美高中,公立,高雄區學校名錄,綜高,男女校,高雄市,旗山區,高雄市旗山區東平里樹人路21號,https://www.cmsh.khc.edu.tw/,(07)6612502,普通科(日)；體育班(日)；多媒體設計科(日)；家政科(日)；幼兒保育科(日),,,請以各校當年度公告為準,國立旗美高中兼具普通高中學術課程與體育班、多媒體設計科、家政科、幼兒保育科等專業方向，課程包含語文數理、探究學習、多元選修及技術專業課程，提供學術與職涯兩種延伸路徑。,國立旗美高中的體育班、多媒體設計科、家政科、幼兒保育科依115學年度課程安排專業實作、實習科目與專題製作，學生透過作品、操作練習及成果發表整合所學。,有學生專車。115學年度新生資料提供專車路線及發車時刻，包含甲仙、圓潭、美濃、南化等方向。,可先到旗山轉運站，再轉乘旗山、內門、美濃等方向公車至東平里樹人路周邊站點，步行到國立旗美高中。,學校設有學生宿舍。115學年度新生資料提供住宿申請及宿舍生活規範，學生依申請程序入住。,https://www.google.com/maps/search/?api=1&query=%E5%9C%8B%E7%AB%8B%E6%97%97%E7%BE%8E%E9%AB%98%E4%B8%AD%20%E9%AB%98%E9%9B%84%E5%B8%82%E6%97%97%E5%B1%B1%E5%8D%80%E6%9D%B1%E5%B9%B3%E9%87%8C%E6%A8%B9%E4%BA%BA%E8%B7%AF21%E8%99%9F,https://www.cmsh.khc.edu.tw/ | https://courset.k12ea.gov.tw/courseinformation/indexStu01.asp,https://www.cmsh.khc.edu.tw/ | https://courset.k12ea.gov.tw/courseinformation/indexStu01.asp,https://www.cmsh.khc.edu.tw/home?cid=517,https://www.google.com/maps/search/?api=1&query=%E5%9C%8B%E7%AB%8B%E6%97%97%E7%BE%8E%E9%AB%98%E4%B8%AD%20%E9%AB%98%E9%9B%84%E5%B8%82%E6%97%97%E5%B1%B1%E5%8D%80%E6%9D%B1%E5%B9%B3%E9%87%8C%E6%A8%B9%E4%BA%BA%E8%B7%AF21%E8%99%9F | https://ibus.tbkc.gov.tw/,https://www.cmsh.khc.edu.tw/home?cid=517,https://www.cmsh.khc.edu.tw/,https://www.cmsh.khc.edu.tw/,2026-09-07
,120319,國立鳳新高中,公立,高雄區學校名錄,高中,男女校,高雄市,鳳山區,高雄市鳳山區新富路257號,https://www.fhsh.khc.edu.tw/,(07)7658288,普通科(日)；音樂班(日)；美術班(日),,,請以各校當年度公告為準,國立鳳新高中以語文、數理、自然與社會領域課程，搭配校訂必修、多元選修與自主學習為主，115學年度課程包含自然科學探究與實作、社會領域探究等學習內容；另設有音樂班、美術班等班別，相關課程依班別深化。,國立鳳新高中以自然科學探究與實作、社會領域探究、自主學習及成果發表作為高中階段的實作／專題型學習，另包含美術作品與展演、音樂術科與成果演出。,有學生專車。115學年度校方公布學生專車路線、搭乘時間與登記資訊，供上下學使用。,可先至臺鐵鳳山站或高雄捷運橘線鳳山地區車站，再轉乘市區公車至新富路周邊站點，步行到國立鳳新高中。,國立鳳新高中的一般高中職學生住宿目前沒有固定公開申請資訊。,https://www.google.com/maps/search/?api=1&query=%E5%9C%8B%E7%AB%8B%E9%B3%B3%E6%96%B0%E9%AB%98%E4%B8%AD%20%E9%AB%98%E9%9B%84%E5%B8%82%E9%B3%B3%E5%B1%B1%E5%8D%80%E6%96%B0%E5%AF%8C%E8%B7%AF257%E8%99%9F,https://www.fhsh.khc.edu.tw/aa/20220620/3768,https://www.fhsh.khc.edu.tw/aa/20220620/3768,https://www.fhsh.khc.edu.tw/military/%E5%AD%B8%E7%94%9F%E5%B0%88%E8%BB%8A%E8%B3%87%E8%A8%8A,https://www.google.com/maps/search/?api=1&query=%E5%9C%8B%E7%AB%8B%E9%B3%B3%E6%96%B0%E9%AB%98%E4%B8%AD%20%E9%AB%98%E9%9B%84%E5%B8%82%E9%B3%B3%E5%B1%B1%E5%8D%80%E6%96%B0%E5%AF%8C%E8%B7%AF257%E8%99%9F | https://ibus.tbkc.gov.tw/,https://www.fhsh.khc.edu.tw/,https://www.fhsh.khc.edu.tw/,https://www.fhsh.khc.edu.tw/,2026-09-07
,120320,國立高科實驗高中,公立,高雄區學校名錄,高中,男女校,高雄市,楠梓區,高雄市楠梓區盛昌街161號,https://www.nehs.kh.edu.tw/,(07)6120121,,,,請以各校當年度公告為準,國立高科實驗高中以部定必修、校訂課程、多元選修與彈性學習為主，115學年度課程包含自然科學探究與實作、社會領域探究等學習內容。,國立高科實驗高中以自然科學探究與實作、社會領域探究、自主學習及成果發表作為高中階段的實作／專題型學習。,國立高科實驗高中目前沒有固定公開的校車／學生專車路線資訊；一般公共運輸方式另列於「通勤資訊」。,可由楠梓區捷運站或臺鐵楠梓站轉乘市區公車至盛昌街周邊站點，步行到國立高科實驗高中。,國立高科實驗高中的一般高中職學生住宿目前沒有固定公開申請資訊。,https://www.google.com/maps/search/?api=1&query=%E5%9C%8B%E7%AB%8B%E9%AB%98%E7%A7%91%E5%AF%A6%E9%A9%97%E9%AB%98%E4%B8%AD%20%E9%AB%98%E9%9B%84%E5%B8%82%E6%A5%A0%E6%A2%93%E5%8D%80%E7%9B%9B%E6%98%8C%E8%A1%97161%E8%99%9F,https://www.nehs.kh.edu.tw/ | https://courset.k12ea.gov.tw/courseinformation/indexStu01.asp,https://www.nehs.kh.edu.tw/ | https://courset.k12ea.gov.tw/courseinformation/indexStu01.asp,https://www.nehs.kh.edu.tw/,https://www.google.com/maps/search/?api=1&query=%E5%9C%8B%E7%AB%8B%E9%AB%98%E7%A7%91%E5%AF%A6%E9%A9%97%E9%AB%98%E4%B8%AD%20%E9%AB%98%E9%9B%84%E5%B8%82%E6%A5%A0%E6%A2%93%E5%8D%80%E7%9B%9B%E6%98%8C%E8%A1%97161%E8%99%9F | https://ibus.tbkc.gov.tw/,https://www.nehs.kh.edu.tw/,https://www.nehs.kh.edu.tw/,https://www.nehs.kh.edu.tw/,2026-09-07
,120401,國立旗山農工,公立,高雄區學校名錄,高職,男女校,高雄市,旗山區,高雄市旗山區旗甲路一段195號,https://www.csvs.khc.edu.tw/home,(07)6612501,農場經營科(日)；園藝科(日)；食品加工科(日)；畜產保健科(日)；機械科(日)；汽車科(日)；電機科(日)；生物產業機電科(日)；家政科(日)；綜合職能科(日)；烘焙食品科(日)；機車修護科(日)；餐飲技術科(日),,,請以各校當年度公告為準,國立旗山農工以農場經營科、園藝科、食品加工科、畜產保健科、機械科、汽車科為主要專業方向；115學年度課程依各科安排專業核心、實作課程、校訂選修與跨域應用，讓學生逐步銜接升學與技術能力。,國立旗山農工的農場經營科、園藝科、食品加工科、畜產保健科、機械科依115學年度課程安排專業實作、實習科目與專題製作，學生透過作品、操作練習及成果發表整合所學。,有學生專車。115學年度路線涵蓋林園、左營、五甲、鳳山、岡山、楠梓、梓官、茄萣、屏東、六龜、美濃、甲仙、內門等方向。,可先到旗山轉運站，再轉乘旗山、內門、美濃等方向公車至旗甲路一段周邊站點，步行到國立旗山農工。,學校設有學生宿舍。115學年度新生專區提供住宿申請資料，住宿生依校方宿舍制度辦理入住。,https://www.google.com/maps/search/?api=1&query=%E5%9C%8B%E7%AB%8B%E6%97%97%E5%B1%B1%E8%BE%B2%E5%B7%A5%20%E9%AB%98%E9%9B%84%E5%B8%82%E6%97%97%E5%B1%B1%E5%8D%80%E6%97%97%E7%94%B2%E8%B7%AF%E4%B8%80%E6%AE%B5195%E8%99%9F,https://www.csvs.khc.edu.tw/home | https://courset.k12ea.gov.tw/courseinformation/indexStu01.asp,https://www.csvs.khc.edu.tw/home | https://courset.k12ea.gov.tw/courseinformation/indexStu01.asp,https://www.csvs.khc.edu.tw/ischool/publish_page/10/?cid=2217,https://www.google.com/maps/search/?api=1&query=%E5%9C%8B%E7%AB%8B%E6%97%97%E5%B1%B1%E8%BE%B2%E5%B7%A5%20%E9%AB%98%E9%9B%84%E5%B8%82%E6%97%97%E5%B1%B1%E5%8D%80%E6%97%97%E7%94%B2%E8%B7%AF%E4%B8%80%E6%AE%B5195%E8%99%9F | https://ibus.tbkc.gov.tw/,https://www.csvs.khc.edu.tw/home?cid=2185,https://www.csvs.khc.edu.tw/home,https://www.csvs.khc.edu.tw/home,2026-09-07
,120402,國立岡山農工,公立,高雄區學校名錄,高職,男女校,高雄市,岡山區,高雄市岡山區壽天里岡山路533號,https://www.ksvs.khc.edu.tw/index.php,(07)6217129,園藝科(日)；食品加工科(日)；食品加工科(夜)；機械科(日)；機械科(夜)；汽車科(日)；汽車科(夜)；資訊科(日)；資訊科(夜)；電子科(日)；電機科(日)；電機科(夜)；建築科(日)；化工科(日)；室內空間設計科(日)；生物產業機電科(日)；家政科(日)；家政科(夜)；綜合職能科(日),,,請以各校當年度公告為準,國立岡山農工以園藝科、食品加工科、機械科、汽車科、資訊科、電子科為主要專業方向；115學年度課程依各科安排專業核心、實作課程、校訂選修與跨域應用，讓學生逐步銜接升學與技術能力。,國立岡山農工的園藝科、食品加工科、機械科、汽車科、資訊科依115學年度課程安排專業實作、實習科目與專題製作，學生透過作品、操作練習及成果發表整合所學。,國立岡山農工目前沒有固定公開的校車／學生專車路線資訊；一般公共運輸方式另列於「通勤資訊」。,可先至臺鐵岡山站或捷運岡山／南岡山一帶，再轉乘岡山地區公車至壽天里岡山路周邊站點，步行到國立岡山農工。,國立岡山農工的一般高中職學生住宿目前沒有固定公開申請資訊。,https://www.google.com/maps/search/?api=1&query=%E5%9C%8B%E7%AB%8B%E5%B2%A1%E5%B1%B1%E8%BE%B2%E5%B7%A5%20%E9%AB%98%E9%9B%84%E5%B8%82%E5%B2%A1%E5%B1%B1%E5%8D%80%E5%A3%BD%E5%A4%A9%E9%87%8C%E5%B2%A1%E5%B1%B1%E8%B7%AF533%E8%99%9F,https://www.ksvs.khc.edu.tw/index.php | https://courset.k12ea.gov.tw/courseinformation/indexStu01.asp,https://www.ksvs.khc.edu.tw/index.php | https://courset.k12ea.gov.tw/courseinformation/indexStu01.asp,https://www.ksvs.khc.edu.tw/index.php,https://www.google.com/maps/search/?api=1&query=%E5%9C%8B%E7%AB%8B%E5%B2%A1%E5%B1%B1%E8%BE%B2%E5%B7%A5%20%E9%AB%98%E9%9B%84%E5%B8%82%E5%B2%A1%E5%B1%B1%E5%8D%80%E5%A3%BD%E5%A4%A9%E9%87%8C%E5%B2%A1%E5%B1%B1%E8%B7%AF533%E8%99%9F | https://ibus.tbkc.gov.tw/,https://www.ksvs.khc.edu.tw/index.php,https://www.ksvs.khc.edu.tw/index.php,https://www.ksvs.khc.edu.tw/index.php,2026-09-07
,120409,國立鳳山商工,公立,高雄區學校名錄,高職,男女校,高雄市,鳳山區,高雄市鳳山區文衡路51號,https://www.fsvs.khc.edu.tw/,(07)7462602,體育班(日)；機械科(日)；室內空間設計科(日)；室內空間設計科(夜)；電腦機械製圖科(日)；家具設計科(日)；商業經營科(日)；商業經營科(夜)；國際貿易科(日)；會計事務科(日)；資料處理科(日)；資料處理科(夜)；觀光事業科(日)；觀光事業科(夜)；餐飲服務科(日),,,請以各校當年度公告為準,國立鳳山商工以體育班、機械科、室內空間設計科、電腦機械製圖科、家具設計科、商業經營科為主要專業方向；115學年度課程依各科安排專業核心、實作課程、校訂選修與跨域應用，讓學生逐步銜接升學與技術能力。,國立鳳山商工的體育班、機械科、室內空間設計科、電腦機械製圖科、家具設計科依115學年度課程安排專業實作、實習科目與專題製作，學生透過作品、操作練習及成果發表整合所學。,國立鳳山商工目前沒有固定公開的校車／學生專車路線資訊；一般公共運輸方式另列於「通勤資訊」。,臺鐵鳳山站距校約300公尺，可步行到校；捷運鳳山站亦可步行前往，另有橘17、橘7、87、紅33等公車行經周邊。,國立鳳山商工的一般高中職學生住宿目前沒有固定公開申請資訊。,https://www.google.com/maps/search/?api=1&query=%E5%9C%8B%E7%AB%8B%E9%B3%B3%E5%B1%B1%E5%95%86%E5%B7%A5%20%E9%AB%98%E9%9B%84%E5%B8%82%E9%B3%B3%E5%B1%B1%E5%8D%80%E6%96%87%E8%A1%A1%E8%B7%AF51%E8%99%9F,https://www.fsvs.khc.edu.tw/ | https://courset.k12ea.gov.tw/courseinformation/indexStu01.asp,https://www.fsvs.khc.edu.tw/ | https://courset.k12ea.gov.tw/courseinformation/indexStu01.asp,https://www.fsvs.khc.edu.tw/,https://www.fsvs.khc.edu.tw/p/405-1003-53492%2Cc3788.php?Lang=zh-tw,https://www.fsvs.khc.edu.tw/,https://www.fsvs.khc.edu.tw/,https://www.fsvs.khc.edu.tw/,2026-09-07
,121302,光禾華德福實驗學校,私立,高雄區學校名錄,高中,男女校,高雄市,前鎮區,高雄市前鎮區德昌路345號,https://waldorf-tw-kh.weebly.com/,(07)7885128,普通科(日),,,請以各校當年度公告為準,光禾華德福實驗學校以普通型高中核心課程，並透過校訂課程、多元選修及自主學習延伸個人興趣為主，115學年度課程包含自然科學探究與實作、社會領域探究等學習內容。,光禾華德福實驗學校以自然科學探究與實作、社會領域探究、自主學習及成果發表作為高中階段的實作／專題型學習。,光禾華德福實驗學校目前沒有固定公開的校車／學生專車路線資訊；一般公共運輸方式另列於「通勤資訊」。,可由捷運前鎮地區車站或高雄輕軌轉乘市區公車，在德昌路周邊站點下車後步行到光禾華德福實驗學校。,光禾華德福實驗學校的一般高中職學生住宿目前沒有固定公開申請資訊。,https://www.google.com/maps/search/?api=1&query=%E5%85%89%E7%A6%BE%E8%8F%AF%E5%BE%B7%E7%A6%8F%E5%AF%A6%E9%A9%97%E5%AD%B8%E6%A0%A1%20%E9%AB%98%E9%9B%84%E5%B8%82%E5%89%8D%E9%8E%AE%E5%8D%80%E5%BE%B7%E6%98%8C%E8%B7%AF345%E8%99%9F,https://waldorf-tw-kh.weebly.com/ | https://courset.k12ea.gov.tw/courseinformation/indexStu01.asp,https://waldorf-tw-kh.weebly.com/ | https://courset.k12ea.gov.tw/courseinformation/indexStu01.asp,https://waldorf-tw-kh.weebly.com/,https://www.google.com/maps/search/?api=1&query=%E5%85%89%E7%A6%BE%E8%8F%AF%E5%BE%B7%E7%A6%8F%E5%AF%A6%E9%A9%97%E5%AD%B8%E6%A0%A1%20%E9%AB%98%E9%9B%84%E5%B8%82%E5%89%8D%E9%8E%AE%E5%8D%80%E5%BE%B7%E6%98%8C%E8%B7%AF345%E8%99%9F | https://ibus.tbkc.gov.tw/,https://waldorf-tw-kh.weebly.com/,https://waldorf-tw-kh.weebly.com/,https://waldorf-tw-kh.weebly.com/,2026-09-07
,121306,財團法人新光高中,私立,高雄區學校名錄,高職,男女校,高雄市,大寮區,高雄市大寮區鳳屏一路217號,https://www.sg.sgshedu.tw/,(07)7019888,資訊科(日)；餐飲管理科(日)；餐飲管理科(夜)；美容科(日)；美容科(夜)；寵物經營科(日),,,請以各校當年度公告為準,財團法人新光高中以資訊科、餐飲管理科、美容科、寵物經營科為主要專業方向；115學年度課程依各科安排專業核心、實作課程、校訂選修與跨域應用，讓學生逐步銜接升學與技術能力。,財團法人新光高中的資訊科、餐飲管理科、美容科、寵物經營科依115學年度課程安排專業實作、實習科目與專題製作，學生透過作品、操作練習及成果發表整合所學。,財團法人新光高中目前沒有固定公開的校車／學生專車路線資訊；一般公共運輸方式另列於「通勤資訊」。,可由捷運大寮站轉乘大寮區市區公車至鳳屏一路周邊站點，步行到財團法人新光高中。,財團法人新光高中的一般高中職學生住宿目前沒有固定公開申請資訊。,https://www.google.com/maps/search/?api=1&query=%E8%B2%A1%E5%9C%98%E6%B3%95%E4%BA%BA%E6%96%B0%E5%85%89%E9%AB%98%E4%B8%AD%20%E9%AB%98%E9%9B%84%E5%B8%82%E5%A4%A7%E5%AF%AE%E5%8D%80%E9%B3%B3%E5%B1%8F%E4%B8%80%E8%B7%AF217%E8%99%9F,https://www.sg.sgshedu.tw/ | https://courset.k12ea.gov.tw/courseinformation/indexStu01.asp,https://www.sg.sgshedu.tw/ | https://courset.k12ea.gov.tw/courseinformation/indexStu01.asp,https://www.sg.sgshedu.tw/,https://www.google.com/maps/search/?api=1&query=%E8%B2%A1%E5%9C%98%E6%B3%95%E4%BA%BA%E6%96%B0%E5%85%89%E9%AB%98%E4%B8%AD%20%E9%AB%98%E9%9B%84%E5%B8%82%E5%A4%A7%E5%AF%AE%E5%8D%80%E9%B3%B3%E5%B1%8F%E4%B8%80%E8%B7%AF217%E8%99%9F | https://ibus.tbkc.gov.tw/,https://www.sg.sgshedu.tw/,https://www.sg.sgshedu.tw/,https://www.sg.sgshedu.tw/,2026-09-07
,121307,財團法人普門中學,私立,高雄區學校名錄,綜高,男女校,高雄市,大樹區,高雄市大樹區大坑路140之11號,https://www.pmsh.khc.edu.tw/,(07)6562676,普通科(日)；餐飲管理科(日),,,請以各校當年度公告為準,財團法人普門中學兼具普通高中學術課程與餐飲管理科等專業方向，課程包含語文數理、探究學習、多元選修及技術專業課程，提供學術與職涯兩種延伸路徑。,財團法人普門中學的餐飲管理科依115學年度課程安排專業實作、實習科目與專題製作，學生透過作品、操作練習及成果發表整合所學。,有交通車。115學年度第一學期交通車設有左營、右昌、新莊、鳳山、五甲、岡山、台南、屏東等多條返校路線。,可由高雄市區或左營轉乘前往大樹區的公車，在大坑路周邊站點下車後步行到財團法人普門中學。,學校設有學生宿舍。115學年度仍配置學生宿舍生活輔導人員，住宿生由校方安排生活管理。,https://www.google.com/maps/search/?api=1&query=%E8%B2%A1%E5%9C%98%E6%B3%95%E4%BA%BA%E6%99%AE%E9%96%80%E4%B8%AD%E5%AD%B8%20%E9%AB%98%E9%9B%84%E5%B8%82%E5%A4%A7%E6%A8%B9%E5%8D%80%E5%A4%A7%E5%9D%91%E8%B7%AF140%E4%B9%8B11%E8%99%9F,https://www.pmsh.khc.edu.tw/ | https://courset.k12ea.gov.tw/courseinformation/indexStu01.asp,https://www.pmsh.khc.edu.tw/ | https://courset.k12ea.gov.tw/courseinformation/indexStu01.asp,https://www.pmsh.khc.edu.tw/news/115%E5%AD%B8%E5%B9%B4%E5%BA%A6%E7%AC%AC%E4%B8%80%E5%AD%B8%E6%9C%9F%E4%BA%A4%E9%80%9A%E8%BB%8A%E8%B7%AF%E7%B7%9A%E7%AB%99%E9%BB%9E%E8%A1%A8/,https://www.google.com/maps/search/?api=1&query=%E8%B2%A1%E5%9C%98%E6%B3%95%E4%BA%BA%E6%99%AE%E9%96%80%E4%B8%AD%E5%AD%B8%20%E9%AB%98%E9%9B%84%E5%B8%82%E5%A4%A7%E6%A8%B9%E5%8D%80%E5%A4%A7%E5%9D%91%E8%B7%AF140%E4%B9%8B11%E8%99%9F | https://www.pmsh.khc.edu.tw/,https://www.pmsh.khc.edu.tw/,https://www.pmsh.khc.edu.tw/,https://www.pmsh.khc.edu.tw/,2026-09-07
,121318,私立正義高中,私立,高雄區學校名錄,高中,男女校,高雄市,鳳山區,高雄市鳳山區南江街183號,https://web.cysh.khc.edu.tw/zh,(07)7225529,普通科(日),,,請以各校當年度公告為準,私立正義高中以部定必修、校訂課程、多元選修與彈性學習為主，115學年度課程包含自然科學探究與實作、社會領域探究等學習內容。,私立正義高中以自然科學探究與實作、社會領域探究、自主學習及成果發表作為高中階段的實作／專題型學習。,有校車。校方交通頁列有大寮鳳山、高鳳、大社、林園及高雄市區等路線。,可搭乘11、25、26、81、82、83、100等市區公車至瑞豐站一帶，再步行到校；亦可由捷運三多商圈站轉乘公車。,私立正義高中的一般高中職學生住宿目前沒有固定公開申請資訊。,https://www.google.com/maps/search/?api=1&query=%E7%A7%81%E7%AB%8B%E6%AD%A3%E7%BE%A9%E9%AB%98%E4%B8%AD%20%E9%AB%98%E9%9B%84%E5%B8%82%E9%B3%B3%E5%B1%B1%E5%8D%80%E5%8D%97%E6%B1%9F%E8%A1%97183%E8%99%9F,https://web.cysh.khc.edu.tw/zh | https://courset.k12ea.gov.tw/courseinformation/indexStu01.asp,https://web.cysh.khc.edu.tw/zh | https://courset.k12ea.gov.tw/courseinformation/indexStu01.asp,https://web.cysh.khc.edu.tw/zh/page/1b01b0a8-d4fd-0b77-b675-3a0f53eb7e77,https://web.cysh.khc.edu.tw/zh/page/1b01b0a8-d4fd-0b77-b675-3a0f53eb7e77,https://web.cysh.khc.edu.tw/zh,https://web.cysh.khc.edu.tw/zh,https://web.cysh.khc.edu.tw/zh,2026-09-07
,121320,私立義大國際高中,私立,高雄區學校名錄,高中,男女校,高雄市,大樹區,高雄市大樹區學城路一段6號,https://www.iis.kh.edu.tw/,(07)6577115,普通科(日),,,請以各校當年度公告為準,私立義大國際高中高中階段同時銜接國家課程與國際課程路徑，國際課程包含 IGCSE 與 IB Diploma，高中學習重視語言、跨領域探究與國際素養。,私立義大國際高中以自然科學探究與實作、社會領域探究、自主學習及成果發表作為高中階段的實作／專題型學習。,有交通車。學生可申請往返高雄、屏東、台南指定停靠點的校車服務，適用一至十二年級學生。,可由高雄市區或左營轉乘前往大樹區的公車，在學城路一段周邊站點下車後步行到私立義大國際高中。,學校設有住宿制度，六至十二年級學生可申請住宿；宿舍生活由學校住宿團隊管理。,https://www.google.com/maps/search/?api=1&query=%E7%A7%81%E7%AB%8B%E7%BE%A9%E5%A4%A7%E5%9C%8B%E9%9A%9B%E9%AB%98%E4%B8%AD%20%E9%AB%98%E9%9B%84%E5%B8%82%E5%A4%A7%E6%A8%B9%E5%8D%80%E5%AD%B8%E5%9F%8E%E8%B7%AF%E4%B8%80%E6%AE%B56%E8%99%9F,https://www.iis.kh.edu.tw/ | https://courset.k12ea.gov.tw/courseinformation/indexStu01.asp,https://www.iis.kh.edu.tw/ | https://courset.k12ea.gov.tw/courseinformation/indexStu01.asp,https://www.iis.kh.edu.tw/tw/admissions/admissions-faqs,https://www.google.com/maps/search/?api=1&query=%E7%A7%81%E7%AB%8B%E7%BE%A9%E5%A4%A7%E5%9C%8B%E9%9A%9B%E9%AB%98%E4%B8%AD%20%E9%AB%98%E9%9B%84%E5%B8%82%E5%A4%A7%E6%A8%B9%E5%8D%80%E5%AD%B8%E5%9F%8E%E8%B7%AF%E4%B8%80%E6%AE%B56%E8%99%9F | https://www.iis.kh.edu.tw/,https://www.iis.kh.edu.tw/tw/school-life/boarding-life,https://www.iis.kh.edu.tw/,https://www.iis.kh.edu.tw/,2026-09-07
,121405,私立中山工商,私立,高雄區學校名錄,綜高,男女校,高雄市,大寮區,高雄市大寮區會社里正氣路79號,https://nsr.csic.khc.edu.tw/index.aspx,(07)7815311,普通科(日)；汽車科(日)；資訊科(日)；電子科(日)；電機科(日)；機電科(日)；商業經營科(日)；資料處理科(日)；觀光事業科(日)；餐飲管理科(日)；多媒體設計科(日)；應用英語科(日)；應用日語科(日)；幼兒保育科(日)；美容科(日)；汽車美容服務科(日)；餐飲服務科(日)；園藝技術科(日)；烘焙食品科(日)；汽車修護科(日)；電機修護科(日)；餐飲技術科(日)；餐飲技術科(夜)；多媒體技術科(日)；美髮技術科(日)；美顏技術科(日),,,請以各校當年度公告為準,私立中山工商兼具普通高中學術課程與汽車科、資訊科、電子科、電機科、機電科、商業經營科等專業方向，課程包含語文數理、探究學習、多元選修及技術專業課程，提供學術與職涯兩種延伸路徑。,私立中山工商的汽車科、資訊科、電子科、電機科、機電科依115學年度課程安排專業實作、實習科目與專題製作，學生透過作品、操作練習及成果發表整合所學。,私立中山工商目前沒有固定公開的校車／學生專車路線資訊；一般公共運輸方式另列於「通勤資訊」。,可由捷運大寮站轉乘大寮區市區公車至會社里正氣路周邊站點，步行到私立中山工商。,私立中山工商的一般高中職學生住宿目前沒有固定公開申請資訊。,https://www.google.com/maps/search/?api=1&query=%E7%A7%81%E7%AB%8B%E4%B8%AD%E5%B1%B1%E5%B7%A5%E5%95%86%20%E9%AB%98%E9%9B%84%E5%B8%82%E5%A4%A7%E5%AF%AE%E5%8D%80%E6%9C%83%E7%A4%BE%E9%87%8C%E6%AD%A3%E6%B0%A3%E8%B7%AF79%E8%99%9F,https://nsr.csic.khc.edu.tw/index.aspx | https://courset.k12ea.gov.tw/courseinformation/indexStu01.asp,https://nsr.csic.khc.edu.tw/index.aspx | https://courset.k12ea.gov.tw/courseinformation/indexStu01.asp,https://nsr.csic.khc.edu.tw/index.aspx,https://www.google.com/maps/search/?api=1&query=%E7%A7%81%E7%AB%8B%E4%B8%AD%E5%B1%B1%E5%B7%A5%E5%95%86%20%E9%AB%98%E9%9B%84%E5%B8%82%E5%A4%A7%E5%AF%AE%E5%8D%80%E6%9C%83%E7%A4%BE%E9%87%8C%E6%AD%A3%E6%B0%A3%E8%B7%AF79%E8%99%9F | https://ibus.tbkc.gov.tw/,https://nsr.csic.khc.edu.tw/index.aspx,https://nsr.csic.khc.edu.tw/index.aspx,https://nsr.csic.khc.edu.tw/index.aspx,2026-09-07
,121410,私立旗美商工,私立,高雄區學校名錄,高職,男女校,高雄市,美濃區,高雄市美濃區中興路二段275號,https://www.cm.cmvsedu.tw/,(07)6812152,照顧服務科(夜),,,請以各校當年度公告為準,私立旗美商工以照顧服務科為主要專業方向；115學年度課程依各科安排專業核心、實作課程、校訂選修與跨域應用，讓學生逐步銜接升學與技術能力。,私立旗美商工的照顧服務科依115學年度課程安排專業實作、實習科目與專題製作，學生透過作品、操作練習及成果發表整合所學。,私立旗美商工目前沒有固定公開的校車／學生專車路線資訊；一般公共運輸方式另列於「通勤資訊」。,可由旗山轉運站轉乘美濃方向公車，在中興路二段周邊站點下車後步行到私立旗美商工。,私立旗美商工的一般高中職學生住宿目前沒有固定公開申請資訊。,https://www.google.com/maps/search/?api=1&query=%E7%A7%81%E7%AB%8B%E6%97%97%E7%BE%8E%E5%95%86%E5%B7%A5%20%E9%AB%98%E9%9B%84%E5%B8%82%E7%BE%8E%E6%BF%83%E5%8D%80%E4%B8%AD%E8%88%88%E8%B7%AF%E4%BA%8C%E6%AE%B5275%E8%99%9F,https://www.cm.cmvsedu.tw/ | https://courset.k12ea.gov.tw/courseinformation/indexStu01.asp,https://www.cm.cmvsedu.tw/ | https://courset.k12ea.gov.tw/courseinformation/indexStu01.asp,https://www.cm.cmvsedu.tw/,https://www.google.com/maps/search/?api=1&query=%E7%A7%81%E7%AB%8B%E6%97%97%E7%BE%8E%E5%95%86%E5%B7%A5%20%E9%AB%98%E9%9B%84%E5%B8%82%E7%BE%8E%E6%BF%83%E5%8D%80%E4%B8%AD%E8%88%88%E8%B7%AF%E4%BA%8C%E6%AE%B5275%E8%99%9F | https://ibus.tbkc.gov.tw/,https://www.cm.cmvsedu.tw/,https://www.cm.cmvsedu.tw/,https://www.cm.cmvsedu.tw/,2026-09-07
,121413,私立高英工商,私立,高雄區學校名錄,高職,男女校,高雄市,大寮區,高雄市大寮區鳳林三路19巷44號,https://kyicvs-new.kyicvs.khc.edu.tw/,(07)7832991,汽車科(日)；汽車科(夜)；資訊科(日)；電機科(日)；廣告設計科(日)；餐飲管理科(日)；餐飲管理科(夜)；美容科(日),,,請以各校當年度公告為準,私立高英工商以汽車科、資訊科、電機科、廣告設計科、餐飲管理科、美容科為主要專業方向；115學年度課程依各科安排專業核心、實作課程、校訂選修與跨域應用，讓學生逐步銜接升學與技術能力。,私立高英工商的汽車科、資訊科、電機科、廣告設計科、餐飲管理科依115學年度課程安排專業實作、實習科目與專題製作，學生透過作品、操作練習及成果發表整合所學。,私立高英工商目前沒有固定公開的校車／學生專車路線資訊；一般公共運輸方式另列於「通勤資訊」。,可由捷運大寮站轉乘大寮區市區公車至鳳林三路周邊站點，步行到私立高英工商。,私立高英工商的一般高中職學生住宿目前沒有固定公開申請資訊。,https://www.google.com/maps/search/?api=1&query=%E7%A7%81%E7%AB%8B%E9%AB%98%E8%8B%B1%E5%B7%A5%E5%95%86%20%E9%AB%98%E9%9B%84%E5%B8%82%E5%A4%A7%E5%AF%AE%E5%8D%80%E9%B3%B3%E6%9E%97%E4%B8%89%E8%B7%AF19%E5%B7%B744%E8%99%9F,https://kyicvs-new.kyicvs.khc.edu.tw/ | https://courset.k12ea.gov.tw/courseinformation/indexStu01.asp,https://kyicvs-new.kyicvs.khc.edu.tw/ | https://courset.k12ea.gov.tw/courseinformation/indexStu01.asp,https://kyicvs-new.kyicvs.khc.edu.tw/,https://www.google.com/maps/search/?api=1&query=%E7%A7%81%E7%AB%8B%E9%AB%98%E8%8B%B1%E5%B7%A5%E5%95%86%20%E9%AB%98%E9%9B%84%E5%B8%82%E5%A4%A7%E5%AF%AE%E5%8D%80%E9%B3%B3%E6%9E%97%E4%B8%89%E8%B7%AF19%E5%B7%B744%E8%99%9F | https://ibus.tbkc.gov.tw/,https://kyicvs-new.kyicvs.khc.edu.tw/,https://kyicvs-new.kyicvs.khc.edu.tw/,https://kyicvs-new.kyicvs.khc.edu.tw/,2026-09-07
,121415,私立華德工家,私立,高雄區學校名錄,高職,男女校,高雄市,茄萣區,高雄市茄萣區濱海路四段66號,https://www.hdvs.kh.edu.tw/,(07)6921212,汽車科(日)；資訊科(日)；飛機修護科(日)；餐飲管理科(日)；烘焙科(日)；餐飲技術科(日),,,請以各校當年度公告為準,私立華德工家以汽車科、資訊科、飛機修護科、餐飲管理科、烘焙科、餐飲技術科為主要專業方向；115學年度課程依各科安排專業核心、實作課程、校訂選修與跨域應用，讓學生逐步銜接升學與技術能力。,私立華德工家的汽車科、資訊科、飛機修護科、餐飲管理科、烘焙科依115學年度課程安排專業實作、實習科目與專題製作，學生透過作品、操作練習及成果發表整合所學。,有交通車。校方招生資訊列明交通車行駛台南市及高雄市，供學生通學使用。,可由臺鐵岡山站轉乘往茄萣方向的紅71等公車至學校周邊；校方交通資訊亦列出台南、高雄方向通學方式。,私立華德工家的一般高中職學生住宿目前沒有固定公開申請資訊。,https://www.google.com/maps/search/?api=1&query=%E7%A7%81%E7%AB%8B%E8%8F%AF%E5%BE%B7%E5%B7%A5%E5%AE%B6%20%E9%AB%98%E9%9B%84%E5%B8%82%E8%8C%84%E8%90%A3%E5%8D%80%E6%BF%B1%E6%B5%B7%E8%B7%AF%E5%9B%9B%E6%AE%B566%E8%99%9F,https://www.hdvs.kh.edu.tw/ | https://courset.k12ea.gov.tw/courseinformation/indexStu01.asp,https://www.hdvs.kh.edu.tw/ | https://courset.k12ea.gov.tw/courseinformation/indexStu01.asp,https://www.hdvs.kh.edu.tw/?.p=HrpY,https://www.hdvs.kh.edu.tw/?.p=HrpY,https://www.hdvs.kh.edu.tw/,https://www.hdvs.kh.edu.tw/,https://www.hdvs.kh.edu.tw/,2026-09-07
,121417,私立高苑工商,私立,高雄區學校名錄,高職,男女校,高雄市,橋頭區,高雄市橋頭區東林里芋寮路1號,https://www.kyvs.kh.edu.tw/,(07)6111101,汽車科(日)；資訊科(日)；資訊科(夜)；電機科(日)；餐飲管理科(日)；餐飲管理科(夜)；烘焙科(日)；綜合職能科(日)；餐飲技術科(日)；美髮技術科(日),,,請以各校當年度公告為準,私立高苑工商以汽車科、資訊科、電機科、餐飲管理科、烘焙科、綜合職能科為主要專業方向；115學年度課程依各科安排專業核心、實作課程、校訂選修與跨域應用，讓學生逐步銜接升學與技術能力。,私立高苑工商的餐飲、汽車等科別包含實作與專題課程；建教班學生另依班別進入合作事業單位接受職場實務訓練。,有校車。校方設有校車路線表，列出年度搭乘路線及相關資訊。,可由臺鐵橋頭站或捷運橋頭火車站轉乘橋頭、岡山方向公車，在東林里芋寮路周邊下車後步行到私立高苑工商。,私立高苑工商的一般高中職學生住宿目前沒有固定公開申請資訊。,https://www.google.com/maps/search/?api=1&query=%E7%A7%81%E7%AB%8B%E9%AB%98%E8%8B%91%E5%B7%A5%E5%95%86%20%E9%AB%98%E9%9B%84%E5%B8%82%E6%A9%8B%E9%A0%AD%E5%8D%80%E6%9D%B1%E6%9E%97%E9%87%8C%E8%8A%8B%E5%AF%AE%E8%B7%AF1%E8%99%9F,https://www.kyvs.kh.edu.tw/ | https://courset.k12ea.gov.tw/courseinformation/indexStu01.asp,https://www.kyvs.kh.edu.tw/ | https://courset.k12ea.gov.tw/courseinformation/indexStu01.asp,https://www.kyvs.kh.edu.tw/home?cid=14279,https://www.google.com/maps/search/?api=1&query=%E7%A7%81%E7%AB%8B%E9%AB%98%E8%8B%91%E5%B7%A5%E5%95%86%20%E9%AB%98%E9%9B%84%E5%B8%82%E6%A9%8B%E9%A0%AD%E5%8D%80%E6%9D%B1%E6%9E%97%E9%87%8C%E8%8A%8B%E5%AF%AE%E8%B7%AF1%E8%99%9F | https://ibus.tbkc.gov.tw/,https://www.kyvs.kh.edu.tw/,https://www.kyvs.kh.edu.tw/,https://www.kyvs.kh.edu.tw/,2026-09-07
,124302,高雄市立文山高中,公立,高雄區學校名錄,高中,男女校,高雄市,鳥松區,高雄市鳥松區大埤路31號,https://www.wsm.kh.edu.tw/,(07)7777272,普通科(日)；體育班(日),,,請以各校當年度公告為準,高雄市立文山高中以普通型高中核心課程，並透過校訂課程、多元選修及自主學習延伸個人興趣為主，115學年度課程包含自然科學探究與實作、社會領域探究等學習內容；另設有體育班等班別，相關課程依班別深化。,高雄市立文山高中以自然科學探究與實作、社會領域探究、自主學習及成果發表作為高中階段的實作／專題型學習。,高雄市立文山高中目前沒有固定公開的校車／學生專車路線資訊；一般公共運輸方式另列於「通勤資訊」。,可由鳳山或高雄市區轉乘往澄清湖、鳥松方向公車，在大埤路周邊站點下車後步行到高雄市立文山高中。,高雄市立文山高中的一般高中職學生住宿目前沒有固定公開申請資訊。,https://www.google.com/maps/search/?api=1&query=%E9%AB%98%E9%9B%84%E5%B8%82%E7%AB%8B%E6%96%87%E5%B1%B1%E9%AB%98%E4%B8%AD%20%E9%AB%98%E9%9B%84%E5%B8%82%E9%B3%A5%E6%9D%BE%E5%8D%80%E5%A4%A7%E5%9F%A4%E8%B7%AF31%E8%99%9F,https://www.wsm.kh.edu.tw/ | https://courset.k12ea.gov.tw/courseinformation/indexStu01.asp,https://www.wsm.kh.edu.tw/ | https://courset.k12ea.gov.tw/courseinformation/indexStu01.asp,https://www.wsm.kh.edu.tw/,https://www.google.com/maps/search/?api=1&query=%E9%AB%98%E9%9B%84%E5%B8%82%E7%AB%8B%E6%96%87%E5%B1%B1%E9%AB%98%E4%B8%AD%20%E9%AB%98%E9%9B%84%E5%B8%82%E9%B3%A5%E6%9D%BE%E5%8D%80%E5%A4%A7%E5%9F%A4%E8%B7%AF31%E8%99%9F | https://ibus.tbkc.gov.tw/,https://www.wsm.kh.edu.tw/,https://www.wsm.kh.edu.tw/,https://www.wsm.kh.edu.tw/,2026-09-07
,124311,高雄市立林園高中,公立,高雄區學校名錄,高中,男女校,高雄市,林園區,高雄市林園區林園北路481號,https://www.ly.kh.edu.tw/,(07)6412059,普通科(日)；體育班(日),,,請以各校當年度公告為準,高雄市立林園高中以語文、數理、自然與社會領域課程，搭配校訂必修、多元選修與自主學習為主，115學年度課程包含自然科學探究與實作、社會領域探究等學習內容；另設有體育班等班別，相關課程依班別深化。,高雄市立林園高中以自然科學探究與實作、社會領域探究、自主學習及成果發表作為高中階段的實作／專題型學習。,高雄市立林園高中目前沒有固定公開的校車／學生專車路線資訊；一般公共運輸方式另列於「通勤資訊」。,可由捷運小港站轉乘林園方向公車，在林園北路周邊站點下車後步行到高雄市立林園高中。,高雄市立林園高中的一般高中職學生住宿目前沒有固定公開申請資訊。,https://www.google.com/maps/search/?api=1&query=%E9%AB%98%E9%9B%84%E5%B8%82%E7%AB%8B%E6%9E%97%E5%9C%92%E9%AB%98%E4%B8%AD%20%E9%AB%98%E9%9B%84%E5%B8%82%E6%9E%97%E5%9C%92%E5%8D%80%E6%9E%97%E5%9C%92%E5%8C%97%E8%B7%AF481%E8%99%9F,https://www.ly.kh.edu.tw/ | https://courset.k12ea.gov.tw/courseinformation/indexStu01.asp,https://www.ly.kh.edu.tw/ | https://courset.k12ea.gov.tw/courseinformation/indexStu01.asp,https://www.ly.kh.edu.tw/,https://www.google.com/maps/search/?api=1&query=%E9%AB%98%E9%9B%84%E5%B8%82%E7%AB%8B%E6%9E%97%E5%9C%92%E9%AB%98%E4%B8%AD%20%E9%AB%98%E9%9B%84%E5%B8%82%E6%9E%97%E5%9C%92%E5%8D%80%E6%9E%97%E5%9C%92%E5%8C%97%E8%B7%AF481%E8%99%9F | https://ibus.tbkc.gov.tw/,https://www.ly.kh.edu.tw/,https://www.ly.kh.edu.tw/,https://www.ly.kh.edu.tw/,2026-09-07
,124313,高雄市立仁武高中,公立,高雄區學校名錄,高中,男女校,高雄市,仁武區,高雄市仁武區仁林路20號,https://www.rwm.kh.edu.tw/,(07)3721640,普通科(日)；體育班(日),,,請以各校當年度公告為準,高雄市立仁武高中以普通高中學科基礎、跨領域選修與探究學習，並保留自主學習與生涯探索空間為主，115學年度課程包含自然科學探究與實作、社會領域探究等學習內容；另設有體育班等班別，相關課程依班別深化。,高雄市立仁武高中以自然科學探究與實作、社會領域探究、自主學習及成果發表作為高中階段的實作／專題型學習。,高雄市立仁武高中目前沒有固定公開的校車／學生專車路線資訊；一般公共運輸方式另列於「通勤資訊」。,可由高鐵／捷運左營站轉乘紅60至仁武高中，也可搭橘16、224、8008等公車至學校周邊站點。,高雄市立仁武高中的一般高中職學生住宿目前沒有固定公開申請資訊。,https://www.google.com/maps/search/?api=1&query=%E9%AB%98%E9%9B%84%E5%B8%82%E7%AB%8B%E4%BB%81%E6%AD%A6%E9%AB%98%E4%B8%AD%20%E9%AB%98%E9%9B%84%E5%B8%82%E4%BB%81%E6%AD%A6%E5%8D%80%E4%BB%81%E6%9E%97%E8%B7%AF20%E8%99%9F,https://www.rwm.kh.edu.tw/ | https://courset.k12ea.gov.tw/courseinformation/indexStu01.asp,https://www.rwm.kh.edu.tw/ | https://courset.k12ea.gov.tw/courseinformation/indexStu01.asp,https://www.rwm.kh.edu.tw/,https://www.rwm.kh.edu.tw/about/%E5%AD%B8%E6%A0%A1%E4%BD%8D%E7%BD%AE-%E4%BA%A4%E9%80%9A%E8%B7%AF%E7%B7%9A/,https://www.rwm.kh.edu.tw/,https://www.rwm.kh.edu.tw/,https://www.rwm.kh.edu.tw/,2026-09-07
,124322,高雄市立路竹高中,公立,高雄區學校名錄,高中,男女校,高雄市,路竹區,高雄市路竹區中華路292號,https://www.lchs.kh.edu.tw/,(07)6963008,普通科(日)；體育班(日),,,請以各校當年度公告為準,高雄市立路竹高中以普通型高中核心課程，並透過校訂課程、多元選修及自主學習延伸個人興趣為主，115學年度課程包含自然科學探究與實作、社會領域探究等學習內容；另設有體育班等班別，相關課程依班別深化。,高雄市立路竹高中以自然科學探究與實作、社會領域探究、自主學習及成果發表作為高中階段的實作／專題型學習。,有學生專車。115學年度校方公布學生專車路線與搭乘資訊，供學生上下學使用。,臺鐵路竹站距校約1.5公里，可再轉乘公車；紅67B可到路竹高中中華路側，紅71B2可到國昌路側。,高雄市立路竹高中的一般高中職學生住宿目前沒有固定公開申請資訊。,https://www.google.com/maps/search/?api=1&query=%E9%AB%98%E9%9B%84%E5%B8%82%E7%AB%8B%E8%B7%AF%E7%AB%B9%E9%AB%98%E4%B8%AD%20%E9%AB%98%E9%9B%84%E5%B8%82%E8%B7%AF%E7%AB%B9%E5%8D%80%E4%B8%AD%E8%8F%AF%E8%B7%AF292%E8%99%9F,https://www.lchs.kh.edu.tw/view/index.php?MainMenuId=87899&MainType=0&SubMenuId=87901&SubType=101&WebID=312,https://www.lchs.kh.edu.tw/view/index.php?MainMenuId=87899&MainType=0&SubMenuId=87901&SubType=101&WebID=312,https://www.lchs.kh.edu.tw/view/index.php?MainMenuId=55780&MainType=101&SubMenuId=0&SubType=0&WebID=312,https://www.lchs.kh.edu.tw/view/index.php?MainMenuId=45045&MainType=0&SubMenuId=45048&SubType=103&WebID=312,https://www.lchs.kh.edu.tw/,https://www.lchs.kh.edu.tw/,https://www.lchs.kh.edu.tw/,2026-09-07
,124333,高雄市立六龜高中,公立,高雄區學校名錄,高中,男女校,高雄市,六龜區,高雄市六龜區光復路212號,https://www.lgm.kh.edu.tw/,(07)6891023,普通科(日),,,請以各校當年度公告為準,高雄市立六龜高中以普通高中學科基礎、跨領域選修與探究學習，並保留自主學習與生涯探索空間為主，115學年度課程包含自然科學探究與實作、社會領域探究等學習內容。,高雄市立六龜高中以自然科學探究與實作、社會領域探究、自主學習及成果發表作為高中階段的實作／專題型學習。,高雄市立六龜高中目前沒有固定公開的校車／學生專車路線資訊；一般公共運輸方式另列於「通勤資訊」。,可由旗山轉運站轉乘六龜方向公車，在六龜市區下車後步行前往高雄市立六龜高中。,學校設有學生宿舍。115學年度配置學生宿舍生活輔導人員，供住宿學生接受生活管理。,https://www.google.com/maps/search/?api=1&query=%E9%AB%98%E9%9B%84%E5%B8%82%E7%AB%8B%E5%85%AD%E9%BE%9C%E9%AB%98%E4%B8%AD%20%E9%AB%98%E9%9B%84%E5%B8%82%E5%85%AD%E9%BE%9C%E5%8D%80%E5%85%89%E5%BE%A9%E8%B7%AF212%E8%99%9F,https://www.lgm.kh.edu.tw/ | https://courset.k12ea.gov.tw/courseinformation/indexStu01.asp,https://www.lgm.kh.edu.tw/ | https://courset.k12ea.gov.tw/courseinformation/indexStu01.asp,https://www.lgm.kh.edu.tw/,https://www.google.com/maps/search/?api=1&query=%E9%AB%98%E9%9B%84%E5%B8%82%E7%AB%8B%E5%85%AD%E9%BE%9C%E9%AB%98%E4%B8%AD%20%E9%AB%98%E9%9B%84%E5%B8%82%E5%85%AD%E9%BE%9C%E5%8D%80%E5%85%89%E5%BE%A9%E8%B7%AF212%E8%99%9F | https://www.lgm.kh.edu.tw/,https://www.lgm.kh.edu.tw/,https://www.lgm.kh.edu.tw/,https://www.lgm.kh.edu.tw/,2026-09-07
,124340,高雄市立福誠高中,公立,高雄區學校名錄,高中,男女校,高雄市,鳳山區,高雄市鳳山區五甲三路176號,https://www.ftm.kh.edu.tw/,(07)8224646,普通科(日)；體育班(日),,,請以各校當年度公告為準,高雄市立福誠高中以部定必修、校訂課程、多元選修與彈性學習為主，115學年度課程包含自然科學探究與實作、社會領域探究等學習內容；另設有體育班等班別，相關課程依班別深化。,高雄市立福誠高中以自然科學探究與實作、社會領域探究、自主學習及成果發表作為高中階段的實作／專題型學習。,高雄市立福誠高中目前沒有固定公開的校車／學生專車路線資訊；一般公共運輸方式另列於「通勤資訊」。,可由捷運前鎮高中站2號出口步行前往；紅10、紅11、黃2等公車可到福誠高中，另有12、69等路線停靠周邊。,高雄市立福誠高中的一般高中職學生住宿目前沒有固定公開申請資訊。,https://www.google.com/maps/search/?api=1&query=%E9%AB%98%E9%9B%84%E5%B8%82%E7%AB%8B%E7%A6%8F%E8%AA%A0%E9%AB%98%E4%B8%AD%20%E9%AB%98%E9%9B%84%E5%B8%82%E9%B3%B3%E5%B1%B1%E5%8D%80%E4%BA%94%E7%94%B2%E4%B8%89%E8%B7%AF176%E8%99%9F,https://www.ftm.kh.edu.tw/ | https://courset.k12ea.gov.tw/courseinformation/indexStu01.asp,https://www.ftm.kh.edu.tw/ | https://courset.k12ea.gov.tw/courseinformation/indexStu01.asp,https://www.ftm.kh.edu.tw/,https://www.ftm.kh.edu.tw/view/index.php?MainMenuId=61533&MainType=0&NowMainId=61533&NowSubId=61537&SubMenuId=61537&SubType=103&WebID=76,https://www.ftm.kh.edu.tw/,https://www.ftm.kh.edu.tw/,https://www.ftm.kh.edu.tw/,2026-09-07
,521301,天主教明誠高中,私立,高雄區學校名錄,高中,男女校,高雄市,鼓山區,高雄市鼓山區中華一路97號,http://www.mcsh.kh.edu.tw/,(07)5521593,普通科(日),,,請以各校當年度公告為準,天主教明誠高中以語文、數理、自然與社會領域課程，搭配校訂必修、多元選修與自主學習為主，115學年度課程包含自然科學探究與實作、社會領域探究等學習內容。,天主教明誠高中以自然科學探究與實作、社會領域探究、自主學習及成果發表作為高中階段的實作／專題型學習。,有校車。高中部招生專區提供校車路線圖，並列有115年校車路線資料。,可由高雄輕軌美術館、內惟一帶車站或鼓山地區公車轉乘，在中華一路周邊下車後步行到天主教明誠高中。,天主教明誠高中的一般高中職學生住宿目前沒有固定公開申請資訊。,https://www.google.com/maps/search/?api=1&query=%E5%A4%A9%E4%B8%BB%E6%95%99%E6%98%8E%E8%AA%A0%E9%AB%98%E4%B8%AD%20%E9%AB%98%E9%9B%84%E5%B8%82%E9%BC%93%E5%B1%B1%E5%8D%80%E4%B8%AD%E8%8F%AF%E4%B8%80%E8%B7%AF97%E8%99%9F,http://www.mcsh.kh.edu.tw/ | https://courset.k12ea.gov.tw/courseinformation/indexStu01.asp,http://www.mcsh.kh.edu.tw/ | https://courset.k12ea.gov.tw/courseinformation/indexStu01.asp,https://www.mcsh.kh.edu.tw/InsidePage/EnrollArea/80930,https://www.google.com/maps/search/?api=1&query=%E5%A4%A9%E4%B8%BB%E6%95%99%E6%98%8E%E8%AA%A0%E9%AB%98%E4%B8%AD%20%E9%AB%98%E9%9B%84%E5%B8%82%E9%BC%93%E5%B1%B1%E5%8D%80%E4%B8%AD%E8%8F%AF%E4%B8%80%E8%B7%AF97%E8%99%9F | https://ibus.tbkc.gov.tw/,http://www.mcsh.kh.edu.tw/,http://www.mcsh.kh.edu.tw/,http://www.mcsh.kh.edu.tw/,2026-09-07
,521303,私立大榮高中,私立,高雄區學校名錄,綜高,男女校,高雄市,鼓山區,高雄市鼓山區大榮街1號,https://www.dystcs.kh.edu.tw/,(07)5613281,普通科(日)；汽車科(日)；電機科(日)；飛機修護科(日),,,請以各校當年度公告為準,私立大榮高中兼具普通高中學術課程與汽車科、電機科、飛機修護科等專業方向，課程包含語文數理、探究學習、多元選修及技術專業課程，提供學術與職涯兩種延伸路徑。,私立大榮高中的汽車科、電機科、飛機修護科依115學年度課程安排專業實作、實習科目與專題製作，學生透過作品、操作練習及成果發表整合所學。,私立大榮高中目前沒有固定公開的校車／學生專車路線資訊；一般公共運輸方式另列於「通勤資訊」。,可由高雄輕軌美術館、內惟一帶車站或鼓山地區公車轉乘，在大榮街周邊下車後步行到私立大榮高中。,私立大榮高中的一般高中職學生住宿目前沒有固定公開申請資訊。,https://www.google.com/maps/search/?api=1&query=%E7%A7%81%E7%AB%8B%E5%A4%A7%E6%A6%AE%E9%AB%98%E4%B8%AD%20%E9%AB%98%E9%9B%84%E5%B8%82%E9%BC%93%E5%B1%B1%E5%8D%80%E5%A4%A7%E6%A6%AE%E8%A1%971%E8%99%9F,https://www.dystcs.kh.edu.tw/ | https://courset.k12ea.gov.tw/courseinformation/indexStu01.asp,https://www.dystcs.kh.edu.tw/ | https://courset.k12ea.gov.tw/courseinformation/indexStu01.asp,https://www.dystcs.kh.edu.tw/,https://www.google.com/maps/search/?api=1&query=%E7%A7%81%E7%AB%8B%E5%A4%A7%E6%A6%AE%E9%AB%98%E4%B8%AD%20%E9%AB%98%E9%9B%84%E5%B8%82%E9%BC%93%E5%B1%B1%E5%8D%80%E5%A4%A7%E6%A6%AE%E8%A1%971%E8%99%9F | https://ibus.tbkc.gov.tw/,https://www.dystcs.kh.edu.tw/,https://www.dystcs.kh.edu.tw/,https://www.dystcs.kh.edu.tw/,2026-09-07
,521401,私立中華藝校,私立,高雄區學校名錄,高職,男女校,高雄市,鼓山區,高雄市鼓山區美術館路89號,https://www.charts.kh.edu.tw/,(07)5549696,音樂科(日)；舞蹈科(日)；美術科(日)；影劇科(日)；多媒體動畫科(日)；影劇技術科(日),,,請以各校當年度公告為準,私立中華藝校以音樂科、舞蹈科、美術科、影劇科、多媒體動畫科、影劇技術科為主要專業方向；115學年度課程依各科安排專業核心、實作課程、校訂選修與跨域應用，讓學生逐步銜接升學與技術能力。,私立中華藝校的音樂科、舞蹈科、美術科、影劇科、多媒體動畫科依115學年度課程安排專業實作、實習科目與專題製作，學生透過作品、操作練習及成果發表整合所學。,私立中華藝校目前沒有固定公開的校車／學生專車路線資訊；一般公共運輸方式另列於「通勤資訊」。,可由高雄輕軌美術館、內惟一帶車站或鼓山地區公車轉乘，在美術館路周邊下車後步行到私立中華藝校。,學校設有學生住宿安排。115學年度註冊與新生資料列有住宿生入住資訊，主要服務有住宿需求的學生。,https://www.google.com/maps/search/?api=1&query=%E7%A7%81%E7%AB%8B%E4%B8%AD%E8%8F%AF%E8%97%9D%E6%A0%A1%20%E9%AB%98%E9%9B%84%E5%B8%82%E9%BC%93%E5%B1%B1%E5%8D%80%E7%BE%8E%E8%A1%93%E9%A4%A8%E8%B7%AF89%E8%99%9F,https://web.charts.kh.edu.tw/aa/%E8%AA%B2%E7%A8%8B%E8%A8%88%E7%95%AB%E5%8F%8A%E6%89%8B%E5%86%8A/,https://web.charts.kh.edu.tw/aa/%E8%AA%B2%E7%A8%8B%E8%A8%88%E7%95%AB%E5%8F%8A%E6%89%8B%E5%86%8A/,https://www.charts.kh.edu.tw/,https://www.google.com/maps/search/?api=1&query=%E7%A7%81%E7%AB%8B%E4%B8%AD%E8%8F%AF%E8%97%9D%E6%A0%A1%20%E9%AB%98%E9%9B%84%E5%B8%82%E9%BC%93%E5%B1%B1%E5%8D%80%E7%BE%8E%E8%A1%93%E9%A4%A8%E8%B7%AF89%E8%99%9F | https://ibus.tbkc.gov.tw/,https://web.charts.kh.edu.tw/hs/2026/06/29/%E6%9C%AC%E6%A0%A1115%E5%AD%B8%E5%B9%B4%E7%AC%AC%E4%B8%80%E5%AD%B8%E6%9C%9F%E9%AB%98%E4%BA%8C%E5%8F%8A%E9%AB%98%E4%B8%89%E5%AD%B8%E7%94%9F%E8%A8%BB%E5%86%8A%E9%A0%88%E7%9F%A5/,https://www.charts.kh.edu.tw/,https://www.charts.kh.edu.tw/,2026-09-07
,523301,高雄市立鼓山高中,公立,高雄區學校名錄,高中,男女校,高雄市,鼓山區,高雄市鼓山區明德路2號,https://www.kusjh.kh.edu.tw/,(07)5213258,普通科(日)；美術班(日)；體育班(日),,,請以各校當年度公告為準,高雄市立鼓山高中以語文、數理、自然與社會領域課程，搭配校訂必修、多元選修與自主學習為主，115學年度課程包含自然科學探究與實作、社會領域探究等學習內容；另設有美術班、體育班等班別，相關課程依班別深化。,高雄市立鼓山高中以自然科學探究與實作、社會領域探究、自主學習及成果發表作為高中階段的實作／專題型學習，另包含美術作品與展演。,高雄市立鼓山高中目前沒有固定公開的校車／學生專車路線資訊；一般公共運輸方式另列於「通勤資訊」。,可由高雄輕軌美術館、內惟一帶車站或鼓山地區公車轉乘，在明德路周邊下車後步行到高雄市立鼓山高中。,高雄市立鼓山高中的一般高中職學生住宿目前沒有固定公開申請資訊。,https://www.google.com/maps/search/?api=1&query=%E9%AB%98%E9%9B%84%E5%B8%82%E7%AB%8B%E9%BC%93%E5%B1%B1%E9%AB%98%E4%B8%AD%20%E9%AB%98%E9%9B%84%E5%B8%82%E9%BC%93%E5%B1%B1%E5%8D%80%E6%98%8E%E5%BE%B7%E8%B7%AF2%E8%99%9F,https://www.kusjh.kh.edu.tw/ | https://courset.k12ea.gov.tw/courseinformation/indexStu01.asp,https://www.kusjh.kh.edu.tw/ | https://courset.k12ea.gov.tw/courseinformation/indexStu01.asp,https://www.kusjh.kh.edu.tw/,https://www.google.com/maps/search/?api=1&query=%E9%AB%98%E9%9B%84%E5%B8%82%E7%AB%8B%E9%BC%93%E5%B1%B1%E9%AB%98%E4%B8%AD%20%E9%AB%98%E9%9B%84%E5%B8%82%E9%BC%93%E5%B1%B1%E5%8D%80%E6%98%8E%E5%BE%B7%E8%B7%AF2%E8%99%9F | https://ibus.tbkc.gov.tw/,https://www.kusjh.kh.edu.tw/,https://www.kusjh.kh.edu.tw/,https://www.kusjh.kh.edu.tw/,2026-09-07
,533301,高雄市立左營高中,公立,高雄區學校名錄,高中,男女校,高雄市,左營區,高雄市左營區海功路55號,https://www.tyhs.kh.edu.tw/,(07)5822010,普通科(日)；普通科(夜)；舞蹈班(日)；體育班(日),,,請以各校當年度公告為準,高雄市立左營高中以語文、數理、自然與社會領域課程，搭配校訂必修、多元選修與自主學習為主，115學年度課程包含自然科學探究與實作、社會領域探究等學習內容；另設有舞蹈班、體育班等班別，相關課程依班別深化。,高雄市立左營高中以自然科學探究與實作、社會領域探究、自主學習及成果發表作為高中階段的實作／專題型學習，另包含舞蹈術科與展演。,有學生專車。115學年度第一學期規劃 A 至 G 共 7 條專車路線，校方公布站點、時間與搭乘資料。,可由高鐵／臺鐵新左營站或捷運左營站轉乘紅51、紅53、301等公車至校門；捷運世運站亦可步行到校。,高雄市立左營高中的一般高中職學生住宿目前沒有固定公開申請資訊。,https://www.google.com/maps/search/?api=1&query=%E9%AB%98%E9%9B%84%E5%B8%82%E7%AB%8B%E5%B7%A6%E7%87%9F%E9%AB%98%E4%B8%AD%20%E9%AB%98%E9%9B%84%E5%B8%82%E5%B7%A6%E7%87%9F%E5%8D%80%E6%B5%B7%E5%8A%9F%E8%B7%AF55%E8%99%9F,https://www.tyhs.kh.edu.tw/ | https://courset.k12ea.gov.tw/courseinformation/indexStu01.asp,https://www.tyhs.kh.edu.tw/ | https://courset.k12ea.gov.tw/courseinformation/indexStu01.asp,https://www.tyhs.kh.edu.tw/notice/37398?sidemenuid=4,https://www.tyhs.kh.edu.tw/notice/32714?sidemenuid=4,https://www.tyhs.kh.edu.tw/,https://www.tyhs.kh.edu.tw/,https://www.tyhs.kh.edu.tw/,2026-09-07
,533302,高雄市立新莊高中,公立,高雄區學校名錄,高中,男女校,高雄市,左營區,高雄市左營區文慈路99號,https://www.hchs.kh.edu.tw/,(07)3420103,普通科(日)；音樂班(日)；體育班(日),,,請以各校當年度公告為準,高雄市立新莊高中以普通型高中核心課程，並透過校訂課程、多元選修及自主學習延伸個人興趣為主，115學年度課程包含自然科學探究與實作、社會領域探究等學習內容；另設有音樂班、體育班等班別，相關課程依班別深化。,高雄市立新莊高中以自然科學探究與實作、社會領域探究、自主學習及成果發表作為高中階段的實作／專題型學習，另包含音樂術科與成果演出。,高雄市立新莊高中目前沒有固定公開的校車／學生專車路線資訊；一般公共運輸方式另列於「通勤資訊」。,可由高鐵／臺鐵新左營站或捷運左營站1號出口轉乘3、90、61等公車，在重愛路新莊高中周邊下車。,高雄市立新莊高中的一般高中職學生住宿目前沒有固定公開申請資訊。,https://www.google.com/maps/search/?api=1&query=%E9%AB%98%E9%9B%84%E5%B8%82%E7%AB%8B%E6%96%B0%E8%8E%8A%E9%AB%98%E4%B8%AD%20%E9%AB%98%E9%9B%84%E5%B8%82%E5%B7%A6%E7%87%9F%E5%8D%80%E6%96%87%E6%85%88%E8%B7%AF99%E8%99%9F,https://www.hchs.kh.edu.tw/office/div_811/108course/%E5%90%84%E5%B9%B4%E5%BA%A6%E8%AA%B2%E7%A8%8B%E8%A8%88%E7%95%AB%E6%9B%B8/,https://www.hchs.kh.edu.tw/office/div_811/108course/%E5%90%84%E5%B9%B4%E5%BA%A6%E8%AA%B2%E7%A8%8B%E8%A8%88%E7%95%AB%E6%9B%B8/,https://www.hchs.kh.edu.tw/,https://www.hchs.kh.edu.tw/about/%E4%BA%A4%E9%80%9A%E4%BD%8D%E7%BD%AE/,https://www.hchs.kh.edu.tw/,https://www.hchs.kh.edu.tw/,https://www.hchs.kh.edu.tw/,2026-09-07
,533401,高雄市立海青工商,公立,高雄區學校名錄,高職,男女校,高雄市,左營區,高雄市左營區左營大路1號,https://www.hcvs.kh.edu.tw/,(07)5819155,體育班(日)；資訊科(日)；電子科(日)；建築科(日)；美工科(日)；土木科(日)；室內空間設計科(日)；會計事務科(日)；資料處理科(日)；資料處理科(夜)；廣告設計科(日)；廣告設計科(夜),,,請以各校當年度公告為準,高雄市立海青工商以體育班、資訊科、電子科、建築科、美工科、土木科為主要專業方向；115學年度課程依各科安排專業核心、實作課程、校訂選修與跨域應用，讓學生逐步銜接升學與技術能力。,高雄市立海青工商的體育班、資訊科、電子科、建築科、美工科依115學年度課程安排專業實作、實習科目與專題製作，學生透過作品、操作練習及成果發表整合所學。,高雄市立海青工商目前沒有固定公開的校車／學生專車路線資訊；一般公共運輸方式另列於「通勤資訊」。,可由臺鐵岡山站或捷運岡山一帶搭乘8015路線往左營方向，海青工商為沿線停靠點；也可由左營地區公車轉乘到校。,高雄市立海青工商的一般高中職學生住宿目前沒有固定公開申請資訊。,https://www.google.com/maps/search/?api=1&query=%E9%AB%98%E9%9B%84%E5%B8%82%E7%AB%8B%E6%B5%B7%E9%9D%92%E5%B7%A5%E5%95%86%20%E9%AB%98%E9%9B%84%E5%B8%82%E5%B7%A6%E7%87%9F%E5%8D%80%E5%B7%A6%E7%87%9F%E5%A4%A7%E8%B7%AF1%E8%99%9F,https://www.hcvs.kh.edu.tw/ | https://courset.k12ea.gov.tw/courseinformation/indexStu01.asp,https://www.hcvs.kh.edu.tw/ | https://courset.k12ea.gov.tw/courseinformation/indexStu01.asp,https://www.hcvs.kh.edu.tw/,https://www.ksbus.com.tw/bus_info.asp?id=138,https://www.hcvs.kh.edu.tw/,https://www.hcvs.kh.edu.tw/,https://www.hcvs.kh.edu.tw/,2026-09-07
,533402,高雄市立三民家商,公立,高雄區學校名錄,高職,男女校,高雄市,左營區,高雄市左營區裕誠路1102號,https://www.smvhs.kh.edu.tw/,(07)5525887,體育班(日)；國際貿易科(日)；資料處理科(日)；觀光事業科(日)；餐飲管理科(日)；服裝科(日)；幼兒保育科(日)；美容科(日)；室內設計科(日)；綜合職能科(日),,,請以各校當年度公告為準,高雄市立三民家商以體育班、國際貿易科、資料處理科、觀光事業科、餐飲管理科、服裝科為主要專業方向；115學年度課程依各科安排專業核心、實作課程、校訂選修與跨域應用，讓學生逐步銜接升學與技術能力。,高雄市立三民家商的體育班、國際貿易科、資料處理科、觀光事業科、餐飲管理科依115學年度課程安排專業實作、實習科目與專題製作，學生透過作品、操作練習及成果發表整合所學。,高雄市立三民家商目前沒有固定公開的校車／學生專車路線資訊；一般公共運輸方式另列於「通勤資訊」。,可由高鐵／臺鐵新左營站或捷運左營、生態園區一帶轉乘市區公車，在裕誠路周邊下車後步行到高雄市立三民家商。,高雄市立三民家商的一般高中職學生住宿目前沒有固定公開申請資訊。,https://www.google.com/maps/search/?api=1&query=%E9%AB%98%E9%9B%84%E5%B8%82%E7%AB%8B%E4%B8%89%E6%B0%91%E5%AE%B6%E5%95%86%20%E9%AB%98%E9%9B%84%E5%B8%82%E5%B7%A6%E7%87%9F%E5%8D%80%E8%A3%95%E8%AA%A0%E8%B7%AF1102%E8%99%9F,https://www.smvhs.kh.edu.tw/ | https://courset.k12ea.gov.tw/courseinformation/indexStu01.asp,https://www.smvhs.kh.edu.tw/ | https://courset.k12ea.gov.tw/courseinformation/indexStu01.asp,https://www.smvhs.kh.edu.tw/,https://www.google.com/maps/search/?api=1&query=%E9%AB%98%E9%9B%84%E5%B8%82%E7%AB%8B%E4%B8%89%E6%B0%91%E5%AE%B6%E5%95%86%20%E9%AB%98%E9%9B%84%E5%B8%82%E5%B7%A6%E7%87%9F%E5%8D%80%E8%A3%95%E8%AA%A0%E8%B7%AF1102%E8%99%9F | https://ibus.tbkc.gov.tw/,https://www.smvhs.kh.edu.tw/,https://www.smvhs.kh.edu.tw/,https://www.smvhs.kh.edu.tw/,2026-09-07
,540301,國立中山大學附屬國光高中,公立,高雄區學校名錄,高中,男女校,高雄市,楠梓區,高雄市楠梓區後昌路512號,https://kksh.nsysu.edu.tw/,(07)3603600,普通科(日),,,請以各校當年度公告為準,國立中山大學附屬國光高中以語文、數理、自然與社會領域課程，搭配校訂必修、多元選修與自主學習為主，115學年度課程包含自然科學探究與實作、社會領域探究等學習內容。,國立中山大學附屬國光高中以自然科學探究與實作、社會領域探究、自主學習及成果發表作為高中階段的實作／專題型學習。,國立中山大學附屬國光高中目前沒有固定公開的校車／學生專車路線資訊；一般公共運輸方式另列於「通勤資訊」。,可由楠梓區捷運站或臺鐵楠梓站轉乘市區公車至後昌路周邊站點，步行到國立中山大學附屬國光高中。,國立中山大學附屬國光高中的一般高中職學生住宿目前沒有固定公開申請資訊。,https://www.google.com/maps/search/?api=1&query=%E5%9C%8B%E7%AB%8B%E4%B8%AD%E5%B1%B1%E5%A4%A7%E5%AD%B8%E9%99%84%E5%B1%AC%E5%9C%8B%E5%85%89%E9%AB%98%E4%B8%AD%20%E9%AB%98%E9%9B%84%E5%B8%82%E6%A5%A0%E6%A2%93%E5%8D%80%E5%BE%8C%E6%98%8C%E8%B7%AF512%E8%99%9F,https://kksh.nsysu.edu.tw/ | https://courset.k12ea.gov.tw/courseinformation/indexStu01.asp,https://kksh.nsysu.edu.tw/ | https://courset.k12ea.gov.tw/courseinformation/indexStu01.asp,https://kksh.nsysu.edu.tw/,https://www.google.com/maps/search/?api=1&query=%E5%9C%8B%E7%AB%8B%E4%B8%AD%E5%B1%B1%E5%A4%A7%E5%AD%B8%E9%99%84%E5%B1%AC%E5%9C%8B%E5%85%89%E9%AB%98%E4%B8%AD%20%E9%AB%98%E9%9B%84%E5%B8%82%E6%A5%A0%E6%A2%93%E5%8D%80%E5%BE%8C%E6%98%8C%E8%B7%AF512%E8%99%9F | https://ibus.tbkc.gov.tw/,https://kksh.nsysu.edu.tw/,https://kksh.nsysu.edu.tw/,https://kksh.nsysu.edu.tw/,2026-09-07
,543301,高雄市立中山高中,公立,高雄區學校名錄,高中,男女校,高雄市,楠梓區,高雄市楠梓區藍昌路416號,https://www.cshs.kh.edu.tw/,(07)3641116,普通科(日),,,請以各校當年度公告為準,高雄市立中山高中以語文、數理、自然與社會領域課程，搭配校訂必修、多元選修與自主學習為主，115學年度課程包含自然科學探究與實作、社會領域探究等學習內容。,高雄市立中山高中以自然科學探究與實作、社會領域探究、自主學習及成果發表作為高中階段的實作／專題型學習。,高雄市立中山高中目前沒有固定公開的校車／學生專車路線資訊；一般公共運輸方式另列於「通勤資訊」。,可由楠梓區捷運站或臺鐵楠梓站轉乘市區公車至藍昌路周邊站點，步行到高雄市立中山高中。,高雄市立中山高中的一般高中職學生住宿目前沒有固定公開申請資訊。,https://www.google.com/maps/search/?api=1&query=%E9%AB%98%E9%9B%84%E5%B8%82%E7%AB%8B%E4%B8%AD%E5%B1%B1%E9%AB%98%E4%B8%AD%20%E9%AB%98%E9%9B%84%E5%B8%82%E6%A5%A0%E6%A2%93%E5%8D%80%E8%97%8D%E6%98%8C%E8%B7%AF416%E8%99%9F,https://www.cshs.kh.edu.tw/ | https://courset.k12ea.gov.tw/courseinformation/indexStu01.asp,https://www.cshs.kh.edu.tw/ | https://courset.k12ea.gov.tw/courseinformation/indexStu01.asp,https://www.cshs.kh.edu.tw/,https://www.google.com/maps/search/?api=1&query=%E9%AB%98%E9%9B%84%E5%B8%82%E7%AB%8B%E4%B8%AD%E5%B1%B1%E9%AB%98%E4%B8%AD%20%E9%AB%98%E9%9B%84%E5%B8%82%E6%A5%A0%E6%A2%93%E5%8D%80%E8%97%8D%E6%98%8C%E8%B7%AF416%E8%99%9F | https://ibus.tbkc.gov.tw/,https://www.cshs.kh.edu.tw/,https://www.cshs.kh.edu.tw/,https://www.cshs.kh.edu.tw/,2026-09-07
,543302,高雄市立楠梓高中,公立,高雄區學校名錄,綜高,男女校,高雄市,楠梓區,高雄市楠梓區清豐路19號,https://www.nths.kh.edu.tw/,(07)3550571,體育班(日),,,請以各校當年度公告為準,高雄市立楠梓高中兼具普通高中學術課程與體育班等專業方向，課程包含語文數理、探究學習、多元選修及技術專業課程，提供學術與職涯兩種延伸路徑。,高雄市立楠梓高中的體育班依115學年度課程安排專業實作、實習科目與專題製作，學生透過作品、操作練習及成果發表整合所學。,高雄市立楠梓高中目前沒有固定公開的校車／學生專車路線資訊；一般公共運輸方式另列於「通勤資訊」。,可由楠梓區捷運站或臺鐵楠梓站轉乘市區公車至清豐路周邊站點，步行到高雄市立楠梓高中。,高雄市立楠梓高中的一般高中職學生住宿目前沒有固定公開申請資訊。,https://www.google.com/maps/search/?api=1&query=%E9%AB%98%E9%9B%84%E5%B8%82%E7%AB%8B%E6%A5%A0%E6%A2%93%E9%AB%98%E4%B8%AD%20%E9%AB%98%E9%9B%84%E5%B8%82%E6%A5%A0%E6%A2%93%E5%8D%80%E6%B8%85%E8%B1%90%E8%B7%AF19%E8%99%9F,https://www.nths.kh.edu.tw/ | https://courset.k12ea.gov.tw/courseinformation/indexStu01.asp,https://www.nths.kh.edu.tw/ | https://courset.k12ea.gov.tw/courseinformation/indexStu01.asp,https://www.nths.kh.edu.tw/,https://www.google.com/maps/search/?api=1&query=%E9%AB%98%E9%9B%84%E5%B8%82%E7%AB%8B%E6%A5%A0%E6%A2%93%E9%AB%98%E4%B8%AD%20%E9%AB%98%E9%9B%84%E5%B8%82%E6%A5%A0%E6%A2%93%E5%8D%80%E6%B8%85%E8%B1%90%E8%B7%AF19%E8%99%9F | https://ibus.tbkc.gov.tw/,https://www.nths.kh.edu.tw/,https://www.nths.kh.edu.tw/,https://www.nths.kh.edu.tw/,2026-09-07
,551301,私立立志高中,私立,高雄區學校名錄,綜高,男女校,高雄市,三民區,807066 高雄市三民區大昌一路98號,https://w5.lcvs.kh.edu.tw/,(07)3922601,普通科(日)；汽車科(日)；汽車科(夜)；資訊科(日)；資訊科(夜)；電子科(日)；電機科(日)；電機科(夜)；資料處理科(日)；資料處理科(夜)；餐飲管理科(日)；餐飲管理科(夜)；電競經營科(日)；美容科(日)；美容科(夜)；照顧服務科(夜)；水電技術科(日),,,請以各校當年度公告為準,私立立志高中兼具普通高中學術課程與汽車科、資訊科、電子科、電機科、資料處理科、餐飲管理科等專業方向，課程包含語文數理、探究學習、多元選修及技術專業課程，提供學術與職涯兩種延伸路徑。,私立立志高中各技術科別依115課程規劃安排實作與專題製作；僑生專班另有合作廠商實習與職涯銜接安排。,私立立志高中目前沒有固定公開的校車／學生專車路線資訊；一般公共運輸方式另列於「通勤資訊」。,可由臺鐵高雄站、捷運後驛站或高雄輕軌轉乘市區公車，在大昌一路周邊下車後步行到私立立志高中。,學校設有僑生專班宿舍；住宿資訊明確對應僑生專班學生，不作為一般高中職學生皆可住宿的依據。,https://www.google.com/maps/search/?api=1&query=%E7%A7%81%E7%AB%8B%E7%AB%8B%E5%BF%97%E9%AB%98%E4%B8%AD%20807066%20%E9%AB%98%E9%9B%84%E5%B8%82%E4%B8%89%E6%B0%91%E5%8D%80%E5%A4%A7%E6%98%8C%E4%B8%80%E8%B7%AF98%E8%99%9F,https://w5.lcvs.kh.edu.tw/ | https://courset.k12ea.gov.tw/courseinformation/indexStu01.asp,https://w5.lcvs.kh.edu.tw/ | https://courset.k12ea.gov.tw/courseinformation/indexStu01.asp,https://w5.lcvs.kh.edu.tw/,https://www.google.com/maps/search/?api=1&query=%E7%A7%81%E7%AB%8B%E7%AB%8B%E5%BF%97%E9%AB%98%E4%B8%AD%20807066%20%E9%AB%98%E9%9B%84%E5%B8%82%E4%B8%89%E6%B0%91%E5%8D%80%E5%A4%A7%E6%98%8C%E4%B8%80%E8%B7%AF98%E8%99%9F | https://ibus.tbkc.gov.tw/,https://w5.lcvs.kh.edu.tw/index.php/ocs/,https://w5.lcvs.kh.edu.tw/,https://w5.lcvs.kh.edu.tw/,2026-09-07
,551402,私立樹德家商,私立,高雄區學校名錄,高職,男女校,高雄市,三民區,高雄市三民區建興路116號,https://www.shute.kh.edu.tw/,(07)3848622,商業經營科(日)；資料處理科(日)；資料處理科(夜)；廣告設計科(日)；觀光事業科(日)；餐飲管理科(日)；餐飲管理科(夜)；應用英語科(日)；應用日語科(日)；幼兒保育科(日)；美容科(日)；美容科(夜)；照顧服務科(日)；照顧服務科(夜)；表演藝術科(日)；綜合職能科(日)；表演技術科(日)；寵物經營科(日)；烘焙食品科(日)；餐飲技術科(日)；中餐廚師科(日)；美髮技術科(日)；美顏技術科(日),,,請以各校當年度公告為準,私立樹德家商以商業經營科、資料處理科、廣告設計科、觀光事業科、餐飲管理科、應用英語科為主要專業方向；115學年度課程依各科安排專業核心、實作課程、校訂選修與跨域應用，讓學生逐步銜接升學與技術能力。,私立樹德家商的商業經營科、資料處理科、廣告設計科、觀光事業科、餐飲管理科依115學年度課程安排專業實作、實習科目與專題製作，學生透過作品、操作練習及成果發表整合所學。,有校車。學校設有學生校車接送制度，依停靠點安排學生上下學搭乘。,高雄輕軌C29樹德家商站位於大順二路與建興路口，抵站後可直接步行至校；另有市區公車行經建興路周邊。,私立樹德家商的一般高中職學生住宿目前沒有固定公開申請資訊。,https://www.google.com/maps/search/?api=1&query=%E7%A7%81%E7%AB%8B%E6%A8%B9%E5%BE%B7%E5%AE%B6%E5%95%86%20%E9%AB%98%E9%9B%84%E5%B8%82%E4%B8%89%E6%B0%91%E5%8D%80%E5%BB%BA%E8%88%88%E8%B7%AF116%E8%99%9F,https://www.shute.kh.edu.tw/ | https://courset.k12ea.gov.tw/courseinformation/indexStu01.asp,https://www.shute.kh.edu.tw/ | https://courset.k12ea.gov.tw/courseinformation/indexStu01.asp,https://www.shute.kh.edu.tw/~general/c222.html,https://www.krtc.com.tw/KLRT/station_info?n=C29,https://www.shute.kh.edu.tw/,https://www.shute.kh.edu.tw/,https://www.shute.kh.edu.tw/,2026-09-07
,553301,高雄市立高雄中學,公立,高雄區學校名錄,高中,男女校,高雄市,三民區,高雄市三民區建國三路50號,https://www.kshs.kh.edu.tw/,(07)2862550,普通科(日)；音樂班(日)；體育班(日)；科學班(日),,,請以各校當年度公告為準,高雄市立高雄中學以語文、數理、自然與社會領域課程，搭配校訂必修、多元選修與自主學習為主，115學年度課程包含自然科學探究與實作、社會領域探究等學習內容；另設有音樂班、體育班、科學班等班別，相關課程依班別深化。,高雄市立高雄中學以自然科學探究與實作、社會領域探究、自主學習及成果發表作為高中階段的實作／專題型學習，另包含音樂術科與成果演出。,高雄市立高雄中學目前沒有固定公開的校車／學生專車路線資訊；一般公共運輸方式另列於「通勤資訊」。,可由臺鐵高雄站、捷運後驛站或高雄輕軌轉乘市區公車，在建國三路周邊下車後步行到高雄市立高雄中學。,高雄市立高雄中學的一般高中職學生住宿目前沒有固定公開申請資訊。,https://www.google.com/maps/search/?api=1&query=%E9%AB%98%E9%9B%84%E5%B8%82%E7%AB%8B%E9%AB%98%E9%9B%84%E4%B8%AD%E5%AD%B8%20%E9%AB%98%E9%9B%84%E5%B8%82%E4%B8%89%E6%B0%91%E5%8D%80%E5%BB%BA%E5%9C%8B%E4%B8%89%E8%B7%AF50%E8%99%9F,https://www.kshs.kh.edu.tw/ | https://courset.k12ea.gov.tw/courseinformation/indexStu01.asp,https://www.kshs.kh.edu.tw/ | https://courset.k12ea.gov.tw/courseinformation/indexStu01.asp,https://www.kshs.kh.edu.tw/,https://www.google.com/maps/search/?api=1&query=%E9%AB%98%E9%9B%84%E5%B8%82%E7%AB%8B%E9%AB%98%E9%9B%84%E4%B8%AD%E5%AD%B8%20%E9%AB%98%E9%9B%84%E5%B8%82%E4%B8%89%E6%B0%91%E5%8D%80%E5%BB%BA%E5%9C%8B%E4%B8%89%E8%B7%AF50%E8%99%9F | https://ibus.tbkc.gov.tw/,https://www.kshs.kh.edu.tw/,https://www.kshs.kh.edu.tw/,https://www.kshs.kh.edu.tw/,2026-09-07
,553302,高雄市立三民高中,公立,高雄區學校名錄,高中,男女校,高雄市,三民區,高雄市三民區金鼎路81號,https://www.smhs.kh.edu.tw/,(07)3475181,普通科(日)；體育班(日),,,請以各校當年度公告為準,高雄市立三民高中以普通型高中核心課程，並透過校訂課程、多元選修及自主學習延伸個人興趣為主，115學年度課程包含自然科學探究與實作、社會領域探究等學習內容；另設有體育班等班別，相關課程依班別深化。,高雄市立三民高中以自然科學探究與實作、社會領域探究、自主學習及成果發表作為高中階段的實作／專題型學習。,高雄市立三民高中目前沒有固定公開的校車／學生專車路線資訊；一般公共運輸方式另列於「通勤資訊」。,可由捷運巨蛋站轉乘168、217等公車，或由凹子底站轉乘168、紅35、紅33等路線至金獅湖／學校周邊。,高雄市立三民高中的一般高中職學生住宿目前沒有固定公開申請資訊。,https://www.google.com/maps/search/?api=1&query=%E9%AB%98%E9%9B%84%E5%B8%82%E7%AB%8B%E4%B8%89%E6%B0%91%E9%AB%98%E4%B8%AD%20%E9%AB%98%E9%9B%84%E5%B8%82%E4%B8%89%E6%B0%91%E5%8D%80%E9%87%91%E9%BC%8E%E8%B7%AF81%E8%99%9F,https://www.smhs.kh.edu.tw/ | https://courset.k12ea.gov.tw/courseinformation/indexStu01.asp,https://www.smhs.kh.edu.tw/ | https://courset.k12ea.gov.tw/courseinformation/indexStu01.asp,https://www.smhs.kh.edu.tw/,https://www.smhs.kh.edu.tw/p/412-1000-302.php,https://www.smhs.kh.edu.tw/,https://www.smhs.kh.edu.tw/,https://www.smhs.kh.edu.tw/,2026-09-07
,553401,高雄市立高雄高工,公立,高雄區學校名錄,高職,男女校,高雄市,三民區,高雄市三民區建工路419號,https://www.ksvs.kh.edu.tw/,(07)3815366,機械科(日)；機械科(夜)；汽車科(日)；資訊科(日)；資訊科(夜)；電子科(日)；電機科(日)；電機科(夜)；冷凍空調科(日)；建築科(日)；化工科(日)；製圖科(夜)；圖文傳播科(日)；電腦機械製圖科(日),,,請以各校當年度公告為準,高雄市立高雄高工以機械科、汽車科、資訊科、電子科、電機科、冷凍空調科為主要專業方向；115學年度課程依各科安排專業核心、實作課程、校訂選修與跨域應用，讓學生逐步銜接升學與技術能力。,高雄市立高雄高工的機械科、汽車科、資訊科、電子科、電機科依115學年度課程安排專業實作、實習科目與專題製作，學生透過作品、操作練習及成果發表整合所學。,高雄市立高雄高工目前沒有固定公開的校車／學生專車路線資訊；一般公共運輸方式另列於「通勤資訊」。,高雄輕軌C28高雄高工站位於大順二路與建工路口，抵站後可步行至校；建工路沿線亦有多條市區公車。,高雄市立高雄高工的一般高中職學生住宿目前沒有固定公開申請資訊。,https://www.google.com/maps/search/?api=1&query=%E9%AB%98%E9%9B%84%E5%B8%82%E7%AB%8B%E9%AB%98%E9%9B%84%E9%AB%98%E5%B7%A5%20%E9%AB%98%E9%9B%84%E5%B8%82%E4%B8%89%E6%B0%91%E5%8D%80%E5%BB%BA%E5%B7%A5%E8%B7%AF419%E8%99%9F,https://www.ksvs.kh.edu.tw/ | https://courset.k12ea.gov.tw/courseinformation/indexStu01.asp,https://www.ksvs.kh.edu.tw/ | https://courset.k12ea.gov.tw/courseinformation/indexStu01.asp,https://www.ksvs.kh.edu.tw/,https://www.krtc.com.tw/KLRT/station_info?n=C28,https://www.ksvs.kh.edu.tw/,https://www.ksvs.kh.edu.tw/,https://www.ksvs.kh.edu.tw/,2026-09-07
,563301,高雄市立新興高中,公立,高雄區學校名錄,高中,男女校,高雄市,新興區,高雄市新興區五福二路218號,https://www.hhhs.kh.edu.tw/,(07)2727127,普通科(日)；音樂班(日),,,請以各校當年度公告為準,高雄市立新興高中以語文、數理、自然與社會領域課程，搭配校訂必修、多元選修與自主學習為主，115學年度課程包含自然科學探究與實作、社會領域探究等學習內容；另設有音樂班等班別，相關課程依班別深化。,高雄市立新興高中以自然科學探究與實作、社會領域探究、自主學習及成果發表作為高中階段的實作／專題型學習，另包含音樂術科與成果演出。,高雄市立新興高中目前沒有固定公開的校車／學生專車路線資訊；一般公共運輸方式另列於「通勤資訊」。,可由捷運中央公園站2號出口步行約5至7分鐘到校；25、50、52、69、72、76、77等公車也停靠新興高中周邊。,高雄市立新興高中的一般高中職學生住宿目前沒有固定公開申請資訊。,https://www.google.com/maps/search/?api=1&query=%E9%AB%98%E9%9B%84%E5%B8%82%E7%AB%8B%E6%96%B0%E8%88%88%E9%AB%98%E4%B8%AD%20%E9%AB%98%E9%9B%84%E5%B8%82%E6%96%B0%E8%88%88%E5%8D%80%E4%BA%94%E7%A6%8F%E4%BA%8C%E8%B7%AF218%E8%99%9F,https://www.hhhs.kh.edu.tw/ | https://courset.k12ea.gov.tw/courseinformation/indexStu01.asp,https://www.hhhs.kh.edu.tw/ | https://courset.k12ea.gov.tw/courseinformation/indexStu01.asp,https://www.hhhs.kh.edu.tw/,https://www.hhhs.kh.edu.tw/InsidePage/About_Sub/494,https://www.hhhs.kh.edu.tw/,https://www.hhhs.kh.edu.tw/,https://www.hhhs.kh.edu.tw/,2026-09-07
,563401,高雄市立高雄高商,公立,高雄區學校名錄,高職,男女校,高雄市,新興區,高雄市新興區五福二路3號,https://www.ksvcs.kh.edu.tw/,(07)2269975,體育班(日)；商業經營科(日)；商業經營科(夜)；國際貿易科(日)；會計事務科(日)；資料處理科(日)；資料處理科(夜)；廣告設計科(日),,,請以各校當年度公告為準,高雄市立高雄高商以體育班、商業經營科、國際貿易科、會計事務科、資料處理科、廣告設計科為主要專業方向；115學年度課程依各科安排專業核心、實作課程、校訂選修與跨域應用，讓學生逐步銜接升學與技術能力。,高雄市立高雄高商的體育班、商業經營科、國際貿易科、會計事務科、資料處理科依115學年度課程安排專業實作、實習科目與專題製作，學生透過作品、操作練習及成果發表整合所學。,高雄市立高雄高商目前沒有固定公開的校車／學生專車路線資訊；一般公共運輸方式另列於「通勤資訊」。,可由捷運中央公園、信義國小一帶車站轉乘或步行，在五福二路周邊站點下車後前往高雄市立高雄高商。,高雄市立高雄高商的一般高中職學生住宿目前沒有固定公開申請資訊。,https://www.google.com/maps/search/?api=1&query=%E9%AB%98%E9%9B%84%E5%B8%82%E7%AB%8B%E9%AB%98%E9%9B%84%E9%AB%98%E5%95%86%20%E9%AB%98%E9%9B%84%E5%B8%82%E6%96%B0%E8%88%88%E5%8D%80%E4%BA%94%E7%A6%8F%E4%BA%8C%E8%B7%AF3%E8%99%9F,https://www.ksvcs.kh.edu.tw/ | https://courset.k12ea.gov.tw/courseinformation/indexStu01.asp,https://www.ksvcs.kh.edu.tw/ | https://courset.k12ea.gov.tw/courseinformation/indexStu01.asp,https://www.ksvcs.kh.edu.tw/,https://www.google.com/maps/search/?api=1&query=%E9%AB%98%E9%9B%84%E5%B8%82%E7%AB%8B%E9%AB%98%E9%9B%84%E9%AB%98%E5%95%86%20%E9%AB%98%E9%9B%84%E5%B8%82%E6%96%B0%E8%88%88%E5%8D%80%E4%BA%94%E7%A6%8F%E4%BA%8C%E8%B7%AF3%E8%99%9F | https://ibus.tbkc.gov.tw/,https://www.ksvcs.kh.edu.tw/,https://www.ksvcs.kh.edu.tw/,https://www.ksvcs.kh.edu.tw/,2026-09-07
,573301,高雄市立高雄女中,公立,高雄區學校名錄,高中,女校,高雄市,前金區,高雄市前金區五福三路122號,https://www.kghs.kh.edu.tw/home,(07)2115418,普通科(日),,,請以各校當年度公告為準,高雄市立高雄女中以語文、數理、自然與社會領域課程，搭配校訂必修、多元選修與自主學習為主，115學年度課程包含自然科學探究與實作、社會領域探究等學習內容。,高雄市立高雄女中以自然科學探究與實作、社會領域探究、自主學習及成果發表作為高中階段的實作／專題型學習。,高雄市立高雄女中目前沒有固定公開的校車／學生專車路線資訊；一般公共運輸方式另列於「通勤資訊」。,可由捷運前金、中央公園一帶車站轉乘市區公車，在五福三路周邊下車後步行到高雄市立高雄女中。,高雄市立高雄女中的一般高中職學生住宿目前沒有固定公開申請資訊。,https://www.google.com/maps/search/?api=1&query=%E9%AB%98%E9%9B%84%E5%B8%82%E7%AB%8B%E9%AB%98%E9%9B%84%E5%A5%B3%E4%B8%AD%20%E9%AB%98%E9%9B%84%E5%B8%82%E5%89%8D%E9%87%91%E5%8D%80%E4%BA%94%E7%A6%8F%E4%B8%89%E8%B7%AF122%E8%99%9F,https://www.kghs.kh.edu.tw/home | https://courset.k12ea.gov.tw/courseinformation/indexStu01.asp,https://www.kghs.kh.edu.tw/home | https://courset.k12ea.gov.tw/courseinformation/indexStu01.asp,https://www.kghs.kh.edu.tw/home,https://www.google.com/maps/search/?api=1&query=%E9%AB%98%E9%9B%84%E5%B8%82%E7%AB%8B%E9%AB%98%E9%9B%84%E5%A5%B3%E4%B8%AD%20%E9%AB%98%E9%9B%84%E5%B8%82%E5%89%8D%E9%87%91%E5%8D%80%E4%BA%94%E7%A6%8F%E4%B8%89%E8%B7%AF122%E8%99%9F | https://ibus.tbkc.gov.tw/,https://www.kghs.kh.edu.tw/home,https://www.kghs.kh.edu.tw/home,https://www.kghs.kh.edu.tw/home,2026-09-07
,580301,國立高師大附中,公立,高雄區學校名錄,高中,男女校,高雄市,苓雅區,高雄市苓雅區凱旋二路89號,https://www.nknush.kh.edu.tw/,(07)7613875,普通科(日),,,請以各校當年度公告為準,國立高師大附中以語文、數理、自然與社會領域課程，搭配校訂必修、多元選修與自主學習為主，115學年度課程包含自然科學探究與實作、社會領域探究等學習內容。,國立高師大附中以自然科學探究與實作、社會領域探究、自主學習及成果發表作為高中階段的實作／專題型學習。,國立高師大附中目前沒有固定公開的校車／學生專車路線資訊；一般公共運輸方式另列於「通勤資訊」。,可由捷運文化中心站3號出口步行約10至15分鐘到校，或搭輕軌至C33衛生局站；52A、168、紅21、綠1等公車停靠周邊。,國立高師大附中的一般高中職學生住宿目前沒有固定公開申請資訊。,https://www.google.com/maps/search/?api=1&query=%E5%9C%8B%E7%AB%8B%E9%AB%98%E5%B8%AB%E5%A4%A7%E9%99%84%E4%B8%AD%20%E9%AB%98%E9%9B%84%E5%B8%82%E8%8B%93%E9%9B%85%E5%8D%80%E5%87%B1%E6%97%8B%E4%BA%8C%E8%B7%AF89%E8%99%9F,https://www.nknush.kh.edu.tw/ | https://courset.k12ea.gov.tw/courseinformation/indexStu01.asp,https://www.nknush.kh.edu.tw/ | https://courset.k12ea.gov.tw/courseinformation/indexStu01.asp,https://www.nknush.kh.edu.tw/,https://www.nknush.kh.edu.tw/about-us/emergency-numbers-and-traffic-information/,https://www.nknush.kh.edu.tw/,https://www.nknush.kh.edu.tw/,https://www.nknush.kh.edu.tw/,2026-09-07
,581301,私立復華高中,私立,高雄區學校名錄,綜高,男女校,高雄市,苓雅區,高雄市苓雅區民權一路42號,https://www.fhhs.kh.edu.tw/,(07)3344168,普通科(日)；資料處理科(日)；觀光事業科(日)；電子商務科(日)；幼兒保育科(日)；美容科(日),,,請以各校當年度公告為準,私立復華高中兼具普通高中學術課程與資料處理科、觀光事業科、電子商務科、幼兒保育科、美容科等專業方向，課程包含語文數理、探究學習、多元選修及技術專業課程，提供學術與職涯兩種延伸路徑。,私立復華高中的資料處理科、觀光事業科、電子商務科、幼兒保育科、美容科依115學年度課程安排專業實作、實習科目與專題製作，學生透過作品、操作練習及成果發表整合所學。,私立復華高中目前沒有固定公開的校車／學生專車路線資訊；一般公共運輸方式另列於「通勤資訊」。,可由捷運文化中心、五塊厝一帶或高雄輕軌轉乘市區公車，在民權一路周邊下車後步行到私立復華高中。,私立復華高中的一般高中職學生住宿目前沒有固定公開申請資訊。,https://www.google.com/maps/search/?api=1&query=%E7%A7%81%E7%AB%8B%E5%BE%A9%E8%8F%AF%E9%AB%98%E4%B8%AD%20%E9%AB%98%E9%9B%84%E5%B8%82%E8%8B%93%E9%9B%85%E5%8D%80%E6%B0%91%E6%AC%8A%E4%B8%80%E8%B7%AF42%E8%99%9F,https://www.fhhs.kh.edu.tw/ | https://courset.k12ea.gov.tw/courseinformation/indexStu01.asp,https://www.fhhs.kh.edu.tw/ | https://courset.k12ea.gov.tw/courseinformation/indexStu01.asp,https://www.fhhs.kh.edu.tw/,https://www.google.com/maps/search/?api=1&query=%E7%A7%81%E7%AB%8B%E5%BE%A9%E8%8F%AF%E9%AB%98%E4%B8%AD%20%E9%AB%98%E9%9B%84%E5%B8%82%E8%8B%93%E9%9B%85%E5%8D%80%E6%B0%91%E6%AC%8A%E4%B8%80%E8%B7%AF42%E8%99%9F | https://ibus.tbkc.gov.tw/,https://www.fhhs.kh.edu.tw/,https://www.fhhs.kh.edu.tw/,https://www.fhhs.kh.edu.tw/,2026-09-07
,581302,天主教道明中學,私立,高雄區學校名錄,高中,男女校,高雄市,苓雅區,高雄市苓雅區建國一路354號,https://www.dmhs.kh.edu.tw/,(07)2240711,普通科(日),,,請以各校當年度公告為準,天主教道明中學以普通型高中核心課程，並透過校訂課程、多元選修及自主學習延伸個人興趣為主，115學年度課程包含自然科學探究與實作、社會領域探究等學習內容。,天主教道明中學以自然科學探究與實作、社會領域探究、自主學習及成果發表作為高中階段的實作／專題型學習。,有校車。115學年度暑期輔導使用校車證系統，高一新生資料亦提供校車申請資訊。,可由臺鐵科工館站步行約700公尺到校；捷運文化中心站或五塊厝站亦可步行前往，37、76、77、88、紅27、168等公車行經周邊。,學校設有高中部住宿申請。115學年度高一新生報到資料提供住宿申請入口，有住宿需求的新生可依校方程序辦理。,https://www.google.com/maps/search/?api=1&query=%E5%A4%A9%E4%B8%BB%E6%95%99%E9%81%93%E6%98%8E%E4%B8%AD%E5%AD%B8%20%E9%AB%98%E9%9B%84%E5%B8%82%E8%8B%93%E9%9B%85%E5%8D%80%E5%BB%BA%E5%9C%8B%E4%B8%80%E8%B7%AF354%E8%99%9F,https://www.dmhs.kh.edu.tw/ | https://courset.k12ea.gov.tw/courseinformation/indexStu01.asp,https://www.dmhs.kh.edu.tw/ | https://courset.k12ea.gov.tw/courseinformation/indexStu01.asp,https://phpweb2.dmhs.kh.edu.tw/schoolcar/index3.php,https://www2.dmhs.kh.edu.tw/releaseRedirect.do?pageID=3076&unitID=183,https://phpweb2.dmhs.kh.edu.tw/board/read.php?index=22286,https://www.dmhs.kh.edu.tw/,https://www.dmhs.kh.edu.tw/,2026-09-07
,581402,私立三信家商,私立,高雄區學校名錄,高職,男女校,高雄市,苓雅區,高雄市苓雅區三多一路186號,https://www.sanhsin.edu.tw/sansin2017/index.html,(07)7517171,商業經營科(日)；資料處理科(日)；資料處理科(夜)；廣告設計科(日)；觀光事業科(日)；餐飲管理科(日)；餐飲管理科(夜)；應用日語科(日)；幼兒保育科(日)；美容科(日)；照顧服務科(日)；照顧服務科(夜)；餐飲服務科(日)；烘焙食品科(日)；餐飲技術科(日),,,請以各校當年度公告為準,私立三信家商以商業經營科、資料處理科、廣告設計科、觀光事業科、餐飲管理科、應用日語科為主要專業方向；115學年度課程依各科安排專業核心、實作課程、校訂選修與跨域應用，讓學生逐步銜接升學與技術能力。,私立三信家商由實習處統籌專業實習與技能學習，各科依課程安排實作、專題製作、職場連結與成果展示。,有校車。115學年度第一學期總務處公布校車路線表，供學生依路線搭乘。,可由捷運文化中心、五塊厝一帶或高雄輕軌轉乘市區公車，在三多一路周邊下車後步行到私立三信家商。,學校設有學生宿舍，校方招生資料列有男女生住宿安排與住宿申請資訊。,https://www.google.com/maps/search/?api=1&query=%E7%A7%81%E7%AB%8B%E4%B8%89%E4%BF%A1%E5%AE%B6%E5%95%86%20%E9%AB%98%E9%9B%84%E5%B8%82%E8%8B%93%E9%9B%85%E5%8D%80%E4%B8%89%E5%A4%9A%E4%B8%80%E8%B7%AF186%E8%99%9F,https://web2.sanhsin.edu.tw/aa/,https://web2.sanhsin.edu.tw/io/,https://web2.sanhsin.edu.tw/ga/,https://www.google.com/maps/search/?api=1&query=%E7%A7%81%E7%AB%8B%E4%B8%89%E4%BF%A1%E5%AE%B6%E5%95%86%20%E9%AB%98%E9%9B%84%E5%B8%82%E8%8B%93%E9%9B%85%E5%8D%80%E4%B8%89%E5%A4%9A%E4%B8%80%E8%B7%AF186%E8%99%9F | https://ibus.tbkc.gov.tw/,https://www.sanhsin.edu.tw/LocalUser/sansin13/newstudent/QA.pdf,https://www.sanhsin.edu.tw/sansin2017/index.html,https://www.sanhsin.edu.tw/sansin2017/index.html,2026-09-07
,583301,高雄市立中正高中,公立,高雄區學校名錄,高中,男女校,高雄市,苓雅區,高雄市苓雅區中正一路8號,https://www.cchs.kh.edu.tw/,(07)7491992,普通科(日)；體育班(日),,,請以各校當年度公告為準,高雄市立中正高中以語文、數理、自然與社會領域課程，搭配校訂必修、多元選修與自主學習為主，115學年度課程包含自然科學探究與實作、社會領域探究等學習內容；另設有體育班等班別，相關課程依班別深化。,高雄市立中正高中以自然科學探究與實作、社會領域探究、自主學習及成果發表作為高中階段的實作／專題型學習。,高雄市立中正高中目前沒有固定公開的校車／學生專車路線資訊；一般公共運輸方式另列於「通勤資訊」。,可由捷運文化中心、五塊厝一帶或高雄輕軌轉乘市區公車，在中正一路周邊下車後步行到高雄市立中正高中。,高雄市立中正高中的一般高中職學生住宿目前沒有固定公開申請資訊。,https://www.google.com/maps/search/?api=1&query=%E9%AB%98%E9%9B%84%E5%B8%82%E7%AB%8B%E4%B8%AD%E6%AD%A3%E9%AB%98%E4%B8%AD%20%E9%AB%98%E9%9B%84%E5%B8%82%E8%8B%93%E9%9B%85%E5%8D%80%E4%B8%AD%E6%AD%A3%E4%B8%80%E8%B7%AF8%E8%99%9F,https://www.cchs.kh.edu.tw/ | https://courset.k12ea.gov.tw/courseinformation/indexStu01.asp,https://www.cchs.kh.edu.tw/ | https://courset.k12ea.gov.tw/courseinformation/indexStu01.asp,https://www.cchs.kh.edu.tw/,https://www.google.com/maps/search/?api=1&query=%E9%AB%98%E9%9B%84%E5%B8%82%E7%AB%8B%E4%B8%AD%E6%AD%A3%E9%AB%98%E4%B8%AD%20%E9%AB%98%E9%9B%84%E5%B8%82%E8%8B%93%E9%9B%85%E5%8D%80%E4%B8%AD%E6%AD%A3%E4%B8%80%E8%B7%AF8%E8%99%9F | https://ibus.tbkc.gov.tw/,https://www.cchs.kh.edu.tw/,https://www.cchs.kh.edu.tw/,https://www.cchs.kh.edu.tw/,2026-09-07
,593301,高雄市立前鎮高中,公立,高雄區學校名錄,高中,男女校,高雄市,前鎮區,高雄市前鎮區中路132號,https://www.cjhs.kh.edu.tw/,(07)8226841,普通科(日)；美術班(日),,,請以各校當年度公告為準,高雄市立前鎮高中以語文、數理、自然與社會領域課程，搭配校訂必修、多元選修與自主學習為主，115學年度課程包含自然科學探究與實作、社會領域探究等學習內容；另設有美術班等班別，相關課程依班別深化。,高雄市立前鎮高中以自然科學探究與實作、社會領域探究、自主學習及成果發表作為高中階段的實作／專題型學習，另包含美術作品與展演。,高雄市立前鎮高中目前沒有固定公開的校車／學生專車路線資訊；一般公共運輸方式另列於「通勤資訊」。,可搭捷運至前鎮高中站，出站後步行至學校；中山四路、鎮中路周邊亦有市區公車可轉乘。,高雄市立前鎮高中的一般高中職學生住宿目前沒有固定公開申請資訊。,https://www.google.com/maps/search/?api=1&query=%E9%AB%98%E9%9B%84%E5%B8%82%E7%AB%8B%E5%89%8D%E9%8E%AE%E9%AB%98%E4%B8%AD%20%E9%AB%98%E9%9B%84%E5%B8%82%E5%89%8D%E9%8E%AE%E5%8D%80%E4%B8%AD%E8%B7%AF132%E8%99%9F,https://www.cjhs.kh.edu.tw/view/index.php?DataId=501254&MainMenuId=62398&MainType=0&SubMenuId=88480&SubType=101&WebID=340&Work=View&page=1,https://www.cjhs.kh.edu.tw/view/index.php?DataId=501254&MainMenuId=62398&MainType=0&SubMenuId=88480&SubType=101&WebID=340&Work=View&page=1,https://www.cjhs.kh.edu.tw/,https://www.krtc.com.tw/Guide/station_info?n=R5,https://www.cjhs.kh.edu.tw/,https://www.cjhs.kh.edu.tw/,https://www.cjhs.kh.edu.tw/,2026-09-07
,593302,高雄市立瑞祥高中,公立,高雄區學校名錄,高中,男女校,高雄市,前鎮區,高雄市前鎮區班超路63號,https://www.rssh.kh.edu.tw/,(07)8152271,普通科(日)；體育班(日),,,請以各校當年度公告為準,高雄市立瑞祥高中以普通型高中核心課程，並透過校訂課程、多元選修及自主學習延伸個人興趣為主，115學年度課程包含自然科學探究與實作、社會領域探究等學習內容；另設有體育班等班別，相關課程依班別深化。,高雄市立瑞祥高中以自然科學探究與實作、社會領域探究、自主學習及成果發表作為高中階段的實作／專題型學習。,高雄市立瑞祥高中目前沒有固定公開的校車／學生專車路線資訊；一般公共運輸方式另列於「通勤資訊」。,可由捷運前鎮地區車站或高雄輕軌轉乘市區公車，在班超路周邊站點下車後步行到高雄市立瑞祥高中。,高雄市立瑞祥高中的一般高中職學生住宿目前沒有固定公開申請資訊。,https://www.google.com/maps/search/?api=1&query=%E9%AB%98%E9%9B%84%E5%B8%82%E7%AB%8B%E7%91%9E%E7%A5%A5%E9%AB%98%E4%B8%AD%20%E9%AB%98%E9%9B%84%E5%B8%82%E5%89%8D%E9%8E%AE%E5%8D%80%E7%8F%AD%E8%B6%85%E8%B7%AF63%E8%99%9F,https://sites.google.com/gcloud.rssh.tw/rsshacd/%E5%AF%A6%E7%A0%94%E7%B5%84/%E9%AB%98%E4%B8%AD%E8%AA%B2%E7%A8%8B%E8%A8%88%E7%95%AB?authuser=0,https://sites.google.com/gcloud.rssh.tw/rsshacd/%E5%AF%A6%E7%A0%94%E7%B5%84/%E9%AB%98%E4%B8%AD%E8%AA%B2%E7%A8%8B%E8%A8%88%E7%95%AB?authuser=0,https://www.rssh.kh.edu.tw/,https://www.google.com/maps/search/?api=1&query=%E9%AB%98%E9%9B%84%E5%B8%82%E7%AB%8B%E7%91%9E%E7%A5%A5%E9%AB%98%E4%B8%AD%20%E9%AB%98%E9%9B%84%E5%B8%82%E5%89%8D%E9%8E%AE%E5%8D%80%E7%8F%AD%E8%B6%85%E8%B7%AF63%E8%99%9F | https://ibus.tbkc.gov.tw/,https://www.rssh.kh.edu.tw/,https://www.rssh.kh.edu.tw/,https://www.rssh.kh.edu.tw/,2026-09-07
,593401,高雄市立中正高工,公立,高雄區學校名錄,高職,男女校,高雄市,前鎮區,高雄市前鎮區光華二路80號,https://www.ccvs.kh.edu.tw/,(07)7232301,體育班(日)；機械科(日)；汽車科(日)；資訊科(日)；電子科(日)；控制科(日)；電機科(日)；電機科(夜)；冷凍空調科(日)；建築科(日)；化工科(日)；製圖科(日)；電腦機械製圖科(日)；金屬工藝科(日)；金屬工藝科(夜)；汽車美容服務科(日)；微電腦修護科(夜)；冷凍空調技術科(夜),,,請以各校當年度公告為準,高雄市立中正高工以體育班、機械科、汽車科、資訊科、電子科、控制科為主要專業方向；115學年度課程依各科安排專業核心、實作課程、校訂選修與跨域應用，讓學生逐步銜接升學與技術能力。,高雄市立中正高工各專業科設有實習與專題製作課程，並以專題競賽、作品製作及成果發表整合專業技能與問題解決能力。,高雄市立中正高工目前沒有固定公開的校車／學生專車路線資訊；一般公共運輸方式另列於「通勤資訊」。,可由捷運前鎮地區車站或高雄輕軌轉乘市區公車，在光華二路周邊站點下車後步行到高雄市立中正高工。,高雄市立中正高工的一般高中職學生住宿目前沒有固定公開申請資訊。,https://www.google.com/maps/search/?api=1&query=%E9%AB%98%E9%9B%84%E5%B8%82%E7%AB%8B%E4%B8%AD%E6%AD%A3%E9%AB%98%E5%B7%A5%20%E9%AB%98%E9%9B%84%E5%B8%82%E5%89%8D%E9%8E%AE%E5%8D%80%E5%85%89%E8%8F%AF%E4%BA%8C%E8%B7%AF80%E8%99%9F,https://www.ccvs.kh.edu.tw/p/405-1000-18041%2Cc480.php,https://www.ccvs.kh.edu.tw/p/403-1000-200-1.php,https://www.ccvs.kh.edu.tw/,https://www.google.com/maps/search/?api=1&query=%E9%AB%98%E9%9B%84%E5%B8%82%E7%AB%8B%E4%B8%AD%E6%AD%A3%E9%AB%98%E5%B7%A5%20%E9%AB%98%E9%9B%84%E5%B8%82%E5%89%8D%E9%8E%AE%E5%8D%80%E5%85%89%E8%8F%AF%E4%BA%8C%E8%B7%AF80%E8%99%9F | https://ibus.tbkc.gov.tw/,https://www.ccvs.kh.edu.tw/,https://www.ccvs.kh.edu.tw/,https://www.ccvs.kh.edu.tw/,2026-09-07
,610405,國立高餐大附屬餐旅中學,公立,高雄區學校名錄,高職,男女校,高雄市,小港區,81271 高雄市小港區松和路40號,https://nkhhs.kmhjh.kh.edu.tw/bin/home.php,(07)8060705,觀光事業科(日)；餐飲管理科(日)；烹調技術科(日),,,請以各校當年度公告為準,國立高餐大附屬餐旅中學以觀光事業科、餐飲管理科、烹調技術科為主要專業方向；115學年度課程依各科安排專業核心、實作課程、校訂選修與跨域應用，讓學生逐步銜接升學與技術能力。,國立高餐大附屬餐旅中學的觀光事業科、餐飲管理科、烹調技術科依115學年度課程安排專業實作、實習科目與專題製作，學生透過作品、操作練習及成果發表整合所學。,國立高餐大附屬餐旅中學目前沒有固定公開的校車／學生專車路線資訊；一般公共運輸方式另列於「通勤資訊」。,可由捷運小港站轉乘小港區公車，在松和路周邊站點下車後步行到國立高餐大附屬餐旅中學。,國立高餐大附屬餐旅中學的一般高中職學生住宿目前沒有固定公開申請資訊。,https://www.google.com/maps/search/?api=1&query=%E5%9C%8B%E7%AB%8B%E9%AB%98%E9%A4%90%E5%A4%A7%E9%99%84%E5%B1%AC%E9%A4%90%E6%97%85%E4%B8%AD%E5%AD%B8%2081271%20%E9%AB%98%E9%9B%84%E5%B8%82%E5%B0%8F%E6%B8%AF%E5%8D%80%E6%9D%BE%E5%92%8C%E8%B7%AF40%E8%99%9F,https://nkhhs.kmhjh.kh.edu.tw/bin/home.php | https://courset.k12ea.gov.tw/courseinformation/indexStu01.asp,https://nkhhs.kmhjh.kh.edu.tw/bin/home.php | https://courset.k12ea.gov.tw/courseinformation/indexStu01.asp,https://nkhhs.kmhjh.kh.edu.tw/bin/home.php,https://www.google.com/maps/search/?api=1&query=%E5%9C%8B%E7%AB%8B%E9%AB%98%E9%A4%90%E5%A4%A7%E9%99%84%E5%B1%AC%E9%A4%90%E6%97%85%E4%B8%AD%E5%AD%B8%2081271%20%E9%AB%98%E9%9B%84%E5%B8%82%E5%B0%8F%E6%B8%AF%E5%8D%80%E6%9D%BE%E5%92%8C%E8%B7%AF40%E8%99%9F | https://ibus.tbkc.gov.tw/,https://nkhhs.kmhjh.kh.edu.tw/bin/home.php,https://nkhhs.kmhjh.kh.edu.tw/bin/home.php,https://nkhhs.kmhjh.kh.edu.tw/bin/home.php,2026-09-07
,613301,高雄市立小港高中,公立,高雄區學校名錄,高中,男女校,高雄市,小港區,81255 高雄市小港區學府路117號,https://www.hkhs.kh.edu.tw/,(07)8062627,普通科(日)；體育班(日),,,請以各校當年度公告為準,高雄市立小港高中以語文、數理、自然與社會領域課程，搭配校訂必修、多元選修與自主學習為主，115學年度課程包含自然科學探究與實作、社會領域探究等學習內容；另設有體育班等班別，相關課程依班別深化。,高雄市立小港高中以自然科學探究與實作、社會領域探究、自主學習及成果發表作為高中階段的實作／專題型學習。,高雄市立小港高中目前沒有固定公開的校車／學生專車路線資訊；一般公共運輸方式另列於「通勤資訊」。,可由捷運小港站2或3號出口步行約5分鐘到校；69A、12等市區公車亦可到學校周邊。,高雄市立小港高中的一般高中職學生住宿目前沒有固定公開申請資訊。,https://www.google.com/maps/search/?api=1&query=%E9%AB%98%E9%9B%84%E5%B8%82%E7%AB%8B%E5%B0%8F%E6%B8%AF%E9%AB%98%E4%B8%AD%2081255%20%E9%AB%98%E9%9B%84%E5%B8%82%E5%B0%8F%E6%B8%AF%E5%8D%80%E5%AD%B8%E5%BA%9C%E8%B7%AF117%E8%99%9F,https://sites.google.com/mail.hkhs.kh.edu.tw/108/%E5%B0%8F%E6%B8%AF%E9%AB%98%E4%B8%AD%E8%AA%B2%E7%A8%8B%E8%A8%88%E7%95%AB,https://sites.google.com/mail.hkhs.kh.edu.tw/108/%E5%B0%8F%E6%B8%AF%E9%AB%98%E4%B8%AD%E8%AA%B2%E7%A8%8B%E8%A8%88%E7%95%AB,https://www.hkhs.kh.edu.tw/,https://www.hkhs.kh.edu.tw/ischool/publish_page/27/?cid=576,https://www.hkhs.kh.edu.tw/,https://www.hkhs.kh.edu.tw/,https://www.hkhs.kh.edu.tw/,2026-09-07
