資料來源區,排名,學校代碼,學校名稱,公私立,招生區,學制分類,男女校,縣市,區,地址,官網,電話,科系與名額,簡章招生名額,招生名額,分數來源備註,資優班/特色班,排序分數,課程方向,實習／專題,交通方式,通勤資訊,住宿資訊,生活資料來源,交通資料來源,住宿資料來源,Google地圖,地址資料來源,課程資料來源,實習專題資料來源
基北區,,170404,國立基隆商工,公立,基北區,高職,男女校,基隆市,七堵區,基隆市七堵區東新街22號,https://www.klcivs.kl.edu.tw/home,(02)24567126,航空電子科:1；商業經營科:1；國際貿易科:1；會計事務科:2；資料處理科:1；美工科:6；廣告設計科:6；商業經營科:11；國際貿易科:11；資料處理科:11；機械科:9,60,60,教育部115學年度高中職名錄；招生與科系依115學年度基北區免試入學簡章整理。未填最低錄取分數，避免引用未經官方統一核定的估算值。；115學年度基北區免試入學核定招生名額（使用者提供 PDF；一般生招生名額，含科別與性別欄位）,資優/特色班請依各校及基北區官方公告查詢,,115學年度本表招生科別可確認包含：航空電子科、商業經營科、國際貿易科、會計事務科、資料處理科、美工科、廣告設計科、機械科。學校官網首頁未標示更完整的全校課程方向摘要；詳細課程內容以校方115學年度課程計畫為準。,學校官網首頁未標示115學年度全校統一實習／專題內容；實際實作、專題或成果要求以各科、實習處或課程計畫公告為準。,學校官網首頁未標示完整固定大眾運輸到校路線或115學年度固定學生專車班次；本表不自行補寫路線。,網站首頁未標示固定通勤時間；Google地圖欄已依官方校址建立查詢入口，可依實際出發地查詢即時大眾運輸。,學校官網首頁未標示115學年度校內學生宿舍申請資訊。,https://www.google.com/maps/search/?api=1&query=%E5%9F%BA%E9%9A%86%E5%B8%82%E4%B8%83%E5%A0%B5%E5%8D%80%E6%9D%B1%E6%96%B0%E8%A1%9722%E8%99%9F; https://www.klcivs.kl.edu.tw/home,https://www.klcivs.kl.edu.tw/home,https://www.klcivs.kl.edu.tw/home,https://www.google.com/maps/search/?api=1&query=%E5%9F%BA%E9%9A%86%E5%B8%82%E4%B8%83%E5%A0%B5%E5%8D%80%E6%9D%B1%E6%96%B0%E8%A1%9722%E8%99%9F,https://www.klcivs.kl.edu.tw/home,https://www.klcivs.kl.edu.tw/home,https://www.klcivs.kl.edu.tw/home
基北區,,170301,國立基隆女中,公立,基北區,高中,女校,基隆市,信義區,201013 基隆市信義區東信路324號,https://www.klgsh.kl.edu.tw/,(02)24278274,普通科(女):202,202,202,教育部115學年度高中職名錄；招生與科系依115學年度基北區免試入學簡章整理。未填最低錄取分數，避免引用未經官方統一核定的估算值。；115學年度基北區免試入學核定招生名額（使用者提供 PDF；一般生招生名額，含科別與性別欄位）,資優/特色班請依各校及基北區官方公告查詢,,115學年度本表招生科別可確認包含：普通科。學校官網首頁未標示更完整的全校課程方向摘要；詳細課程內容以校方115學年度課程計畫為準。,學校官網首頁未標示115學年度全校統一實習／專題內容；實際實作、專題或成果要求以各科、實習處或課程計畫公告為準。,官網明列市區公車201、202、203、204至「基隆女中」站；2088可在「基隆女中／月眉路口」下車後步行約5分鐘；臺鐵至基隆站後可轉201–204到校。,主要節點為臺鐵基隆站與基隆市區公車；2088由臺北市府轉運站方向可直接至基隆女中／月眉路口。以上依校方地理交通頁。,學校官網首頁未標示115學年度校內學生宿舍申請資訊。,https://www.google.com/maps/search/?api=1&query=201013+%E5%9F%BA%E9%9A%86%E5%B8%82%E4%BF%A1%E7%BE%A9%E5%8D%80%E6%9D%B1%E4%BF%A1%E8%B7%AF324%E8%99%9F; https://www.klgsh.kl.edu.tw/,https://www.klgsh.kl.edu.tw/%E9%97%9C%E6%96%BC%E5%9F%BA%E5%A5%B3/%E5%9C%B0%E7%90%86%E4%BA%A4%E9%80%9A/,https://www.klgsh.kl.edu.tw/,https://www.google.com/maps/search/?api=1&query=201013+%E5%9F%BA%E9%9A%86%E5%B8%82%E4%BF%A1%E7%BE%A9%E5%8D%80%E6%9D%B1%E4%BF%A1%E8%B7%AF324%E8%99%9F,https://www.klgsh.kl.edu.tw/,https://www.klgsh.kl.edu.tw/,https://www.klgsh.kl.edu.tw/
基北區,,170302,國立基隆高中,公立,基北區,高中,男女校,基隆市,暖暖區,205 基隆市暖暖區源遠路20號,https://www.klsh.kl.edu.tw/,(02)24582052,普通科(女):30,30,30,教育部115學年度高中職名錄；招生與科系依115學年度基北區免試入學簡章整理。未填最低錄取分數，避免引用未經官方統一核定的估算值。；115學年度基北區免試入學核定招生名額（使用者提供 PDF；一般生招生名額，含科別與性別欄位）,資優/特色班請依各校及基北區官方公告查詢,,115學年度本表招生科別可確認包含：普通科。學校官網首頁未標示更完整的全校課程方向摘要；詳細課程內容以校方115學年度課程計畫為準。,學校官網首頁未標示115學年度全校統一實習／專題內容；實際實作、專題或成果要求以各科、實習處或課程計畫公告為準。,官網交通頁明列臺鐵八堵站，出站後步行約10分鐘；公車601、605可使用「八堵國小」或「礦工醫院」站位。,鐵路通勤以八堵站最直接，校方交通頁標示步行約10分鐘；公車以601、605及校方提供之基隆市公車查詢為準。,學校官網首頁未標示115學年度校內學生宿舍申請資訊。,https://www.google.com/maps/search/?api=1&query=205+%E5%9F%BA%E9%9A%86%E5%B8%82%E6%9A%96%E6%9A%96%E5%8D%80%E6%BA%90%E9%81%A0%E8%B7%AF20%E8%99%9F; https://www.klsh.kl.edu.tw/,https://www.klsh.kl.edu.tw/about/traffic/,https://www.klsh.kl.edu.tw/,https://www.google.com/maps/search/?api=1&query=205+%E5%9F%BA%E9%9A%86%E5%B8%82%E6%9A%96%E6%9A%96%E5%8D%80%E6%BA%90%E9%81%A0%E8%B7%AF20%E8%99%9F,https://www.klsh.kl.edu.tw/,https://www.klsh.kl.edu.tw/,https://www.klsh.kl.edu.tw/
基北區,,170403,國立海洋大學附屬基隆海事,公立,基北區,高職,男女校,基隆市,中正區,基隆市中正區祥豐街246號,https://www.klms.ntou.edu.tw/,(02)24633655,食品科:8,8,8,教育部115學年度高中職名錄；招生與科系依115學年度基北區免試入學簡章整理。未填最低錄取分數，避免引用未經官方統一核定的估算值。；115學年度基北區免試入學核定招生名額（使用者提供 PDF；一般生招生名額，含科別與性別欄位）,資優/特色班請依各校及基北區官方公告查詢,,115學年度本表招生科別可確認包含：食品科。學校官網首頁未標示更完整的全校課程方向摘要；詳細課程內容以校方115學年度課程計畫為準。,學校官網首頁未標示115學年度全校統一實習／專題內容；實際實作、專題或成果要求以各科、實習處或課程計畫公告為準。,學校官網首頁未標示完整固定大眾運輸到校路線或115學年度固定學生專車班次；本表不自行補寫路線。,網站首頁未標示固定通勤時間；Google地圖欄已依官方校址建立查詢入口，可依實際出發地查詢即時大眾運輸。,115學年度校方代辦租借國立臺灣海洋大學男生學生宿舍；115-1校方已公告核准名單額滿。男生申請依生輔組公告；女生住宿資訊網站未標示。,https://www.google.com/maps/search/?api=1&query=%E5%9F%BA%E9%9A%86%E5%B8%82%E4%B8%AD%E6%AD%A3%E5%8D%80%E7%A5%A5%E8%B1%90%E8%A1%97246%E8%99%9F; https://www.klms.ntou.edu.tw/,https://www.klms.ntou.edu.tw/,https://www.klms.ntou.edu.tw/%E5%85%AC%E5%91%8A115%E5%AD%B8%E5%B9%B4%E5%BA%A6%E6%9C%AC%E6%A0%A1%E4%BB%A3%E8%BE%A6%E7%A7%9F%E5%80%9F%E5%9C%8B%E7%AB%8B%E8%87%BA%E7%81%A3%E6%B5%B7%E6%B4%8B%E5%A4%A7%E5%AD%B8%E7%94%B7%E7%94%9F/,https://www.google.com/maps/search/?api=1&query=%E5%9F%BA%E9%9A%86%E5%B8%82%E4%B8%AD%E6%AD%A3%E5%8D%80%E7%A5%A5%E8%B1%90%E8%A1%97246%E8%99%9F,https://www.klms.ntou.edu.tw/,https://www.klms.ntou.edu.tw/,https://www.klms.ntou.edu.tw/
基北區,,173304,市立中山高中,公立,基北區,高中,男女校,基隆市,中山區,基隆市中山區文化路162號,https://csjh.kl.edu.tw/,(02)24248191,普通科:9,9,9,教育部115學年度高中職名錄；招生與科系依115學年度基北區免試入學簡章整理。未填最低錄取分數，避免引用未經官方統一核定的估算值。；115學年度基北區免試入學核定招生名額（使用者提供 PDF；一般生招生名額，含科別與性別欄位）,資優/特色班請依各校及基北區官方公告查詢,,115學年度本表招生科別可確認包含：普通科。學校官網首頁未標示更完整的全校課程方向摘要；詳細課程內容以校方115學年度課程計畫為準。,學校官網首頁未標示115學年度全校統一實習／專題內容；實際實作、專題或成果要求以各科、實習處或課程計畫公告為準。,學校官網首頁未標示完整固定大眾運輸到校路線或115學年度固定學生專車班次；本表不自行補寫路線。,網站首頁未標示固定通勤時間；Google地圖欄已依官方校址建立查詢入口，可依實際出發地查詢即時大眾運輸。,學校官網首頁未標示115學年度校內學生宿舍申請資訊。,https://www.google.com/maps/search/?api=1&query=%E5%9F%BA%E9%9A%86%E5%B8%82%E4%B8%AD%E5%B1%B1%E5%8D%80%E6%96%87%E5%8C%96%E8%B7%AF162%E8%99%9F; https://csjh.kl.edu.tw/,https://csjh.kl.edu.tw/,https://csjh.kl.edu.tw/,https://www.google.com/maps/search/?api=1&query=%E5%9F%BA%E9%9A%86%E5%B8%82%E4%B8%AD%E5%B1%B1%E5%8D%80%E6%96%87%E5%8C%96%E8%B7%AF162%E8%99%9F,https://csjh.kl.edu.tw/,https://csjh.kl.edu.tw/,https://csjh.kl.edu.tw/
基北區,,173314,市立八斗高中,公立,基北區,高中,男女校,基隆市,中正區,基隆市中正區新豐街100號,https://bdjh.kl.edu.tw/,(02)24692366,普通科:12,12,12,教育部115學年度高中職名錄；招生與科系依115學年度基北區免試入學簡章整理。未填最低錄取分數，避免引用未經官方統一核定的估算值。；115學年度基北區免試入學核定招生名額（使用者提供 PDF；一般生招生名額，含科別與性別欄位）,資優/特色班請依各校及基北區官方公告查詢,,115學年度本表招生科別可確認包含：普通科。學校官網首頁未標示更完整的全校課程方向摘要；詳細課程內容以校方115學年度課程計畫為準。,學校官網首頁未標示115學年度全校統一實習／專題內容；實際實作、專題或成果要求以各科、實習處或課程計畫公告為準。,學校官網首頁未標示完整固定大眾運輸到校路線或115學年度固定學生專車班次；本表不自行補寫路線。,網站首頁未標示固定通勤時間；Google地圖欄已依官方校址建立查詢入口，可依實際出發地查詢即時大眾運輸。,學校官網首頁未標示115學年度校內學生宿舍申請資訊。,https://www.google.com/maps/search/?api=1&query=%E5%9F%BA%E9%9A%86%E5%B8%82%E4%B8%AD%E6%AD%A3%E5%8D%80%E6%96%B0%E8%B1%90%E8%A1%97100%E8%99%9F; https://bdjh.kl.edu.tw/,https://bdjh.kl.edu.tw/,https://bdjh.kl.edu.tw/,https://www.google.com/maps/search/?api=1&query=%E5%9F%BA%E9%9A%86%E5%B8%82%E4%B8%AD%E6%AD%A3%E5%8D%80%E6%96%B0%E8%B1%90%E8%A1%97100%E8%99%9F,https://bdjh.kl.edu.tw/,https://bdjh.kl.edu.tw/,https://bdjh.kl.edu.tw/
基北區,,173306,市立安樂高中,公立,基北區,高中,男女校,基隆市,安樂區,基隆市安樂區安一路360號,https://aljh.kl.edu.tw/,(02)24236600,普通科:24,24,24,教育部115學年度高中職名錄；招生與科系依115學年度基北區免試入學簡章整理。未填最低錄取分數，避免引用未經官方統一核定的估算值。；115學年度基北區免試入學核定招生名額（使用者提供 PDF；一般生招生名額，含科別與性別欄位）,資優/特色班請依各校及基北區官方公告查詢,,115學年度本表招生科別可確認包含：普通科。學校官網首頁未標示更完整的全校課程方向摘要；詳細課程內容以校方115學年度課程計畫為準。,學校官網首頁未標示115學年度全校統一實習／專題內容；實際實作、專題或成果要求以各科、實習處或課程計畫公告為準。,學校官網首頁未標示完整固定大眾運輸到校路線或115學年度固定學生專車班次；本表不自行補寫路線。,網站首頁未標示固定通勤時間；Google地圖欄已依官方校址建立查詢入口，可依實際出發地查詢即時大眾運輸。,學校官網首頁未標示115學年度校內學生宿舍申請資訊。,https://www.google.com/maps/search/?api=1&query=%E5%9F%BA%E9%9A%86%E5%B8%82%E5%AE%89%E6%A8%82%E5%8D%80%E5%AE%89%E4%B8%80%E8%B7%AF360%E8%99%9F; https://aljh.kl.edu.tw/,https://aljh.kl.edu.tw/,https://aljh.kl.edu.tw/,https://www.google.com/maps/search/?api=1&query=%E5%9F%BA%E9%9A%86%E5%B8%82%E5%AE%89%E6%A8%82%E5%8D%80%E5%AE%89%E4%B8%80%E8%B7%AF360%E8%99%9F,https://aljh.kl.edu.tw/,https://aljh.kl.edu.tw/,https://aljh.kl.edu.tw/
基北區,,173307,市立暖暖高中,公立,基北區,高中,男女校,基隆市,暖暖區,基隆市暖暖區暖中路112號,https://nnjh.kl.edu.tw/,(02)24575534,普通科:6,6,6,教育部115學年度高中職名錄；招生與科系依115學年度基北區免試入學簡章整理。未填最低錄取分數，避免引用未經官方統一核定的估算值。；115學年度基北區免試入學核定招生名額（使用者提供 PDF；一般生招生名額，含科別與性別欄位）,資優/特色班請依各校及基北區官方公告查詢,,115學年度本表招生科別可確認包含：普通科。學校官網首頁未標示更完整的全校課程方向摘要；詳細課程內容以校方115學年度課程計畫為準。,學校官網首頁未標示115學年度全校統一實習／專題內容；實際實作、專題或成果要求以各科、實習處或課程計畫公告為準。,校方交通頁明列：八堵站步行約15分鐘、暖暖站步行約10分鐘；602至「暖暖高中」站步行約5分鐘；402、403、406、407、503、601、602、603、605、787、1011、1031、1032可至「海會寺」站後步行約5分鐘。,校方明確標示無學生專車；主要使用臺鐵暖暖／八堵站及公車「暖暖高中」「海會寺」等站點。,學校官網首頁未標示115學年度校內學生宿舍申請資訊。,https://www.google.com/maps/search/?api=1&query=%E5%9F%BA%E9%9A%86%E5%B8%82%E6%9A%96%E6%9A%96%E5%8D%80%E6%9A%96%E4%B8%AD%E8%B7%AF112%E8%99%9F; https://nnjh.kl.edu.tw/,https://nnjh.kl.edu.tw/%E5%AD%B8%E6%A0%A1%E7%B0%A1%E4%BB%8B/%E4%BA%A4%E9%80%9A%E8%B7%AF%E7%B7%9A,https://nnjh.kl.edu.tw/,https://www.google.com/maps/search/?api=1&query=%E5%9F%BA%E9%9A%86%E5%B8%82%E6%9A%96%E6%9A%96%E5%8D%80%E6%9A%96%E4%B8%AD%E8%B7%AF112%E8%99%9F,https://nnjh.kl.edu.tw/,https://nnjh.kl.edu.tw/,https://nnjh.kl.edu.tw/
基北區,,171306,私立二信高中,私立,基北區,高職,男女校,基隆市,中正區,基隆市中正區立德路243號,https://www.essh.kl.edu.tw/,(02)24623131,電機科:9；商業經營科:10；資料處理科:15；廣告設計科:8,42,42,教育部115學年度高中職名錄；招生與科系依115學年度基北區免試入學簡章整理。未填最低錄取分數，避免引用未經官方統一核定的估算值。；115學年度基北區免試入學核定招生名額（使用者提供 PDF；一般生招生名額，含科別與性別欄位）,資優/特色班請依各校及基北區官方公告查詢,,115學年度本表招生科別可確認包含：電機科、商業經營科、資料處理科、廣告設計科。學校官網首頁未標示更完整的全校課程方向摘要；詳細課程內容以校方115學年度課程計畫為準。,學校官網首頁未標示115學年度全校統一實習／專題內容；實際實作、專題或成果要求以各科、實習處或課程計畫公告為準。,學校官網首頁未標示完整固定大眾運輸到校路線或115學年度固定學生專車班次；本表不自行補寫路線。,網站首頁未標示固定通勤時間；Google地圖欄已依官方校址建立查詢入口，可依實際出發地查詢即時大眾運輸。,學校官網首頁未標示115學年度校內學生宿舍申請資訊。,https://www.google.com/maps/search/?api=1&query=%E5%9F%BA%E9%9A%86%E5%B8%82%E4%B8%AD%E6%AD%A3%E5%8D%80%E7%AB%8B%E5%BE%B7%E8%B7%AF243%E8%99%9F; https://www.essh.kl.edu.tw/,https://www.essh.kl.edu.tw/,https://www.essh.kl.edu.tw/,https://www.google.com/maps/search/?api=1&query=%E5%9F%BA%E9%9A%86%E5%B8%82%E4%B8%AD%E6%AD%A3%E5%8D%80%E7%AB%8B%E5%BE%B7%E8%B7%AF243%E8%99%9F,https://www.essh.kl.edu.tw/,https://www.essh.kl.edu.tw/,https://www.essh.kl.edu.tw/
基北區,,171407,私立培德工家,私立,基北區,綜高,男女校,基隆市,信義區,201004 基隆市信義區培德路73號,https://www.ptvs.kl.edu.tw/,(02)24652121,汽車科:6；餐飲管理科:18；普通科:44；多媒體設計科:178,246,246,教育部115學年度高中職名錄；招生與科系依115學年度基北區免試入學簡章整理。未填最低錄取分數，避免引用未經官方統一核定的估算值。；115學年度基北區免試入學核定招生名額（使用者提供 PDF；一般生招生名額，含科別與性別欄位）,資優/特色班請依各校及基北區官方公告查詢,,115學年度本表招生科別可確認包含：汽車科、餐飲管理科、普通科、多媒體設計科。學校官網首頁未標示更完整的全校課程方向摘要；詳細課程內容以校方115學年度課程計畫為準。,學校官網首頁未標示115學年度全校統一實習／專題內容；實際實作、專題或成果要求以各科、實習處或課程計畫公告為準。,學校官網首頁未標示完整固定大眾運輸到校路線或115學年度固定學生專車班次；本表不自行補寫路線。,網站首頁未標示固定通勤時間；Google地圖欄已依官方校址建立查詢入口，可依實際出發地查詢即時大眾運輸。,學校官網首頁未標示115學年度校內學生宿舍申請資訊。,https://www.google.com/maps/search/?api=1&query=201004+%E5%9F%BA%E9%9A%86%E5%B8%82%E4%BF%A1%E7%BE%A9%E5%8D%80%E5%9F%B9%E5%BE%B7%E8%B7%AF73%E8%99%9F; https://www.ptvs.kl.edu.tw/,https://www.ptvs.kl.edu.tw/,https://www.ptvs.kl.edu.tw/,https://www.google.com/maps/search/?api=1&query=201004+%E5%9F%BA%E9%9A%86%E5%B8%82%E4%BF%A1%E7%BE%A9%E5%8D%80%E5%9F%B9%E5%BE%B7%E8%B7%AF73%E8%99%9F,https://www.ptvs.kl.edu.tw/,https://www.ptvs.kl.edu.tw/,https://www.ptvs.kl.edu.tw/
基北區,,171308,輔大聖心高中,私立,基北區,高中,男女校,基隆市,中山區,基隆市中山區西定路166號,http://www.shsh.kl.edu.tw,(02)24282454,普通科:9,9,9,教育部115學年度高中職名錄；招生與科系依115學年度基北區免試入學簡章整理。未填最低錄取分數，避免引用未經官方統一核定的估算值。；115學年度基北區免試入學核定招生名額（使用者提供 PDF；一般生招生名額，含科別與性別欄位）,資優/特色班請依各校及基北區官方公告查詢,,115學年度本表招生科別可確認包含：普通科。學校官網首頁未標示更完整的全校課程方向摘要；詳細課程內容以校方115學年度課程計畫為準。,學校官網首頁未標示115學年度全校統一實習／專題內容；實際實作、專題或成果要求以各科、實習處或課程計畫公告為準。,學校官網首頁未標示完整固定大眾運輸到校路線或115學年度固定學生專車班次；本表不自行補寫路線。,網站首頁未標示固定通勤時間；Google地圖欄已依官方校址建立查詢入口，可依實際出發地查詢即時大眾運輸。,學校官網首頁未標示115學年度校內學生宿舍申請資訊。,https://www.google.com/maps/search/?api=1&query=%E5%9F%BA%E9%9A%86%E5%B8%82%E4%B8%AD%E5%B1%B1%E5%8D%80%E8%A5%BF%E5%AE%9A%E8%B7%AF166%E8%99%9F; http://www.shsh.kl.edu.tw,http://www.shsh.kl.edu.tw,http://www.shsh.kl.edu.tw,https://www.google.com/maps/search/?api=1&query=%E5%9F%BA%E9%9A%86%E5%B8%82%E4%B8%AD%E5%B1%B1%E5%8D%80%E8%A5%BF%E5%AE%9A%E8%B7%AF166%E8%99%9F,http://www.shsh.kl.edu.tw,http://www.shsh.kl.edu.tw,http://www.shsh.kl.edu.tw
基北區,,020409,國立頭城家商,公立,基北區共同就學區,高職,男女校,宜蘭縣,頭城鎮,261 宜蘭縣頭城鎮新興路111號,https://www.tcvs.ilc.edu.tw/,(03)9771131,幼兒保育科:1；觀光事業科:2；餐飲管理科:1；表演藝術科:1,5,5,教育部115學年度高中職名錄；招生與科系依115學年度基北區免試入學簡章整理。未填最低錄取分數，避免引用未經官方統一核定的估算值。；115學年度基北區免試入學核定招生名額（使用者提供 PDF；一般生招生名額，含科別與性別欄位）,資優/特色班請依各校及基北區官方公告查詢,,115學年度本表招生科別可確認包含：幼兒保育科、觀光事業科、餐飲管理科、表演藝術科。學校官網首頁未標示更完整的全校課程方向摘要；詳細課程內容以校方115學年度課程計畫為準。,依各專業科別辦理實習實作、技能訓練與專題製作；學校官網首頁未標示115學年度全校統一專題題目，實際內容依各科／實習處公告。,校方115學年度新生交通公告有學生通學班次與客運到校資訊；實際路線、班次與營運業者依當學年度校方公告。,學生通勤應以115學年度校方新生／交通公告的班次與站點為準，不沿用舊年度固定時間。,校內有學生宿舍，官方資料列男35床、女27床，共62床；每房約4–6人，申請、費用與床位依當學年度公告。,https://www.google.com/maps/search/?api=1&query=261+%E5%AE%9C%E8%98%AD%E7%B8%A3%E9%A0%AD%E5%9F%8E%E9%8E%AE%E6%96%B0%E8%88%88%E8%B7%AF111%E8%99%9F; https://www.tcvs.ilc.edu.tw/,https://www.tcvs.ilc.edu.tw/boxlists/1293?menu_id=188,https://www.tcvs.ilc.edu.tw/pages/248,https://www.google.com/maps/search/?api=1&query=261+%E5%AE%9C%E8%98%AD%E7%B8%A3%E9%A0%AD%E5%9F%8E%E9%8E%AE%E6%96%B0%E8%88%88%E8%B7%AF111%E8%99%9F,https://www.tcvs.ilc.edu.tw/,https://www.tcvs.ilc.edu.tw/pages/127,https://www.tcvs.ilc.edu.tw/boxlists/533?menu_id=70
基北區,,010301,國立華僑高級中等學校,公立,基北區,綜高,男女校,新北市,板橋區,220306 新北市板橋區大觀路一段32號,https://www.nocsh.ntpc.edu.tw/home,(02)29684131,綜合高中:224；普通科:271,495,495,教育部115學年度高中職名錄；招生與科系依115學年度基北區免試入學簡章整理。未填最低錄取分數，避免引用未經官方統一核定的估算值。；115學年度基北區免試入學核定招生名額（使用者提供 PDF；一般生招生名額，含科別與性別欄位）,資優/特色班請依各校及基北區官方公告查詢,,115學年度本表招生科別可確認包含：綜合高中、普通科。學校官網首頁未標示更完整的全校課程方向摘要；詳細課程內容以校方115學年度課程計畫為準。,學校官網首頁未標示115學年度全校統一實習／專題內容；實際實作、專題或成果要求以各科、實習處或課程計畫公告為準。,學校官網首頁未標示完整固定大眾運輸到校路線或115學年度固定學生專車班次；本表不自行補寫路線。,網站首頁未標示固定通勤時間；Google地圖欄已依官方校址建立查詢入口，可依實際出發地查詢即時大眾運輸。,學校官網首頁未標示115學年度校內學生宿舍申請資訊。,https://www.google.com/maps/search/?api=1&query=220306+%E6%96%B0%E5%8C%97%E5%B8%82%E6%9D%BF%E6%A9%8B%E5%8D%80%E5%A4%A7%E8%A7%80%E8%B7%AF%E4%B8%80%E6%AE%B532%E8%99%9F; https://www.nocsh.ntpc.edu.tw/home,https://www.nocsh.ntpc.edu.tw/home,https://www.nocsh.ntpc.edu.tw/home,https://www.google.com/maps/search/?api=1&query=220306+%E6%96%B0%E5%8C%97%E5%B8%82%E6%9D%BF%E6%A9%8B%E5%8D%80%E5%A4%A7%E8%A7%80%E8%B7%AF%E4%B8%80%E6%AE%B532%E8%99%9F,https://www.nocsh.ntpc.edu.tw/home,https://www.nocsh.ntpc.edu.tw/home,https://www.nocsh.ntpc.edu.tw/home
基北區,,014357,市立三民高中,公立,基北區,高中,男女校,新北市,蘆洲區,24760 新北市蘆洲區三民路96號,https://www.smsh.ntpc.edu.tw/,(02)22894675,普通科:290,290,290,教育部115學年度高中職名錄；招生與科系依115學年度基北區免試入學簡章整理。未填最低錄取分數，避免引用未經官方統一核定的估算值。；115學年度基北區免試入學核定招生名額（使用者提供 PDF；一般生招生名額，含科別與性別欄位）,資優/特色班請依各校及基北區官方公告查詢,,115學年度本表招生科別可確認包含：普通科。學校官網首頁未標示更完整的全校課程方向摘要；詳細課程內容以校方115學年度課程計畫為準。,學校官網首頁未標示115學年度全校統一實習／專題內容；實際實作、專題或成果要求以各科、實習處或課程計畫公告為準。,學校官網首頁未標示完整固定大眾運輸到校路線或115學年度固定學生專車班次；本表不自行補寫路線。,網站首頁未標示固定通勤時間；Google地圖欄已依官方校址建立查詢入口，可依實際出發地查詢即時大眾運輸。,學校官網首頁未標示115學年度校內學生宿舍申請資訊。,https://www.google.com/maps/search/?api=1&query=24760+%E6%96%B0%E5%8C%97%E5%B8%82%E8%98%86%E6%B4%B2%E5%8D%80%E4%B8%89%E6%B0%91%E8%B7%AF96%E8%99%9F; https://www.smsh.ntpc.edu.tw/,https://www.smsh.ntpc.edu.tw/,https://www.smsh.ntpc.edu.tw/,https://www.google.com/maps/search/?api=1&query=24760+%E6%96%B0%E5%8C%97%E5%B8%82%E8%98%86%E6%B4%B2%E5%8D%80%E4%B8%89%E6%B0%91%E8%B7%AF96%E8%99%9F,https://www.smsh.ntpc.edu.tw/,https://www.smsh.ntpc.edu.tw/p/403-1000-216.php,https://www.smsh.ntpc.edu.tw/
基北區,,013430,市立三重商工,公立,基北區,高職,男女校,新北市,三重區,241026 新北市三重區中正北路163號,https://www.scvs.ntpc.edu.tw/index.php,(02)29715606,模具科:37；製圖科:41；汽車科:41；商業經營科:36；國際貿易科:42；資料處理科:41；應用英語科:42；機械科:44；鑄造科:40；板金科:5；模具科:30；製圖科:32；商業經營科:12,443,443,教育部115學年度高中職名錄；招生與科系依115學年度基北區免試入學簡章整理。未填最低錄取分數，避免引用未經官方統一核定的估算值。；115學年度基北區免試入學核定招生名額（使用者提供 PDF；一般生招生名額，含科別與性別欄位）,資優/特色班請依各校及基北區官方公告查詢,,技術型高中課程涵蓋機械、鑄造、板金、模具、製圖、汽車、商業經營、國際貿易、資料處理與應用英語等專業方向；115學年度課程計畫由校方公告。,校方網站明列機械群共同實習科目，如機械基礎實習、電腦輔助製圖與實習、基礎電學實習、機械加工實習、機械製圖實習；另有新北市專題實作Power競賽等成果活動。,學校官網首頁未標示完整固定大眾運輸到校路線或115學年度固定學生專車班次；本表不自行補寫路線。,網站首頁未標示固定通勤時間；Google地圖欄已依官方校址建立查詢入口，可依實際出發地查詢即時大眾運輸。,學校官網首頁未標示115學年度校內學生宿舍申請資訊。,https://www.google.com/maps/search/?api=1&query=241026+%E6%96%B0%E5%8C%97%E5%B8%82%E4%B8%89%E9%87%8D%E5%8D%80%E4%B8%AD%E6%AD%A3%E5%8C%97%E8%B7%AF163%E8%99%9F; https://www.scvs.ntpc.edu.tw/index.php,https://www.scvs.ntpc.edu.tw/index.php,https://www.scvs.ntpc.edu.tw/index.php,https://www.google.com/maps/search/?api=1&query=241026+%E6%96%B0%E5%8C%97%E5%B8%82%E4%B8%89%E9%87%8D%E5%8D%80%E4%B8%AD%E6%AD%A3%E5%8C%97%E8%B7%AF163%E8%99%9F,https://www.scvs.ntpc.edu.tw/index.php,https://www.scvs.ntpc.edu.tw/index.php,https://www.scvs.ntpc.edu.tw/index.php
基北區,,014311,市立三重高中,公立,基北區,高中,男女校,新北市,三重區,新北市三重區集美街212號,https://www3.schs.ntpc.edu.tw/,(02)29760501,普通科:308,308,308,教育部115學年度高中職名錄；招生與科系依115學年度基北區免試入學簡章整理。未填最低錄取分數，避免引用未經官方統一核定的估算值。；115學年度基北區免試入學核定招生名額（使用者提供 PDF；一般生招生名額，含科別與性別欄位）,資優/特色班請依各校及基北區官方公告查詢,,115學年度本表招生科別可確認包含：普通科。學校官網首頁未標示更完整的全校課程方向摘要；詳細課程內容以校方115學年度課程計畫為準。,學校官網首頁未標示115學年度全校統一實習／專題內容；實際實作、專題或成果要求以各科、實習處或課程計畫公告為準。,學校官網首頁未標示完整固定大眾運輸到校路線或115學年度固定學生專車班次；本表不自行補寫路線。,網站首頁未標示固定通勤時間；Google地圖欄已依官方校址建立查詢入口，可依實際出發地查詢即時大眾運輸。,學校官網首頁未標示115學年度校內學生宿舍申請資訊。,https://www.google.com/maps/search/?api=1&query=%E6%96%B0%E5%8C%97%E5%B8%82%E4%B8%89%E9%87%8D%E5%8D%80%E9%9B%86%E7%BE%8E%E8%A1%97212%E8%99%9F; https://www3.schs.ntpc.edu.tw/,https://www3.schs.ntpc.edu.tw/,https://www3.schs.ntpc.edu.tw/,https://www.google.com/maps/search/?api=1&query=%E6%96%B0%E5%8C%97%E5%B8%82%E4%B8%89%E9%87%8D%E5%8D%80%E9%9B%86%E7%BE%8E%E8%A1%97212%E8%99%9F,https://www3.schs.ntpc.edu.tw/,https://www3.schs.ntpc.edu.tw/p/412-1000-738.php,https://www3.schs.ntpc.edu.tw/
基北區,,013336,市立中和高中,公立,基北區,高中,男女校,新北市,中和區,新北市中和區連城路460號,http://www.chshs.ntpc.edu.tw,(02)22227146,普通科:465,465,465,教育部115學年度高中職名錄；招生與科系依115學年度基北區免試入學簡章整理。未填最低錄取分數，避免引用未經官方統一核定的估算值。；115學年度基北區免試入學核定招生名額（使用者提供 PDF；一般生招生名額，含科別與性別欄位）,資優/特色班請依各校及基北區官方公告查詢,,115學年度本表招生科別可確認包含：普通科。學校官網首頁未標示更完整的全校課程方向摘要；詳細課程內容以校方115學年度課程計畫為準。,學校官網首頁未標示115學年度全校統一實習／專題內容；實際實作、專題或成果要求以各科、實習處或課程計畫公告為準。,學校官網首頁未標示完整固定大眾運輸到校路線或115學年度固定學生專車班次；本表不自行補寫路線。,網站首頁未標示固定通勤時間；Google地圖欄已依官方校址建立查詢入口，可依實際出發地查詢即時大眾運輸。,學校官網首頁未標示115學年度校內學生宿舍申請資訊。,https://www.google.com/maps/search/?api=1&query=%E6%96%B0%E5%8C%97%E5%B8%82%E4%B8%AD%E5%92%8C%E5%8D%80%E9%80%A3%E5%9F%8E%E8%B7%AF460%E8%99%9F; http://www.chshs.ntpc.edu.tw,http://www.chshs.ntpc.edu.tw,http://www.chshs.ntpc.edu.tw,https://www.google.com/maps/search/?api=1&query=%E6%96%B0%E5%8C%97%E5%B8%82%E4%B8%AD%E5%92%8C%E5%8D%80%E9%80%A3%E5%9F%8E%E8%B7%AF460%E8%99%9F,http://www.chshs.ntpc.edu.tw,http://www.chshs.ntpc.edu.tw,http://www.chshs.ntpc.edu.tw
基北區,,014353,市立丹鳳高中,公立,基北區,高中,男女校,新北市,新莊區,新北市新莊區龍安路72號,http://www.dfsh.ntpc.edu.tw/,(02)29089627,普通科:223,223,223,教育部115學年度高中職名錄；招生與科系依115學年度基北區免試入學簡章整理。未填最低錄取分數，避免引用未經官方統一核定的估算值。；115學年度基北區免試入學核定招生名額（使用者提供 PDF；一般生招生名額，含科別與性別欄位）,資優/特色班請依各校及基北區官方公告查詢,,115學年度本表招生科別可確認包含：普通科。學校官網首頁未標示更完整的全校課程方向摘要；詳細課程內容以校方115學年度課程計畫為準。,學校官網首頁未標示115學年度全校統一實習／專題內容；實際實作、專題或成果要求以各科、實習處或課程計畫公告為準。,學校官網首頁未標示完整固定大眾運輸到校路線或115學年度固定學生專車班次；本表不自行補寫路線。,網站首頁未標示固定通勤時間；Google地圖欄已依官方校址建立查詢入口，可依實際出發地查詢即時大眾運輸。,學校官網首頁未標示115學年度校內學生宿舍申請資訊。,https://www.google.com/maps/search/?api=1&query=%E6%96%B0%E5%8C%97%E5%B8%82%E6%96%B0%E8%8E%8A%E5%8D%80%E9%BE%8D%E5%AE%89%E8%B7%AF72%E8%99%9F; http://www.dfsh.ntpc.edu.tw/,http://www.dfsh.ntpc.edu.tw/,http://www.dfsh.ntpc.edu.tw/,https://www.google.com/maps/search/?api=1&query=%E6%96%B0%E5%8C%97%E5%B8%82%E6%96%B0%E8%8E%8A%E5%8D%80%E9%BE%8D%E5%AE%89%E8%B7%AF72%E8%99%9F,http://www.dfsh.ntpc.edu.tw/,http://www.dfsh.ntpc.edu.tw/,http://www.dfsh.ntpc.edu.tw/
基北區,,014363,市立光復高中,公立,基北區,綜高,男女校,新北市,板橋區,新北市板橋區光環路一段7號,http://www.gfhs.ntpc.edu.tw/,(02)29582366,綜合高中:150,150,150,教育部115學年度高中職名錄；招生與科系依115學年度基北區免試入學簡章整理。未填最低錄取分數，避免引用未經官方統一核定的估算值。；115學年度基北區免試入學核定招生名額（使用者提供 PDF；一般生招生名額，含科別與性別欄位）,資優/特色班請依各校及基北區官方公告查詢,,115學年度本表招生科別可確認包含：綜合高中。學校官網首頁未標示更完整的全校課程方向摘要；詳細課程內容以校方115學年度課程計畫為準。,學校官網首頁未標示115學年度全校統一實習／專題內容；實際實作、專題或成果要求以各科、實習處或課程計畫公告為準。,學校官網首頁未標示完整固定大眾運輸到校路線或115學年度固定學生專車班次；本表不自行補寫路線。,網站首頁未標示固定通勤時間；Google地圖欄已依官方校址建立查詢入口，可依實際出發地查詢即時大眾運輸。,學校官網首頁未標示115學年度校內學生宿舍申請資訊。,https://www.google.com/maps/search/?api=1&query=%E6%96%B0%E5%8C%97%E5%B8%82%E6%9D%BF%E6%A9%8B%E5%8D%80%E5%85%89%E7%92%B0%E8%B7%AF%E4%B8%80%E6%AE%B57%E8%99%9F; http://www.gfhs.ntpc.edu.tw/,http://www.gfhs.ntpc.edu.tw/,http://www.gfhs.ntpc.edu.tw/,https://www.google.com/maps/search/?api=1&query=%E6%96%B0%E5%8C%97%E5%B8%82%E6%9D%BF%E6%A9%8B%E5%8D%80%E5%85%89%E7%92%B0%E8%B7%AF%E4%B8%80%E6%AE%B57%E8%99%9F,http://www.gfhs.ntpc.edu.tw/,https://www.gfhs.ntpc.edu.tw/p/403-1000-77.php,http://www.gfhs.ntpc.edu.tw/
基北區,,014381,市立北大高級中學,公立,基北區,高中,男女校,新北市,三峽區,237021 新北市三峽區大義路277號,https://www.bdsh.ntpc.edu.tw/,(02)26742666,普通科:132,132,132,教育部115學年度高中職名錄；招生與科系依115學年度基北區免試入學簡章整理。未填最低錄取分數，避免引用未經官方統一核定的估算值。；115學年度基北區免試入學核定招生名額（使用者提供 PDF；一般生招生名額，含科別與性別欄位）,資優/特色班請依各校及基北區官方公告查詢,,115學年度本表招生科別可確認包含：普通科。學校官網首頁未標示更完整的全校課程方向摘要；詳細課程內容以校方115學年度課程計畫為準。,學校官網首頁未標示115學年度全校統一實習／專題內容；實際實作、專題或成果要求以各科、實習處或課程計畫公告為準。,學校官網首頁未標示完整固定大眾運輸到校路線或115學年度固定學生專車班次；本表不自行補寫路線。,網站首頁未標示固定通勤時間；Google地圖欄已依官方校址建立查詢入口，可依實際出發地查詢即時大眾運輸。,學校官網首頁未標示115學年度校內學生宿舍申請資訊。,https://www.google.com/maps/search/?api=1&query=237021+%E6%96%B0%E5%8C%97%E5%B8%82%E4%B8%89%E5%B3%BD%E5%8D%80%E5%A4%A7%E7%BE%A9%E8%B7%AF277%E8%99%9F; https://www.bdsh.ntpc.edu.tw/,https://www.bdsh.ntpc.edu.tw/,https://www.bdsh.ntpc.edu.tw/,https://www.google.com/maps/search/?api=1&query=237021+%E6%96%B0%E5%8C%97%E5%B8%82%E4%B8%89%E5%B3%BD%E5%8D%80%E5%A4%A7%E7%BE%A9%E8%B7%AF277%E8%99%9F,https://www.bdsh.ntpc.edu.tw/,https://www.bdsh.ntpc.edu.tw/p/412-1000-1023.php?Lang=zh-tw,https://www.bdsh.ntpc.edu.tw/
基北區,,014343,市立安康高中,公立,基北區,高中,男女校,新北市,新店區,新北市新店區安興路25號,http://www.akhs.ntpc.edu.tw,(02)22111743,普通科:212,212,212,教育部115學年度高中職名錄；招生與科系依115學年度基北區免試入學簡章整理。未填最低錄取分數，避免引用未經官方統一核定的估算值。；115學年度基北區免試入學核定招生名額（使用者提供 PDF；一般生招生名額，含科別與性別欄位）,資優/特色班請依各校及基北區官方公告查詢,,115學年度本表招生科別可確認包含：普通科。學校官網首頁未標示更完整的全校課程方向摘要；詳細課程內容以校方115學年度課程計畫為準。,學校官網首頁未標示115學年度全校統一實習／專題內容；實際實作、專題或成果要求以各科、實習處或課程計畫公告為準。,學校官網首頁未標示完整固定大眾運輸到校路線或115學年度固定學生專車班次；本表不自行補寫路線。,網站首頁未標示固定通勤時間；Google地圖欄已依官方校址建立查詢入口，可依實際出發地查詢即時大眾運輸。,學校官網首頁未標示115學年度校內學生宿舍申請資訊。,https://www.google.com/maps/search/?api=1&query=%E6%96%B0%E5%8C%97%E5%B8%82%E6%96%B0%E5%BA%97%E5%8D%80%E5%AE%89%E8%88%88%E8%B7%AF25%E8%99%9F; http://www.akhs.ntpc.edu.tw,http://www.akhs.ntpc.edu.tw,http://www.akhs.ntpc.edu.tw,https://www.google.com/maps/search/?api=1&query=%E6%96%B0%E5%8C%97%E5%B8%82%E6%96%B0%E5%BA%97%E5%8D%80%E5%AE%89%E8%88%88%E8%B7%AF25%E8%99%9F,http://www.akhs.ntpc.edu.tw,http://www.akhs.ntpc.edu.tw,http://www.akhs.ntpc.edu.tw
基北區,,013338,市立新北高中,公立,基北區,高中,男女校,新北市,三重區,新北市三重區三信路1號,http://www.ntsh.ntpc.edu.tw/,(02)28577326,普通科:428,428,428,教育部115學年度高中職名錄；招生與科系依115學年度基北區免試入學簡章整理。未填最低錄取分數，避免引用未經官方統一核定的估算值。；115學年度基北區免試入學核定招生名額（使用者提供 PDF；一般生招生名額，含科別與性別欄位）,資優/特色班請依各校及基北區官方公告查詢,,115學年度本表招生科別可確認包含：普通科。學校官網首頁未標示更完整的全校課程方向摘要；詳細課程內容以校方115學年度課程計畫為準。,學校官網首頁未標示115學年度全校統一實習／專題內容；實際實作、專題或成果要求以各科、實習處或課程計畫公告為準。,學校官網首頁未標示完整固定大眾運輸到校路線或115學年度固定學生專車班次；本表不自行補寫路線。,網站首頁未標示固定通勤時間；Google地圖欄已依官方校址建立查詢入口，可依實際出發地查詢即時大眾運輸。,學校官網首頁未標示115學年度校內學生宿舍申請資訊。,https://www.google.com/maps/search/?api=1&query=%E6%96%B0%E5%8C%97%E5%B8%82%E4%B8%89%E9%87%8D%E5%8D%80%E4%B8%89%E4%BF%A1%E8%B7%AF1%E8%99%9F; http://www.ntsh.ntpc.edu.tw/,http://www.ntsh.ntpc.edu.tw/,http://www.ntsh.ntpc.edu.tw/,https://www.google.com/maps/search/?api=1&query=%E6%96%B0%E5%8C%97%E5%B8%82%E4%B8%89%E9%87%8D%E5%8D%80%E4%B8%89%E4%BF%A1%E8%B7%AF1%E8%99%9F,http://www.ntsh.ntpc.edu.tw/,http://www.ntsh.ntpc.edu.tw/,http://www.ntsh.ntpc.edu.tw/
基北區,,013433,市立新北高工,公立,基北區,綜高,男女校,新北市,土城區,新北市土城區學府路一段241號,https://www.ntvs.ntpc.edu.tw/,(02)22612483,模具科:40；製圖科:44；汽車科:44；資訊科:39；電機科:66；資料處理科:44；應用英語科:44；普通科:85；資訊科:42；機械科:52；汽車科:20；資訊科:32；資料處理科:32,584,584,教育部115學年度高中職名錄；招生與科系依115學年度基北區免試入學簡章整理。未填最低錄取分數，避免引用未經官方統一核定的估算值。；115學年度基北區免試入學核定招生名額（使用者提供 PDF；一般生招生名額，含科別與性別欄位）,資優/特色班請依各校及基北區官方公告查詢,,115學年度本表招生科別可確認包含：模具科、製圖科、汽車科、資訊科、電機科、資料處理科、應用英語科、普通科等。學校官網首頁未標示更完整的全校課程方向摘要；詳細課程內容以校方115學年度課程計畫為準。,學校官網首頁未標示115學年度全校統一實習／專題內容；實際實作、專題或成果要求以各科、實習處或課程計畫公告為準。,校方交通路線頁列出多種轉乘方式，例如三峽方向可搭705至捷運頂埔／永寧再轉板南線至海山站步行約5分鐘，或706至「新北高工（金城）」後步行約7分鐘。,捷運以海山站為主要到校節點；公車及轉乘方式依校方交通路線頁，不另自行估算其他出發地時間。,學校官網首頁未標示115學年度校內學生宿舍申請資訊。,https://www.google.com/maps/search/?api=1&query=%E6%96%B0%E5%8C%97%E5%B8%82%E5%9C%9F%E5%9F%8E%E5%8D%80%E5%AD%B8%E5%BA%9C%E8%B7%AF%E4%B8%80%E6%AE%B5241%E8%99%9F; https://www.ntvs.ntpc.edu.tw/,https://www.ntvs.ntpc.edu.tw/p/404-1000-3962.php,https://www.ntvs.ntpc.edu.tw/,https://www.google.com/maps/search/?api=1&query=%E6%96%B0%E5%8C%97%E5%B8%82%E5%9C%9F%E5%9F%8E%E5%8D%80%E5%AD%B8%E5%BA%9C%E8%B7%AF%E4%B8%80%E6%AE%B5241%E8%99%9F,https://www.ntvs.ntpc.edu.tw/,https://www.ntvs.ntpc.edu.tw/,https://www.ntvs.ntpc.edu.tw/
基北區,,013335,市立新店高中,公立,基北區,高中,男女校,新北市,新店區,新北市新店區中央路93號,http://www.htsh.ntpc.edu.tw,(02)22193700,普通科:460,460,460,教育部115學年度高中職名錄；招生與科系依115學年度基北區免試入學簡章整理。未填最低錄取分數，避免引用未經官方統一核定的估算值。；115學年度基北區免試入學核定招生名額（使用者提供 PDF；一般生招生名額，含科別與性別欄位）,資優/特色班請依各校及基北區官方公告查詢,,115學年度本表招生科別可確認包含：普通科。學校官網首頁未標示更完整的全校課程方向摘要；詳細課程內容以校方115學年度課程計畫為準。,學校官網首頁未標示115學年度全校統一實習／專題內容；實際實作、專題或成果要求以各科、實習處或課程計畫公告為準。,學校官網首頁未標示完整固定大眾運輸到校路線或115學年度固定學生專車班次；本表不自行補寫路線。,網站首頁未標示固定通勤時間；Google地圖欄已依官方校址建立查詢入口，可依實際出發地查詢即時大眾運輸。,學校官網首頁未標示115學年度校內學生宿舍申請資訊。,https://www.google.com/maps/search/?api=1&query=%E6%96%B0%E5%8C%97%E5%B8%82%E6%96%B0%E5%BA%97%E5%8D%80%E4%B8%AD%E5%A4%AE%E8%B7%AF93%E8%99%9F; http://www.htsh.ntpc.edu.tw,http://www.htsh.ntpc.edu.tw,http://www.htsh.ntpc.edu.tw,https://www.google.com/maps/search/?api=1&query=%E6%96%B0%E5%8C%97%E5%B8%82%E6%96%B0%E5%BA%97%E5%8D%80%E4%B8%AD%E5%A4%AE%E8%B7%AF93%E8%99%9F,http://www.htsh.ntpc.edu.tw,http://www.htsh.ntpc.edu.tw,http://www.htsh.ntpc.edu.tw
基北區,,013337,市立新莊高中,公立,基北區,高中,男女校,新北市,新莊區,新北市新莊區中平路135號,http://www.hcsh.ntpc.edu.tw,(02)29912391,普通科:506；普通科:72,578,578,教育部115學年度高中職名錄；招生與科系依115學年度基北區免試入學簡章整理。未填最低錄取分數，避免引用未經官方統一核定的估算值。；115學年度基北區免試入學核定招生名額（使用者提供 PDF；一般生招生名額，含科別與性別欄位）,資優/特色班請依各校及基北區官方公告查詢,,115學年度本表招生科別可確認包含：普通科。學校官網首頁未標示更完整的全校課程方向摘要；詳細課程內容以校方115學年度課程計畫為準。,學校官網首頁未標示115學年度全校統一實習／專題內容；實際實作、專題或成果要求以各科、實習處或課程計畫公告為準。,學校官網首頁未標示完整固定大眾運輸到校路線或115學年度固定學生專車班次；本表不自行補寫路線。,網站首頁未標示固定通勤時間；Google地圖欄已依官方校址建立查詢入口，可依實際出發地查詢即時大眾運輸。,學校官網首頁未標示115學年度校內學生宿舍申請資訊。,https://www.google.com/maps/search/?api=1&query=%E6%96%B0%E5%8C%97%E5%B8%82%E6%96%B0%E8%8E%8A%E5%8D%80%E4%B8%AD%E5%B9%B3%E8%B7%AF135%E8%99%9F; http://www.hcsh.ntpc.edu.tw,http://www.hcsh.ntpc.edu.tw,http://www.hcsh.ntpc.edu.tw,https://www.google.com/maps/search/?api=1&query=%E6%96%B0%E5%8C%97%E5%B8%82%E6%96%B0%E8%8E%8A%E5%8D%80%E4%B8%AD%E5%B9%B3%E8%B7%AF135%E8%99%9F,http://www.hcsh.ntpc.edu.tw,http://www.hcsh.ntpc.edu.tw,http://www.hcsh.ntpc.edu.tw
基北區,,014326,市立明德高中,公立,基北區,高中,男女校,新北市,三峽區,新北市三峽區中正路二段399號,http://www.mdhs.ntpc.edu.tw,(02)26723302,普通科:221,221,221,教育部115學年度高中職名錄；招生與科系依115學年度基北區免試入學簡章整理。未填最低錄取分數，避免引用未經官方統一核定的估算值。；115學年度基北區免試入學核定招生名額（使用者提供 PDF；一般生招生名額，含科別與性別欄位）,資優/特色班請依各校及基北區官方公告查詢,,115學年度本表招生科別可確認包含：普通科。學校官網首頁未標示更完整的全校課程方向摘要；詳細課程內容以校方115學年度課程計畫為準。,學校官網首頁未標示115學年度全校統一實習／專題內容；實際實作、專題或成果要求以各科、實習處或課程計畫公告為準。,學校官網首頁未標示完整固定大眾運輸到校路線或115學年度固定學生專車班次；本表不自行補寫路線。,網站首頁未標示固定通勤時間；Google地圖欄已依官方校址建立查詢入口，可依實際出發地查詢即時大眾運輸。,學校官網首頁未標示115學年度校內學生宿舍申請資訊。,https://www.google.com/maps/search/?api=1&query=%E6%96%B0%E5%8C%97%E5%B8%82%E4%B8%89%E5%B3%BD%E5%8D%80%E4%B8%AD%E6%AD%A3%E8%B7%AF%E4%BA%8C%E6%AE%B5399%E8%99%9F; http://www.mdhs.ntpc.edu.tw,http://www.mdhs.ntpc.edu.tw,http://www.mdhs.ntpc.edu.tw,https://www.google.com/maps/search/?api=1&query=%E6%96%B0%E5%8C%97%E5%B8%82%E4%B8%89%E5%B3%BD%E5%8D%80%E4%B8%AD%E6%AD%A3%E8%B7%AF%E4%BA%8C%E6%AE%B5399%E8%99%9F,http://www.mdhs.ntpc.edu.tw,http://www.mdhs.ntpc.edu.tw,http://www.mdhs.ntpc.edu.tw
基北區,,013304,市立板橋高中,公立,基北區,高中,男女校,新北市,板橋區,新北市板橋區文化路一段25號,http://www.pcsh.ntpc.edu.tw,(02)29602500,男(6):6；女(6):6,12,12,教育部115學年度高中職名錄；招生與科系依115學年度基北區免試入學簡章整理。未填最低錄取分數，避免引用未經官方統一核定的估算值。；115學年度基北區免試入學核定招生名額（使用者提供 PDF；一般生招生名額，含科別與性別欄位）,資優/特色班請依各校及基北區官方公告查詢,,學校官網首頁未標示更完整的全校課程方向摘要；詳細課程內容以校方115學年度課程計畫為準。,學校官網首頁未標示115學年度全校統一實習／專題內容；實際實作、專題或成果要求以各科、實習處或課程計畫公告為準。,學校官網首頁未標示完整固定大眾運輸到校路線或115學年度固定學生專車班次；本表不自行補寫路線。,網站首頁未標示固定通勤時間；Google地圖欄已依官方校址建立查詢入口，可依實際出發地查詢即時大眾運輸。,學校官網首頁未標示115學年度校內學生宿舍申請資訊。,https://www.google.com/maps/search/?api=1&query=%E6%96%B0%E5%8C%97%E5%B8%82%E6%9D%BF%E6%A9%8B%E5%8D%80%E6%96%87%E5%8C%96%E8%B7%AF%E4%B8%80%E6%AE%B525%E8%99%9F; http://www.pcsh.ntpc.edu.tw,http://www.pcsh.ntpc.edu.tw,http://www.pcsh.ntpc.edu.tw,https://www.google.com/maps/search/?api=1&query=%E6%96%B0%E5%8C%97%E5%B8%82%E6%9D%BF%E6%A9%8B%E5%8D%80%E6%96%87%E5%8C%96%E8%B7%AF%E4%B8%80%E6%AE%B525%E8%99%9F,http://www.pcsh.ntpc.edu.tw,http://www.pcsh.ntpc.edu.tw,http://www.pcsh.ntpc.edu.tw
基北區,,013339,市立林口高中,公立,基北區,高中,男女校,新北市,林口區,新北市林口區仁愛路二段173號,http://www.lksh.ntpc.edu.tw,(02)26009482,普通科:352,352,352,教育部115學年度高中職名錄；招生與科系依115學年度基北區免試入學簡章整理。未填最低錄取分數，避免引用未經官方統一核定的估算值。；115學年度基北區免試入學核定招生名額（使用者提供 PDF；一般生招生名額，含科別與性別欄位）,資優/特色班請依各校及基北區官方公告查詢,,115學年度本表招生科別可確認包含：普通科。學校官網首頁未標示更完整的全校課程方向摘要；詳細課程內容以校方115學年度課程計畫為準。,學校官網首頁未標示115學年度全校統一實習／專題內容；實際實作、專題或成果要求以各科、實習處或課程計畫公告為準。,學校官網首頁未標示完整固定大眾運輸到校路線或115學年度固定學生專車班次；本表不自行補寫路線。,網站首頁未標示固定通勤時間；Google地圖欄已依官方校址建立查詢入口，可依實際出發地查詢即時大眾運輸。,學校官網首頁未標示115學年度校內學生宿舍申請資訊。,https://www.google.com/maps/search/?api=1&query=%E6%96%B0%E5%8C%97%E5%B8%82%E6%9E%97%E5%8F%A3%E5%8D%80%E4%BB%81%E6%84%9B%E8%B7%AF%E4%BA%8C%E6%AE%B5173%E8%99%9F; http://www.lksh.ntpc.edu.tw,http://www.lksh.ntpc.edu.tw,http://www.lksh.ntpc.edu.tw,https://www.google.com/maps/search/?api=1&query=%E6%96%B0%E5%8C%97%E5%B8%82%E6%9E%97%E5%8F%A3%E5%8D%80%E4%BB%81%E6%84%9B%E8%B7%AF%E4%BA%8C%E6%AE%B5173%E8%99%9F,http://www.lksh.ntpc.edu.tw,http://www.lksh.ntpc.edu.tw,http://www.lksh.ntpc.edu.tw
基北區,,014468,市立樟樹國際實中,公立,基北區,綜高,男女校,新北市,汐止區,新北市汐止區樟樹二路135號,http://www.ctjhs.ntpc.edu.tw/,(02)26430686,流行服飾科:22；多媒體動畫科:27；普通科:5；航運管理科:3；食品科:12；烘焙科:16；漁業科:3；水產養殖科:3；輪機科:15；航海科:18；綜合高中:6；資訊科:1,131,131,教育部115學年度高中職名錄；招生與科系依115學年度基北區免試入學簡章整理。未填最低錄取分數，避免引用未經官方統一核定的估算值。；115學年度基北區免試入學核定招生名額（使用者提供 PDF；一般生招生名額，含科別與性別欄位）,資優/特色班請依各校及基北區官方公告查詢,,115學年度本表招生科別可確認包含：流行服飾科、多媒體動畫科、普通科、航運管理科、食品科、烘焙科、漁業科、水產養殖科等。學校官網首頁未標示更完整的全校課程方向摘要；詳細課程內容以校方115學年度課程計畫為準。,學校官網首頁未標示115學年度全校統一實習／專題內容；實際實作、專題或成果要求以各科、實習處或課程計畫公告為準。,學校官網首頁未標示完整固定大眾運輸到校路線或115學年度固定學生專車班次；本表不自行補寫路線。,網站首頁未標示固定通勤時間；Google地圖欄已依官方校址建立查詢入口，可依實際出發地查詢即時大眾運輸。,學校官網首頁未標示115學年度校內學生宿舍申請資訊。,https://www.google.com/maps/search/?api=1&query=%E6%96%B0%E5%8C%97%E5%B8%82%E6%B1%90%E6%AD%A2%E5%8D%80%E6%A8%9F%E6%A8%B9%E4%BA%8C%E8%B7%AF135%E8%99%9F; http://www.ctjhs.ntpc.edu.tw/,http://www.ctjhs.ntpc.edu.tw/,http://www.ctjhs.ntpc.edu.tw/,https://www.google.com/maps/search/?api=1&query=%E6%96%B0%E5%8C%97%E5%B8%82%E6%B1%90%E6%AD%A2%E5%8D%80%E6%A8%9F%E6%A8%B9%E4%BA%8C%E8%B7%AF135%E8%99%9F,http://www.ctjhs.ntpc.edu.tw/,http://www.ctjhs.ntpc.edu.tw/,http://www.ctjhs.ntpc.edu.tw/
基北區,,014322,市立樹林高中,公立,基北區,高中,男女校,新北市,樹林區,新北市樹林區中華路8號,http://www.slsh.ntpc.edu.tw,(02)86852011,普通科:303,303,303,教育部115學年度高中職名錄；招生與科系依115學年度基北區免試入學簡章整理。未填最低錄取分數，避免引用未經官方統一核定的估算值。；115學年度基北區免試入學核定招生名額（使用者提供 PDF；一般生招生名額，含科別與性別欄位）,資優/特色班請依各校及基北區官方公告查詢,,115學年度本表招生科別可確認包含：普通科。學校官網首頁未標示更完整的全校課程方向摘要；詳細課程內容以校方115學年度課程計畫為準。,學校官網首頁未標示115學年度全校統一實習／專題內容；實際實作、專題或成果要求以各科、實習處或課程計畫公告為準。,學校官網首頁未標示完整固定大眾運輸到校路線或115學年度固定學生專車班次；本表不自行補寫路線。,網站首頁未標示固定通勤時間；Google地圖欄已依官方校址建立查詢入口，可依實際出發地查詢即時大眾運輸。,學校官網首頁未標示115學年度校內學生宿舍申請資訊。,https://www.google.com/maps/search/?api=1&query=%E6%96%B0%E5%8C%97%E5%B8%82%E6%A8%B9%E6%9E%97%E5%8D%80%E4%B8%AD%E8%8F%AF%E8%B7%AF8%E8%99%9F; http://www.slsh.ntpc.edu.tw,http://www.slsh.ntpc.edu.tw,http://www.slsh.ntpc.edu.tw,https://www.google.com/maps/search/?api=1&query=%E6%96%B0%E5%8C%97%E5%B8%82%E6%A8%B9%E6%9E%97%E5%8D%80%E4%B8%AD%E8%8F%AF%E8%B7%AF8%E8%99%9F,http://www.slsh.ntpc.edu.tw,http://www.slsh.ntpc.edu.tw,http://www.slsh.ntpc.edu.tw
基北區,,014315,市立永平高中,公立,基北區,高中,男女校,新北市,永和區,新北市永和區永平路205號,https://www.yphs.ntpc.edu.tw/,(02)22319670,普通科:254,254,254,教育部115學年度高中職名錄；招生與科系依115學年度基北區免試入學簡章整理。未填最低錄取分數，避免引用未經官方統一核定的估算值。；115學年度基北區免試入學核定招生名額（使用者提供 PDF；一般生招生名額，含科別與性別欄位）,資優/特色班請依各校及基北區官方公告查詢,,115學年度本表招生科別可確認包含：普通科。學校官網首頁未標示更完整的全校課程方向摘要；詳細課程內容以校方115學年度課程計畫為準。,學校官網首頁未標示115學年度全校統一實習／專題內容；實際實作、專題或成果要求以各科、實習處或課程計畫公告為準。,學校官網首頁未標示完整固定大眾運輸到校路線或115學年度固定學生專車班次；本表不自行補寫路線。,網站首頁未標示固定通勤時間；Google地圖欄已依官方校址建立查詢入口，可依實際出發地查詢即時大眾運輸。,學校官網首頁未標示115學年度校內學生宿舍申請資訊。,https://www.google.com/maps/search/?api=1&query=%E6%96%B0%E5%8C%97%E5%B8%82%E6%B0%B8%E5%92%8C%E5%8D%80%E6%B0%B8%E5%B9%B3%E8%B7%AF205%E8%99%9F; https://www.yphs.ntpc.edu.tw/,https://www.yphs.ntpc.edu.tw/,https://www.yphs.ntpc.edu.tw/,https://www.google.com/maps/search/?api=1&query=%E6%96%B0%E5%8C%97%E5%B8%82%E6%B0%B8%E5%92%8C%E5%8D%80%E6%B0%B8%E5%B9%B3%E8%B7%AF205%E8%99%9F,https://www.yphs.ntpc.edu.tw/,https://www.yphs.ntpc.edu.tw/,https://www.yphs.ntpc.edu.tw/
基北區,,013303,市立泰山高中,公立,基北區,高職,男女校,新北市,泰山區,新北市泰山區辭修路7號,http://www.tssh.ntpc.edu.tw,(02)22963625,機械科:45；汽車科:45；電子科:44；電機科:45；汽車科:60；電子科:29,268,268,教育部115學年度高中職名錄；招生與科系依115學年度基北區免試入學簡章整理。未填最低錄取分數，避免引用未經官方統一核定的估算值。；115學年度基北區免試入學核定招生名額（使用者提供 PDF；一般生招生名額，含科別與性別欄位）,資優/特色班請依各校及基北區官方公告查詢,,115學年度本表招生科別可確認包含：機械科、汽車科、電子科、電機科。學校官網首頁未標示更完整的全校課程方向摘要；詳細課程內容以校方115學年度課程計畫為準。,學校官網首頁未標示115學年度全校統一實習／專題內容；實際實作、專題或成果要求以各科、實習處或課程計畫公告為準。,學校官網首頁未標示完整固定大眾運輸到校路線或115學年度固定學生專車班次；本表不自行補寫路線。,網站首頁未標示固定通勤時間；Google地圖欄已依官方校址建立查詢入口，可依實際出發地查詢即時大眾運輸。,學校官網首頁未標示115學年度校內學生宿舍申請資訊。,https://www.google.com/maps/search/?api=1&query=%E6%96%B0%E5%8C%97%E5%B8%82%E6%B3%B0%E5%B1%B1%E5%8D%80%E8%BE%AD%E4%BF%AE%E8%B7%AF7%E8%99%9F; http://www.tssh.ntpc.edu.tw,http://www.tssh.ntpc.edu.tw,http://www.tssh.ntpc.edu.tw,https://www.google.com/maps/search/?api=1&query=%E6%96%B0%E5%8C%97%E5%B8%82%E6%B3%B0%E5%B1%B1%E5%8D%80%E8%BE%AD%E4%BF%AE%E8%B7%AF7%E8%99%9F,http://www.tssh.ntpc.edu.tw,http://www.tssh.ntpc.edu.tw,http://www.tssh.ntpc.edu.tw
基北區,,014302,市立海山高中,公立,基北區,高中,男女校,新北市,板橋區,新北市板橋區漢生東路215號,http://www.hshs.ntpc.edu.tw,(02)29517475,普通科:256,256,256,教育部115學年度高中職名錄；招生與科系依115學年度基北區免試入學簡章整理。未填最低錄取分數，避免引用未經官方統一核定的估算值。；115學年度基北區免試入學核定招生名額（使用者提供 PDF；一般生招生名額，含科別與性別欄位）,資優/特色班請依各校及基北區官方公告查詢,,115學年度本表招生科別可確認包含：普通科。學校官網首頁未標示更完整的全校課程方向摘要；詳細課程內容以校方115學年度課程計畫為準。,學校官網首頁未標示115學年度全校統一實習／專題內容；實際實作、專題或成果要求以各科、實習處或課程計畫公告為準。,學校官網首頁未標示完整固定大眾運輸到校路線或115學年度固定學生專車班次；本表不自行補寫路線。,網站首頁未標示固定通勤時間；Google地圖欄已依官方校址建立查詢入口，可依實際出發地查詢即時大眾運輸。,學校官網首頁未標示115學年度校內學生宿舍申請資訊。,https://www.google.com/maps/search/?api=1&query=%E6%96%B0%E5%8C%97%E5%B8%82%E6%9D%BF%E6%A9%8B%E5%8D%80%E6%BC%A2%E7%94%9F%E6%9D%B1%E8%B7%AF215%E8%99%9F; http://www.hshs.ntpc.edu.tw,http://www.hshs.ntpc.edu.tw,http://www.hshs.ntpc.edu.tw,https://www.google.com/maps/search/?api=1&query=%E6%96%B0%E5%8C%97%E5%B8%82%E6%9D%BF%E6%A9%8B%E5%8D%80%E6%BC%A2%E7%94%9F%E6%9D%B1%E8%B7%AF215%E8%99%9F,http://www.hshs.ntpc.edu.tw,http://www.hshs.ntpc.edu.tw,http://www.hshs.ntpc.edu.tw
基北區,,013434,市立淡水商工,公立,基北區,高職,男女校,新北市,淡水區,新北市淡水區商工路307號,http://www.tsvs.ntpc.edu.tw,(02)26203930,控制科:36；電機科:42；商業經營科:40；資料處理科:40；園藝科:29；餐飲管理科:34；資訊科:68；餐飲管理科:32,321,321,教育部115學年度高中職名錄；招生與科系依115學年度基北區免試入學簡章整理。未填最低錄取分數，避免引用未經官方統一核定的估算值。；115學年度基北區免試入學核定招生名額（使用者提供 PDF；一般生招生名額，含科別與性別欄位）,資優/特色班請依各校及基北區官方公告查詢,,115學年度本表招生科別可確認包含：控制科、電機科、商業經營科、資料處理科、園藝科、餐飲管理科、資訊科。學校官網首頁未標示更完整的全校課程方向摘要；詳細課程內容以校方115學年度課程計畫為準。,學校官網首頁未標示115學年度全校統一實習／專題內容；實際實作、專題或成果要求以各科、實習處或課程計畫公告為準。,學校官網首頁未標示完整固定大眾運輸到校路線或115學年度固定學生專車班次；本表不自行補寫路線。,網站首頁未標示固定通勤時間；Google地圖欄已依官方校址建立查詢入口，可依實際出發地查詢即時大眾運輸。,學校官網首頁未標示115學年度校內學生宿舍申請資訊。,https://www.google.com/maps/search/?api=1&query=%E6%96%B0%E5%8C%97%E5%B8%82%E6%B7%A1%E6%B0%B4%E5%8D%80%E5%95%86%E5%B7%A5%E8%B7%AF307%E8%99%9F; http://www.tsvs.ntpc.edu.tw,http://www.tsvs.ntpc.edu.tw,http://www.tsvs.ntpc.edu.tw,https://www.google.com/maps/search/?api=1&query=%E6%96%B0%E5%8C%97%E5%B8%82%E6%B7%A1%E6%B0%B4%E5%8D%80%E5%95%86%E5%B7%A5%E8%B7%AF307%E8%99%9F,http://www.tsvs.ntpc.edu.tw,http://www.tsvs.ntpc.edu.tw,http://www.tsvs.ntpc.edu.tw
基北區,,014356,市立清水高中,公立,基北區,高中,男女校,新北市,土城區,新北市土城區明德路一段72號,http://www.cssh.ntpc.edu.tw,(02)22707801,普通科:309,309,309,教育部115學年度高中職名錄；招生與科系依115學年度基北區免試入學簡章整理。未填最低錄取分數，避免引用未經官方統一核定的估算值。；115學年度基北區免試入學核定招生名額（使用者提供 PDF；一般生招生名額，含科別與性別欄位）,資優/特色班請依各校及基北區官方公告查詢,,115學年度本表招生科別可確認包含：普通科。學校官網首頁未標示更完整的全校課程方向摘要；詳細課程內容以校方115學年度課程計畫為準。,學校官網首頁未標示115學年度全校統一實習／專題內容；實際實作、專題或成果要求以各科、實習處或課程計畫公告為準。,學校官網首頁未標示完整固定大眾運輸到校路線或115學年度固定學生專車班次；本表不自行補寫路線。,網站首頁未標示固定通勤時間；Google地圖欄已依官方校址建立查詢入口，可依實際出發地查詢即時大眾運輸。,學校官網首頁未標示115學年度校內學生宿舍申請資訊。,https://www.google.com/maps/search/?api=1&query=%E6%96%B0%E5%8C%97%E5%B8%82%E5%9C%9F%E5%9F%8E%E5%8D%80%E6%98%8E%E5%BE%B7%E8%B7%AF%E4%B8%80%E6%AE%B572%E8%99%9F; http://www.cssh.ntpc.edu.tw,http://www.cssh.ntpc.edu.tw,http://www.cssh.ntpc.edu.tw,https://www.google.com/maps/search/?api=1&query=%E6%96%B0%E5%8C%97%E5%B8%82%E5%9C%9F%E5%9F%8E%E5%8D%80%E6%98%8E%E5%BE%B7%E8%B7%AF%E4%B8%80%E6%AE%B572%E8%99%9F,http://www.cssh.ntpc.edu.tw,http://www.cssh.ntpc.edu.tw,http://www.cssh.ntpc.edu.tw
基北區,,013402,市立瑞芳高工,公立,基北區,高職,男女校,新北市,瑞芳區,新北市瑞芳區瑞芳街60號,https://web.jfvs.ntpc.edu.tw/,(02)24972516,電腦機械製圖科:4；資訊科:25；電子科:21；電機科:21；建築科:25；空間測繪科:1；應用英語科:25；室內空間設計科:19；機械科:41；板金科:33；機械科:32；資訊科:32；電機科:32；建築科:32,375,375,教育部115學年度高中職名錄；招生與科系依115學年度基北區免試入學簡章整理。未填最低錄取分數，避免引用未經官方統一核定的估算值。；115學年度基北區免試入學核定招生名額（使用者提供 PDF；一般生招生名額，含科別與性別欄位）,資優/特色班請依各校及基北區官方公告查詢,,115學年度本表招生科別可確認包含：電腦機械製圖科、資訊科、電子科、電機科、建築科、空間測繪科、應用英語科、室內空間設計科等。學校官網首頁未標示更完整的全校課程方向摘要；詳細課程內容以校方115學年度課程計畫為準。,學校官網首頁未標示115學年度全校統一實習／專題內容；實際實作、專題或成果要求以各科、實習處或課程計畫公告為準。,學校官網首頁未標示完整固定大眾運輸到校路線或115學年度固定學生專車班次；本表不自行補寫路線。,網站首頁未標示固定通勤時間；Google地圖欄已依官方校址建立查詢入口，可依實際出發地查詢即時大眾運輸。,學校官網首頁未標示115學年度校內學生宿舍申請資訊。,https://www.google.com/maps/search/?api=1&query=%E6%96%B0%E5%8C%97%E5%B8%82%E7%91%9E%E8%8A%B3%E5%8D%80%E7%91%9E%E8%8A%B3%E8%A1%9760%E8%99%9F; https://web.jfvs.ntpc.edu.tw/,https://web.jfvs.ntpc.edu.tw/,https://web.jfvs.ntpc.edu.tw/,https://www.google.com/maps/search/?api=1&query=%E6%96%B0%E5%8C%97%E5%B8%82%E7%91%9E%E8%8A%B3%E5%8D%80%E7%91%9E%E8%8A%B3%E8%A1%9760%E8%99%9F,https://web.jfvs.ntpc.edu.tw/,https://web.jfvs.ntpc.edu.tw/,https://web.jfvs.ntpc.edu.tw/
基北區,,014348,市立石碇高中,公立,基北區,綜高,男女校,新北市,石碇區,新北市石碇區隆盛里八分寮45號,http://www.sdhs.ntpc.edu.tw,(02)26631224,綜合高中:102,102,102,教育部115學年度高中職名錄；招生與科系依115學年度基北區免試入學簡章整理。未填最低錄取分數，避免引用未經官方統一核定的估算值。；115學年度基北區免試入學核定招生名額（使用者提供 PDF；一般生招生名額，含科別與性別欄位）,資優/特色班請依各校及基北區官方公告查詢,,115學年度本表招生科別可確認包含：綜合高中。學校官網首頁未標示更完整的全校課程方向摘要；詳細課程內容以校方115學年度課程計畫為準。,學校官網首頁未標示115學年度全校統一實習／專題內容；實際實作、專題或成果要求以各科、實習處或課程計畫公告為準。,學校官網首頁未標示完整固定大眾運輸到校路線或115學年度固定學生專車班次；本表不自行補寫路線。,網站首頁未標示固定通勤時間；Google地圖欄已依官方校址建立查詢入口，可依實際出發地查詢即時大眾運輸。,學校官網首頁未標示115學年度校內學生宿舍申請資訊。,https://www.google.com/maps/search/?api=1&query=%E6%96%B0%E5%8C%97%E5%B8%82%E7%9F%B3%E7%A2%87%E5%8D%80%E9%9A%86%E7%9B%9B%E9%87%8C%E5%85%AB%E5%88%86%E5%AF%AE45%E8%99%9F; http://www.sdhs.ntpc.edu.tw,http://www.sdhs.ntpc.edu.tw,http://www.sdhs.ntpc.edu.tw,https://www.google.com/maps/search/?api=1&query=%E6%96%B0%E5%8C%97%E5%B8%82%E7%9F%B3%E7%A2%87%E5%8D%80%E9%9A%86%E7%9B%9B%E9%87%8C%E5%85%AB%E5%88%86%E5%AF%AE45%E8%99%9F,http://www.sdhs.ntpc.edu.tw,http://www.sdhs.ntpc.edu.tw,http://www.sdhs.ntpc.edu.tw
基北區,,014332,市立秀峰高中,公立,基北區,高中,男女校,新北市,汐止區,新北市汐止區忠孝東路201號,https://www.sfhs.ntpc.edu.tw/,(02)26412134,普通科:222,222,222,教育部115學年度高中職名錄；招生與科系依115學年度基北區免試入學簡章整理。未填最低錄取分數，避免引用未經官方統一核定的估算值。；115學年度基北區免試入學核定招生名額（使用者提供 PDF；一般生招生名額，含科別與性別欄位）,資優/特色班請依各校及基北區官方公告查詢,,115學年度本表招生科別可確認包含：普通科。學校官網首頁未標示更完整的全校課程方向摘要；詳細課程內容以校方115學年度課程計畫為準。,學校官網首頁未標示115學年度全校統一實習／專題內容；實際實作、專題或成果要求以各科、實習處或課程計畫公告為準。,學校官網首頁未標示完整固定大眾運輸到校路線或115學年度固定學生專車班次；本表不自行補寫路線。,網站首頁未標示固定通勤時間；Google地圖欄已依官方校址建立查詢入口，可依實際出發地查詢即時大眾運輸。,學校官網首頁未標示115學年度校內學生宿舍申請資訊。,https://www.google.com/maps/search/?api=1&query=%E6%96%B0%E5%8C%97%E5%B8%82%E6%B1%90%E6%AD%A2%E5%8D%80%E5%BF%A0%E5%AD%9D%E6%9D%B1%E8%B7%AF201%E8%99%9F; https://www.sfhs.ntpc.edu.tw/,https://www.sfhs.ntpc.edu.tw/,https://www.sfhs.ntpc.edu.tw/,https://www.google.com/maps/search/?api=1&query=%E6%96%B0%E5%8C%97%E5%B8%82%E6%B1%90%E6%AD%A2%E5%8D%80%E5%BF%A0%E5%AD%9D%E6%9D%B1%E8%B7%AF201%E8%99%9F,https://www.sfhs.ntpc.edu.tw/,https://www.sfhs.ntpc.edu.tw/,https://www.sfhs.ntpc.edu.tw/
基北區,,014364,市立竹圍高中,公立,基北區,高中,男女校,新北市,淡水區,新北市淡水區竹林路35號,https://www.zwhs.ntpc.edu.tw/,(02)28096990,普通科:143,143,143,教育部115學年度高中職名錄；招生與科系依115學年度基北區免試入學簡章整理。未填最低錄取分數，避免引用未經官方統一核定的估算值。；115學年度基北區免試入學核定招生名額（使用者提供 PDF；一般生招生名額，含科別與性別欄位）,資優/特色班請依各校及基北區官方公告查詢,,115學年度本表招生科別可確認包含：普通科。學校官網首頁未標示更完整的全校課程方向摘要；詳細課程內容以校方115學年度課程計畫為準。,學校官網首頁未標示115學年度全校統一實習／專題內容；實際實作、專題或成果要求以各科、實習處或課程計畫公告為準。,學校官網首頁未標示完整固定大眾運輸到校路線或115學年度固定學生專車班次；本表不自行補寫路線。,網站首頁未標示固定通勤時間；Google地圖欄已依官方校址建立查詢入口，可依實際出發地查詢即時大眾運輸。,學校官網首頁未標示115學年度校內學生宿舍申請資訊。,https://www.google.com/maps/search/?api=1&query=%E6%96%B0%E5%8C%97%E5%B8%82%E6%B7%A1%E6%B0%B4%E5%8D%80%E7%AB%B9%E6%9E%97%E8%B7%AF35%E8%99%9F; https://www.zwhs.ntpc.edu.tw/,https://www.zwhs.ntpc.edu.tw/,https://www.zwhs.ntpc.edu.tw/,https://www.google.com/maps/search/?api=1&query=%E6%96%B0%E5%8C%97%E5%B8%82%E6%B7%A1%E6%B0%B4%E5%8D%80%E7%AB%B9%E6%9E%97%E8%B7%AF35%E8%99%9F,https://www.zwhs.ntpc.edu.tw/,https://www.zwhs.ntpc.edu.tw/,https://www.zwhs.ntpc.edu.tw/
基北區,,014338,市立金山高中,公立,基北區,綜高,男女校,新北市,金山區,208306 新北市金山區美田里文化二路2號,https://www.cshs.ntpc.edu.tw/,(02)24982028,綜合高中:28,28,28,教育部115學年度高中職名錄；招生與科系依115學年度基北區免試入學簡章整理。未填最低錄取分數，避免引用未經官方統一核定的估算值。；115學年度基北區免試入學核定招生名額（使用者提供 PDF；一般生招生名額，含科別與性別欄位）,資優/特色班請依各校及基北區官方公告查詢,,115學年度本表招生科別可確認包含：綜合高中。學校官網首頁未標示更完整的全校課程方向摘要；詳細課程內容以校方115學年度課程計畫為準。,學校官網首頁未標示115學年度全校統一實習／專題內容；實際實作、專題或成果要求以各科、實習處或課程計畫公告為準。,115學年度校方公告學生交通車：上課期間有「淡水捷運站－三芝－石門－金山高中」路線；住宿生週末前後另有「金山高中－台北車站」路線。,115-1校方公告金山－淡水線於開學日由淡水捷運站發車；金山－臺北線於週末前後使用，實際停靠站與時間依當期校方路線表。,115學年度高一新生專區提供住宿申請，確認校方有住宿制度；床位、資格及入住規定依當年度公告。,https://www.google.com/maps/search/?api=1&query=208306+%E6%96%B0%E5%8C%97%E5%B8%82%E9%87%91%E5%B1%B1%E5%8D%80%E7%BE%8E%E7%94%B0%E9%87%8C%E6%96%87%E5%8C%96%E4%BA%8C%E8%B7%AF2%E8%99%9F; https://www.cshs.ntpc.edu.tw/,https://www.cshs.ntpc.edu.tw/p/406-1000-18322%2Cr55.php?Lang=zh-tw,https://www.cshs.ntpc.edu.tw/p/404-1000-4965.php,https://www.google.com/maps/search/?api=1&query=208306+%E6%96%B0%E5%8C%97%E5%B8%82%E9%87%91%E5%B1%B1%E5%8D%80%E7%BE%8E%E7%94%B0%E9%87%8C%E6%96%87%E5%8C%96%E4%BA%8C%E8%B7%AF2%E8%99%9F,https://www.cshs.ntpc.edu.tw/,https://www.cshs.ntpc.edu.tw/,https://www.cshs.ntpc.edu.tw/
基北區,,014362,市立錦和高中,公立,基北區,高中,男女校,新北市,中和區,新北市中和區錦和路163號,http://www.jhsh.ntpc.edu.tw,(02)22498566,普通科:247,247,247,教育部115學年度高中職名錄；招生與科系依115學年度基北區免試入學簡章整理。未填最低錄取分數，避免引用未經官方統一核定的估算值。；115學年度基北區免試入學核定招生名額（使用者提供 PDF；一般生招生名額，含科別與性別欄位）,資優/特色班請依各校及基北區官方公告查詢,,115學年度本表招生科別可確認包含：普通科。學校官網首頁未標示更完整的全校課程方向摘要；詳細課程內容以校方115學年度課程計畫為準。,學校官網首頁未標示115學年度全校統一實習／專題內容；實際實作、專題或成果要求以各科、實習處或課程計畫公告為準。,學校官網首頁未標示完整固定大眾運輸到校路線或115學年度固定學生專車班次；本表不自行補寫路線。,網站首頁未標示固定通勤時間；Google地圖欄已依官方校址建立查詢入口，可依實際出發地查詢即時大眾運輸。,學校官網首頁未標示115學年度校內學生宿舍申請資訊。,https://www.google.com/maps/search/?api=1&query=%E6%96%B0%E5%8C%97%E5%B8%82%E4%B8%AD%E5%92%8C%E5%8D%80%E9%8C%A6%E5%92%8C%E8%B7%AF163%E8%99%9F; http://www.jhsh.ntpc.edu.tw,http://www.jhsh.ntpc.edu.tw,http://www.jhsh.ntpc.edu.tw,https://www.google.com/maps/search/?api=1&query=%E6%96%B0%E5%8C%97%E5%B8%82%E4%B8%AD%E5%92%8C%E5%8D%80%E9%8C%A6%E5%92%8C%E8%B7%AF163%E8%99%9F,http://www.jhsh.ntpc.edu.tw,http://www.jhsh.ntpc.edu.tw,http://www.jhsh.ntpc.edu.tw
基北區,,014347,市立雙溪高中,公立,基北區,綜高,男女校,新北市,雙溪區,22742 新北市雙溪區梅竹蹊3號,https://www.sxhs.ntpc.edu.tw/,(02)24931028,綜合高中:58,58,58,教育部115學年度高中職名錄；招生與科系依115學年度基北區免試入學簡章整理。未填最低錄取分數，避免引用未經官方統一核定的估算值。；115學年度基北區免試入學核定招生名額（使用者提供 PDF；一般生招生名額，含科別與性別欄位）,資優/特色班請依各校及基北區官方公告查詢,,115學年度本表招生科別可確認包含：綜合高中。學校官網首頁未標示更完整的全校課程方向摘要；詳細課程內容以校方115學年度課程計畫為準。,學校官網首頁未標示115學年度全校統一實習／專題內容；實際實作、專題或成果要求以各科、實習處或課程計畫公告為準。,學校官網首頁未標示完整固定大眾運輸到校路線或115學年度固定學生專車班次；本表不自行補寫路線。,網站首頁未標示固定通勤時間；Google地圖欄已依官方校址建立查詢入口，可依實際出發地查詢即時大眾運輸。,校方設學生宿舍，115年有更新「學生宿舍管理及輔導實施要點」；申請資格、生活規範與床位依當年度公告。,https://www.google.com/maps/search/?api=1&query=22742+%E6%96%B0%E5%8C%97%E5%B8%82%E9%9B%99%E6%BA%AA%E5%8D%80%E6%A2%85%E7%AB%B9%E8%B9%8A3%E8%99%9F; https://www.sxhs.ntpc.edu.tw/,https://www.sxhs.ntpc.edu.tw/,https://www.sxhs.ntpc.edu.tw/p/412-1000-711.php,https://www.google.com/maps/search/?api=1&query=22742+%E6%96%B0%E5%8C%97%E5%B8%82%E9%9B%99%E6%BA%AA%E5%8D%80%E6%A2%85%E7%AB%B9%E8%B9%8A3%E8%99%9F,https://www.sxhs.ntpc.edu.tw/,https://www.sxhs.ntpc.edu.tw/,https://www.sxhs.ntpc.edu.tw/
基北區,,014439,市立鶯歌工商,公立,基北區,高職,男女校,新北市,鶯歌區,新北市鶯歌區中正三路154號,http://www.ykvs.ntpc.edu.tw,(02)26775040,資料處理科:64；應用日語科:22；美術工藝科:41；陶瓷工程科:53；廣告設計科:60；多媒體設計科:20,260,260,教育部115學年度高中職名錄；招生與科系依115學年度基北區免試入學簡章整理。未填最低錄取分數，避免引用未經官方統一核定的估算值。；115學年度基北區免試入學核定招生名額（使用者提供 PDF；一般生招生名額，含科別與性別欄位）,資優/特色班請依各校及基北區官方公告查詢,,115學年度本表招生科別可確認包含：資料處理科、應用日語科、美術工藝科、陶瓷工程科、廣告設計科、多媒體設計科。學校官網首頁未標示更完整的全校課程方向摘要；詳細課程內容以校方115學年度課程計畫為準。,學校官網首頁未標示115學年度全校統一實習／專題內容；實際實作、專題或成果要求以各科、實習處或課程計畫公告為準。,學校官網首頁未標示完整固定大眾運輸到校路線或115學年度固定學生專車班次；本表不自行補寫路線。,網站首頁未標示固定通勤時間；Google地圖欄已依官方校址建立查詢入口，可依實際出發地查詢即時大眾運輸。,學校官網首頁未標示115學年度校內學生宿舍申請資訊。,https://www.google.com/maps/search/?api=1&query=%E6%96%B0%E5%8C%97%E5%B8%82%E9%B6%AF%E6%AD%8C%E5%8D%80%E4%B8%AD%E6%AD%A3%E4%B8%89%E8%B7%AF154%E8%99%9F; http://www.ykvs.ntpc.edu.tw,http://www.ykvs.ntpc.edu.tw,http://www.ykvs.ntpc.edu.tw,https://www.google.com/maps/search/?api=1&query=%E6%96%B0%E5%8C%97%E5%B8%82%E9%B6%AF%E6%AD%8C%E5%8D%80%E4%B8%AD%E6%AD%A3%E4%B8%89%E8%B7%AF154%E8%99%9F,http://www.ykvs.ntpc.edu.tw,http://www.ykvs.ntpc.edu.tw,http://www.ykvs.ntpc.edu.tw
基北區,,011309,新北市南山中學,私立,基北區,高中,男女校,新北市,中和區,新北市中和區廣福路41號,https://www.nssh.ntpc.edu.tw/,(02)22453000,普通科:193,193,193,教育部115學年度高中職名錄；招生與科系依115學年度基北區免試入學簡章整理。未填最低錄取分數，避免引用未經官方統一核定的估算值。；115學年度基北區免試入學核定招生名額（使用者提供 PDF；一般生招生名額，含科別與性別欄位）,資優/特色班請依各校及基北區官方公告查詢,,115學年度本表招生科別可確認包含：普通科。學校官網首頁未標示更完整的全校課程方向摘要；詳細課程內容以校方115學年度課程計畫為準。,學校官網首頁未標示115學年度全校統一實習／專題內容；實際實作、專題或成果要求以各科、實習處或課程計畫公告為準。,學校官網首頁未標示完整固定大眾運輸到校路線或115學年度固定學生專車班次；本表不自行補寫路線。,網站首頁未標示固定通勤時間；Google地圖欄已依官方校址建立查詢入口，可依實際出發地查詢即時大眾運輸。,學校官網首頁未標示115學年度校內學生宿舍申請資訊。,https://www.google.com/maps/search/?api=1&query=%E6%96%B0%E5%8C%97%E5%B8%82%E4%B8%AD%E5%92%8C%E5%8D%80%E5%BB%A3%E7%A6%8F%E8%B7%AF41%E8%99%9F; https://www.nssh.ntpc.edu.tw/,https://www.nssh.ntpc.edu.tw/,https://www.nssh.ntpc.edu.tw/,https://www.google.com/maps/search/?api=1&query=%E6%96%B0%E5%8C%97%E5%B8%82%E4%B8%AD%E5%92%8C%E5%8D%80%E5%BB%A3%E7%A6%8F%E8%B7%AF41%E8%99%9F,https://www.nssh.ntpc.edu.tw/,https://www.nssh.ntpc.edu.tw/,https://www.nssh.ntpc.edu.tw/
基北區,,011322,新北市崇光高中,私立,基北區,高中,男女校,新北市,新店區,新北市新店區三民路18號,https://web.ckgsh.ntpc.edu.tw/nss/p/index,(02)29112543,普通科(女):62,62,62,教育部115學年度高中職名錄；招生與科系依115學年度基北區免試入學簡章整理。未填最低錄取分數，避免引用未經官方統一核定的估算值。；115學年度基北區免試入學核定招生名額（使用者提供 PDF；一般生招生名額，含科別與性別欄位）,資優/特色班請依各校及基北區官方公告查詢,,115學年度本表招生科別可確認包含：普通科。學校官網首頁未標示更完整的全校課程方向摘要；詳細課程內容以校方115學年度課程計畫為準。,學校官網首頁未標示115學年度全校統一實習／專題內容；實際實作、專題或成果要求以各科、實習處或課程計畫公告為準。,學校官網首頁未標示完整固定大眾運輸到校路線或115學年度固定學生專車班次；本表不自行補寫路線。,網站首頁未標示固定通勤時間；Google地圖欄已依官方校址建立查詢入口，可依實際出發地查詢即時大眾運輸。,學校官網首頁未標示115學年度校內學生宿舍申請資訊。,https://www.google.com/maps/search/?api=1&query=%E6%96%B0%E5%8C%97%E5%B8%82%E6%96%B0%E5%BA%97%E5%8D%80%E4%B8%89%E6%B0%91%E8%B7%AF18%E8%99%9F; https://web.ckgsh.ntpc.edu.tw/nss/p/index,https://web.ckgsh.ntpc.edu.tw/nss/p/index,https://web.ckgsh.ntpc.edu.tw/nss/p/index,https://www.google.com/maps/search/?api=1&query=%E6%96%B0%E5%8C%97%E5%B8%82%E6%96%B0%E5%BA%97%E5%8D%80%E4%B8%89%E6%B0%91%E8%B7%AF18%E8%99%9F,https://web.ckgsh.ntpc.edu.tw/nss/p/index,https://web.ckgsh.ntpc.edu.tw/nss/p/index,https://web.ckgsh.ntpc.edu.tw/nss/p/index
基北區,,011330,新北市林口康橋國際高中,私立,基北區,高中,男女校,新北市,林口區,新北市林口區興林路55號,https://web.kcislk.ntpc.edu.tw/,(02)26015888,普通科:35,35,35,教育部115學年度高中職名錄；招生與科系依115學年度基北區免試入學簡章整理。未填最低錄取分數，避免引用未經官方統一核定的估算值。；115學年度基北區免試入學核定招生名額（使用者提供 PDF；一般生招生名額，含科別與性別欄位）,資優/特色班請依各校及基北區官方公告查詢,,115學年度本表招生科別可確認包含：普通科。學校官網首頁未標示更完整的全校課程方向摘要；詳細課程內容以校方115學年度課程計畫為準。,學校官網首頁未標示115學年度全校統一實習／專題內容；實際實作、專題或成果要求以各科、實習處或課程計畫公告為準。,學校官網首頁未標示完整固定大眾運輸到校路線或115學年度固定學生專車班次；本表不自行補寫路線。,網站首頁未標示固定通勤時間；Google地圖欄已依官方校址建立查詢入口，可依實際出發地查詢即時大眾運輸。,校方設宿舍及住宿申請系統，住宿資格與免住宿條件依校方舍務組公告；實際床位及費用依當學年度規定。,https://www.google.com/maps/search/?api=1&query=%E6%96%B0%E5%8C%97%E5%B8%82%E6%9E%97%E5%8F%A3%E5%8D%80%E8%88%88%E6%9E%97%E8%B7%AF55%E8%99%9F; https://web.kcislk.ntpc.edu.tw/,https://web.kcislk.ntpc.edu.tw/,https://dormitory.kcislk.ntpc.edu.tw/,https://www.google.com/maps/search/?api=1&query=%E6%96%B0%E5%8C%97%E5%B8%82%E6%9E%97%E5%8F%A3%E5%8D%80%E8%88%88%E6%9E%97%E8%B7%AF55%E8%99%9F,https://web.kcislk.ntpc.edu.tw/,https://web.kcislk.ntpc.edu.tw/,https://web.kcislk.ntpc.edu.tw/
基北區,,011307,新北市裕德高級中等學校,私立,基北區,高中,男女校,新北市,土城區,新北市土城區擺接堡路1號,http://www.yuteh.ntpc.edu.tw/,(02)82617889,普通科:15,15,15,教育部115學年度高中職名錄；招生與科系依115學年度基北區免試入學簡章整理。未填最低錄取分數，避免引用未經官方統一核定的估算值。；115學年度基北區免試入學核定招生名額（使用者提供 PDF；一般生招生名額，含科別與性別欄位）,資優/特色班請依各校及基北區官方公告查詢,,115學年度本表招生科別可確認包含：普通科。學校官網首頁未標示更完整的全校課程方向摘要；詳細課程內容以校方115學年度課程計畫為準。,學校官網首頁未標示115學年度全校統一實習／專題內容；實際實作、專題或成果要求以各科、實習處或課程計畫公告為準。,學校官網首頁未標示完整固定大眾運輸到校路線或115學年度固定學生專車班次；本表不自行補寫路線。,網站首頁未標示固定通勤時間；Google地圖欄已依官方校址建立查詢入口，可依實際出發地查詢即時大眾運輸。,學校官網首頁未標示115學年度校內學生宿舍申請資訊。,https://www.google.com/maps/search/?api=1&query=%E6%96%B0%E5%8C%97%E5%B8%82%E5%9C%9F%E5%9F%8E%E5%8D%80%E6%93%BA%E6%8E%A5%E5%A0%A1%E8%B7%AF1%E8%99%9F; http://www.yuteh.ntpc.edu.tw/,http://www.yuteh.ntpc.edu.tw/,http://www.yuteh.ntpc.edu.tw/,https://www.google.com/maps/search/?api=1&query=%E6%96%B0%E5%8C%97%E5%B8%82%E5%9C%9F%E5%9F%8E%E5%8D%80%E6%93%BA%E6%8E%A5%E5%A0%A1%E8%B7%AF1%E8%99%9F,http://www.yuteh.ntpc.edu.tw/,http://www.yuteh.ntpc.edu.tw/,http://www.yuteh.ntpc.edu.tw/
基北區,,011432,私立中華商海,私立,基北區,高中,男女校,新北市,萬里區,新北市萬里區瑪鋉路15號,http://www.chmvs.ntpc.edu.tw,(02)24922119,普通科:13,13,13,教育部115學年度高中職名錄；招生與科系依115學年度基北區免試入學簡章整理。未填最低錄取分數，避免引用未經官方統一核定的估算值。；115學年度基北區免試入學核定招生名額（使用者提供 PDF；一般生招生名額，含科別與性別欄位）,資優/特色班請依各校及基北區官方公告查詢,,115學年度本表招生科別可確認包含：普通科。學校官網首頁未標示更完整的全校課程方向摘要；詳細課程內容以校方115學年度課程計畫為準。,學校官網首頁未標示115學年度全校統一實習／專題內容；實際實作、專題或成果要求以各科、實習處或課程計畫公告為準。,學校官網首頁未標示完整固定大眾運輸到校路線或115學年度固定學生專車班次；本表不自行補寫路線。,網站首頁未標示固定通勤時間；Google地圖欄已依官方校址建立查詢入口，可依實際出發地查詢即時大眾運輸。,學校官網首頁未標示115學年度校內學生宿舍申請資訊。,https://www.google.com/maps/search/?api=1&query=%E6%96%B0%E5%8C%97%E5%B8%82%E8%90%AC%E9%87%8C%E5%8D%80%E7%91%AA%E9%8B%89%E8%B7%AF15%E8%99%9F; http://www.chmvs.ntpc.edu.tw,http://www.chmvs.ntpc.edu.tw,http://www.chmvs.ntpc.edu.tw,https://www.google.com/maps/search/?api=1&query=%E6%96%B0%E5%8C%97%E5%B8%82%E8%90%AC%E9%87%8C%E5%8D%80%E7%91%AA%E9%8B%89%E8%B7%AF15%E8%99%9F,http://www.chmvs.ntpc.edu.tw,http://www.chmvs.ntpc.edu.tw,http://www.chmvs.ntpc.edu.tw
基北區,,011323,私立光仁高中,私立,基北區,高中,男女校,新北市,板橋區,新北市板橋區中山路二段255巷18號,https://www.kjsh.ntpc.edu.tw/,(02)29615161,普通科:108,108,108,教育部115學年度高中職名錄；招生與科系依115學年度基北區免試入學簡章整理。未填最低錄取分數，避免引用未經官方統一核定的估算值。；115學年度基北區免試入學核定招生名額（使用者提供 PDF；一般生招生名額，含科別與性別欄位）,資優/特色班請依各校及基北區官方公告查詢,,115學年度本表招生科別可確認包含：普通科。學校官網首頁未標示更完整的全校課程方向摘要；詳細課程內容以校方115學年度課程計畫為準。,學校官網首頁未標示115學年度全校統一實習／專題內容；實際實作、專題或成果要求以各科、實習處或課程計畫公告為準。,學校官網首頁未標示完整固定大眾運輸到校路線或115學年度固定學生專車班次；本表不自行補寫路線。,網站首頁未標示固定通勤時間；Google地圖欄已依官方校址建立查詢入口，可依實際出發地查詢即時大眾運輸。,校方宿舍資料明列男生43床、女生33床，原則4–5人一室，宿舍位於光仁樓並有住宿管理人員；申請資格與床位依當年度公告。,https://www.google.com/maps/search/?api=1&query=%E6%96%B0%E5%8C%97%E5%B8%82%E6%9D%BF%E6%A9%8B%E5%8D%80%E4%B8%AD%E5%B1%B1%E8%B7%AF%E4%BA%8C%E6%AE%B5255%E5%B7%B718%E8%99%9F; https://www.kjsh.ntpc.edu.tw/,https://www.kjsh.ntpc.edu.tw/,https://www.kjsh.ntpc.edu.tw/ischool/publish_page/4/?cid=1927,https://www.google.com/maps/search/?api=1&query=%E6%96%B0%E5%8C%97%E5%B8%82%E6%9D%BF%E6%A9%8B%E5%8D%80%E4%B8%AD%E5%B1%B1%E8%B7%AF%E4%BA%8C%E6%AE%B5255%E5%B7%B718%E8%99%9F,https://www.kjsh.ntpc.edu.tw/,https://www.kjsh.ntpc.edu.tw/,https://www.kjsh.ntpc.edu.tw/
基北區,,011C71,私立光華高商進修學校,私立,基北區,綜高,男女校,新北市,板橋區,新北市板橋區南雅南路二段1號,http://www.khvs.ntpc.edu.tw,(02)89522255,資料處理科:54；應用日語科:27；觀光事業科:27；資料處理科:45；觀光事業科:45；普通科:37；媒體應用科:37,272,272,教育部115學年度高中職名錄；招生與科系依115學年度基北區免試入學簡章整理。未填最低錄取分數，避免引用未經官方統一核定的估算值。；115學年度基北區免試入學核定招生名額（使用者提供 PDF；一般生招生名額，含科別與性別欄位）,資優/特色班請依各校及基北區官方公告查詢,,115學年度本表招生科別可確認包含：資料處理科、應用日語科、觀光事業科、普通科、媒體應用科。學校官網首頁未標示更完整的全校課程方向摘要；詳細課程內容以校方115學年度課程計畫為準。,進修部官網首頁未標示115學年度全校統一實習／專題內容；實際實作、專題或成果要求以進修部及各科課程公告為準。,學校官網首頁未標示完整固定大眾運輸到校路線或115學年度固定學生專車班次；本表不自行補寫路線。,網站首頁未標示固定通勤時間；Google地圖欄已依官方校址建立查詢入口，可依實際出發地查詢即時大眾運輸。,學校官網首頁未標示115學年度校內學生宿舍申請資訊。,https://www.google.com/maps/search/?api=1&query=%E6%96%B0%E5%8C%97%E5%B8%82%E6%9D%BF%E6%A9%8B%E5%8D%80%E5%8D%97%E9%9B%85%E5%8D%97%E8%B7%AF%E4%BA%8C%E6%AE%B51%E8%99%9F; http://www.khvs.ntpc.edu.tw,http://www.khvs.ntpc.edu.tw,http://www.khvs.ntpc.edu.tw,https://www.google.com/maps/search/?api=1&query=%E6%96%B0%E5%8C%97%E5%B8%82%E6%9D%BF%E6%A9%8B%E5%8D%80%E5%8D%97%E9%9B%85%E5%8D%97%E8%B7%AF%E4%BA%8C%E6%AE%B51%E8%99%9F,http://www.khvs.ntpc.edu.tw,http://www.khvs.ntpc.edu.tw,http://www.khvs.ntpc.edu.tw
基北區,,011312,私立崇義高中,私立,基北區,綜高,男女校,新北市,汐止區,新北市汐止區大同路三段68號,https://www.tyhs.ntpc.edu.tw/,(02)86478000,普通科:13；電子商務科:57；電子商務科:15,85,85,教育部115學年度高中職名錄；招生與科系依115學年度基北區免試入學簡章整理。未填最低錄取分數，避免引用未經官方統一核定的估算值。；115學年度基北區免試入學核定招生名額（使用者提供 PDF；一般生招生名額，含科別與性別欄位）,資優/特色班請依各校及基北區官方公告查詢,,115學年度本表招生科別可確認包含：普通科、電子商務科。學校官網首頁未標示更完整的全校課程方向摘要；詳細課程內容以校方115學年度課程計畫為準。,學校官網首頁未標示115學年度全校統一實習／專題內容；實際實作、專題或成果要求以各科、實習處或課程計畫公告為準。,學校官網首頁未標示完整固定大眾運輸到校路線或115學年度固定學生專車班次；本表不自行補寫路線。,網站首頁未標示固定通勤時間；Google地圖欄已依官方校址建立查詢入口，可依實際出發地查詢即時大眾運輸。,學校官網首頁未標示115學年度校內學生宿舍申請資訊。,https://www.google.com/maps/search/?api=1&query=%E6%96%B0%E5%8C%97%E5%B8%82%E6%B1%90%E6%AD%A2%E5%8D%80%E5%A4%A7%E5%90%8C%E8%B7%AF%E4%B8%89%E6%AE%B568%E8%99%9F; https://www.tyhs.ntpc.edu.tw/,https://www.tyhs.ntpc.edu.tw/,https://www.tyhs.ntpc.edu.tw/,https://www.google.com/maps/search/?api=1&query=%E6%96%B0%E5%8C%97%E5%B8%82%E6%B1%90%E6%AD%A2%E5%8D%80%E5%A4%A7%E5%90%8C%E8%B7%AF%E4%B8%89%E6%AE%B568%E8%99%9F,https://www.tyhs.ntpc.edu.tw/,https://www.tyhs.ntpc.edu.tw/,https://www.tyhs.ntpc.edu.tw/
基北區,,011302,私立康橋高中,私立,基北區,高中,男女校,新北市,新店區,新北市新店區華城路800號,https://www.kcis.ntpc.edu.tw/_XiugangCampus/,(02)22166000,普通科:48,48,48,教育部115學年度高中職名錄；招生與科系依115學年度基北區免試入學簡章整理。未填最低錄取分數，避免引用未經官方統一核定的估算值。；115學年度基北區免試入學核定招生名額（使用者提供 PDF；一般生招生名額，含科別與性別欄位）,資優/特色班請依各校及基北區官方公告查詢,,普通高中課程結合跨領域主題／專題式學習（PBL）、探索教育、第二外語與國際課程等校本特色。,不設技職類固定實習；官方招生課程資訊明列跨領域主題與專題式學習、探索教育等實作型課程。,學校官網首頁未標示完整固定大眾運輸到校路線或115學年度固定學生專車班次；本表不自行補寫路線。,網站首頁未標示固定通勤時間；Google地圖欄已依官方校址建立查詢入口，可依實際出發地查詢即時大眾運輸。,秀岡校區設學生宿舍，官方資料載明男女分宿，主要為4–6人套房並設房內衛浴與冷氣；住宿申請與管理依校方舍務規定。,https://www.google.com/maps/search/?api=1&query=%E6%96%B0%E5%8C%97%E5%B8%82%E6%96%B0%E5%BA%97%E5%8D%80%E8%8F%AF%E5%9F%8E%E8%B7%AF800%E8%99%9F; https://www.kcis.ntpc.edu.tw/_XiugangCampus/,https://www.kcis.ntpc.edu.tw/_XiugangCampus/,https://www.kcis.ntpc.edu.tw/_XiugangCampus/zh/Dormitory.html,https://www.google.com/maps/search/?api=1&query=%E6%96%B0%E5%8C%97%E5%B8%82%E6%96%B0%E5%BA%97%E5%8D%80%E8%8F%AF%E5%9F%8E%E8%B7%AF800%E8%99%9F,https://www.kcis.ntpc.edu.tw/_XiugangCampus/,https://www.kcis.ntpc.edu.tw/_Admission/XiugangCampus/index.html,https://www.kcis.ntpc.edu.tw/_Admission/XiugangCampus/index.html
基北區,,011318,私立徐匯高中,私立,基北區,高中,男女校,新北市,蘆洲區,新北市蘆洲區中山一路1號,http://www.sish.ntpc.edu.tw,(02)22817565,普通科(男):64,64,64,教育部115學年度高中職名錄；招生與科系依115學年度基北區免試入學簡章整理。未填最低錄取分數，避免引用未經官方統一核定的估算值。；115學年度基北區免試入學核定招生名額（使用者提供 PDF；一般生招生名額，含科別與性別欄位）,資優/特色班請依各校及基北區官方公告查詢,,115學年度本表招生科別可確認包含：普通科。學校官網首頁未標示更完整的全校課程方向摘要；詳細課程內容以校方115學年度課程計畫為準。,學校官網首頁未標示115學年度全校統一實習／專題內容；實際實作、專題或成果要求以各科、實習處或課程計畫公告為準。,學校官網首頁未標示完整固定大眾運輸到校路線或115學年度固定學生專車班次；本表不自行補寫路線。,網站首頁未標示固定通勤時間；Google地圖欄已依官方校址建立查詢入口，可依實際出發地查詢即時大眾運輸。,學校官網首頁未標示115學年度校內學生宿舍申請資訊。,https://www.google.com/maps/search/?api=1&query=%E6%96%B0%E5%8C%97%E5%B8%82%E8%98%86%E6%B4%B2%E5%8D%80%E4%B8%AD%E5%B1%B1%E4%B8%80%E8%B7%AF1%E8%99%9F; http://www.sish.ntpc.edu.tw,http://www.sish.ntpc.edu.tw,http://www.sish.ntpc.edu.tw,https://www.google.com/maps/search/?api=1&query=%E6%96%B0%E5%8C%97%E5%B8%82%E8%98%86%E6%B4%B2%E5%8D%80%E4%B8%AD%E5%B1%B1%E4%B8%80%E8%B7%AF1%E8%99%9F,http://www.sish.ntpc.edu.tw,http://www.sish.ntpc.edu.tw,http://www.sish.ntpc.edu.tw
基北區,,011407,私立復興商工,私立,基北區,高職,男女校,新北市,永和區,新北市永和區秀朗路一段201號,http://www.fhvs.ntpc.edu.tw,(02)29262121,資料處理科:23；美工科:22；廣告設計科:225；室內設計科:75；美術科:18；廣告設計科:45,408,408,教育部115學年度高中職名錄；招生與科系依115學年度基北區免試入學簡章整理。未填最低錄取分數，避免引用未經官方統一核定的估算值。；115學年度基北區免試入學核定招生名額（使用者提供 PDF；一般生招生名額，含科別與性別欄位）,資優/特色班請依各校及基北區官方公告查詢,,115學年度本表招生科別可確認包含：資料處理科、美工科、廣告設計科、室內設計科、美術科。學校官網首頁未標示更完整的全校課程方向摘要；詳細課程內容以校方115學年度課程計畫為準。,學校官網首頁未標示115學年度全校統一實習／專題內容；實際實作、專題或成果要求以各科、實習處或課程計畫公告為準。,學校官網首頁未標示完整固定大眾運輸到校路線或115學年度固定學生專車班次；本表不自行補寫路線。,網站首頁未標示固定通勤時間；Google地圖欄已依官方校址建立查詢入口，可依實際出發地查詢即時大眾運輸。,學校官網首頁未標示115學年度校內學生宿舍申請資訊。,https://www.google.com/maps/search/?api=1&query=%E6%96%B0%E5%8C%97%E5%B8%82%E6%B0%B8%E5%92%8C%E5%8D%80%E7%A7%80%E6%9C%97%E8%B7%AF%E4%B8%80%E6%AE%B5201%E8%99%9F; http://www.fhvs.ntpc.edu.tw,http://www.fhvs.ntpc.edu.tw,http://www.fhvs.ntpc.edu.tw,https://www.google.com/maps/search/?api=1&query=%E6%96%B0%E5%8C%97%E5%B8%82%E6%B0%B8%E5%92%8C%E5%8D%80%E7%A7%80%E6%9C%97%E8%B7%AF%E4%B8%80%E6%AE%B5201%E8%99%9F,http://www.fhvs.ntpc.edu.tw,http://www.fhvs.ntpc.edu.tw,http://www.fhvs.ntpc.edu.tw
基北區,,011399,私立時雨高中,私立,基北區,高中,男女校,新北市,瑞芳區,新北市瑞芳區銅山里祈堂路217號,http://www.syjh.ntpc.edu.tw,(02)24962217,普通科:84；普通科:128,212,212,教育部115學年度高中職名錄；招生與科系依115學年度基北區免試入學簡章整理。未填最低錄取分數，避免引用未經官方統一核定的估算值。；115學年度基北區免試入學核定招生名額（使用者提供 PDF；一般生招生名額，含科別與性別欄位）,資優/特色班請依各校及基北區官方公告查詢,,115學年度本表招生科別可確認包含：普通科。學校官網首頁未標示更完整的全校課程方向摘要；詳細課程內容以校方115學年度課程計畫為準。,學校官網首頁未標示115學年度全校統一實習／專題內容；實際實作、專題或成果要求以各科、實習處或課程計畫公告為準。,學校官網首頁未標示完整固定大眾運輸到校路線或115學年度固定學生專車班次；本表不自行補寫路線。,網站首頁未標示固定通勤時間；Google地圖欄已依官方校址建立查詢入口，可依實際出發地查詢即時大眾運輸。,學校官網首頁未標示115學年度校內學生宿舍申請資訊。,https://www.google.com/maps/search/?api=1&query=%E6%96%B0%E5%8C%97%E5%B8%82%E7%91%9E%E8%8A%B3%E5%8D%80%E9%8A%85%E5%B1%B1%E9%87%8C%E7%A5%88%E5%A0%82%E8%B7%AF217%E8%99%9F; http://www.syjh.ntpc.edu.tw,http://www.syjh.ntpc.edu.tw,http://www.syjh.ntpc.edu.tw,https://www.google.com/maps/search/?api=1&query=%E6%96%B0%E5%8C%97%E5%B8%82%E7%91%9E%E8%8A%B3%E5%8D%80%E9%8A%85%E5%B1%B1%E9%87%8C%E7%A5%88%E5%A0%82%E8%B7%AF217%E8%99%9F,http://www.syjh.ntpc.edu.tw,http://www.syjh.ntpc.edu.tw,http://www.syjh.ntpc.edu.tw
基北區,,011420,私立智光商工,私立,基北區,綜高,男女校,新北市,永和區,新北市永和區中正路100號,https://www.ckvs.ntpc.edu.tw/home,(02)29432491,電子科:12；資料處理科:29；多媒體設計科:23；觀光事業科:12；餐飲管理科:86；普通科:27；商業經營科:27；資訊科:30；餐飲管理科:30,276,276,教育部115學年度高中職名錄；招生與科系依115學年度基北區免試入學簡章整理。未填最低錄取分數，避免引用未經官方統一核定的估算值。；115學年度基北區免試入學核定招生名額（使用者提供 PDF；一般生招生名額，含科別與性別欄位）,資優/特色班請依各校及基北區官方公告查詢,,115學年度本表招生科別可確認包含：電子科、資料處理科、多媒體設計科、觀光事業科、餐飲管理科、普通科、商業經營科、資訊科。學校官網首頁未標示更完整的全校課程方向摘要；詳細課程內容以校方115學年度課程計畫為準。,學校官網首頁未標示115學年度全校統一實習／專題內容；實際實作、專題或成果要求以各科、實習處或課程計畫公告為準。,學校官網首頁未標示完整固定大眾運輸到校路線或115學年度固定學生專車班次；本表不自行補寫路線。,網站首頁未標示固定通勤時間；Google地圖欄已依官方校址建立查詢入口，可依實際出發地查詢即時大眾運輸。,學校官網首頁未標示115學年度校內學生宿舍申請資訊。,https://www.google.com/maps/search/?api=1&query=%E6%96%B0%E5%8C%97%E5%B8%82%E6%B0%B8%E5%92%8C%E5%8D%80%E4%B8%AD%E6%AD%A3%E8%B7%AF100%E8%99%9F; https://www.ckvs.ntpc.edu.tw/home,https://www.ckvs.ntpc.edu.tw/home,https://www.ckvs.ntpc.edu.tw/home,https://www.google.com/maps/search/?api=1&query=%E6%96%B0%E5%8C%97%E5%B8%82%E6%B0%B8%E5%92%8C%E5%8D%80%E4%B8%AD%E6%AD%A3%E8%B7%AF100%E8%99%9F,https://www.ckvs.ntpc.edu.tw/home,https://www.ckvs.ntpc.edu.tw/home,https://www.ckvs.ntpc.edu.tw/home
基北區,,011315,私立東海高中,私立,基北區,高職,男女校,新北市,三重區,新北市三重區忠孝路三段93巷12號,https://www.thhs.ntpc.edu.tw/,(02)29822788,汽車科:40；資訊科:13；電子科:27；餐飲管理科:27；多媒體動畫科:13,120,120,教育部115學年度高中職名錄；招生與科系依115學年度基北區免試入學簡章整理。未填最低錄取分數，避免引用未經官方統一核定的估算值。；115學年度基北區免試入學核定招生名額（使用者提供 PDF；一般生招生名額，含科別與性別欄位）,資優/特色班請依各校及基北區官方公告查詢,,115學年度本表招生科別可確認包含：汽車科、資訊科、電子科、餐飲管理科、多媒體動畫科。學校官網首頁未標示更完整的全校課程方向摘要；詳細課程內容以校方115學年度課程計畫為準。,學校官網首頁未標示115學年度全校統一實習／專題內容；實際實作、專題或成果要求以各科、實習處或課程計畫公告為準。,學校官網首頁未標示完整固定大眾運輸到校路線或115學年度固定學生專車班次；本表不自行補寫路線。,網站首頁未標示固定通勤時間；Google地圖欄已依官方校址建立查詢入口，可依實際出發地查詢即時大眾運輸。,學校官網首頁未標示115學年度校內學生宿舍申請資訊。,https://www.google.com/maps/search/?api=1&query=%E6%96%B0%E5%8C%97%E5%B8%82%E4%B8%89%E9%87%8D%E5%8D%80%E5%BF%A0%E5%AD%9D%E8%B7%AF%E4%B8%89%E6%AE%B593%E5%B7%B712%E8%99%9F; https://www.thhs.ntpc.edu.tw/,https://www.thhs.ntpc.edu.tw/,https://www.thhs.ntpc.edu.tw/,https://www.google.com/maps/search/?api=1&query=%E6%96%B0%E5%8C%97%E5%B8%82%E4%B8%89%E9%87%8D%E5%8D%80%E5%BF%A0%E5%AD%9D%E8%B7%AF%E4%B8%89%E6%AE%B593%E5%B7%B712%E8%99%9F,https://www.thhs.ntpc.edu.tw/,https://www.thhs.ntpc.edu.tw/,https://www.thhs.ntpc.edu.tw/
基北區,,011316,私立格致高中,私立,基北區,高中,男女校,新北市,三重區,新北市三重區大智街260號,http://www.gjsh.ntpc.edu.tw,(02)29855892,普通科:183；普通科:86,269,269,教育部115學年度高中職名錄；招生與科系依115學年度基北區免試入學簡章整理。未填最低錄取分數，避免引用未經官方統一核定的估算值。；115學年度基北區免試入學核定招生名額（使用者提供 PDF；一般生招生名額，含科別與性別欄位）,資優/特色班請依各校及基北區官方公告查詢,,115學年度本表招生科別可確認包含：普通科。學校官網首頁未標示更完整的全校課程方向摘要；詳細課程內容以校方115學年度課程計畫為準。,學校官網首頁未標示115學年度全校統一實習／專題內容；實際實作、專題或成果要求以各科、實習處或課程計畫公告為準。,學校官網首頁未標示完整固定大眾運輸到校路線或115學年度固定學生專車班次；本表不自行補寫路線。,網站首頁未標示固定通勤時間；Google地圖欄已依官方校址建立查詢入口，可依實際出發地查詢即時大眾運輸。,學校官網首頁未標示115學年度校內學生宿舍申請資訊。,https://www.google.com/maps/search/?api=1&query=%E6%96%B0%E5%8C%97%E5%B8%82%E4%B8%89%E9%87%8D%E5%8D%80%E5%A4%A7%E6%99%BA%E8%A1%97260%E8%99%9F; http://www.gjsh.ntpc.edu.tw,http://www.gjsh.ntpc.edu.tw,http://www.gjsh.ntpc.edu.tw,https://www.google.com/maps/search/?api=1&query=%E6%96%B0%E5%8C%97%E5%B8%82%E4%B8%89%E9%87%8D%E5%8D%80%E5%A4%A7%E6%99%BA%E8%A1%97260%E8%99%9F,http://www.gjsh.ntpc.edu.tw,http://www.gjsh.ntpc.edu.tw,http://www.gjsh.ntpc.edu.tw
基北區,,011405,私立樹人家商,私立,基北區,高職,男女校,新北市,樹林區,新北市樹林區大安路216號,http://www.stgvs.ntpc.edu.tw,(02)26870391,資料處理科:10；烘焙科:4；幼兒保育科:11；美容科:6；觀光事業科:1；餐飲管理科:2；影劇科:4；表演藝術科:2,40,40,教育部115學年度高中職名錄；招生與科系依115學年度基北區免試入學簡章整理。未填最低錄取分數，避免引用未經官方統一核定的估算值。；115學年度基北區免試入學核定招生名額（使用者提供 PDF；一般生招生名額，含科別與性別欄位）,資優/特色班請依各校及基北區官方公告查詢,,115學年度本表招生科別可確認包含：資料處理科、烘焙科、幼兒保育科、美容科、觀光事業科、餐飲管理科、影劇科、表演藝術科。學校官網首頁未標示更完整的全校課程方向摘要；詳細課程內容以校方115學年度課程計畫為準。,學校官網首頁未標示115學年度全校統一實習／專題內容；實際實作、專題或成果要求以各科、實習處或課程計畫公告為準。,學校官網首頁未標示完整固定大眾運輸到校路線或115學年度固定學生專車班次；本表不自行補寫路線。,網站首頁未標示固定通勤時間；Google地圖欄已依官方校址建立查詢入口，可依實際出發地查詢即時大眾運輸。,學校官網首頁未標示115學年度校內學生宿舍申請資訊。,https://www.google.com/maps/search/?api=1&query=%E6%96%B0%E5%8C%97%E5%B8%82%E6%A8%B9%E6%9E%97%E5%8D%80%E5%A4%A7%E5%AE%89%E8%B7%AF216%E8%99%9F; http://www.stgvs.ntpc.edu.tw,http://www.stgvs.ntpc.edu.tw,http://www.stgvs.ntpc.edu.tw,https://www.google.com/maps/search/?api=1&query=%E6%96%B0%E5%8C%97%E5%B8%82%E6%A8%B9%E6%9E%97%E5%8D%80%E5%A4%A7%E5%AE%89%E8%B7%AF216%E8%99%9F,http://www.stgvs.ntpc.edu.tw,http://www.stgvs.ntpc.edu.tw,http://www.stgvs.ntpc.edu.tw
基北區,,011301,私立淡江高中,私立,基北區,綜高,男女校,新北市,淡水區,新北市淡水區真理街26號,https://www.tksh.ntpc.edu.tw/,(02)26203850,綜合高中:281,281,281,教育部115學年度高中職名錄；招生與科系依115學年度基北區免試入學簡章整理。未填最低錄取分數，避免引用未經官方統一核定的估算值。；115學年度基北區免試入學核定招生名額（使用者提供 PDF；一般生招生名額，含科別與性別欄位）,資優/特色班請依各校及基北區官方公告查詢,,115學年度本表招生科別可確認包含：綜合高中。學校官網首頁未標示更完整的全校課程方向摘要；詳細課程內容以校方115學年度課程計畫為準。,學校官網首頁未標示115學年度全校統一實習／專題內容；實際實作、專題或成果要求以各科、實習處或課程計畫公告為準。,學校官網首頁未標示完整固定大眾運輸到校路線或115學年度固定學生專車班次；本表不自行補寫路線。,網站首頁未標示固定通勤時間；Google地圖欄已依官方校址建立查詢入口，可依實際出發地查詢即時大眾運輸。,校方設學生宿舍；官方宿舍資料載明女生宿舍位於5樓、男生住宿區另有樓層配置，每房原則4人並設冷氣與衛浴，實際床位與費用依當學年度舍務公告。,https://www.google.com/maps/search/?api=1&query=%E6%96%B0%E5%8C%97%E5%B8%82%E6%B7%A1%E6%B0%B4%E5%8D%80%E7%9C%9F%E7%90%86%E8%A1%9726%E8%99%9F; https://www.tksh.ntpc.edu.tw/,https://www.tksh.ntpc.edu.tw/,https://affair2.tksh.ntpc.edu.tw/wp/tksa/%E5%AE%BF%E8%88%8D%E4%BA%8B%E5%8B%99%E7%B5%84/%E5%AE%BF%E8%88%8D%E4%BA%8B%E5%8B%99/,https://www.google.com/maps/search/?api=1&query=%E6%96%B0%E5%8C%97%E5%B8%82%E6%B7%A1%E6%B0%B4%E5%8D%80%E7%9C%9F%E7%90%86%E8%A1%9726%E8%99%9F,https://www.tksh.ntpc.edu.tw/,https://www.tksh.ntpc.edu.tw/,https://www.tksh.ntpc.edu.tw/
基北區,,011413,私立穀保家商,私立,基北區,高職,男女校,新北市,三重區,新北市三重區中正北路560巷38號,http://www.kpvs.ntpc.edu.tw,(02)29712343,資料處理科:27；多媒體設計科:27；時尚造型科:27；機械科:29,110,110,教育部115學年度高中職名錄；招生與科系依115學年度基北區免試入學簡章整理。未填最低錄取分數，避免引用未經官方統一核定的估算值。；115學年度基北區免試入學核定招生名額（使用者提供 PDF；一般生招生名額，含科別與性別欄位）,資優/特色班請依各校及基北區官方公告查詢,,115學年度本表招生科別可確認包含：資料處理科、多媒體設計科、時尚造型科、機械科。學校官網首頁未標示更完整的全校課程方向摘要；詳細課程內容以校方115學年度課程計畫為準。,學校官網首頁未標示115學年度全校統一實習／專題內容；實際實作、專題或成果要求以各科、實習處或課程計畫公告為準。,學校官網首頁未標示完整固定大眾運輸到校路線或115學年度固定學生專車班次；本表不自行補寫路線。,網站首頁未標示固定通勤時間；Google地圖欄已依官方校址建立查詢入口，可依實際出發地查詢即時大眾運輸。,學校官網首頁未標示115學年度校內學生宿舍申請資訊。,https://www.google.com/maps/search/?api=1&query=%E6%96%B0%E5%8C%97%E5%B8%82%E4%B8%89%E9%87%8D%E5%8D%80%E4%B8%AD%E6%AD%A3%E5%8C%97%E8%B7%AF560%E5%B7%B738%E8%99%9F; http://www.kpvs.ntpc.edu.tw,http://www.kpvs.ntpc.edu.tw,http://www.kpvs.ntpc.edu.tw,https://www.google.com/maps/search/?api=1&query=%E6%96%B0%E5%8C%97%E5%B8%82%E4%B8%89%E9%87%8D%E5%8D%80%E4%B8%AD%E6%AD%A3%E5%8C%97%E8%B7%AF560%E5%B7%B738%E8%99%9F,http://www.kpvs.ntpc.edu.tw,http://www.kpvs.ntpc.edu.tw,http://www.kpvs.ntpc.edu.tw
基北區,,011324,私立竹林高中,私立,基北區,高中,男女校,新北市,中和區,新北市中和區華新街143巷12號,http://www.clsh.ntpc.edu.tw,(02)29422128,普通科:128,128,128,教育部115學年度高中職名錄；招生與科系依115學年度基北區免試入學簡章整理。未填最低錄取分數，避免引用未經官方統一核定的估算值。；115學年度基北區免試入學核定招生名額（使用者提供 PDF；一般生招生名額，含科別與性別欄位）,資優/特色班請依各校及基北區官方公告查詢,,115學年度本表招生科別可確認包含：普通科。學校官網首頁未標示更完整的全校課程方向摘要；詳細課程內容以校方115學年度課程計畫為準。,學校官網首頁未標示115學年度全校統一實習／專題內容；實際實作、專題或成果要求以各科、實習處或課程計畫公告為準。,學校官網首頁未標示完整固定大眾運輸到校路線或115學年度固定學生專車班次；本表不自行補寫路線。,網站首頁未標示固定通勤時間；Google地圖欄已依官方校址建立查詢入口，可依實際出發地查詢即時大眾運輸。,學校官網首頁未標示115學年度校內學生宿舍申請資訊。,https://www.google.com/maps/search/?api=1&query=%E6%96%B0%E5%8C%97%E5%B8%82%E4%B8%AD%E5%92%8C%E5%8D%80%E8%8F%AF%E6%96%B0%E8%A1%97143%E5%B7%B712%E8%99%9F; http://www.clsh.ntpc.edu.tw,http://www.clsh.ntpc.edu.tw,http://www.clsh.ntpc.edu.tw,https://www.google.com/maps/search/?api=1&query=%E6%96%B0%E5%8C%97%E5%B8%82%E4%B8%AD%E5%92%8C%E5%8D%80%E8%8F%AF%E6%96%B0%E8%A1%97143%E5%B7%B712%E8%99%9F,http://www.clsh.ntpc.edu.tw,http://www.clsh.ntpc.edu.tw,http://www.clsh.ntpc.edu.tw
基北區,,011311,私立聖心女中,私立,基北區,高中,女校,新北市,八里區,24931 新北市八里區龍米路一段263號,https://www.shgsh.ntpc.edu.tw/,(02)26182287,普通科(女):40,40,40,教育部115學年度高中職名錄；招生與科系依115學年度基北區免試入學簡章整理。未填最低錄取分數，避免引用未經官方統一核定的估算值。；115學年度基北區免試入學核定招生名額（使用者提供 PDF；一般生招生名額，含科別與性別欄位）,資優/特色班請依各校及基北區官方公告查詢,,115學年度本表招生科別可確認包含：普通科。學校官網首頁未標示更完整的全校課程方向摘要；詳細課程內容以校方115學年度課程計畫為準。,學校官網首頁未標示115學年度全校統一實習／專題內容；實際實作、專題或成果要求以各科、實習處或課程計畫公告為準。,校方設學生交通車專區，路線與站點依當學年度招生／交通車公告辦理。,搭乘校車者須依校方交通車路線與站點申請；網站未標示所有路線固定通勤時間。,校方設住宿專區，115學年度新生資訊亦提供住宿申請；實際床位、費用與生活規範依當年度公告。,https://www.google.com/maps/search/?api=1&query=24931+%E6%96%B0%E5%8C%97%E5%B8%82%E5%85%AB%E9%87%8C%E5%8D%80%E9%BE%8D%E7%B1%B3%E8%B7%AF%E4%B8%80%E6%AE%B5263%E8%99%9F; https://www.shgsh.ntpc.edu.tw/,https://www.shgsh.ntpc.edu.tw/nss/s/main/admissions04,https://www.shgsh.ntpc.edu.tw/nss/s/main/dorm,https://www.google.com/maps/search/?api=1&query=24931+%E6%96%B0%E5%8C%97%E5%B8%82%E5%85%AB%E9%87%8C%E5%8D%80%E9%BE%8D%E7%B1%B3%E8%B7%AF%E4%B8%80%E6%AE%B5263%E8%99%9F,https://www.shgsh.ntpc.edu.tw/,https://www.shgsh.ntpc.edu.tw/,https://www.shgsh.ntpc.edu.tw/
基北區,,011426,私立能仁家商,私立,基北區,高職,男女校,新北市,新店區,新北市新店區文中路53巷10號,http://www.nrvs.ntpc.edu.tw,(02)29182399,資料處理科:18；廣告設計科:13；多媒體設計科:27；幼兒保育科:13；美容科:19；流行服飾科:27；餐飲管理科:18；表演藝術科:27；美容科:180；觀光事業科:45,387,387,教育部115學年度高中職名錄；招生與科系依115學年度基北區免試入學簡章整理。未填最低錄取分數，避免引用未經官方統一核定的估算值。；115學年度基北區免試入學核定招生名額（使用者提供 PDF；一般生招生名額，含科別與性別欄位）,資優/特色班請依各校及基北區官方公告查詢,,115學年度本表招生科別可確認包含：資料處理科、廣告設計科、多媒體設計科、幼兒保育科、美容科、流行服飾科、餐飲管理科、表演藝術科等。學校官網首頁未標示更完整的全校課程方向摘要；詳細課程內容以校方115學年度課程計畫為準。,學校官網首頁未標示115學年度全校統一實習／專題內容；實際實作、專題或成果要求以各科、實習處或課程計畫公告為準。,學校官網首頁未標示完整固定大眾運輸到校路線或115學年度固定學生專車班次；本表不自行補寫路線。,網站首頁未標示固定通勤時間；Google地圖欄已依官方校址建立查詢入口，可依實際出發地查詢即時大眾運輸。,學校官網首頁未標示115學年度校內學生宿舍申請資訊。,https://www.google.com/maps/search/?api=1&query=%E6%96%B0%E5%8C%97%E5%B8%82%E6%96%B0%E5%BA%97%E5%8D%80%E6%96%87%E4%B8%AD%E8%B7%AF53%E5%B7%B710%E8%99%9F; http://www.nrvs.ntpc.edu.tw,http://www.nrvs.ntpc.edu.tw,http://www.nrvs.ntpc.edu.tw,https://www.google.com/maps/search/?api=1&query=%E6%96%B0%E5%8C%97%E5%B8%82%E6%96%B0%E5%BA%97%E5%8D%80%E6%96%87%E4%B8%AD%E8%B7%AF53%E5%B7%B710%E8%99%9F,http://www.nrvs.ntpc.edu.tw,http://www.nrvs.ntpc.edu.tw,http://www.nrvs.ntpc.edu.tw
基北區,,011431,私立莊敬工家,私立,基北區,高職,男女校,新北市,新店區,新北市新店區民生路45號,http://www.jjvs.ntpc.edu.tw,(02)22188956,幼兒保育科:7；美容科:28；流行服飾科:7；餐飲管理科:57；音樂科:2；電影電視科:7；表演藝術科:97；多媒體動畫科:7；餐飲管理科:18；輪機科:36；航海科:18；餐飲管理科:15,299,299,教育部115學年度高中職名錄；招生與科系依115學年度基北區免試入學簡章整理。未填最低錄取分數，避免引用未經官方統一核定的估算值。；115學年度基北區免試入學核定招生名額（使用者提供 PDF；一般生招生名額，含科別與性別欄位）,資優/特色班請依各校及基北區官方公告查詢,,115學年度本表招生科別可確認包含：幼兒保育科、美容科、流行服飾科、餐飲管理科、音樂科、電影電視科、表演藝術科、多媒體動畫科等。學校官網首頁未標示更完整的全校課程方向摘要；詳細課程內容以校方115學年度課程計畫為準。,學校官網首頁未標示115學年度全校統一實習／專題內容；實際實作、專題或成果要求以各科、實習處或課程計畫公告為準。,學校官網首頁未標示完整固定大眾運輸到校路線或115學年度固定學生專車班次；本表不自行補寫路線。,網站首頁未標示固定通勤時間；Google地圖欄已依官方校址建立查詢入口，可依實際出發地查詢即時大眾運輸。,學校官網首頁未標示115學年度校內學生宿舍申請資訊。,https://www.google.com/maps/search/?api=1&query=%E6%96%B0%E5%8C%97%E5%B8%82%E6%96%B0%E5%BA%97%E5%8D%80%E6%B0%91%E7%94%9F%E8%B7%AF45%E8%99%9F; http://www.jjvs.ntpc.edu.tw,http://www.jjvs.ntpc.edu.tw,http://www.jjvs.ntpc.edu.tw,https://www.google.com/maps/search/?api=1&query=%E6%96%B0%E5%8C%97%E5%B8%82%E6%96%B0%E5%BA%97%E5%8D%80%E6%B0%91%E7%94%9F%E8%B7%AF45%E8%99%9F,http://www.jjvs.ntpc.edu.tw,http://www.jjvs.ntpc.edu.tw,http://www.jjvs.ntpc.edu.tw
基北區,,011427,私立豫章工商,私立,基北區,高職,男女校,新北市,板橋區,新北市板橋區四川路一段391號,http://www.ycvs.ntpc.edu.tw,(02)29519810,資訊科:27；電機科:54；流通管理科:27；多媒體設計科:27；餐飲管理科:81；汽車科:7；資訊科:7；資料處理科:7；園藝科:2,239,239,教育部115學年度高中職名錄；招生與科系依115學年度基北區免試入學簡章整理。未填最低錄取分數，避免引用未經官方統一核定的估算值。；115學年度基北區免試入學核定招生名額（使用者提供 PDF；一般生招生名額，含科別與性別欄位）,資優/特色班請依各校及基北區官方公告查詢,,115學年度本表招生科別可確認包含：資訊科、電機科、流通管理科、多媒體設計科、餐飲管理科、汽車科、資料處理科、園藝科。學校官網首頁未標示更完整的全校課程方向摘要；詳細課程內容以校方115學年度課程計畫為準。,學校官網首頁未標示115學年度全校統一實習／專題內容；實際實作、專題或成果要求以各科、實習處或課程計畫公告為準。,學校官網首頁未標示完整固定大眾運輸到校路線或115學年度固定學生專車班次；本表不自行補寫路線。,網站首頁未標示固定通勤時間；Google地圖欄已依官方校址建立查詢入口，可依實際出發地查詢即時大眾運輸。,學校官網首頁未標示115學年度校內學生宿舍申請資訊。,https://www.google.com/maps/search/?api=1&query=%E6%96%B0%E5%8C%97%E5%B8%82%E6%9D%BF%E6%A9%8B%E5%8D%80%E5%9B%9B%E5%B7%9D%E8%B7%AF%E4%B8%80%E6%AE%B5391%E8%99%9F; http://www.ycvs.ntpc.edu.tw,http://www.ycvs.ntpc.edu.tw,http://www.ycvs.ntpc.edu.tw,https://www.google.com/maps/search/?api=1&query=%E6%96%B0%E5%8C%97%E5%B8%82%E6%9D%BF%E6%A9%8B%E5%8D%80%E5%9B%9B%E5%B7%9D%E8%B7%AF%E4%B8%80%E6%AE%B5391%E8%99%9F,http://www.ycvs.ntpc.edu.tw,http://www.ycvs.ntpc.edu.tw,http://www.ycvs.ntpc.edu.tw
基北區,,011317,私立醒吾高中,私立,基北區,高職,男女校,新北市,林口區,新北市林口區粉寮路一段75巷80號,http://www.swsh.ntpc.edu.tw,(02)26012644,幼兒保育科:20；照顧服務科:34；時尚造型科:20；觀光事業科:20,94,94,教育部115學年度高中職名錄；招生與科系依115學年度基北區免試入學簡章整理。未填最低錄取分數，避免引用未經官方統一核定的估算值。；115學年度基北區免試入學核定招生名額（使用者提供 PDF；一般生招生名額，含科別與性別欄位）,資優/特色班請依各校及基北區官方公告查詢,,115學年度本表招生科別可確認包含：幼兒保育科、照顧服務科、時尚造型科、觀光事業科。學校官網首頁未標示更完整的全校課程方向摘要；詳細課程內容以校方115學年度課程計畫為準。,學校官網首頁未標示115學年度全校統一實習／專題內容；實際實作、專題或成果要求以各科、實習處或課程計畫公告為準。,學校官網首頁未標示完整固定大眾運輸到校路線或115學年度固定學生專車班次；本表不自行補寫路線。,網站首頁未標示固定通勤時間；Google地圖欄已依官方校址建立查詢入口，可依實際出發地查詢即時大眾運輸。,學校官網首頁未標示115學年度校內學生宿舍申請資訊。,https://www.google.com/maps/search/?api=1&query=%E6%96%B0%E5%8C%97%E5%B8%82%E6%9E%97%E5%8F%A3%E5%8D%80%E7%B2%89%E5%AF%AE%E8%B7%AF%E4%B8%80%E6%AE%B575%E5%B7%B780%E8%99%9F; http://www.swsh.ntpc.edu.tw,http://www.swsh.ntpc.edu.tw,http://www.swsh.ntpc.edu.tw,https://www.google.com/maps/search/?api=1&query=%E6%96%B0%E5%8C%97%E5%B8%82%E6%9E%97%E5%8F%A3%E5%8D%80%E7%B2%89%E5%AF%AE%E8%B7%AF%E4%B8%80%E6%AE%B575%E5%B7%B780%E8%99%9F,http://www.swsh.ntpc.edu.tw,http://www.swsh.ntpc.edu.tw,http://www.swsh.ntpc.edu.tw
基北區,,011306,私立金陵女中,私立,基北區,高中,女校,新北市,三重區,新北市三重區重新路五段656號,http://www.glghs.ntpc.edu.tw,(02)29956776,普通科(女):86,86,86,教育部115學年度高中職名錄；招生與科系依115學年度基北區免試入學簡章整理。未填最低錄取分數，避免引用未經官方統一核定的估算值。；115學年度基北區免試入學核定招生名額（使用者提供 PDF；一般生招生名額，含科別與性別欄位）,資優/特色班請依各校及基北區官方公告查詢,,115學年度本表招生科別可確認包含：普通科。學校官網首頁未標示更完整的全校課程方向摘要；詳細課程內容以校方115學年度課程計畫為準。,學校官網首頁未標示115學年度全校統一實習／專題內容；實際實作、專題或成果要求以各科、實習處或課程計畫公告為準。,學校官網首頁未標示完整固定大眾運輸到校路線或115學年度固定學生專車班次；本表不自行補寫路線。,網站首頁未標示固定通勤時間；Google地圖欄已依官方校址建立查詢入口，可依實際出發地查詢即時大眾運輸。,學校官網首頁未標示115學年度校內學生宿舍申請資訊。,https://www.google.com/maps/search/?api=1&query=%E6%96%B0%E5%8C%97%E5%B8%82%E4%B8%89%E9%87%8D%E5%8D%80%E9%87%8D%E6%96%B0%E8%B7%AF%E4%BA%94%E6%AE%B5656%E8%99%9F; http://www.glghs.ntpc.edu.tw,http://www.glghs.ntpc.edu.tw,http://www.glghs.ntpc.edu.tw,https://www.google.com/maps/search/?api=1&query=%E6%96%B0%E5%8C%97%E5%B8%82%E4%B8%89%E9%87%8D%E5%8D%80%E9%87%8D%E6%96%B0%E8%B7%AF%E4%BA%94%E6%AE%B5656%E8%99%9F,http://www.glghs.ntpc.edu.tw,http://www.glghs.ntpc.edu.tw,http://www.glghs.ntpc.edu.tw
基北區,,011310,財團法人恆毅高中,私立,基北區,高中,男女校,新北市,新莊區,新北市新莊區中正路108號,http://www.hchs.ntpc.edu.tw,(02)29923619,普通科:120,120,120,教育部115學年度高中職名錄；招生與科系依115學年度基北區免試入學簡章整理。未填最低錄取分數，避免引用未經官方統一核定的估算值。；115學年度基北區免試入學核定招生名額（使用者提供 PDF；一般生招生名額，含科別與性別欄位）,資優/特色班請依各校及基北區官方公告查詢,,115學年度本表招生科別可確認包含：普通科。學校官網首頁未標示更完整的全校課程方向摘要；詳細課程內容以校方115學年度課程計畫為準。,學校官網首頁未標示115學年度全校統一實習／專題內容；實際實作、專題或成果要求以各科、實習處或課程計畫公告為準。,學校官網首頁未標示完整固定大眾運輸到校路線或115學年度固定學生專車班次；本表不自行補寫路線。,網站首頁未標示固定通勤時間；Google地圖欄已依官方校址建立查詢入口，可依實際出發地查詢即時大眾運輸。,學校官網首頁未標示115學年度校內學生宿舍申請資訊。,https://www.google.com/maps/search/?api=1&query=%E6%96%B0%E5%8C%97%E5%B8%82%E6%96%B0%E8%8E%8A%E5%8D%80%E4%B8%AD%E6%AD%A3%E8%B7%AF108%E8%99%9F; http://www.hchs.ntpc.edu.tw,http://www.hchs.ntpc.edu.tw,http://www.hchs.ntpc.edu.tw,https://www.google.com/maps/search/?api=1&query=%E6%96%B0%E5%8C%97%E5%B8%82%E6%96%B0%E8%8E%8A%E5%8D%80%E4%B8%AD%E6%AD%A3%E8%B7%AF108%E8%99%9F,http://www.hchs.ntpc.edu.tw,http://www.hchs.ntpc.edu.tw,http://www.hchs.ntpc.edu.tw
基北區,,011329,財團法人辭修高中,私立,基北區,綜高,男女校,新北市,三峽區,新北市三峽區溪東路251號,http://www.tsshs.ntpc.edu.tw,(02)86761277,普通科:174；航運管理科:8；食品科:8,190,190,教育部115學年度高中職名錄；招生與科系依115學年度基北區免試入學簡章整理。未填最低錄取分數，避免引用未經官方統一核定的估算值。；115學年度基北區免試入學核定招生名額（使用者提供 PDF；一般生招生名額，含科別與性別欄位）,資優/特色班請依各校及基北區官方公告查詢,,115學年度本表招生科別可確認包含：普通科、航運管理科、食品科。學校官網首頁未標示更完整的全校課程方向摘要；詳細課程內容以校方115學年度課程計畫為準。,學校官網首頁未標示115學年度全校統一實習／專題內容；實際實作、專題或成果要求以各科、實習處或課程計畫公告為準。,學校官網首頁未標示完整固定大眾運輸到校路線或115學年度固定學生專車班次；本表不自行補寫路線。,網站首頁未標示固定通勤時間；Google地圖欄已依官方校址建立查詢入口，可依實際出發地查詢即時大眾運輸。,學校官網首頁未標示115學年度校內學生宿舍申請資訊。,https://www.google.com/maps/search/?api=1&query=%E6%96%B0%E5%8C%97%E5%B8%82%E4%B8%89%E5%B3%BD%E5%8D%80%E6%BA%AA%E6%9D%B1%E8%B7%AF251%E8%99%9F; http://www.tsshs.ntpc.edu.tw,http://www.tsshs.ntpc.edu.tw,http://www.tsshs.ntpc.edu.tw,https://www.google.com/maps/search/?api=1&query=%E6%96%B0%E5%8C%97%E5%B8%82%E4%B8%89%E5%B3%BD%E5%8D%80%E6%BA%AA%E6%9D%B1%E8%B7%AF251%E8%99%9F,http://www.tsshs.ntpc.edu.tw,http://www.tsshs.ntpc.edu.tw,http://www.tsshs.ntpc.edu.tw
基北區,,034306,市立南崁高中,公立,基北區共同就學區,高中,男女校,桃園市,蘆竹區,桃園市蘆竹區仁愛路二段1號,https://www.nksh.tyc.edu.tw/ischool/publish_page/0/,(03)3525580,普通科:1；普通科:20,21,21,教育部115學年度高中職名錄；招生與科系依115學年度基北區免試入學簡章整理。未填最低錄取分數，避免引用未經官方統一核定的估算值。；115學年度基北區免試入學核定招生名額（使用者提供 PDF；一般生招生名額，含科別與性別欄位）,資優/特色班請依各校及基北區官方公告查詢,,115學年度本表招生科別可確認包含：普通科。學校官網首頁未標示更完整的全校課程方向摘要；詳細課程內容以校方115學年度課程計畫為準。,學校官網首頁未標示115學年度全校統一實習／專題內容；實際實作、專題或成果要求以各科、實習處或課程計畫公告為準。,學校官網首頁未標示完整固定大眾運輸到校路線或115學年度固定學生專車班次；本表不自行補寫路線。,網站首頁未標示固定通勤時間；Google地圖欄已依官方校址建立查詢入口，可依實際出發地查詢即時大眾運輸。,學校官網首頁未標示115學年度校內學生宿舍申請資訊。,https://www.google.com/maps/search/?api=1&query=%E6%A1%83%E5%9C%92%E5%B8%82%E8%98%86%E7%AB%B9%E5%8D%80%E4%BB%81%E6%84%9B%E8%B7%AF%E4%BA%8C%E6%AE%B51%E8%99%9F; https://www.nksh.tyc.edu.tw/ischool/publish_page/0/,https://www.nksh.tyc.edu.tw/ischool/publish_page/0/,https://www.nksh.tyc.edu.tw/ischool/publish_page/0/,https://www.google.com/maps/search/?api=1&query=%E6%A1%83%E5%9C%92%E5%B8%82%E8%98%86%E7%AB%B9%E5%8D%80%E4%BB%81%E6%84%9B%E8%B7%AF%E4%BA%8C%E6%AE%B51%E8%99%9F,https://www.nksh.tyc.edu.tw/ischool/publish_page/0/,https://www.nksh.tyc.edu.tw/ischool/publish_page/0/,https://www.nksh.tyc.edu.tw/ischool/publish_page/0/
基北區,,034314,市立壽山高中,公立,基北區共同就學區,高職,男女校,桃園市,龜山區,桃園市龜山區大同路23號,http://www.sssh.tyc.edu.tw,(03)3501778,國際貿易科:5；應用英語科:5；廣告設計科:3,13,13,教育部115學年度高中職名錄；招生與科系依115學年度基北區免試入學簡章整理。未填最低錄取分數，避免引用未經官方統一核定的估算值。；115學年度基北區免試入學核定招生名額（使用者提供 PDF；一般生招生名額，含科別與性別欄位）,資優/特色班請依各校及基北區官方公告查詢,,115學年度本表招生科別可確認包含：國際貿易科、應用英語科、廣告設計科。學校官網首頁未標示更完整的全校課程方向摘要；詳細課程內容以校方115學年度課程計畫為準。,學校官網首頁未標示115學年度全校統一實習／專題內容；實際實作、專題或成果要求以各科、實習處或課程計畫公告為準。,學校官網首頁未標示完整固定大眾運輸到校路線或115學年度固定學生專車班次；本表不自行補寫路線。,網站首頁未標示固定通勤時間；Google地圖欄已依官方校址建立查詢入口，可依實際出發地查詢即時大眾運輸。,學校官網首頁未標示115學年度校內學生宿舍申請資訊。,https://www.google.com/maps/search/?api=1&query=%E6%A1%83%E5%9C%92%E5%B8%82%E9%BE%9C%E5%B1%B1%E5%8D%80%E5%A4%A7%E5%90%8C%E8%B7%AF23%E8%99%9F; http://www.sssh.tyc.edu.tw,http://www.sssh.tyc.edu.tw,http://www.sssh.tyc.edu.tw,https://www.google.com/maps/search/?api=1&query=%E6%A1%83%E5%9C%92%E5%B8%82%E9%BE%9C%E5%B1%B1%E5%8D%80%E5%A4%A7%E5%90%8C%E8%B7%AF23%E8%99%9F,http://www.sssh.tyc.edu.tw,http://www.sssh.tyc.edu.tw,http://www.sssh.tyc.edu.tw
基北區,,034347,市立永豐高中,公立,基北區共同就學區,綜高,男女校,桃園市,八德區,桃園市八德區永豐路609號,http://www.yfms.tyc.edu.tw,(03)3692679,應用英語科:5；廣告設計科:3；普通科:1,9,9,教育部115學年度高中職名錄；招生與科系依115學年度基北區免試入學簡章整理。未填最低錄取分數，避免引用未經官方統一核定的估算值。；115學年度基北區免試入學核定招生名額（使用者提供 PDF；一般生招生名額，含科別與性別欄位）,資優/特色班請依各校及基北區官方公告查詢,,115學年度本表招生科別可確認包含：應用英語科、廣告設計科、普通科。學校官網首頁未標示更完整的全校課程方向摘要；詳細課程內容以校方115學年度課程計畫為準。,學校官網首頁未標示115學年度全校統一實習／專題內容；實際實作、專題或成果要求以各科、實習處或課程計畫公告為準。,學校官網首頁未標示完整固定大眾運輸到校路線或115學年度固定學生專車班次；本表不自行補寫路線。,網站首頁未標示固定通勤時間；Google地圖欄已依官方校址建立查詢入口，可依實際出發地查詢即時大眾運輸。,學校官網首頁未標示115學年度校內學生宿舍申請資訊。,https://www.google.com/maps/search/?api=1&query=%E6%A1%83%E5%9C%92%E5%B8%82%E5%85%AB%E5%BE%B7%E5%8D%80%E6%B0%B8%E8%B1%90%E8%B7%AF609%E8%99%9F; http://www.yfms.tyc.edu.tw,http://www.yfms.tyc.edu.tw,http://www.yfms.tyc.edu.tw,https://www.google.com/maps/search/?api=1&query=%E6%A1%83%E5%9C%92%E5%B8%82%E5%85%AB%E5%BE%B7%E5%8D%80%E6%B0%B8%E8%B1%90%E8%B7%AF609%E8%99%9F,http://www.yfms.tyc.edu.tw,http://www.yfms.tyc.edu.tw,http://www.yfms.tyc.edu.tw
基北區,,031414,桃園市世紀綠能工商,私立,基北區共同就學區,高職,男女校,桃園市,龜山區,桃園市龜山區明德路162巷100號,https://web.cgehs.tyc.edu.tw/,(03)3294187,機械科:3；汽車科:3；資訊科:3；幼兒保育科:3；餐飲管理科:3,15,15,教育部115學年度高中職名錄；招生與科系依115學年度基北區免試入學簡章整理。未填最低錄取分數，避免引用未經官方統一核定的估算值。；115學年度基北區免試入學核定招生名額（使用者提供 PDF；一般生招生名額，含科別與性別欄位）,資優/特色班請依各校及基北區官方公告查詢,,115學年度本表招生科別可確認包含：機械科、汽車科、資訊科、幼兒保育科、餐飲管理科。學校官網首頁未標示更完整的全校課程方向摘要；詳細課程內容以校方115學年度課程計畫為準。,學校官網首頁未標示115學年度全校統一實習／專題內容；實際實作、專題或成果要求以各科、實習處或課程計畫公告為準。,學校官網首頁未標示完整固定大眾運輸到校路線或115學年度固定學生專車班次；本表不自行補寫路線。,網站首頁未標示固定通勤時間；Google地圖欄已依官方校址建立查詢入口，可依實際出發地查詢即時大眾運輸。,學校官網首頁未標示115學年度校內學生宿舍申請資訊。,https://www.google.com/maps/search/?api=1&query=%E6%A1%83%E5%9C%92%E5%B8%82%E9%BE%9C%E5%B1%B1%E5%8D%80%E6%98%8E%E5%BE%B7%E8%B7%AF162%E5%B7%B7100%E8%99%9F; https://web.cgehs.tyc.edu.tw/,https://web.cgehs.tyc.edu.tw/,https://web.cgehs.tyc.edu.tw/,https://www.google.com/maps/search/?api=1&query=%E6%A1%83%E5%9C%92%E5%B8%82%E9%BE%9C%E5%B1%B1%E5%8D%80%E6%98%8E%E5%BE%B7%E8%B7%AF162%E5%B7%B7100%E8%99%9F,https://web.cgehs.tyc.edu.tw/,https://web.cgehs.tyc.edu.tw/,https://web.cgehs.tyc.edu.tw/
基北區,,031317,私立光啟高中,私立,基北區共同就學區,綜高,男女校,桃園市,龜山區,桃園市龜山區自由街40號,http://www.phsh.tyc.edu.tw,(02)82098313,普通科:10；機械科:11；汽車科:11；電機科:11；照顧服務科:11；餐飲管理科:11,65,65,教育部115學年度高中職名錄；招生與科系依115學年度基北區免試入學簡章整理。未填最低錄取分數，避免引用未經官方統一核定的估算值。；115學年度基北區免試入學核定招生名額（使用者提供 PDF；一般生招生名額，含科別與性別欄位）,資優/特色班請依各校及基北區官方公告查詢,,115學年度本表招生科別可確認包含：普通科、機械科、汽車科、電機科、照顧服務科、餐飲管理科。學校官網首頁未標示更完整的全校課程方向摘要；詳細課程內容以校方115學年度課程計畫為準。,學校官網首頁未標示115學年度全校統一實習／專題內容；實際實作、專題或成果要求以各科、實習處或課程計畫公告為準。,學校官網首頁未標示完整固定大眾運輸到校路線或115學年度固定學生專車班次；本表不自行補寫路線。,網站首頁未標示固定通勤時間；Google地圖欄已依官方校址建立查詢入口，可依實際出發地查詢即時大眾運輸。,學校官網首頁未標示115學年度校內學生宿舍申請資訊。,https://www.google.com/maps/search/?api=1&query=%E6%A1%83%E5%9C%92%E5%B8%82%E9%BE%9C%E5%B1%B1%E5%8D%80%E8%87%AA%E7%94%B1%E8%A1%9740%E8%99%9F; http://www.phsh.tyc.edu.tw,http://www.phsh.tyc.edu.tw,http://www.phsh.tyc.edu.tw,https://www.google.com/maps/search/?api=1&query=%E6%A1%83%E5%9C%92%E5%B8%82%E9%BE%9C%E5%B1%B1%E5%8D%80%E8%87%AA%E7%94%B1%E8%A1%9740%E8%99%9F,http://www.phsh.tyc.edu.tw,http://www.phsh.tyc.edu.tw,http://www.phsh.tyc.edu.tw
基北區,,330301,國立師大附中,公立,基北區,高中,男女校,臺北市,大安區,臺北市大安區和安里信義路三段143號,https://www.hs.ntnu.edu.tw/,(02)27075215,普通科(男):463；普通科(女):198,661,661,教育部115學年度高中職名錄；招生與科系依115學年度基北區免試入學簡章整理。未填最低錄取分數，避免引用未經官方統一核定的估算值。；115學年度基北區免試入學核定招生名額（使用者提供 PDF；一般生招生名額，含科別與性別欄位）,資優/特色班請依各校及基北區官方公告查詢,,115學年度本表招生科別可確認包含：普通科。學校官網首頁未標示更完整的全校課程方向摘要；詳細課程內容以校方115學年度課程計畫為準。,學校官網首頁未標示115學年度全校統一實習／專題內容；實際實作、專題或成果要求以各科、實習處或課程計畫公告為準。,學校官網首頁未標示完整固定大眾運輸到校路線或115學年度固定學生專車班次；本表不自行補寫路線。,網站首頁未標示固定通勤時間；Google地圖欄已依官方校址建立查詢入口，可依實際出發地查詢即時大眾運輸。,學校官網首頁未標示115學年度校內學生宿舍申請資訊。,https://www.google.com/maps/search/?api=1&query=%E8%87%BA%E5%8C%97%E5%B8%82%E5%A4%A7%E5%AE%89%E5%8D%80%E5%92%8C%E5%AE%89%E9%87%8C%E4%BF%A1%E7%BE%A9%E8%B7%AF%E4%B8%89%E6%AE%B5143%E8%99%9F; https://www.hs.ntnu.edu.tw/,https://www.hs.ntnu.edu.tw/,https://www.hs.ntnu.edu.tw/,https://www.google.com/maps/search/?api=1&query=%E8%87%BA%E5%8C%97%E5%B8%82%E5%A4%A7%E5%AE%89%E5%8D%80%E5%92%8C%E5%AE%89%E9%87%8C%E4%BF%A1%E7%BE%A9%E8%B7%AF%E4%B8%89%E6%AE%B5143%E8%99%9F,https://www.hs.ntnu.edu.tw/,https://www.hs.ntnu.edu.tw/,https://www.hs.ntnu.edu.tw/
基北區,,380301,國立政大附中,公立,基北區,高中,男女校,臺北市,文山區,臺北市文山區政大里政大一街353號,https://www.ahs.nccu.edu.tw/home,(02)82377500,普通科:163,163,163,教育部115學年度高中職名錄；招生與科系依115學年度基北區免試入學簡章整理。未填最低錄取分數，避免引用未經官方統一核定的估算值。；115學年度基北區免試入學核定招生名額（使用者提供 PDF；一般生招生名額，含科別與性別欄位）,資優/特色班請依各校及基北區官方公告查詢,,115學年度本表招生科別可確認包含：普通科。學校官網首頁未標示更完整的全校課程方向摘要；詳細課程內容以校方115學年度課程計畫為準。,學校官網首頁未標示115學年度全校統一實習／專題內容；實際實作、專題或成果要求以各科、實習處或課程計畫公告為準。,學校官網首頁未標示完整固定大眾運輸到校路線或115學年度固定學生專車班次；本表不自行補寫路線。,網站首頁未標示固定通勤時間；Google地圖欄已依官方校址建立查詢入口，可依實際出發地查詢即時大眾運輸。,學校官網首頁未標示115學年度校內學生宿舍申請資訊。,https://www.google.com/maps/search/?api=1&query=%E8%87%BA%E5%8C%97%E5%B8%82%E6%96%87%E5%B1%B1%E5%8D%80%E6%94%BF%E5%A4%A7%E9%87%8C%E6%94%BF%E5%A4%A7%E4%B8%80%E8%A1%97353%E8%99%9F; https://www.ahs.nccu.edu.tw/home,https://www.ahs.nccu.edu.tw/home,https://www.ahs.nccu.edu.tw/home,https://www.google.com/maps/search/?api=1&query=%E8%87%BA%E5%8C%97%E5%B8%82%E6%96%87%E5%B1%B1%E5%8D%80%E6%94%BF%E5%A4%A7%E9%87%8C%E6%94%BF%E5%A4%A7%E4%B8%80%E8%A1%97353%E8%99%9F,https://www.ahs.nccu.edu.tw/home,https://www.ahs.nccu.edu.tw/home,https://www.ahs.nccu.edu.tw/home
基北區,,343301,市立中山女中,公立,基北區,高中,女校,臺北市,中山區,臺北市中山區力行里長安東路2段141號,http://www.csghs.tp.edu.tw,(02)25073148,普通科(女):709,709,709,教育部115學年度高中職名錄；招生與科系依115學年度基北區免試入學簡章整理。未填最低錄取分數，避免引用未經官方統一核定的估算值。；115學年度基北區免試入學核定招生名額（使用者提供 PDF；一般生招生名額，含科別與性別欄位）,資優/特色班請依各校及基北區官方公告查詢,,115學年度本表招生科別可確認包含：普通科。學校官網首頁未標示更完整的全校課程方向摘要；詳細課程內容以校方115學年度課程計畫為準。,學校官網首頁未標示115學年度全校統一實習／專題內容；實際實作、專題或成果要求以各科、實習處或課程計畫公告為準。,學校官網首頁未標示完整固定大眾運輸到校路線或115學年度固定學生專車班次；本表不自行補寫路線。,網站首頁未標示固定通勤時間；Google地圖欄已依官方校址建立查詢入口，可依實際出發地查詢即時大眾運輸。,學校官網首頁未標示115學年度校內學生宿舍申請資訊。,https://www.google.com/maps/search/?api=1&query=%E8%87%BA%E5%8C%97%E5%B8%82%E4%B8%AD%E5%B1%B1%E5%8D%80%E5%8A%9B%E8%A1%8C%E9%87%8C%E9%95%B7%E5%AE%89%E6%9D%B1%E8%B7%AF2%E6%AE%B5141%E8%99%9F; http://www.csghs.tp.edu.tw,http://www.csghs.tp.edu.tw,http://www.csghs.tp.edu.tw,https://www.google.com/maps/search/?api=1&query=%E8%87%BA%E5%8C%97%E5%B8%82%E4%B8%AD%E5%B1%B1%E5%8D%80%E5%8A%9B%E8%A1%8C%E9%87%8C%E9%95%B7%E5%AE%89%E6%9D%B1%E8%B7%AF2%E6%AE%B5141%E8%99%9F,http://www.csghs.tp.edu.tw,http://www.csghs.tp.edu.tw,http://www.csghs.tp.edu.tw
基北區,,313302,市立中崙高中,公立,基北區,高中,男女校,臺北市,松山區,臺北市松山區吉祥里八德路四段101號,http://www.zlsh.tp.edu.tw/,(02)27535316,普通科:259,259,259,教育部115學年度高中職名錄；招生與科系依115學年度基北區免試入學簡章整理。未填最低錄取分數，避免引用未經官方統一核定的估算值。；115學年度基北區免試入學核定招生名額（使用者提供 PDF；一般生招生名額，含科別與性別欄位）,資優/特色班請依各校及基北區官方公告查詢,,115學年度本表招生科別可確認包含：普通科。學校官網首頁未標示更完整的全校課程方向摘要；詳細課程內容以校方115學年度課程計畫為準。,學校官網首頁未標示115學年度全校統一實習／專題內容；實際實作、專題或成果要求以各科、實習處或課程計畫公告為準。,學校官網首頁未標示完整固定大眾運輸到校路線或115學年度固定學生專車班次；本表不自行補寫路線。,網站首頁未標示固定通勤時間；Google地圖欄已依官方校址建立查詢入口，可依實際出發地查詢即時大眾運輸。,學校官網首頁未標示115學年度校內學生宿舍申請資訊。,https://www.google.com/maps/search/?api=1&query=%E8%87%BA%E5%8C%97%E5%B8%82%E6%9D%BE%E5%B1%B1%E5%8D%80%E5%90%89%E7%A5%A5%E9%87%8C%E5%85%AB%E5%BE%B7%E8%B7%AF%E5%9B%9B%E6%AE%B5101%E8%99%9F; http://www.zlsh.tp.edu.tw/,http://www.zlsh.tp.edu.tw/,http://www.zlsh.tp.edu.tw/,https://www.google.com/maps/search/?api=1&query=%E8%87%BA%E5%8C%97%E5%B8%82%E6%9D%BE%E5%B1%B1%E5%8D%80%E5%90%89%E7%A5%A5%E9%87%8C%E5%85%AB%E5%BE%B7%E8%B7%AF%E5%9B%9B%E6%AE%B5101%E8%99%9F,http://www.zlsh.tp.edu.tw/,http://www.zlsh.tp.edu.tw/,http://www.zlsh.tp.edu.tw/
基北區,,423302,市立中正高中,公立,基北區,高中,男女校,臺北市,北投區,臺北市北投區建民里文林北路77號,https://www.ccsh.tp.edu.tw/,(02)28234811,普通科:449,449,449,教育部115學年度高中職名錄；招生與科系依115學年度基北區免試入學簡章整理。未填最低錄取分數，避免引用未經官方統一核定的估算值。；115學年度基北區免試入學核定招生名額（使用者提供 PDF；一般生招生名額，含科別與性別欄位）,資優/特色班請依各校及基北區官方公告查詢,,115學年度本表招生科別可確認包含：普通科。學校官網首頁未標示更完整的全校課程方向摘要；詳細課程內容以校方115學年度課程計畫為準。,學校官網首頁未標示115學年度全校統一實習／專題內容；實際實作、專題或成果要求以各科、實習處或課程計畫公告為準。,學校官網首頁未標示完整固定大眾運輸到校路線或115學年度固定學生專車班次；本表不自行補寫路線。,網站首頁未標示固定通勤時間；Google地圖欄已依官方校址建立查詢入口，可依實際出發地查詢即時大眾運輸。,學校官網首頁未標示115學年度校內學生宿舍申請資訊。,https://www.google.com/maps/search/?api=1&query=%E8%87%BA%E5%8C%97%E5%B8%82%E5%8C%97%E6%8A%95%E5%8D%80%E5%BB%BA%E6%B0%91%E9%87%8C%E6%96%87%E6%9E%97%E5%8C%97%E8%B7%AF77%E8%99%9F; https://www.ccsh.tp.edu.tw/,https://www.ccsh.tp.edu.tw/,https://www.ccsh.tp.edu.tw/,https://www.google.com/maps/search/?api=1&query=%E8%87%BA%E5%8C%97%E5%B8%82%E5%8C%97%E6%8A%95%E5%8D%80%E5%BB%BA%E6%B0%91%E9%87%8C%E6%96%87%E6%9E%97%E5%8C%97%E8%B7%AF77%E8%99%9F,https://www.ccsh.tp.edu.tw/,https://www.ccsh.tp.edu.tw/,https://www.ccsh.tp.edu.tw/
基北區,,403301,市立內湖高中,公立,基北區,高中,男女校,臺北市,內湖區,臺北市內湖區紫陽里文德路218號,http://www.nhsh.tp.edu.tw,(02)27977035,男(5):6；女(6):5,11,11,教育部115學年度高中職名錄；招生與科系依115學年度基北區免試入學簡章整理。未填最低錄取分數，避免引用未經官方統一核定的估算值。；115學年度基北區免試入學核定招生名額（使用者提供 PDF；一般生招生名額，含科別與性別欄位）,資優/特色班請依各校及基北區官方公告查詢,,學校官網首頁未標示更完整的全校課程方向摘要；詳細課程內容以校方115學年度課程計畫為準。,學校官網首頁未標示115學年度全校統一實習／專題內容；實際實作、專題或成果要求以各科、實習處或課程計畫公告為準。,學校官網首頁未標示完整固定大眾運輸到校路線或115學年度固定學生專車班次；本表不自行補寫路線。,網站首頁未標示固定通勤時間；Google地圖欄已依官方校址建立查詢入口，可依實際出發地查詢即時大眾運輸。,學校官網首頁未標示115學年度校內學生宿舍申請資訊。,https://www.google.com/maps/search/?api=1&query=%E8%87%BA%E5%8C%97%E5%B8%82%E5%85%A7%E6%B9%96%E5%8D%80%E7%B4%AB%E9%99%BD%E9%87%8C%E6%96%87%E5%BE%B7%E8%B7%AF218%E8%99%9F; http://www.nhsh.tp.edu.tw,http://www.nhsh.tp.edu.tw,http://www.nhsh.tp.edu.tw,https://www.google.com/maps/search/?api=1&query=%E8%87%BA%E5%8C%97%E5%B8%82%E5%85%A7%E6%B9%96%E5%8D%80%E7%B4%AB%E9%99%BD%E9%87%8C%E6%96%87%E5%BE%B7%E8%B7%AF218%E8%99%9F,http://www.nhsh.tp.edu.tw,http://www.nhsh.tp.edu.tw,http://www.nhsh.tp.edu.tw
基北區,,403401,市立內湖高工,公立,基北區,高職,男女校,臺北市,內湖區,114064 臺北市內湖區內湖路一段520號,https://www.nihs.tp.edu.tw/,(02)26574874,電子科:96；控制科:44；電機科:88；冷凍空調科:48；應用英語科:48；商業經營科:96,420,420,教育部115學年度高中職名錄；招生與科系依115學年度基北區免試入學簡章整理。未填最低錄取分數，避免引用未經官方統一核定的估算值。；115學年度基北區免試入學核定招生名額（使用者提供 PDF；一般生招生名額，含科別與性別欄位）,資優/特色班請依各校及基北區官方公告查詢,,115學年度本表招生科別可確認包含：電子科、控制科、電機科、冷凍空調科、應用英語科、商業經營科。學校官網首頁未標示更完整的全校課程方向摘要；詳細課程內容以校方115學年度課程計畫為準。,學校官網首頁未標示115學年度全校統一實習／專題內容；實際實作、專題或成果要求以各科、實習處或課程計畫公告為準。,學校官網首頁未標示完整固定大眾運輸到校路線或115學年度固定學生專車班次；本表不自行補寫路線。,網站首頁未標示固定通勤時間；Google地圖欄已依官方校址建立查詢入口，可依實際出發地查詢即時大眾運輸。,學校官網首頁未標示115學年度校內學生宿舍申請資訊。,https://www.google.com/maps/search/?api=1&query=114064+%E8%87%BA%E5%8C%97%E5%B8%82%E5%85%A7%E6%B9%96%E5%8D%80%E5%85%A7%E6%B9%96%E8%B7%AF%E4%B8%80%E6%AE%B5520%E8%99%9F; https://www.nihs.tp.edu.tw/,https://www.nihs.tp.edu.tw/,https://www.nihs.tp.edu.tw/,https://www.google.com/maps/search/?api=1&query=114064+%E8%87%BA%E5%8C%97%E5%B8%82%E5%85%A7%E6%B9%96%E5%8D%80%E5%85%A7%E6%B9%96%E8%B7%AF%E4%B8%80%E6%AE%B5520%E8%99%9F,https://www.nihs.tp.edu.tw/,https://www.nihs.tp.edu.tw/,https://www.nihs.tp.edu.tw/
基北區,,353303,市立北一女中,公立,基北區,高中,女校,臺北市,中正區,臺北市中正區建國里重慶南路1段165號,http://www.fg.tp.edu.tw,(02)23820484,普通科(女):704,704,704,教育部115學年度高中職名錄；招生與科系依115學年度基北區免試入學簡章整理。未填最低錄取分數，避免引用未經官方統一核定的估算值。；115學年度基北區免試入學核定招生名額（使用者提供 PDF；一般生招生名額，含科別與性別欄位）,資優/特色班請依各校及基北區官方公告查詢,,115學年度本表招生科別可確認包含：普通科。學校官網首頁未標示更完整的全校課程方向摘要；詳細課程內容以校方115學年度課程計畫為準。,學校官網首頁未標示115學年度全校統一實習／專題內容；實際實作、專題或成果要求以各科、實習處或課程計畫公告為準。,學校官網首頁未標示完整固定大眾運輸到校路線或115學年度固定學生專車班次；本表不自行補寫路線。,網站首頁未標示固定通勤時間；Google地圖欄已依官方校址建立查詢入口，可依實際出發地查詢即時大眾運輸。,學校官網首頁未標示115學年度校內學生宿舍申請資訊。,https://www.google.com/maps/search/?api=1&query=%E8%87%BA%E5%8C%97%E5%B8%82%E4%B8%AD%E6%AD%A3%E5%8D%80%E5%BB%BA%E5%9C%8B%E9%87%8C%E9%87%8D%E6%85%B6%E5%8D%97%E8%B7%AF1%E6%AE%B5165%E8%99%9F; http://www.fg.tp.edu.tw,http://www.fg.tp.edu.tw,http://www.fg.tp.edu.tw,https://www.google.com/maps/search/?api=1&query=%E8%87%BA%E5%8C%97%E5%B8%82%E4%B8%AD%E6%AD%A3%E5%8D%80%E5%BB%BA%E5%9C%8B%E9%87%8C%E9%87%8D%E6%85%B6%E5%8D%97%E8%B7%AF1%E6%AE%B5165%E8%99%9F,http://www.fg.tp.edu.tw,http://www.fg.tp.edu.tw,http://www.fg.tp.edu.tw
基北區,,373302,市立北市大附中,公立,基北區,綜高,男女校,臺北市,萬華區,108324 臺北市萬華區長順街2號,https://newweb.tlsh.tp.edu.tw/,(02)23026959,綜合高中:234,234,234,教育部115學年度高中職名錄；招生與科系依115學年度基北區免試入學簡章整理。未填最低錄取分數，避免引用未經官方統一核定的估算值。；115學年度基北區免試入學核定招生名額（使用者提供 PDF；一般生招生名額，含科別與性別欄位）,資優/特色班請依各校及基北區官方公告查詢,,115學年度本表招生科別可確認包含：綜合高中。學校官網首頁未標示更完整的全校課程方向摘要；詳細課程內容以校方115學年度課程計畫為準。,學校官網首頁未標示115學年度全校統一實習／專題內容；實際實作、專題或成果要求以各科、實習處或課程計畫公告為準。,學校官網首頁未標示完整固定大眾運輸到校路線或115學年度固定學生專車班次；本表不自行補寫路線。,網站首頁未標示固定通勤時間；Google地圖欄已依官方校址建立查詢入口，可依實際出發地查詢即時大眾運輸。,學校官網首頁未標示115學年度校內學生宿舍申請資訊。,https://www.google.com/maps/search/?api=1&query=108324+%E8%87%BA%E5%8C%97%E5%B8%82%E8%90%AC%E8%8F%AF%E5%8D%80%E9%95%B7%E9%A0%86%E8%A1%972%E8%99%9F; https://newweb.tlsh.tp.edu.tw/,https://newweb.tlsh.tp.edu.tw/,https://newweb.tlsh.tp.edu.tw/,https://www.google.com/maps/search/?api=1&query=108324+%E8%87%BA%E5%8C%97%E5%B8%82%E8%90%AC%E8%8F%AF%E5%8D%80%E9%95%B7%E9%A0%86%E8%A1%972%E8%99%9F,https://newweb.tlsh.tp.edu.tw/,https://newweb.tlsh.tp.edu.tw/,https://newweb.tlsh.tp.edu.tw/
基北區,,393301,市立南港高中,公立,基北區,高中,男女校,臺北市,南港區,臺北市南港區西新里向陽路21號,http://www.nksh.tp.edu.tw,(02)27837863,普通科:193,193,193,教育部115學年度高中職名錄；招生與科系依115學年度基北區免試入學簡章整理。未填最低錄取分數，避免引用未經官方統一核定的估算值。；115學年度基北區免試入學核定招生名額（使用者提供 PDF；一般生招生名額，含科別與性別欄位）,資優/特色班請依各校及基北區官方公告查詢,,115學年度本表招生科別可確認包含：普通科。學校官網首頁未標示更完整的全校課程方向摘要；詳細課程內容以校方115學年度課程計畫為準。,學校官網首頁未標示115學年度全校統一實習／專題內容；實際實作、專題或成果要求以各科、實習處或課程計畫公告為準。,學校官網首頁未標示完整固定大眾運輸到校路線或115學年度固定學生專車班次；本表不自行補寫路線。,網站首頁未標示固定通勤時間；Google地圖欄已依官方校址建立查詢入口，可依實際出發地查詢即時大眾運輸。,學校官網首頁未標示115學年度校內學生宿舍申請資訊。,https://www.google.com/maps/search/?api=1&query=%E8%87%BA%E5%8C%97%E5%B8%82%E5%8D%97%E6%B8%AF%E5%8D%80%E8%A5%BF%E6%96%B0%E9%87%8C%E5%90%91%E9%99%BD%E8%B7%AF21%E8%99%9F; http://www.nksh.tp.edu.tw,http://www.nksh.tp.edu.tw,http://www.nksh.tp.edu.tw,https://www.google.com/maps/search/?api=1&query=%E8%87%BA%E5%8C%97%E5%B8%82%E5%8D%97%E6%B8%AF%E5%8D%80%E8%A5%BF%E6%96%B0%E9%87%8C%E5%90%91%E9%99%BD%E8%B7%AF21%E8%99%9F,http://www.nksh.tp.edu.tw,http://www.nksh.tp.edu.tw,http://www.nksh.tp.edu.tw
基北區,,393401,市立南港高工,公立,基北區,高職,男女校,臺北市,南港區,臺北市南港區南港里興中路29號,http://www.nkhs.tp.edu.tw,(02)27825432,汽車科:44；電子科:49；電機科:54；冷凍空調科:44；建築科:54；土木科:40；劇場藝術科:52；資訊科:72,409,409,教育部115學年度高中職名錄；招生與科系依115學年度基北區免試入學簡章整理。未填最低錄取分數，避免引用未經官方統一核定的估算值。；115學年度基北區免試入學核定招生名額（使用者提供 PDF；一般生招生名額，含科別與性別欄位）,資優/特色班請依各校及基北區官方公告查詢,,115學年度本表招生科別可確認包含：汽車科、電子科、電機科、冷凍空調科、建築科、土木科、劇場藝術科、資訊科。學校官網首頁未標示更完整的全校課程方向摘要；詳細課程內容以校方115學年度課程計畫為準。,學校官網首頁未標示115學年度全校統一實習／專題內容；實際實作、專題或成果要求以各科、實習處或課程計畫公告為準。,學校官網首頁未標示完整固定大眾運輸到校路線或115學年度固定學生專車班次；本表不自行補寫路線。,網站首頁未標示固定通勤時間；Google地圖欄已依官方校址建立查詢入口，可依實際出發地查詢即時大眾運輸。,學校官網首頁未標示115學年度校內學生宿舍申請資訊。,https://www.google.com/maps/search/?api=1&query=%E8%87%BA%E5%8C%97%E5%B8%82%E5%8D%97%E6%B8%AF%E5%8D%80%E5%8D%97%E6%B8%AF%E9%87%8C%E8%88%88%E4%B8%AD%E8%B7%AF29%E8%99%9F; http://www.nkhs.tp.edu.tw,http://www.nkhs.tp.edu.tw,http://www.nkhs.tp.edu.tw,https://www.google.com/maps/search/?api=1&query=%E8%87%BA%E5%8C%97%E5%B8%82%E5%8D%97%E6%B8%AF%E5%8D%80%E5%8D%97%E6%B8%AF%E9%87%8C%E8%88%88%E4%B8%AD%E8%B7%AF29%E8%99%9F,http://www.nkhs.tp.edu.tw,http://www.nkhs.tp.edu.tw,http://www.nkhs.tp.edu.tw
基北區,,403303,市立南湖高中,公立,基北區,高中,男女校,臺北市,內湖區,臺北市內湖區南湖里康寧路三段220號,http://www.nhush.tp.edu.tw,(02)26308889,普通科:442,442,442,教育部115學年度高中職名錄；招生與科系依115學年度基北區免試入學簡章整理。未填最低錄取分數，避免引用未經官方統一核定的估算值。；115學年度基北區免試入學核定招生名額（使用者提供 PDF；一般生招生名額，含科別與性別欄位）,資優/特色班請依各校及基北區官方公告查詢,,115學年度本表招生科別可確認包含：普通科。學校官網首頁未標示更完整的全校課程方向摘要；詳細課程內容以校方115學年度課程計畫為準。,學校官網首頁未標示115學年度全校統一實習／專題內容；實際實作、專題或成果要求以各科、實習處或課程計畫公告為準。,學校官網首頁未標示完整固定大眾運輸到校路線或115學年度固定學生專車班次；本表不自行補寫路線。,網站首頁未標示固定通勤時間；Google地圖欄已依官方校址建立查詢入口，可依實際出發地查詢即時大眾運輸。,學校官網首頁未標示115學年度校內學生宿舍申請資訊。,https://www.google.com/maps/search/?api=1&query=%E8%87%BA%E5%8C%97%E5%B8%82%E5%85%A7%E6%B9%96%E5%8D%80%E5%8D%97%E6%B9%96%E9%87%8C%E5%BA%B7%E5%AF%A7%E8%B7%AF%E4%B8%89%E6%AE%B5220%E8%99%9F; http://www.nhush.tp.edu.tw,http://www.nhush.tp.edu.tw,http://www.nhush.tp.edu.tw,https://www.google.com/maps/search/?api=1&query=%E8%87%BA%E5%8C%97%E5%B8%82%E5%85%A7%E6%B9%96%E5%8D%80%E5%8D%97%E6%B9%96%E9%87%8C%E5%BA%B7%E5%AF%A7%E8%B7%AF%E4%B8%89%E6%AE%B5220%E8%99%9F,http://www.nhush.tp.edu.tw,http://www.nhush.tp.edu.tw,http://www.nhush.tp.edu.tw
基北區,,333301,市立和平高中,公立,基北區,高中,男女校,臺北市,大安區,106323 臺北市大安區臥龍街100號,https://www.hpsh.tp.edu.tw/,(02)27324300,普通科:321,321,321,教育部115學年度高中職名錄；招生與科系依115學年度基北區免試入學簡章整理。未填最低錄取分數，避免引用未經官方統一核定的估算值。；115學年度基北區免試入學核定招生名額（使用者提供 PDF；一般生招生名額，含科別與性別欄位）,資優/特色班請依各校及基北區官方公告查詢,,普通型高中課程以「探索自我、關懷社會、國際視野、終身學習」等校本學生圖像為軸，搭配多元選修、微課程與自主學習。,不設技職類固定實習；以自主學習、探究實作、微課程與學習成果為主，網站未標示全校統一專題題目。,學校官網首頁未標示完整固定大眾運輸到校路線或115學年度固定學生專車班次；本表不自行補寫路線。,網站首頁未標示固定通勤時間；Google地圖欄已依官方校址建立查詢入口，可依實際出發地查詢即時大眾運輸。,學校官網首頁未標示115學年度校內學生宿舍申請資訊。,https://www.google.com/maps/search/?api=1&query=106323+%E8%87%BA%E5%8C%97%E5%B8%82%E5%A4%A7%E5%AE%89%E5%8D%80%E8%87%A5%E9%BE%8D%E8%A1%97100%E8%99%9F; https://www.hpsh.tp.edu.tw/,https://www.hpsh.tp.edu.tw/,https://www.hpsh.tp.edu.tw/,https://www.google.com/maps/search/?api=1&query=106323+%E8%87%BA%E5%8C%97%E5%B8%82%E5%A4%A7%E5%AE%89%E5%8D%80%E8%87%A5%E9%BE%8D%E8%A1%97100%E8%99%9F,https://www.hpsh.tp.edu.tw/,https://admission.mail.hpsh.tp.edu.tw/,https://admission.mail.hpsh.tp.edu.tw/
基北區,,413401,市立士林高商,公立,基北區,高職,男女校,臺北市,士林區,臺北市士林區後港里士商路150號,http://www.slhs.tp.edu.tw,(02)28313114,國際貿易科:96；會計事務科:48；資料處理科:48；應用英語科:72；廣告設計科:58；資訊科:11；商業經營科:2；商業經營科:15；國際貿易科:12；應用英語科:10,372,372,教育部115學年度高中職名錄；招生與科系依115學年度基北區免試入學簡章整理。未填最低錄取分數，避免引用未經官方統一核定的估算值。；115學年度基北區免試入學核定招生名額（使用者提供 PDF；一般生招生名額，含科別與性別欄位）,資優/特色班請依各校及基北區官方公告查詢,,115學年度本表招生科別可確認包含：國際貿易科、會計事務科、資料處理科、應用英語科、廣告設計科、資訊科、商業經營科。學校官網首頁未標示更完整的全校課程方向摘要；詳細課程內容以校方115學年度課程計畫為準。,學校官網首頁未標示115學年度全校統一實習／專題內容；實際實作、專題或成果要求以各科、實習處或課程計畫公告為準。,學校官網首頁未標示完整固定大眾運輸到校路線或115學年度固定學生專車班次；本表不自行補寫路線。,網站首頁未標示固定通勤時間；Google地圖欄已依官方校址建立查詢入口，可依實際出發地查詢即時大眾運輸。,學校官網首頁未標示115學年度校內學生宿舍申請資訊。,https://www.google.com/maps/search/?api=1&query=%E8%87%BA%E5%8C%97%E5%B8%82%E5%A3%AB%E6%9E%97%E5%8D%80%E5%BE%8C%E6%B8%AF%E9%87%8C%E5%A3%AB%E5%95%86%E8%B7%AF150%E8%99%9F; http://www.slhs.tp.edu.tw,http://www.slhs.tp.edu.tw,http://www.slhs.tp.edu.tw,https://www.google.com/maps/search/?api=1&query=%E8%87%BA%E5%8C%97%E5%B8%82%E5%A3%AB%E6%9E%97%E5%8D%80%E5%BE%8C%E6%B8%AF%E9%87%8C%E5%A3%AB%E5%95%86%E8%B7%AF150%E8%99%9F,http://www.slhs.tp.edu.tw,http://www.slhs.tp.edu.tw,http://www.slhs.tp.edu.tw
基北區,,343302,市立大同高中,公立,基北區,綜高,男女校,臺北市,中山區,臺北市中山區中央里長春路167號,http://www.ttsh.tp.edu.tw,(02)25054269,普通科:461；資訊科:41；資料處理科:41,543,543,教育部115學年度高中職名錄；招生與科系依115學年度基北區免試入學簡章整理。未填最低錄取分數，避免引用未經官方統一核定的估算值。；115學年度基北區免試入學核定招生名額（使用者提供 PDF；一般生招生名額，含科別與性別欄位）,資優/特色班請依各校及基北區官方公告查詢,,115學年度本表招生科別可確認包含：普通科、資訊科、資料處理科。學校官網首頁未標示更完整的全校課程方向摘要；詳細課程內容以校方115學年度課程計畫為準。,學校官網首頁未標示115學年度全校統一實習／專題內容；實際實作、專題或成果要求以各科、實習處或課程計畫公告為準。,學校官網首頁未標示完整固定大眾運輸到校路線或115學年度固定學生專車班次；本表不自行補寫路線。,網站首頁未標示固定通勤時間；Google地圖欄已依官方校址建立查詢入口，可依實際出發地查詢即時大眾運輸。,學校官網首頁未標示115學年度校內學生宿舍申請資訊。,https://www.google.com/maps/search/?api=1&query=%E8%87%BA%E5%8C%97%E5%B8%82%E4%B8%AD%E5%B1%B1%E5%8D%80%E4%B8%AD%E5%A4%AE%E9%87%8C%E9%95%B7%E6%98%A5%E8%B7%AF167%E8%99%9F; http://www.ttsh.tp.edu.tw,http://www.ttsh.tp.edu.tw,http://www.ttsh.tp.edu.tw,https://www.google.com/maps/search/?api=1&query=%E8%87%BA%E5%8C%97%E5%B8%82%E4%B8%AD%E5%B1%B1%E5%8D%80%E4%B8%AD%E5%A4%AE%E9%87%8C%E9%95%B7%E6%98%A5%E8%B7%AF167%E8%99%9F,http://www.ttsh.tp.edu.tw,http://www.ttsh.tp.edu.tw,http://www.ttsh.tp.edu.tw
基北區,,333401,市立大安高工,公立,基北區,高職,男女校,臺北市,大安區,臺北市大安區龍圖里復興南路2段52號,http://www.taivs.tp.edu.tw,(02)27091630,汽車科:56；資訊科:52；電子科:49；控制科:37；電機科:52；冷凍空調科:49；建築科:52；圖文傳播科:54；機械科:67；鑄造科:18；汽車科:9；電子科:9；電機科:9；建築科:9；圖文傳播科:9,531,531,教育部115學年度高中職名錄；招生與科系依115學年度基北區免試入學簡章整理。未填最低錄取分數，避免引用未經官方統一核定的估算值。；115學年度基北區免試入學核定招生名額（使用者提供 PDF；一般生招生名額，含科別與性別欄位）,資優/特色班請依各校及基北區官方公告查詢,,115學年度本表招生科別可確認包含：汽車科、資訊科、電子科、控制科、電機科、冷凍空調科、建築科、圖文傳播科等。學校官網首頁未標示更完整的全校課程方向摘要；詳細課程內容以校方115學年度課程計畫為準。,學校官網首頁未標示115學年度全校統一實習／專題內容；實際實作、專題或成果要求以各科、實習處或課程計畫公告為準。,學校官網首頁未標示完整固定大眾運輸到校路線或115學年度固定學生專車班次；本表不自行補寫路線。,網站首頁未標示固定通勤時間；Google地圖欄已依官方校址建立查詢入口，可依實際出發地查詢即時大眾運輸。,學校官網首頁未標示115學年度校內學生宿舍申請資訊。,https://www.google.com/maps/search/?api=1&query=%E8%87%BA%E5%8C%97%E5%B8%82%E5%A4%A7%E5%AE%89%E5%8D%80%E9%BE%8D%E5%9C%96%E9%87%8C%E5%BE%A9%E8%88%88%E5%8D%97%E8%B7%AF2%E6%AE%B552%E8%99%9F; http://www.taivs.tp.edu.tw,http://www.taivs.tp.edu.tw,http://www.taivs.tp.edu.tw,https://www.google.com/maps/search/?api=1&query=%E8%87%BA%E5%8C%97%E5%B8%82%E5%A4%A7%E5%AE%89%E5%8D%80%E9%BE%8D%E5%9C%96%E9%87%8C%E5%BE%A9%E8%88%88%E5%8D%97%E8%B7%AF2%E6%AE%B552%E8%99%9F,http://www.taivs.tp.edu.tw,http://www.taivs.tp.edu.tw,http://www.taivs.tp.edu.tw
基北區,,343303,市立大直高中,公立,基北區,高中,男女校,臺北市,中山區,臺北市中山區劍潭里北安路420號,http://www.dcsh.tp.edu.tw,(02)25334017,普通科:237,237,237,教育部115學年度高中職名錄；招生與科系依115學年度基北區免試入學簡章整理。未填最低錄取分數，避免引用未經官方統一核定的估算值。；115學年度基北區免試入學核定招生名額（使用者提供 PDF；一般生招生名額，含科別與性別欄位）,資優/特色班請依各校及基北區官方公告查詢,,115學年度本表招生科別可確認包含：普通科。學校官網首頁未標示更完整的全校課程方向摘要；詳細課程內容以校方115學年度課程計畫為準。,學校官網首頁未標示115學年度全校統一實習／專題內容；實際實作、專題或成果要求以各科、實習處或課程計畫公告為準。,學校官網首頁未標示完整固定大眾運輸到校路線或115學年度固定學生專車班次；本表不自行補寫路線。,網站首頁未標示固定通勤時間；Google地圖欄已依官方校址建立查詢入口，可依實際出發地查詢即時大眾運輸。,學校官網首頁未標示115學年度校內學生宿舍申請資訊。,https://www.google.com/maps/search/?api=1&query=%E8%87%BA%E5%8C%97%E5%B8%82%E4%B8%AD%E5%B1%B1%E5%8D%80%E5%8A%8D%E6%BD%AD%E9%87%8C%E5%8C%97%E5%AE%89%E8%B7%AF420%E8%99%9F; http://www.dcsh.tp.edu.tw,http://www.dcsh.tp.edu.tw,http://www.dcsh.tp.edu.tw,https://www.google.com/maps/search/?api=1&query=%E8%87%BA%E5%8C%97%E5%B8%82%E4%B8%AD%E5%B1%B1%E5%8D%80%E5%8A%8D%E6%BD%AD%E9%87%8C%E5%8C%97%E5%AE%89%E8%B7%AF420%E8%99%9F,http://www.dcsh.tp.edu.tw,http://www.dcsh.tp.edu.tw,http://www.dcsh.tp.edu.tw
基北區,,353301,市立建國中學,公立,基北區,高中,男女校,臺北市,中正區,臺北市中正區龍光里南海路56號,http://www.ck.tp.edu.tw,(02)23034381,普通科(男):840,840,840,教育部115學年度高中職名錄；招生與科系依115學年度基北區免試入學簡章整理。未填最低錄取分數，避免引用未經官方統一核定的估算值。；115學年度基北區免試入學核定招生名額（使用者提供 PDF；一般生招生名額，含科別與性別欄位）,資優/特色班請依各校及基北區官方公告查詢,,115學年度本表招生科別可確認包含：普通科。學校官網首頁未標示更完整的全校課程方向摘要；詳細課程內容以校方115學年度課程計畫為準。,學校官網首頁未標示115學年度全校統一實習／專題內容；實際實作、專題或成果要求以各科、實習處或課程計畫公告為準。,學校官網首頁未標示完整固定大眾運輸到校路線或115學年度固定學生專車班次；本表不自行補寫路線。,網站首頁未標示固定通勤時間；Google地圖欄已依官方校址建立查詢入口，可依實際出發地查詢即時大眾運輸。,學校官網首頁未標示115學年度校內學生宿舍申請資訊。,https://www.google.com/maps/search/?api=1&query=%E8%87%BA%E5%8C%97%E5%B8%82%E4%B8%AD%E6%AD%A3%E5%8D%80%E9%BE%8D%E5%85%89%E9%87%8C%E5%8D%97%E6%B5%B7%E8%B7%AF56%E8%99%9F; http://www.ck.tp.edu.tw,http://www.ck.tp.edu.tw,http://www.ck.tp.edu.tw,https://www.google.com/maps/search/?api=1&query=%E8%87%BA%E5%8C%97%E5%B8%82%E4%B8%AD%E6%AD%A3%E5%8D%80%E9%BE%8D%E5%85%89%E9%87%8C%E5%8D%97%E6%B5%B7%E8%B7%AF56%E8%99%9F,http://www.ck.tp.edu.tw,http://www.ck.tp.edu.tw,http://www.ck.tp.edu.tw
基北區,,423301,市立復興高中,公立,基北區,高中,男女校,臺北市,北投區,臺北市北投區開明里復興四路70號,http://www.fhsh.tp.edu.tw,(02)28914131,普通科:381,381,381,教育部115學年度高中職名錄；招生與科系依115學年度基北區免試入學簡章整理。未填最低錄取分數，避免引用未經官方統一核定的估算值。；115學年度基北區免試入學核定招生名額（使用者提供 PDF；一般生招生名額，含科別與性別欄位）,資優/特色班請依各校及基北區官方公告查詢,,115學年度本表招生科別可確認包含：普通科。學校官網首頁未標示更完整的全校課程方向摘要；詳細課程內容以校方115學年度課程計畫為準。,學校官網首頁未標示115學年度全校統一實習／專題內容；實際實作、專題或成果要求以各科、實習處或課程計畫公告為準。,學校官網首頁未標示完整固定大眾運輸到校路線或115學年度固定學生專車班次；本表不自行補寫路線。,網站首頁未標示固定通勤時間；Google地圖欄已依官方校址建立查詢入口，可依實際出發地查詢即時大眾運輸。,學校官網首頁未標示115學年度校內學生宿舍申請資訊。,https://www.google.com/maps/search/?api=1&query=%E8%87%BA%E5%8C%97%E5%B8%82%E5%8C%97%E6%8A%95%E5%8D%80%E9%96%8B%E6%98%8E%E9%87%8C%E5%BE%A9%E8%88%88%E5%9B%9B%E8%B7%AF70%E8%99%9F; http://www.fhsh.tp.edu.tw,http://www.fhsh.tp.edu.tw,http://www.fhsh.tp.edu.tw,https://www.google.com/maps/search/?api=1&query=%E8%87%BA%E5%8C%97%E5%B8%82%E5%8C%97%E6%8A%95%E5%8D%80%E9%96%8B%E6%98%8E%E9%87%8C%E5%BE%A9%E8%88%88%E5%9B%9B%E8%B7%AF70%E8%99%9F,http://www.fhsh.tp.edu.tw,http://www.fhsh.tp.edu.tw,http://www.fhsh.tp.edu.tw
基北區,,353302,市立成功中學,公立,基北區,高中,男女校,臺北市,中正區,臺北市中正區幸福里濟南路1段71號,http://www.cksh.tp.edu.tw,(02)23216256,普通科(男):641,641,641,教育部115學年度高中職名錄；招生與科系依115學年度基北區免試入學簡章整理。未填最低錄取分數，避免引用未經官方統一核定的估算值。；115學年度基北區免試入學核定招生名額（使用者提供 PDF；一般生招生名額，含科別與性別欄位）,資優/特色班請依各校及基北區官方公告查詢,,115學年度本表招生科別可確認包含：普通科。學校官網首頁未標示更完整的全校課程方向摘要；詳細課程內容以校方115學年度課程計畫為準。,學校官網首頁未標示115學年度全校統一實習／專題內容；實際實作、專題或成果要求以各科、實習處或課程計畫公告為準。,學校官網首頁未標示完整固定大眾運輸到校路線或115學年度固定學生專車班次；本表不自行補寫路線。,網站首頁未標示固定通勤時間；Google地圖欄已依官方校址建立查詢入口，可依實際出發地查詢即時大眾運輸。,學校官網首頁未標示115學年度校內學生宿舍申請資訊。,https://www.google.com/maps/search/?api=1&query=%E8%87%BA%E5%8C%97%E5%B8%82%E4%B8%AD%E6%AD%A3%E5%8D%80%E5%B9%B8%E7%A6%8F%E9%87%8C%E6%BF%9F%E5%8D%97%E8%B7%AF1%E6%AE%B571%E8%99%9F; http://www.cksh.tp.edu.tw,http://www.cksh.tp.edu.tw,http://www.cksh.tp.edu.tw,https://www.google.com/maps/search/?api=1&query=%E8%87%BA%E5%8C%97%E5%B8%82%E4%B8%AD%E6%AD%A3%E5%8D%80%E5%B9%B8%E7%A6%8F%E9%87%8C%E6%BF%9F%E5%8D%97%E8%B7%AF1%E6%AE%B571%E8%99%9F,http://www.cksh.tp.edu.tw,http://www.cksh.tp.edu.tw,http://www.cksh.tp.edu.tw
基北區,,363302,市立成淵高中,公立,基北區,高中,男女校,臺北市,大同區,103345 臺北市大同區承德路二段235號,https://www.cyhs.tp.edu.tw/,(02)25531969,普通科:295,295,295,教育部115學年度高中職名錄；招生與科系依115學年度基北區免試入學簡章整理。未填最低錄取分數，避免引用未經官方統一核定的估算值。；115學年度基北區免試入學核定招生名額（使用者提供 PDF；一般生招生名額，含科別與性別欄位）,資優/特色班請依各校及基北區官方公告查詢,,115學年度本表招生科別可確認包含：普通科。學校官網首頁未標示更完整的全校課程方向摘要；詳細課程內容以校方115學年度課程計畫為準。,學校官網首頁未標示115學年度全校統一實習／專題內容；實際實作、專題或成果要求以各科、實習處或課程計畫公告為準。,學校官網首頁未標示完整固定大眾運輸到校路線或115學年度固定學生專車班次；本表不自行補寫路線。,網站首頁未標示固定通勤時間；Google地圖欄已依官方校址建立查詢入口，可依實際出發地查詢即時大眾運輸。,學校官網首頁未標示115學年度校內學生宿舍申請資訊。,https://www.google.com/maps/search/?api=1&query=103345+%E8%87%BA%E5%8C%97%E5%B8%82%E5%A4%A7%E5%90%8C%E5%8D%80%E6%89%BF%E5%BE%B7%E8%B7%AF%E4%BA%8C%E6%AE%B5235%E8%99%9F; https://www.cyhs.tp.edu.tw/,https://www.cyhs.tp.edu.tw/,https://www.cyhs.tp.edu.tw/,https://www.google.com/maps/search/?api=1&query=103345+%E8%87%BA%E5%8C%97%E5%B8%82%E5%A4%A7%E5%90%8C%E5%8D%80%E6%89%BF%E5%BE%B7%E8%B7%AF%E4%BA%8C%E6%AE%B5235%E8%99%9F,https://www.cyhs.tp.edu.tw/,https://www.cyhs.tp.edu.tw/,https://www.cyhs.tp.edu.tw/
基北區,,363301,市立明倫高中,公立,基北區,高中,男女校,臺北市,大同區,103332 臺北市大同區承德路三段336號,https://www.mlsh.tp.edu.tw/nss/p/index,(02)25961567,普通科:428,428,428,教育部115學年度高中職名錄；招生與科系依115學年度基北區免試入學簡章整理。未填最低錄取分數，避免引用未經官方統一核定的估算值。；115學年度基北區免試入學核定招生名額（使用者提供 PDF；一般生招生名額，含科別與性別欄位）,資優/特色班請依各校及基北區官方公告查詢,,115學年度本表招生科別可確認包含：普通科。學校官網首頁未標示更完整的全校課程方向摘要；詳細課程內容以校方115學年度課程計畫為準。,學校官網首頁未標示115學年度全校統一實習／專題內容；實際實作、專題或成果要求以各科、實習處或課程計畫公告為準。,學校官網首頁未標示完整固定大眾運輸到校路線或115學年度固定學生專車班次；本表不自行補寫路線。,網站首頁未標示固定通勤時間；Google地圖欄已依官方校址建立查詢入口，可依實際出發地查詢即時大眾運輸。,學校官網首頁未標示115學年度校內學生宿舍申請資訊。,https://www.google.com/maps/search/?api=1&query=103332+%E8%87%BA%E5%8C%97%E5%B8%82%E5%A4%A7%E5%90%8C%E5%8D%80%E6%89%BF%E5%BE%B7%E8%B7%AF%E4%B8%89%E6%AE%B5336%E8%99%9F; https://www.mlsh.tp.edu.tw/nss/p/index,https://www.mlsh.tp.edu.tw/nss/p/index,https://www.mlsh.tp.edu.tw/nss/p/index,https://www.google.com/maps/search/?api=1&query=103332+%E8%87%BA%E5%8C%97%E5%B8%82%E5%A4%A7%E5%90%8C%E5%8D%80%E6%89%BF%E5%BE%B7%E8%B7%AF%E4%B8%89%E6%AE%B5336%E8%99%9F,https://www.mlsh.tp.edu.tw/nss/p/index,https://www.mlsh.tp.edu.tw/nss/p/index,https://www.mlsh.tp.edu.tw/nss/p/index
基北區,,383301,市立景美女中,公立,基北區,高中,女校,臺北市,文山區,臺北市文山區樟文里木新路三段312號,http://www.cmgsh.tp.edu.tw,(02)29368847,普通科(女):461,461,461,教育部115學年度高中職名錄；招生與科系依115學年度基北區免試入學簡章整理。未填最低錄取分數，避免引用未經官方統一核定的估算值。；115學年度基北區免試入學核定招生名額（使用者提供 PDF；一般生招生名額，含科別與性別欄位）,資優/特色班請依各校及基北區官方公告查詢,,115學年度本表招生科別可確認包含：普通科。學校官網首頁未標示更完整的全校課程方向摘要；詳細課程內容以校方115學年度課程計畫為準。,學校官網首頁未標示115學年度全校統一實習／專題內容；實際實作、專題或成果要求以各科、實習處或課程計畫公告為準。,學校官網首頁未標示完整固定大眾運輸到校路線或115學年度固定學生專車班次；本表不自行補寫路線。,網站首頁未標示固定通勤時間；Google地圖欄已依官方校址建立查詢入口，可依實際出發地查詢即時大眾運輸。,學校官網首頁未標示115學年度校內學生宿舍申請資訊。,https://www.google.com/maps/search/?api=1&query=%E8%87%BA%E5%8C%97%E5%B8%82%E6%96%87%E5%B1%B1%E5%8D%80%E6%A8%9F%E6%96%87%E9%87%8C%E6%9C%A8%E6%96%B0%E8%B7%AF%E4%B8%89%E6%AE%B5312%E8%99%9F; http://www.cmgsh.tp.edu.tw,http://www.cmgsh.tp.edu.tw,http://www.cmgsh.tp.edu.tw,https://www.google.com/maps/search/?api=1&query=%E8%87%BA%E5%8C%97%E5%B8%82%E6%96%87%E5%B1%B1%E5%8D%80%E6%A8%9F%E6%96%87%E9%87%8C%E6%9C%A8%E6%96%B0%E8%B7%AF%E4%B8%89%E6%AE%B5312%E8%99%9F,http://www.cmgsh.tp.edu.tw,http://www.cmgsh.tp.edu.tw,http://www.cmgsh.tp.edu.tw
基北區,,383401,市立木柵高工,公立,基北區,高職,男女校,臺北市,文山區,臺北市文山區博嘉里木柵路四段77號,http://www.mcvs.tp.edu.tw,(02)22300506,配管科:18；模具科:27；製圖科:44；電子科:52；電機科:49；冷凍空調科:20；多媒體設計科:49；機械科:54；鑄造科:17；模具科:40,370,370,教育部115學年度高中職名錄；招生與科系依115學年度基北區免試入學簡章整理。未填最低錄取分數，避免引用未經官方統一核定的估算值。；115學年度基北區免試入學核定招生名額（使用者提供 PDF；一般生招生名額，含科別與性別欄位）,資優/特色班請依各校及基北區官方公告查詢,,115學年度本表招生科別可確認包含：配管科、模具科、製圖科、電子科、電機科、冷凍空調科、多媒體設計科、機械科等。學校官網首頁未標示更完整的全校課程方向摘要；詳細課程內容以校方115學年度課程計畫為準。,學校官網首頁未標示115學年度全校統一實習／專題內容；實際實作、專題或成果要求以各科、實習處或課程計畫公告為準。,學校官網首頁未標示完整固定大眾運輸到校路線或115學年度固定學生專車班次；本表不自行補寫路線。,網站首頁未標示固定通勤時間；Google地圖欄已依官方校址建立查詢入口，可依實際出發地查詢即時大眾運輸。,學校官網首頁未標示115學年度校內學生宿舍申請資訊。,https://www.google.com/maps/search/?api=1&query=%E8%87%BA%E5%8C%97%E5%B8%82%E6%96%87%E5%B1%B1%E5%8D%80%E5%8D%9A%E5%98%89%E9%87%8C%E6%9C%A8%E6%9F%B5%E8%B7%AF%E5%9B%9B%E6%AE%B577%E8%99%9F; http://www.mcvs.tp.edu.tw,http://www.mcvs.tp.edu.tw,http://www.mcvs.tp.edu.tw,https://www.google.com/maps/search/?api=1&query=%E8%87%BA%E5%8C%97%E5%B8%82%E6%96%87%E5%B1%B1%E5%8D%80%E5%8D%9A%E5%98%89%E9%87%8C%E6%9C%A8%E6%9F%B5%E8%B7%AF%E5%9B%9B%E6%AE%B577%E8%99%9F,http://www.mcvs.tp.edu.tw,http://www.mcvs.tp.edu.tw,http://www.mcvs.tp.edu.tw
基北區,,323401,市立松山家商,公立,基北區,綜高,男女校,臺北市,信義區,臺北市信義區松隆里松山路655號,http://www.ssvs.tp.edu.tw,(02)27261118,商業經營科:102；國際貿易科:77；會計事務科:26；資料處理科:51；應用英語科:51；廣告設計科:77；室內設計科:51；綜合高中:81；機械科:48,564,564,教育部115學年度高中職名錄；招生與科系依115學年度基北區免試入學簡章整理。未填最低錄取分數，避免引用未經官方統一核定的估算值。；115學年度基北區免試入學核定招生名額（使用者提供 PDF；一般生招生名額，含科別與性別欄位）,資優/特色班請依各校及基北區官方公告查詢,,115學年度本表招生科別可確認包含：商業經營科、國際貿易科、會計事務科、資料處理科、應用英語科、廣告設計科、室內設計科、綜合高中等。學校官網首頁未標示更完整的全校課程方向摘要；詳細課程內容以校方115學年度課程計畫為準。,學校官網首頁未標示115學年度全校統一實習／專題內容；實際實作、專題或成果要求以各科、實習處或課程計畫公告為準。,學校官網首頁未標示完整固定大眾運輸到校路線或115學年度固定學生專車班次；本表不自行補寫路線。,網站首頁未標示固定通勤時間；Google地圖欄已依官方校址建立查詢入口，可依實際出發地查詢即時大眾運輸。,學校官網首頁未標示115學年度校內學生宿舍申請資訊。,https://www.google.com/maps/search/?api=1&query=%E8%87%BA%E5%8C%97%E5%B8%82%E4%BF%A1%E7%BE%A9%E5%8D%80%E6%9D%BE%E9%9A%86%E9%87%8C%E6%9D%BE%E5%B1%B1%E8%B7%AF655%E8%99%9F; http://www.ssvs.tp.edu.tw,http://www.ssvs.tp.edu.tw,http://www.ssvs.tp.edu.tw,https://www.google.com/maps/search/?api=1&query=%E8%87%BA%E5%8C%97%E5%B8%82%E4%BF%A1%E7%BE%A9%E5%8D%80%E6%9D%BE%E9%9A%86%E9%87%8C%E6%9D%BE%E5%B1%B1%E8%B7%AF655%E8%99%9F,http://www.ssvs.tp.edu.tw,http://www.ssvs.tp.edu.tw,http://www.ssvs.tp.edu.tw
基北區,,323402,市立松山工農,公立,基北區,綜高,男女校,臺北市,信義區,110070 臺北市信義區忠孝東路五段236巷15號,https://www.saihs.edu.tw/,(02)27226616,汽車科:48；資訊科:50；電子科:50；電機科:50；化工科:48；園藝科:44；食品加工科:48；綜合高中:124；機械科:54；電腦機械製圖科:56,572,572,教育部115學年度高中職名錄；招生與科系依115學年度基北區免試入學簡章整理。未填最低錄取分數，避免引用未經官方統一核定的估算值。；115學年度基北區免試入學核定招生名額（使用者提供 PDF；一般生招生名額，含科別與性別欄位）,資優/特色班請依各校及基北區官方公告查詢,,115學年度本表招生科別可確認包含：汽車科、資訊科、電子科、電機科、化工科、園藝科、食品加工科、綜合高中等。學校官網首頁未標示更完整的全校課程方向摘要；詳細課程內容以校方115學年度課程計畫為準。,學校官網首頁未標示115學年度全校統一實習／專題內容；實際實作、專題或成果要求以各科、實習處或課程計畫公告為準。,學校官網首頁未標示完整固定大眾運輸到校路線或115學年度固定學生專車班次；本表不自行補寫路線。,網站首頁未標示固定通勤時間；Google地圖欄已依官方校址建立查詢入口，可依實際出發地查詢即時大眾運輸。,學校官網首頁未標示115學年度校內學生宿舍申請資訊。,https://www.google.com/maps/search/?api=1&query=110070+%E8%87%BA%E5%8C%97%E5%B8%82%E4%BF%A1%E7%BE%A9%E5%8D%80%E5%BF%A0%E5%AD%9D%E6%9D%B1%E8%B7%AF%E4%BA%94%E6%AE%B5236%E5%B7%B715%E8%99%9F; https://www.saihs.edu.tw/,https://www.saihs.edu.tw/,https://www.saihs.edu.tw/,https://www.google.com/maps/search/?api=1&query=110070+%E8%87%BA%E5%8C%97%E5%B8%82%E4%BF%A1%E7%BE%A9%E5%8D%80%E5%BF%A0%E5%AD%9D%E6%9D%B1%E8%B7%AF%E4%BA%94%E6%AE%B5236%E5%B7%B715%E8%99%9F,https://www.saihs.edu.tw/,https://www.saihs.edu.tw/,https://www.saihs.edu.tw/
基北區,,323301,市立松山高中,公立,基北區,高中,男女校,臺北市,信義區,110058 臺北市信義區基隆路一段156號,https://www.sssh.tp.edu.tw/,(02)27535968,男(7):7；女(6):6,13,13,教育部115學年度高中職名錄；招生與科系依115學年度基北區免試入學簡章整理。未填最低錄取分數，避免引用未經官方統一核定的估算值。；115學年度基北區免試入學核定招生名額（使用者提供 PDF；一般生招生名額，含科別與性別欄位）,資優/特色班請依各校及基北區官方公告查詢,,學校官網首頁未標示更完整的全校課程方向摘要；詳細課程內容以校方115學年度課程計畫為準。,不設技職類固定實習；校方學生學習資源設有「研究方法與專題」內容，另依自主學習與探究課程產出成果。,學校官網首頁未標示完整固定大眾運輸到校路線或115學年度固定學生專車班次；本表不自行補寫路線。,網站首頁未標示固定通勤時間；Google地圖欄已依官方校址建立查詢入口，可依實際出發地查詢即時大眾運輸。,學校官網首頁未標示115學年度校內學生宿舍申請資訊。,https://www.google.com/maps/search/?api=1&query=110058+%E8%87%BA%E5%8C%97%E5%B8%82%E4%BF%A1%E7%BE%A9%E5%8D%80%E5%9F%BA%E9%9A%86%E8%B7%AF%E4%B8%80%E6%AE%B5156%E8%99%9F; https://www.sssh.tp.edu.tw/,https://www.sssh.tp.edu.tw/,https://www.sssh.tp.edu.tw/,https://www.google.com/maps/search/?api=1&query=110058+%E8%87%BA%E5%8C%97%E5%B8%82%E4%BF%A1%E7%BE%A9%E5%8D%80%E5%9F%BA%E9%9A%86%E8%B7%AF%E4%B8%80%E6%AE%B5156%E8%99%9F,https://www.sssh.tp.edu.tw/,https://www.sssh.tp.edu.tw/,https://www.sssh.tp.edu.tw/
基北區,,323302,市立永春高中,公立,基北區,高中,男女校,臺北市,信義區,臺北市信義區松隆里松山路654號,http://www.ycsh.tp.edu.tw,(02)27272983,普通科:419,419,419,教育部115學年度高中職名錄；招生與科系依115學年度基北區免試入學簡章整理。未填最低錄取分數，避免引用未經官方統一核定的估算值。；115學年度基北區免試入學核定招生名額（使用者提供 PDF；一般生招生名額，含科別與性別欄位）,資優/特色班請依各校及基北區官方公告查詢,,115學年度本表招生科別可確認包含：普通科。學校官網首頁未標示更完整的全校課程方向摘要；詳細課程內容以校方115學年度課程計畫為準。,學校官網首頁未標示115學年度全校統一實習／專題內容；實際實作、專題或成果要求以各科、實習處或課程計畫公告為準。,學校官網首頁未標示完整固定大眾運輸到校路線或115學年度固定學生專車班次；本表不自行補寫路線。,網站首頁未標示固定通勤時間；Google地圖欄已依官方校址建立查詢入口，可依實際出發地查詢即時大眾運輸。,學校官網首頁未標示115學年度校內學生宿舍申請資訊。,https://www.google.com/maps/search/?api=1&query=%E8%87%BA%E5%8C%97%E5%B8%82%E4%BF%A1%E7%BE%A9%E5%8D%80%E6%9D%BE%E9%9A%86%E9%87%8C%E6%9D%BE%E5%B1%B1%E8%B7%AF654%E8%99%9F; http://www.ycsh.tp.edu.tw,http://www.ycsh.tp.edu.tw,http://www.ycsh.tp.edu.tw,https://www.google.com/maps/search/?api=1&query=%E8%87%BA%E5%8C%97%E5%B8%82%E4%BF%A1%E7%BE%A9%E5%8D%80%E6%9D%BE%E9%9A%86%E9%87%8C%E6%9D%BE%E5%B1%B1%E8%B7%AF654%E8%99%9F,http://www.ycsh.tp.edu.tw,http://www.ycsh.tp.edu.tw,http://www.ycsh.tp.edu.tw
基北區,,413302,市立百齡高中,公立,基北區,高中,男女校,臺北市,士林區,臺北市士林區義信里承德路4段177號,http://www.blsh.tp.edu.tw,(02)28831568,普通科:199,199,199,教育部115學年度高中職名錄；招生與科系依115學年度基北區免試入學簡章整理。未填最低錄取分數，避免引用未經官方統一核定的估算值。；115學年度基北區免試入學核定招生名額（使用者提供 PDF；一般生招生名額，含科別與性別欄位）,資優/特色班請依各校及基北區官方公告查詢,,115學年度本表招生科別可確認包含：普通科。學校官網首頁未標示更完整的全校課程方向摘要；詳細課程內容以校方115學年度課程計畫為準。,學校官網首頁未標示115學年度全校統一實習／專題內容；實際實作、專題或成果要求以各科、實習處或課程計畫公告為準。,學校官網首頁未標示完整固定大眾運輸到校路線或115學年度固定學生專車班次；本表不自行補寫路線。,網站首頁未標示固定通勤時間；Google地圖欄已依官方校址建立查詢入口，可依實際出發地查詢即時大眾運輸。,學校官網首頁未標示115學年度校內學生宿舍申請資訊。,https://www.google.com/maps/search/?api=1&query=%E8%87%BA%E5%8C%97%E5%B8%82%E5%A3%AB%E6%9E%97%E5%8D%80%E7%BE%A9%E4%BF%A1%E9%87%8C%E6%89%BF%E5%BE%B7%E8%B7%AF4%E6%AE%B5177%E8%99%9F; http://www.blsh.tp.edu.tw,http://www.blsh.tp.edu.tw,http://www.blsh.tp.edu.tw,https://www.google.com/maps/search/?api=1&query=%E8%87%BA%E5%8C%97%E5%B8%82%E5%A3%AB%E6%9E%97%E5%8D%80%E7%BE%A9%E4%BF%A1%E9%87%8C%E6%89%BF%E5%BE%B7%E8%B7%AF4%E6%AE%B5177%E8%99%9F,http://www.blsh.tp.edu.tw,http://www.blsh.tp.edu.tw,http://www.blsh.tp.edu.tw
基北區,,393302,市立育成高中,公立,基北區,高中,男女校,臺北市,南港區,臺北市南港區南港里重陽路366號,http://mars.yucsh.tp.edu.tw/ischool/publish_page/0/,(02)26530475,普通科:464,464,464,教育部115學年度高中職名錄；招生與科系依115學年度基北區免試入學簡章整理。未填最低錄取分數，避免引用未經官方統一核定的估算值。；115學年度基北區免試入學核定招生名額（使用者提供 PDF；一般生招生名額，含科別與性別欄位）,資優/特色班請依各校及基北區官方公告查詢,,115學年度本表招生科別可確認包含：普通科。學校官網首頁未標示更完整的全校課程方向摘要；詳細課程內容以校方115學年度課程計畫為準。,學校官網首頁未標示115學年度全校統一實習／專題內容；實際實作、專題或成果要求以各科、實習處或課程計畫公告為準。,學校官網首頁未標示完整固定大眾運輸到校路線或115學年度固定學生專車班次；本表不自行補寫路線。,網站首頁未標示固定通勤時間；Google地圖欄已依官方校址建立查詢入口，可依實際出發地查詢即時大眾運輸。,學校官網首頁未標示115學年度校內學生宿舍申請資訊。,https://www.google.com/maps/search/?api=1&query=%E8%87%BA%E5%8C%97%E5%B8%82%E5%8D%97%E6%B8%AF%E5%8D%80%E5%8D%97%E6%B8%AF%E9%87%8C%E9%87%8D%E9%99%BD%E8%B7%AF366%E8%99%9F; http://mars.yucsh.tp.edu.tw/ischool/publish_page/0/,http://mars.yucsh.tp.edu.tw/ischool/publish_page/0/,http://mars.yucsh.tp.edu.tw/ischool/publish_page/0/,https://www.google.com/maps/search/?api=1&query=%E8%87%BA%E5%8C%97%E5%B8%82%E5%8D%97%E6%B8%AF%E5%8D%80%E5%8D%97%E6%B8%AF%E9%87%8C%E9%87%8D%E9%99%BD%E8%B7%AF366%E8%99%9F,http://mars.yucsh.tp.edu.tw/ischool/publish_page/0/,http://mars.yucsh.tp.edu.tw/ischool/publish_page/0/,http://mars.yucsh.tp.edu.tw/ischool/publish_page/0/
基北區,,373301,市立華江高中,公立,基北區,綜高,男女校,臺北市,萬華區,臺北市萬華區日善里西藏路213號,http://www.hcsh.tp.edu.tw,(02)23019946,普通科:433；普通科:37；電子商務科:82；應用日語科:45,597,597,教育部115學年度高中職名錄；招生與科系依115學年度基北區免試入學簡章整理。未填最低錄取分數，避免引用未經官方統一核定的估算值。；115學年度基北區免試入學核定招生名額（使用者提供 PDF；一般生招生名額，含科別與性別欄位）,資優/特色班請依各校及基北區官方公告查詢,,115學年度本表招生科別可確認包含：普通科、電子商務科、應用日語科。學校官網首頁未標示更完整的全校課程方向摘要；詳細課程內容以校方115學年度課程計畫為準。,學校官網首頁未標示115學年度全校統一實習／專題內容；實際實作、專題或成果要求以各科、實習處或課程計畫公告為準。,學校官網首頁未標示完整固定大眾運輸到校路線或115學年度固定學生專車班次；本表不自行補寫路線。,網站首頁未標示固定通勤時間；Google地圖欄已依官方校址建立查詢入口，可依實際出發地查詢即時大眾運輸。,學校官網首頁未標示115學年度校內學生宿舍申請資訊。,https://www.google.com/maps/search/?api=1&query=%E8%87%BA%E5%8C%97%E5%B8%82%E8%90%AC%E8%8F%AF%E5%8D%80%E6%97%A5%E5%96%84%E9%87%8C%E8%A5%BF%E8%97%8F%E8%B7%AF213%E8%99%9F; http://www.hcsh.tp.edu.tw,http://www.hcsh.tp.edu.tw,http://www.hcsh.tp.edu.tw,https://www.google.com/maps/search/?api=1&query=%E8%87%BA%E5%8C%97%E5%B8%82%E8%90%AC%E8%8F%AF%E5%8D%80%E6%97%A5%E5%96%84%E9%87%8C%E8%A5%BF%E8%97%8F%E8%B7%AF213%E8%99%9F,http://www.hcsh.tp.edu.tw,http://www.hcsh.tp.edu.tw,http://www.hcsh.tp.edu.tw
基北區,,383302,市立萬芳高中,公立,基北區,高中,男女校,臺北市,文山區,臺北市文山區興隆路三段115巷1號,https://www.wfsh.tp.edu.tw/,(02)22309585,普通科:246,246,246,教育部115學年度高中職名錄；招生與科系依115學年度基北區免試入學簡章整理。未填最低錄取分數，避免引用未經官方統一核定的估算值。；115學年度基北區免試入學核定招生名額（使用者提供 PDF；一般生招生名額，含科別與性別欄位）,資優/特色班請依各校及基北區官方公告查詢,,115學年度本表招生科別可確認包含：普通科。學校官網首頁未標示更完整的全校課程方向摘要；詳細課程內容以校方115學年度課程計畫為準。,學校官網首頁未標示115學年度全校統一實習／專題內容；實際實作、專題或成果要求以各科、實習處或課程計畫公告為準。,學校官網首頁未標示完整固定大眾運輸到校路線或115學年度固定學生專車班次；本表不自行補寫路線。,網站首頁未標示固定通勤時間；Google地圖欄已依官方校址建立查詢入口，可依實際出發地查詢即時大眾運輸。,學校官網首頁未標示115學年度校內學生宿舍申請資訊。,https://www.google.com/maps/search/?api=1&query=%E8%87%BA%E5%8C%97%E5%B8%82%E6%96%87%E5%B1%B1%E5%8D%80%E8%88%88%E9%9A%86%E8%B7%AF%E4%B8%89%E6%AE%B5115%E5%B7%B71%E8%99%9F; https://www.wfsh.tp.edu.tw/,https://www.wfsh.tp.edu.tw/,https://www.wfsh.tp.edu.tw/,https://www.google.com/maps/search/?api=1&query=%E8%87%BA%E5%8C%97%E5%B8%82%E6%96%87%E5%B1%B1%E5%8D%80%E8%88%88%E9%9A%86%E8%B7%AF%E4%B8%89%E6%AE%B5115%E5%B7%B71%E8%99%9F,https://www.wfsh.tp.edu.tw/,https://www.wfsh.tp.edu.tw/,https://www.wfsh.tp.edu.tw/
基北區,,313301,市立西松高中,公立,基北區,高中,男女校,臺北市,松山區,臺北市松山區鵬程里健康路325巷7號,http://www.hssh.tp.edu.tw,(02)25286618,普通科:265,265,265,教育部115學年度高中職名錄；招生與科系依115學年度基北區免試入學簡章整理。未填最低錄取分數，避免引用未經官方統一核定的估算值。；115學年度基北區免試入學核定招生名額（使用者提供 PDF；一般生招生名額，含科別與性別欄位）,資優/特色班請依各校及基北區官方公告查詢,,115學年度本表招生科別可確認包含：普通科。學校官網首頁未標示更完整的全校課程方向摘要；詳細課程內容以校方115學年度課程計畫為準。,學校官網首頁未標示115學年度全校統一實習／專題內容；實際實作、專題或成果要求以各科、實習處或課程計畫公告為準。,學校官網首頁未標示完整固定大眾運輸到校路線或115學年度固定學生專車班次；本表不自行補寫路線。,網站首頁未標示固定通勤時間；Google地圖欄已依官方校址建立查詢入口，可依實際出發地查詢即時大眾運輸。,學校官網首頁未標示115學年度校內學生宿舍申請資訊。,https://www.google.com/maps/search/?api=1&query=%E8%87%BA%E5%8C%97%E5%B8%82%E6%9D%BE%E5%B1%B1%E5%8D%80%E9%B5%AC%E7%A8%8B%E9%87%8C%E5%81%A5%E5%BA%B7%E8%B7%AF325%E5%B7%B77%E8%99%9F; http://www.hssh.tp.edu.tw,http://www.hssh.tp.edu.tw,http://www.hssh.tp.edu.tw,https://www.google.com/maps/search/?api=1&query=%E8%87%BA%E5%8C%97%E5%B8%82%E6%9D%BE%E5%B1%B1%E5%8D%80%E9%B5%AC%E7%A8%8B%E9%87%8C%E5%81%A5%E5%BA%B7%E8%B7%AF325%E5%B7%B77%E8%99%9F,http://www.hssh.tp.edu.tw,http://www.hssh.tp.edu.tw,http://www.hssh.tp.edu.tw
基北區,,413301,市立陽明高中,公立,基北區,高中,男女校,臺北市,士林區,臺北市士林區後港里中正路510號,http://www.ymsh.tp.edu.tw,(02)28316675,普通科:342,342,342,教育部115學年度高中職名錄；招生與科系依115學年度基北區免試入學簡章整理。未填最低錄取分數，避免引用未經官方統一核定的估算值。；115學年度基北區免試入學核定招生名額（使用者提供 PDF；一般生招生名額，含科別與性別欄位）,資優/特色班請依各校及基北區官方公告查詢,,115學年度本表招生科別可確認包含：普通科。學校官網首頁未標示更完整的全校課程方向摘要；詳細課程內容以校方115學年度課程計畫為準。,學校官網首頁未標示115學年度全校統一實習／專題內容；實際實作、專題或成果要求以各科、實習處或課程計畫公告為準。,學校官網首頁未標示完整固定大眾運輸到校路線或115學年度固定學生專車班次；本表不自行補寫路線。,網站首頁未標示固定通勤時間；Google地圖欄已依官方校址建立查詢入口，可依實際出發地查詢即時大眾運輸。,學校官網首頁未標示115學年度校內學生宿舍申請資訊。,https://www.google.com/maps/search/?api=1&query=%E8%87%BA%E5%8C%97%E5%B8%82%E5%A3%AB%E6%9E%97%E5%8D%80%E5%BE%8C%E6%B8%AF%E9%87%8C%E4%B8%AD%E6%AD%A3%E8%B7%AF510%E8%99%9F; http://www.ymsh.tp.edu.tw,http://www.ymsh.tp.edu.tw,http://www.ymsh.tp.edu.tw,https://www.google.com/maps/search/?api=1&query=%E8%87%BA%E5%8C%97%E5%B8%82%E5%A3%AB%E6%9E%97%E5%8D%80%E5%BE%8C%E6%B8%AF%E9%87%8C%E4%B8%AD%E6%AD%A3%E8%B7%AF510%E8%99%9F,http://www.ymsh.tp.edu.tw,http://www.ymsh.tp.edu.tw,http://www.ymsh.tp.edu.tw
基北區,,403302,市立麗山高中,公立,基北區,高中,男女校,臺北市,內湖區,臺北市內湖區港華里環山路二段100號,http://www.lssh.tp.edu.tw,(02)26570435,普通科:230,230,230,教育部115學年度高中職名錄；招生與科系依115學年度基北區免試入學簡章整理。未填最低錄取分數，避免引用未經官方統一核定的估算值。；115學年度基北區免試入學核定招生名額（使用者提供 PDF；一般生招生名額，含科別與性別欄位）,資優/特色班請依各校及基北區官方公告查詢,,115學年度本表招生科別可確認包含：普通科。學校官網首頁未標示更完整的全校課程方向摘要；詳細課程內容以校方115學年度課程計畫為準。,學校官網首頁未標示115學年度全校統一實習／專題內容；實際實作、專題或成果要求以各科、實習處或課程計畫公告為準。,學校官網首頁未標示完整固定大眾運輸到校路線或115學年度固定學生專車班次；本表不自行補寫路線。,網站首頁未標示固定通勤時間；Google地圖欄已依官方校址建立查詢入口，可依實際出發地查詢即時大眾運輸。,學校官網首頁未標示115學年度校內學生宿舍申請資訊。,https://www.google.com/maps/search/?api=1&query=%E8%87%BA%E5%8C%97%E5%B8%82%E5%85%A7%E6%B9%96%E5%8D%80%E6%B8%AF%E8%8F%AF%E9%87%8C%E7%92%B0%E5%B1%B1%E8%B7%AF%E4%BA%8C%E6%AE%B5100%E8%99%9F; http://www.lssh.tp.edu.tw,http://www.lssh.tp.edu.tw,http://www.lssh.tp.edu.tw,https://www.google.com/maps/search/?api=1&query=%E8%87%BA%E5%8C%97%E5%B8%82%E5%85%A7%E6%B9%96%E5%8D%80%E6%B8%AF%E8%8F%AF%E9%87%8C%E7%92%B0%E5%B1%B1%E8%B7%AF%E4%BA%8C%E6%AE%B5100%E8%99%9F,http://www.lssh.tp.edu.tw,http://www.lssh.tp.edu.tw,http://www.lssh.tp.edu.tw
基北區,,381304,私立再興中學,私立,基北區,高中,男女校,臺北市,文山區,臺北市文山區明義里興隆路4段2號,http://www.thsh.tp.edu.tw,(02)29366803,普通科:41,41,41,教育部115學年度高中職名錄；招生與科系依115學年度基北區免試入學簡章整理。未填最低錄取分數，避免引用未經官方統一核定的估算值。；115學年度基北區免試入學核定招生名額（使用者提供 PDF；一般生招生名額，含科別與性別欄位）,資優/特色班請依各校及基北區官方公告查詢,,115學年度本表招生科別可確認包含：普通科。學校官網首頁未標示更完整的全校課程方向摘要；詳細課程內容以校方115學年度課程計畫為準。,學校官網首頁未標示115學年度全校統一實習／專題內容；實際實作、專題或成果要求以各科、實習處或課程計畫公告為準。,學校官網首頁未標示完整固定大眾運輸到校路線或115學年度固定學生專車班次；本表不自行補寫路線。,網站首頁未標示固定通勤時間；Google地圖欄已依官方校址建立查詢入口，可依實際出發地查詢即時大眾運輸。,學校官網首頁未標示115學年度校內學生宿舍申請資訊。,https://www.google.com/maps/search/?api=1&query=%E8%87%BA%E5%8C%97%E5%B8%82%E6%96%87%E5%B1%B1%E5%8D%80%E6%98%8E%E7%BE%A9%E9%87%8C%E8%88%88%E9%9A%86%E8%B7%AF4%E6%AE%B52%E8%99%9F; http://www.thsh.tp.edu.tw,http://www.thsh.tp.edu.tw,http://www.thsh.tp.edu.tw,https://www.google.com/maps/search/?api=1&query=%E8%87%BA%E5%8C%97%E5%B8%82%E6%96%87%E5%B1%B1%E5%8D%80%E6%98%8E%E7%BE%A9%E9%87%8C%E8%88%88%E9%9A%86%E8%B7%AF4%E6%AE%B52%E8%99%9F,http://www.thsh.tp.edu.tw,http://www.thsh.tp.edu.tw,http://www.thsh.tp.edu.tw
基北區,,321399,私立協和祐德高中,私立,基北區,綜高,男女校,臺北市,信義區,臺北市信義區大道里忠孝東路五段790巷27號,https://www.hhvs.tp.edu.tw/,(02)27263131,普通科:24；汽車科:39,63,63,教育部115學年度高中職名錄；招生與科系依115學年度基北區免試入學簡章整理。未填最低錄取分數，避免引用未經官方統一核定的估算值。；115學年度基北區免試入學核定招生名額（使用者提供 PDF；一般生招生名額，含科別與性別欄位）,資優/特色班請依各校及基北區官方公告查詢,,115學年度本表招生科別可確認包含：普通科、汽車科。學校官網首頁未標示更完整的全校課程方向摘要；詳細課程內容以校方115學年度課程計畫為準。,學校官網首頁未標示115學年度全校統一實習／專題內容；實際實作、專題或成果要求以各科、實習處或課程計畫公告為準。,學校官網首頁未標示完整固定大眾運輸到校路線或115學年度固定學生專車班次；本表不自行補寫路線。,網站首頁未標示固定通勤時間；Google地圖欄已依官方校址建立查詢入口，可依實際出發地查詢即時大眾運輸。,學校官網首頁未標示115學年度校內學生宿舍申請資訊。,https://www.google.com/maps/search/?api=1&query=%E8%87%BA%E5%8C%97%E5%B8%82%E4%BF%A1%E7%BE%A9%E5%8D%80%E5%A4%A7%E9%81%93%E9%87%8C%E5%BF%A0%E5%AD%9D%E6%9D%B1%E8%B7%AF%E4%BA%94%E6%AE%B5790%E5%B7%B727%E8%99%9F; https://www.hhvs.tp.edu.tw/,https://www.hhvs.tp.edu.tw/,https://www.hhvs.tp.edu.tw/,https://www.google.com/maps/search/?api=1&query=%E8%87%BA%E5%8C%97%E5%B8%82%E4%BF%A1%E7%BE%A9%E5%8D%80%E5%A4%A7%E9%81%93%E9%87%8C%E5%BF%A0%E5%AD%9D%E6%9D%B1%E8%B7%AF%E4%BA%94%E6%AE%B5790%E5%B7%B727%E8%99%9F,https://www.hhvs.tp.edu.tw/,https://www.hhvs.tp.edu.tw/,https://www.hhvs.tp.edu.tw/
基北區,,351B09,私立南華高中進修學校,私立,基北區,綜高,男女校,臺北市,中正區,臺北市中正區富水里汀州路3段58號,http://www.nhwsh.tp.edu.tw,(02)23686818,普通科:37；觀光事業科:37；資料處理科:37；美容科:37；資料處理科:33；媒體設計科:33；觀光事業科:66；餐飲管理科:66,383,383,教育部115學年度高中職名錄；招生與科系依115學年度基北區免試入學簡章整理。未填最低錄取分數，避免引用未經官方統一核定的估算值。；115學年度基北區免試入學核定招生名額（使用者提供 PDF；一般生招生名額，含科別與性別欄位）,資優/特色班請依各校及基北區官方公告查詢,,115學年度本表招生科別可確認包含：普通科、觀光事業科、資料處理科、美容科、媒體設計科、餐飲管理科。學校官網首頁未標示更完整的全校課程方向摘要；詳細課程內容以校方115學年度課程計畫為準。,進修部官網首頁未標示115學年度全校統一實習／專題內容；實際實作、專題或成果要求以進修部及各科課程公告為準。,學校官網首頁未標示完整固定大眾運輸到校路線或115學年度固定學生專車班次；本表不自行補寫路線。,網站首頁未標示固定通勤時間；Google地圖欄已依官方校址建立查詢入口，可依實際出發地查詢即時大眾運輸。,學校官網首頁未標示115學年度校內學生宿舍申請資訊。,https://www.google.com/maps/search/?api=1&query=%E8%87%BA%E5%8C%97%E5%B8%82%E4%B8%AD%E6%AD%A3%E5%8D%80%E5%AF%8C%E6%B0%B4%E9%87%8C%E6%B1%80%E5%B7%9E%E8%B7%AF3%E6%AE%B558%E8%99%9F; http://www.nhwsh.tp.edu.tw,http://www.nhwsh.tp.edu.tw,http://www.nhwsh.tp.edu.tw,https://www.google.com/maps/search/?api=1&query=%E8%87%BA%E5%8C%97%E5%B8%82%E4%B8%AD%E6%AD%A3%E5%8D%80%E5%AF%8C%E6%B0%B4%E9%87%8C%E6%B1%80%E5%B7%9E%E8%B7%AF3%E6%AE%B558%E8%99%9F,http://www.nhwsh.tp.edu.tw,http://www.nhwsh.tp.edu.tw,http://www.nhwsh.tp.edu.tw
基北區,,331403,私立喬治工商,私立,基北區,高職,男女校,臺北市,信義區,臺北市信義區黎順里基隆路二段155號,https://www.gvs.tp.edu.tw/,(02)27386515,時尚造型科:20；餐飲管理科:10；照顧服務科:12；時尚造型科:24；觀光事業科:12；餐飲管理科:12；汽車科:45；建築科:22；時尚造型科:60；餐飲管理科:22；觀光事業科:89,328,328,教育部115學年度高中職名錄；招生與科系依115學年度基北區免試入學簡章整理。未填最低錄取分數，避免引用未經官方統一核定的估算值。；115學年度基北區免試入學核定招生名額（使用者提供 PDF；一般生招生名額，含科別與性別欄位）,資優/特色班請依各校及基北區官方公告查詢,,115學年度本表招生科別可確認包含：時尚造型科、餐飲管理科、照顧服務科、觀光事業科、汽車科、建築科。學校官網首頁未標示更完整的全校課程方向摘要；詳細課程內容以校方115學年度課程計畫為準。,學校官網首頁未標示115學年度全校統一實習／專題內容；實際實作、專題或成果要求以各科、實習處或課程計畫公告為準。,學校官網首頁未標示完整固定大眾運輸到校路線或115學年度固定學生專車班次；本表不自行補寫路線。,網站首頁未標示固定通勤時間；Google地圖欄已依官方校址建立查詢入口，可依實際出發地查詢即時大眾運輸。,學校官網首頁未標示115學年度校內學生宿舍申請資訊。,https://www.google.com/maps/search/?api=1&query=%E8%87%BA%E5%8C%97%E5%B8%82%E4%BF%A1%E7%BE%A9%E5%8D%80%E9%BB%8E%E9%A0%86%E9%87%8C%E5%9F%BA%E9%9A%86%E8%B7%AF%E4%BA%8C%E6%AE%B5155%E8%99%9F; https://www.gvs.tp.edu.tw/,https://www.gvs.tp.edu.tw/,https://www.gvs.tp.edu.tw/,https://www.google.com/maps/search/?api=1&query=%E8%87%BA%E5%8C%97%E5%B8%82%E4%BF%A1%E7%BE%A9%E5%8D%80%E9%BB%8E%E9%A0%86%E9%87%8C%E5%9F%BA%E9%9A%86%E8%B7%AF%E4%BA%8C%E6%AE%B5155%E8%99%9F,https://www.gvs.tp.edu.tw/,https://www.gvs.tp.edu.tw/,https://www.gvs.tp.edu.tw/
基北區,,381303,私立大誠高中,私立,基北區,綜高,男女校,臺北市,文山區,臺北市文山區萬興里秀明路二段175號,https://www.tcsh.tp.edu.tw/,(02)22348989,綜合高中:234；餐飲管理科:28,290,290,教育部115學年度高中職名錄；招生與科系依115學年度基北區免試入學簡章整理。未填最低錄取分數，避免引用未經官方統一核定的估算值。；115學年度基北區免試入學核定招生名額（使用者提供 PDF；一般生招生名額，含科別與性別欄位）,資優/特色班請依各校及基北區官方公告查詢,,115學年度本表招生科別可確認包含：綜合高中、餐飲管理科。學校官網首頁未標示更完整的全校課程方向摘要；詳細課程內容以校方115學年度課程計畫為準。,學校官網首頁未標示115學年度全校統一實習／專題內容；實際實作、專題或成果要求以各科、實習處或課程計畫公告為準。,學校官網首頁未標示完整固定大眾運輸到校路線或115學年度固定學生專車班次；本表不自行補寫路線。,網站首頁未標示固定通勤時間；Google地圖欄已依官方校址建立查詢入口，可依實際出發地查詢即時大眾運輸。,學校官網首頁未標示115學年度校內學生宿舍申請資訊。,https://www.google.com/maps/search/?api=1&query=%E8%87%BA%E5%8C%97%E5%B8%82%E6%96%87%E5%B1%B1%E5%8D%80%E8%90%AC%E8%88%88%E9%87%8C%E7%A7%80%E6%98%8E%E8%B7%AF%E4%BA%8C%E6%AE%B5175%E8%99%9F; https://www.tcsh.tp.edu.tw/,https://www.tcsh.tp.edu.tw/,https://www.tcsh.tp.edu.tw/,https://www.google.com/maps/search/?api=1&query=%E8%87%BA%E5%8C%97%E5%B8%82%E6%96%87%E5%B1%B1%E5%8D%80%E8%90%AC%E8%88%88%E9%87%8C%E7%A7%80%E6%98%8E%E8%B7%AF%E4%BA%8C%E6%AE%B5175%E8%99%9F,https://www.tcsh.tp.edu.tw/,https://www.tcsh.tp.edu.tw/,https://www.tcsh.tp.edu.tw/
基北區,,421303,私立奎山實驗高級中學,私立,基北區,綜高,男女校,臺北市,北投區,臺北市北投區榮華里明德路200號,https://www.kshs.tp.edu.tw/,(02)28212009,普通科:8；綜合高中:50；機械科:25,83,83,教育部115學年度高中職名錄；招生與科系依115學年度基北區免試入學簡章整理。未填最低錄取分數，避免引用未經官方統一核定的估算值。；115學年度基北區免試入學核定招生名額（使用者提供 PDF；一般生招生名額，含科別與性別欄位）,資優/特色班請依各校及基北區官方公告查詢,,115學年度本表招生科別可確認包含：普通科、綜合高中、機械科。學校官網首頁未標示更完整的全校課程方向摘要；詳細課程內容以校方115學年度課程計畫為準。,學校官網首頁未標示115學年度全校統一實習／專題內容；實際實作、專題或成果要求以各科、實習處或課程計畫公告為準。,學校官網首頁未標示完整固定大眾運輸到校路線或115學年度固定學生專車班次；本表不自行補寫路線。,網站首頁未標示固定通勤時間；Google地圖欄已依官方校址建立查詢入口，可依實際出發地查詢即時大眾運輸。,學校官網首頁未標示115學年度校內學生宿舍申請資訊。,https://www.google.com/maps/search/?api=1&query=%E8%87%BA%E5%8C%97%E5%B8%82%E5%8C%97%E6%8A%95%E5%8D%80%E6%A6%AE%E8%8F%AF%E9%87%8C%E6%98%8E%E5%BE%B7%E8%B7%AF200%E8%99%9F; https://www.kshs.tp.edu.tw/,https://www.kshs.tp.edu.tw/,https://www.kshs.tp.edu.tw/,https://www.google.com/maps/search/?api=1&query=%E8%87%BA%E5%8C%97%E5%B8%82%E5%8C%97%E6%8A%95%E5%8D%80%E6%A6%AE%E8%8F%AF%E9%87%8C%E6%98%8E%E5%BE%B7%E8%B7%AF200%E8%99%9F,https://www.kshs.tp.edu.tw/,https://www.kshs.tp.edu.tw/,https://www.kshs.tp.edu.tw/
基北區,,331301,私立延平中學,私立,基北區,高中,男女校,臺北市,大安區,臺北市大安區和安里建國南路1段275號,http://www.yphs.tp.edu.tw,(02)27071478,普通科:96；普通科(女):158,254,254,教育部115學年度高中職名錄；招生與科系依115學年度基北區免試入學簡章整理。未填最低錄取分數，避免引用未經官方統一核定的估算值。；115學年度基北區免試入學核定招生名額（使用者提供 PDF；一般生招生名額，含科別與性別欄位）,資優/特色班請依各校及基北區官方公告查詢,,115學年度本表招生科別可確認包含：普通科。學校官網首頁未標示更完整的全校課程方向摘要；詳細課程內容以校方115學年度課程計畫為準。,學校官網首頁未標示115學年度全校統一實習／專題內容；實際實作、專題或成果要求以各科、實習處或課程計畫公告為準。,學校官網首頁未標示完整固定大眾運輸到校路線或115學年度固定學生專車班次；本表不自行補寫路線。,網站首頁未標示固定通勤時間；Google地圖欄已依官方校址建立查詢入口，可依實際出發地查詢即時大眾運輸。,學校官網首頁未標示115學年度校內學生宿舍申請資訊。,https://www.google.com/maps/search/?api=1&query=%E8%87%BA%E5%8C%97%E5%B8%82%E5%A4%A7%E5%AE%89%E5%8D%80%E5%92%8C%E5%AE%89%E9%87%8C%E5%BB%BA%E5%9C%8B%E5%8D%97%E8%B7%AF1%E6%AE%B5275%E8%99%9F; http://www.yphs.tp.edu.tw,http://www.yphs.tp.edu.tw,http://www.yphs.tp.edu.tw,https://www.google.com/maps/search/?api=1&query=%E8%87%BA%E5%8C%97%E5%B8%82%E5%A4%A7%E5%AE%89%E5%8D%80%E5%92%8C%E5%AE%89%E9%87%8C%E5%BB%BA%E5%9C%8B%E5%8D%97%E8%B7%AF1%E6%AE%B5275%E8%99%9F,http://www.yphs.tp.edu.tw,http://www.yphs.tp.edu.tw,http://www.yphs.tp.edu.tw
基北區,,331304,私立復興實驗高中,私立,基北區,高中,男女校,臺北市,大安區,臺北市大安區仁愛里敦化南路一段262號,https://www.fhjh.tp.edu.tw/,(02)27715859,普通科:29,29,29,教育部115學年度高中職名錄；招生與科系依115學年度基北區免試入學簡章整理。未填最低錄取分數，避免引用未經官方統一核定的估算值。；115學年度基北區免試入學核定招生名額（使用者提供 PDF；一般生招生名額，含科別與性別欄位）,資優/特色班請依各校及基北區官方公告查詢,,115學年度本表招生科別可確認包含：普通科。學校官網首頁未標示更完整的全校課程方向摘要；詳細課程內容以校方115學年度課程計畫為準。,學校官網首頁未標示115學年度全校統一實習／專題內容；實際實作、專題或成果要求以各科、實習處或課程計畫公告為準。,學校官網首頁未標示完整固定大眾運輸到校路線或115學年度固定學生專車班次；本表不自行補寫路線。,網站首頁未標示固定通勤時間；Google地圖欄已依官方校址建立查詢入口，可依實際出發地查詢即時大眾運輸。,學校官網首頁未標示115學年度校內學生宿舍申請資訊。,https://www.google.com/maps/search/?api=1&query=%E8%87%BA%E5%8C%97%E5%B8%82%E5%A4%A7%E5%AE%89%E5%8D%80%E4%BB%81%E6%84%9B%E9%87%8C%E6%95%A6%E5%8C%96%E5%8D%97%E8%B7%AF%E4%B8%80%E6%AE%B5262%E8%99%9F; https://www.fhjh.tp.edu.tw/,https://www.fhjh.tp.edu.tw/,https://www.fhjh.tp.edu.tw/,https://www.google.com/maps/search/?api=1&query=%E8%87%BA%E5%8C%97%E5%B8%82%E5%A4%A7%E5%AE%89%E5%8D%80%E4%BB%81%E6%84%9B%E9%87%8C%E6%95%A6%E5%8C%96%E5%8D%97%E8%B7%AF%E4%B8%80%E6%AE%B5262%E8%99%9F,https://www.fhjh.tp.edu.tw/,https://www.fhjh.tp.edu.tw/,https://www.fhjh.tp.edu.tw/
基北區,,361B09,私立志仁中學進修學校,私立,基北區,綜高,男女校,臺北市,大同區,臺北市大同區建泰里南京西路64巷17號,http://www.cjvs.tp.edu.tw,(02)25551656,餐飲管理科:33；媒體設計科:33；觀光事業科:33；資料處理科:33；美容科:66；普通科:1,265,265,教育部115學年度高中職名錄；招生與科系依115學年度基北區免試入學簡章整理。未填最低錄取分數，避免引用未經官方統一核定的估算值。；115學年度基北區免試入學核定招生名額（使用者提供 PDF；一般生招生名額，含科別與性別欄位）,資優/特色班請依各校及基北區官方公告查詢,,115學年度本表招生科別可確認包含：餐飲管理科、媒體設計科、觀光事業科、資料處理科、美容科、普通科。學校官網首頁未標示更完整的全校課程方向摘要；詳細課程內容以校方115學年度課程計畫為準。,進修部官網首頁未標示115學年度全校統一實習／專題內容；實際實作、專題或成果要求以進修部及各科課程公告為準。,學校官網首頁未標示完整固定大眾運輸到校路線或115學年度固定學生專車班次；本表不自行補寫路線。,網站首頁未標示固定通勤時間；Google地圖欄已依官方校址建立查詢入口，可依實際出發地查詢即時大眾運輸。,學校官網首頁未標示115學年度校內學生宿舍申請資訊。,https://www.google.com/maps/search/?api=1&query=%E8%87%BA%E5%8C%97%E5%B8%82%E5%A4%A7%E5%90%8C%E5%8D%80%E5%BB%BA%E6%B3%B0%E9%87%8C%E5%8D%97%E4%BA%AC%E8%A5%BF%E8%B7%AF64%E5%B7%B717%E8%99%9F; http://www.cjvs.tp.edu.tw,http://www.cjvs.tp.edu.tw,http://www.cjvs.tp.edu.tw,https://www.google.com/maps/search/?api=1&query=%E8%87%BA%E5%8C%97%E5%B8%82%E5%A4%A7%E5%90%8C%E5%8D%80%E5%BB%BA%E6%B3%B0%E9%87%8C%E5%8D%97%E4%BA%AC%E8%A5%BF%E8%B7%AF64%E5%B7%B717%E8%99%9F,http://www.cjvs.tp.edu.tw,http://www.cjvs.tp.edu.tw,http://www.cjvs.tp.edu.tw
基北區,,381305,私立景文高中,私立,基北區,綜高,男女校,臺北市,文山區,臺北市文山區木新里保儀路127號,https://www.jwsh.tp.edu.tw/,(02)29390310,普通科:78；商業經營科:21；室內空間設計科:12；廣告設計科:12,123,123,教育部115學年度高中職名錄；招生與科系依115學年度基北區免試入學簡章整理。未填最低錄取分數，避免引用未經官方統一核定的估算值。；115學年度基北區免試入學核定招生名額（使用者提供 PDF；一般生招生名額，含科別與性別欄位）,資優/特色班請依各校及基北區官方公告查詢,,115學年度本表招生科別可確認包含：普通科、商業經營科、室內空間設計科、廣告設計科。學校官網首頁未標示更完整的全校課程方向摘要；詳細課程內容以校方115學年度課程計畫為準。,學校官網首頁未標示115學年度全校統一實習／專題內容；實際實作、專題或成果要求以各科、實習處或課程計畫公告為準。,學校官網首頁未標示完整固定大眾運輸到校路線或115學年度固定學生專車班次；本表不自行補寫路線。,網站首頁未標示固定通勤時間；Google地圖欄已依官方校址建立查詢入口，可依實際出發地查詢即時大眾運輸。,學校官網首頁未標示115學年度校內學生宿舍申請資訊。,https://www.google.com/maps/search/?api=1&query=%E8%87%BA%E5%8C%97%E5%B8%82%E6%96%87%E5%B1%B1%E5%8D%80%E6%9C%A8%E6%96%B0%E9%87%8C%E4%BF%9D%E5%84%80%E8%B7%AF127%E8%99%9F; https://www.jwsh.tp.edu.tw/,https://www.jwsh.tp.edu.tw/,https://www.jwsh.tp.edu.tw/,https://www.google.com/maps/search/?api=1&query=%E8%87%BA%E5%8C%97%E5%B8%82%E6%96%87%E5%B1%B1%E5%8D%80%E6%9C%A8%E6%96%B0%E9%87%8C%E4%BF%9D%E5%84%80%E8%B7%AF127%E8%99%9F,https://www.jwsh.tp.edu.tw/,https://www.jwsh.tp.edu.tw/,https://www.jwsh.tp.edu.tw/
基北區,,381301,私立東山高中,私立,基北區,高中,男女校,臺北市,文山區,臺北市文山區老泉里老泉街26巷3號,http://www.tshs.tp.edu.tw,(02)29395826,普通科:72,72,72,教育部115學年度高中職名錄；招生與科系依115學年度基北區免試入學簡章整理。未填最低錄取分數，避免引用未經官方統一核定的估算值。；115學年度基北區免試入學核定招生名額（使用者提供 PDF；一般生招生名額，含科別與性別欄位）,資優/特色班請依各校及基北區官方公告查詢,,115學年度本表招生科別可確認包含：普通科。學校官網首頁未標示更完整的全校課程方向摘要；詳細課程內容以校方115學年度課程計畫為準。,學校官網首頁未標示115學年度全校統一實習／專題內容；實際實作、專題或成果要求以各科、實習處或課程計畫公告為準。,學校官網首頁未標示完整固定大眾運輸到校路線或115學年度固定學生專車班次；本表不自行補寫路線。,網站首頁未標示固定通勤時間；Google地圖欄已依官方校址建立查詢入口，可依實際出發地查詢即時大眾運輸。,學校官網首頁未標示115學年度校內學生宿舍申請資訊。,https://www.google.com/maps/search/?api=1&query=%E8%87%BA%E5%8C%97%E5%B8%82%E6%96%87%E5%B1%B1%E5%8D%80%E8%80%81%E6%B3%89%E9%87%8C%E8%80%81%E6%B3%89%E8%A1%9726%E5%B7%B73%E8%99%9F; http://www.tshs.tp.edu.tw,http://www.tshs.tp.edu.tw,http://www.tshs.tp.edu.tw,https://www.google.com/maps/search/?api=1&query=%E8%87%BA%E5%8C%97%E5%B8%82%E6%96%87%E5%B1%B1%E5%8D%80%E8%80%81%E6%B3%89%E9%87%8C%E8%80%81%E6%B3%89%E8%A1%9726%E5%B7%B73%E8%99%9F,http://www.tshs.tp.edu.tw,http://www.tshs.tp.edu.tw,http://www.tshs.tp.edu.tw
基北區,,411301,私立泰北高中,私立,基北區,高職,男女校,臺北市,士林區,臺北市士林區福林里福林路240號,https://www.tpsh.tp.edu.tw/,(02)28825560,應用日語科:8；美工科:7；廣告設計科:7；多媒體設計科:26；表演藝術科:26,74,74,教育部115學年度高中職名錄；招生與科系依115學年度基北區免試入學簡章整理。未填最低錄取分數，避免引用未經官方統一核定的估算值。；115學年度基北區免試入學核定招生名額（使用者提供 PDF；一般生招生名額，含科別與性別欄位）,資優/特色班請依各校及基北區官方公告查詢,,115學年度本表招生科別可確認包含：應用日語科、美工科、廣告設計科、多媒體設計科、表演藝術科。學校官網首頁未標示更完整的全校課程方向摘要；詳細課程內容以校方115學年度課程計畫為準。,學校官網首頁未標示115學年度全校統一實習／專題內容；實際實作、專題或成果要求以各科、實習處或課程計畫公告為準。,學校官網首頁未標示完整固定大眾運輸到校路線或115學年度固定學生專車班次；本表不自行補寫路線。,網站首頁未標示固定通勤時間；Google地圖欄已依官方校址建立查詢入口，可依實際出發地查詢即時大眾運輸。,校方115學年度第1學期已公告住宿生名單，確認設有學生住宿；申請資格、床位與入住規定依校方住宿公告。,https://www.google.com/maps/search/?api=1&query=%E8%87%BA%E5%8C%97%E5%B8%82%E5%A3%AB%E6%9E%97%E5%8D%80%E7%A6%8F%E6%9E%97%E9%87%8C%E7%A6%8F%E6%9E%97%E8%B7%AF240%E8%99%9F; https://www.tpsh.tp.edu.tw/,https://www.tpsh.tp.edu.tw/,https://www.tpsh.tp.edu.tw/,https://www.google.com/maps/search/?api=1&query=%E8%87%BA%E5%8C%97%E5%B8%82%E5%A3%AB%E6%9E%97%E5%8D%80%E7%A6%8F%E6%9E%97%E9%87%8C%E7%A6%8F%E6%9E%97%E8%B7%AF240%E8%99%9F,https://www.tpsh.tp.edu.tw/,https://www.tpsh.tp.edu.tw/,https://www.tpsh.tp.edu.tw/
基北區,,381302,私立滬江高中,私立,基北區,高職,男女校,臺北市,文山區,臺北市文山區景美里羅斯福路六段336號,https://www.hchs.tp.edu.tw/,(02)86631122,室內空間設計科:25；餐飲管理科:25,50,50,教育部115學年度高中職名錄；招生與科系依115學年度基北區免試入學簡章整理。未填最低錄取分數，避免引用未經官方統一核定的估算值。；115學年度基北區免試入學核定招生名額（使用者提供 PDF；一般生招生名額，含科別與性別欄位）,資優/特色班請依各校及基北區官方公告查詢,,115學年度本表招生科別可確認包含：室內空間設計科、餐飲管理科。學校官網首頁未標示更完整的全校課程方向摘要；詳細課程內容以校方115學年度課程計畫為準。,學校官網首頁未標示115學年度全校統一實習／專題內容；實際實作、專題或成果要求以各科、實習處或課程計畫公告為準。,學校官網首頁未標示完整固定大眾運輸到校路線或115學年度固定學生專車班次；本表不自行補寫路線。,網站首頁未標示固定通勤時間；Google地圖欄已依官方校址建立查詢入口，可依實際出發地查詢即時大眾運輸。,學校官網首頁未標示115學年度校內學生宿舍申請資訊。,https://www.google.com/maps/search/?api=1&query=%E8%87%BA%E5%8C%97%E5%B8%82%E6%96%87%E5%B1%B1%E5%8D%80%E6%99%AF%E7%BE%8E%E9%87%8C%E7%BE%85%E6%96%AF%E7%A6%8F%E8%B7%AF%E5%85%AD%E6%AE%B5336%E8%99%9F; https://www.hchs.tp.edu.tw/,https://www.hchs.tp.edu.tw/,https://www.hchs.tp.edu.tw/,https://www.google.com/maps/search/?api=1&query=%E8%87%BA%E5%8C%97%E5%B8%82%E6%96%87%E5%B1%B1%E5%8D%80%E6%99%AF%E7%BE%8E%E9%87%8C%E7%BE%85%E6%96%AF%E7%A6%8F%E8%B7%AF%E5%85%AD%E6%AE%B5336%E8%99%9F,https://www.hchs.tp.edu.tw/,https://www.hchs.tp.edu.tw/,https://www.hchs.tp.edu.tw/
基北區,,341402,私立稻江護家,私立,基北區,綜高,男女校,臺北市,中山區,臺北市中山區新庄里新生北路三段55號,http://www.tcnvs.tp.edu.tw,(02)25955161,家政科:31；幼兒保育科:72；時尚造型科:63；餐飲管理科:63；綜合高中:37；機電科:37,303,303,教育部115學年度高中職名錄；招生與科系依115學年度基北區免試入學簡章整理。未填最低錄取分數，避免引用未經官方統一核定的估算值。；115學年度基北區免試入學核定招生名額（使用者提供 PDF；一般生招生名額，含科別與性別欄位）,資優/特色班請依各校及基北區官方公告查詢,,115學年度本表招生科別可確認包含：家政科、幼兒保育科、時尚造型科、餐飲管理科、綜合高中、機電科。學校官網首頁未標示更完整的全校課程方向摘要；詳細課程內容以校方115學年度課程計畫為準。,學校官網首頁未標示115學年度全校統一實習／專題內容；實際實作、專題或成果要求以各科、實習處或課程計畫公告為準。,學校官網首頁未標示完整固定大眾運輸到校路線或115學年度固定學生專車班次；本表不自行補寫路線。,網站首頁未標示固定通勤時間；Google地圖欄已依官方校址建立查詢入口，可依實際出發地查詢即時大眾運輸。,學校官網首頁未標示115學年度校內學生宿舍申請資訊。,https://www.google.com/maps/search/?api=1&query=%E8%87%BA%E5%8C%97%E5%B8%82%E4%B8%AD%E5%B1%B1%E5%8D%80%E6%96%B0%E5%BA%84%E9%87%8C%E6%96%B0%E7%94%9F%E5%8C%97%E8%B7%AF%E4%B8%89%E6%AE%B555%E8%99%9F; http://www.tcnvs.tp.edu.tw,http://www.tcnvs.tp.edu.tw,http://www.tcnvs.tp.edu.tw,https://www.google.com/maps/search/?api=1&query=%E8%87%BA%E5%8C%97%E5%B8%82%E4%B8%AD%E5%B1%B1%E5%8D%80%E6%96%B0%E5%BA%84%E9%87%8C%E6%96%B0%E7%94%9F%E5%8C%97%E8%B7%AF%E4%B8%89%E6%AE%B555%E8%99%9F,http://www.tcnvs.tp.edu.tw,http://www.tcnvs.tp.edu.tw,http://www.tcnvs.tp.edu.tw
基北區,,361401,私立稻江高商,私立,基北區,高職,男女校,臺北市,大同區,臺北市大同區隆和里民權西路225巷24號,http://www.tkcvs.tp.edu.tw,(02)25912001,商業經營科:31；應用日語科:31；廣告設計科:63；觀光事業科:52,177,177,教育部115學年度高中職名錄；招生與科系依115學年度基北區免試入學簡章整理。未填最低錄取分數，避免引用未經官方統一核定的估算值。；115學年度基北區免試入學核定招生名額（使用者提供 PDF；一般生招生名額，含科別與性別欄位）,資優/特色班請依各校及基北區官方公告查詢,,115學年度本表招生科別可確認包含：商業經營科、應用日語科、廣告設計科、觀光事業科。學校官網首頁未標示更完整的全校課程方向摘要；詳細課程內容以校方115學年度課程計畫為準。,學校官網首頁未標示115學年度全校統一實習／專題內容；實際實作、專題或成果要求以各科、實習處或課程計畫公告為準。,學校官網首頁未標示完整固定大眾運輸到校路線或115學年度固定學生專車班次；本表不自行補寫路線。,網站首頁未標示固定通勤時間；Google地圖欄已依官方校址建立查詢入口，可依實際出發地查詢即時大眾運輸。,學校官網首頁未標示115學年度校內學生宿舍申請資訊。,https://www.google.com/maps/search/?api=1&query=%E8%87%BA%E5%8C%97%E5%B8%82%E5%A4%A7%E5%90%8C%E5%8D%80%E9%9A%86%E5%92%8C%E9%87%8C%E6%B0%91%E6%AC%8A%E8%A5%BF%E8%B7%AF225%E5%B7%B724%E8%99%9F; http://www.tkcvs.tp.edu.tw,http://www.tkcvs.tp.edu.tw,http://www.tkcvs.tp.edu.tw,https://www.google.com/maps/search/?api=1&query=%E8%87%BA%E5%8C%97%E5%B8%82%E5%A4%A7%E5%90%8C%E5%8D%80%E9%9A%86%E5%92%8C%E9%87%8C%E6%B0%91%E6%AC%8A%E8%A5%BF%E8%B7%AF225%E5%B7%B724%E8%99%9F,http://www.tkcvs.tp.edu.tw,http://www.tkcvs.tp.edu.tw,http://www.tkcvs.tp.edu.tw
基北區,,311401,私立育達高中,私立,基北區,高職,男女校,臺北市,松山區,105 臺北市松山區寧安街12號,https://www.yudah.tp.edu.tw/,(02)25706767,烘焙科:131；時尚造型科:178；觀光事業科:89；餐飲管理科:319；表演藝術科:178,895,895,教育部115學年度高中職名錄；招生與科系依115學年度基北區免試入學簡章整理。未填最低錄取分數，避免引用未經官方統一核定的估算值。；115學年度基北區免試入學核定招生名額（使用者提供 PDF；一般生招生名額，含科別與性別欄位）,資優/特色班請依各校及基北區官方公告查詢,,普通高中與多媒體設計、觀光、餐飲、時尚造型、表演藝術、烘焙等專業方向並行，另有新媒體等特色／實驗課程。,專業科別依實習與產學合作辦理校外實習、技能實作及作品／展演成果；實際實習單位與專題依各科當年度公告。,官網校址位於臺北市松山區寧安街12號，並明列鄰近臺北捷運小巨蛋站4號出口。,捷運通勤以小巨蛋站為主要節點；網站首頁未標示固定學生專車班次。,學校官網首頁未標示115學年度校內學生宿舍申請資訊。,https://www.google.com/maps/search/?api=1&query=105+%E8%87%BA%E5%8C%97%E5%B8%82%E6%9D%BE%E5%B1%B1%E5%8D%80%E5%AF%A7%E5%AE%89%E8%A1%9712%E8%99%9F; https://www.yudah.tp.edu.tw/,https://www.yudah.tp.edu.tw/,https://www.yudah.tp.edu.tw/,https://www.google.com/maps/search/?api=1&query=105+%E8%87%BA%E5%8C%97%E5%B8%82%E6%9D%BE%E5%B1%B1%E5%8D%80%E5%AF%A7%E5%AE%89%E8%A1%9712%E8%99%9F,https://www.yudah.tp.edu.tw/,https://www.yudah.tp.edu.tw/,https://www.yudah.tp.edu.tw/
基北區,,411303,私立華興中學,私立,基北區,高中,男女校,臺北市,士林區,臺北市士林區芝山里仰德大道1段101號,http://www.hhhs.tp.edu.tw,(02)28316834,普通科:27,27,27,教育部115學年度高中職名錄；招生與科系依115學年度基北區免試入學簡章整理。未填最低錄取分數，避免引用未經官方統一核定的估算值。；115學年度基北區免試入學核定招生名額（使用者提供 PDF；一般生招生名額，含科別與性別欄位）,資優/特色班請依各校及基北區官方公告查詢,,115學年度本表招生科別可確認包含：普通科。學校官網首頁未標示更完整的全校課程方向摘要；詳細課程內容以校方115學年度課程計畫為準。,學校官網首頁未標示115學年度全校統一實習／專題內容；實際實作、專題或成果要求以各科、實習處或課程計畫公告為準。,學校官網首頁未標示完整固定大眾運輸到校路線或115學年度固定學生專車班次；本表不自行補寫路線。,網站首頁未標示固定通勤時間；Google地圖欄已依官方校址建立查詢入口，可依實際出發地查詢即時大眾運輸。,學校官網首頁未標示115學年度校內學生宿舍申請資訊。,https://www.google.com/maps/search/?api=1&query=%E8%87%BA%E5%8C%97%E5%B8%82%E5%A3%AB%E6%9E%97%E5%8D%80%E8%8A%9D%E5%B1%B1%E9%87%8C%E4%BB%B0%E5%BE%B7%E5%A4%A7%E9%81%931%E6%AE%B5101%E8%99%9F; http://www.hhhs.tp.edu.tw,http://www.hhhs.tp.edu.tw,http://www.hhhs.tp.edu.tw,https://www.google.com/maps/search/?api=1&query=%E8%87%BA%E5%8C%97%E5%B8%82%E5%A3%AB%E6%9E%97%E5%8D%80%E8%8A%9D%E5%B1%B1%E9%87%8C%E4%BB%B0%E5%BE%B7%E5%A4%A7%E9%81%931%E6%AE%B5101%E8%99%9F,http://www.hhhs.tp.edu.tw,http://www.hhhs.tp.edu.tw,http://www.hhhs.tp.edu.tw
基北區,,421301,私立薇閣高中,私立,基北區,高中,男女校,臺北市,北投區,臺北市北投區中心里珠海路50號,https://www.wghs.tp.edu.tw/nss/p/index,(02)28925332,普通科:57,57,57,教育部115學年度高中職名錄；招生與科系依115學年度基北區免試入學簡章整理。未填最低錄取分數，避免引用未經官方統一核定的估算值。；115學年度基北區免試入學核定招生名額（使用者提供 PDF；一般生招生名額，含科別與性別欄位）,資優/特色班請依各校及基北區官方公告查詢,,115學年度本表招生科別可確認包含：普通科。學校官網首頁未標示更完整的全校課程方向摘要；詳細課程內容以校方115學年度課程計畫為準。,學校官網首頁未標示115學年度全校統一實習／專題內容；實際實作、專題或成果要求以各科、實習處或課程計畫公告為準。,學校官網首頁未標示完整固定大眾運輸到校路線或115學年度固定學生專車班次；本表不自行補寫路線。,網站首頁未標示固定通勤時間；Google地圖欄已依官方校址建立查詢入口，可依實際出發地查詢即時大眾運輸。,學校官網首頁未標示115學年度校內學生宿舍申請資訊。,https://www.google.com/maps/search/?api=1&query=%E8%87%BA%E5%8C%97%E5%B8%82%E5%8C%97%E6%8A%95%E5%8D%80%E4%B8%AD%E5%BF%83%E9%87%8C%E7%8F%A0%E6%B5%B7%E8%B7%AF50%E8%99%9F; https://www.wghs.tp.edu.tw/nss/p/index,https://www.wghs.tp.edu.tw/nss/p/index,https://www.wghs.tp.edu.tw/nss/p/index,https://www.google.com/maps/search/?api=1&query=%E8%87%BA%E5%8C%97%E5%B8%82%E5%8C%97%E6%8A%95%E5%8D%80%E4%B8%AD%E5%BF%83%E9%87%8C%E7%8F%A0%E6%B5%B7%E8%B7%AF50%E8%99%9F,https://www.wghs.tp.edu.tw/nss/p/index,https://www.wghs.tp.edu.tw/nss/p/index,https://www.wghs.tp.edu.tw/nss/p/index
基北區,,411302,私立衛理女中,私立,基北區,高中,女校,臺北市,士林區,111003 臺北市士林區至善路二段321號,https://www.wlgsh.tp.edu.tw/,(02)28411487,普通科(女):64,64,64,教育部115學年度高中職名錄；招生與科系依115學年度基北區免試入學簡章整理。未填最低錄取分數，避免引用未經官方統一核定的估算值。；115學年度基北區免試入學核定招生名額（使用者提供 PDF；一般生招生名額，含科別與性別欄位）,資優/特色班請依各校及基北區官方公告查詢,,115學年度本表招生科別可確認包含：普通科。學校官網首頁未標示更完整的全校課程方向摘要；詳細課程內容以校方115學年度課程計畫為準。,學校官網首頁未標示115學年度全校統一實習／專題內容；實際實作、專題或成果要求以各科、實習處或課程計畫公告為準。,校方交通安全資料明列：士林捷運站可搭255、小18、小19至「衛理女中」，304、815至故宮後步行約5分鐘；大直捷運站可搭棕13到校。,校方資料標示士林捷運站轉乘到校約15分鐘、大直捷運站搭棕13到校約7分鐘；放學另有特定304專車班次。,校方設學生宿舍與住宿專區；入住資格、床位、費用及作息依當學年度住宿公告。,https://www.google.com/maps/search/?api=1&query=111003+%E8%87%BA%E5%8C%97%E5%B8%82%E5%A3%AB%E6%9E%97%E5%8D%80%E8%87%B3%E5%96%84%E8%B7%AF%E4%BA%8C%E6%AE%B5321%E8%99%9F; https://www.wlgsh.tp.edu.tw/,https://www.wlgsh.tp.edu.tw/uploads/17013307572045GlZHohV.pdf,https://www.wlgsh.tp.edu.tw/nss/p/Res001,https://www.google.com/maps/search/?api=1&query=111003+%E8%87%BA%E5%8C%97%E5%B8%82%E5%A3%AB%E6%9E%97%E5%8D%80%E8%87%B3%E5%96%84%E8%B7%AF%E4%BA%8C%E6%AE%B5321%E8%99%9F,https://www.wlgsh.tp.edu.tw/,https://www.wlgsh.tp.edu.tw/,https://www.wlgsh.tp.edu.tw/
基北區,,401303,私立達人高中,私立,基北區,高中,男女校,臺北市,內湖區,臺北市內湖區湖濱里內湖路二段314號,https://www1.trgsh.tp.edu.tw/,(02)27956899,普通科(女):29；普通科:56,85,85,教育部115學年度高中職名錄；招生與科系依115學年度基北區免試入學簡章整理。未填最低錄取分數，避免引用未經官方統一核定的估算值。；115學年度基北區免試入學核定招生名額（使用者提供 PDF；一般生招生名額，含科別與性別欄位）,資優/特色班請依各校及基北區官方公告查詢,,115學年度本表招生科別可確認包含：普通科。學校官網首頁未標示更完整的全校課程方向摘要；詳細課程內容以校方115學年度課程計畫為準。,學校官網首頁未標示115學年度全校統一實習／專題內容；實際實作、專題或成果要求以各科、實習處或課程計畫公告為準。,學校官網首頁未標示完整固定大眾運輸到校路線或115學年度固定學生專車班次；本表不自行補寫路線。,網站首頁未標示固定通勤時間；Google地圖欄已依官方校址建立查詢入口，可依實際出發地查詢即時大眾運輸。,學校官網首頁未標示115學年度校內學生宿舍申請資訊。,https://www.google.com/maps/search/?api=1&query=%E8%87%BA%E5%8C%97%E5%B8%82%E5%85%A7%E6%B9%96%E5%8D%80%E6%B9%96%E6%BF%B1%E9%87%8C%E5%85%A7%E6%B9%96%E8%B7%AF%E4%BA%8C%E6%AE%B5314%E8%99%9F; https://www1.trgsh.tp.edu.tw/,https://www1.trgsh.tp.edu.tw/,https://www1.trgsh.tp.edu.tw/,https://www.google.com/maps/search/?api=1&query=%E8%87%BA%E5%8C%97%E5%B8%82%E5%85%A7%E6%B9%96%E5%8D%80%E6%B9%96%E6%BF%B1%E9%87%8C%E5%85%A7%E6%B9%96%E8%B7%AF%E4%BA%8C%E6%AE%B5314%E8%99%9F,https://www1.trgsh.tp.edu.tw/,https://www1.trgsh.tp.edu.tw/,https://www1.trgsh.tp.edu.tw/
基北區,,331302,私立金甌女中,私立,基北區,高職,女校,臺北市,大安區,106301 臺北市大安區杭州南路二段1號,https://www.cogsh.tp.edu.tw/,(02)23214765,日間部(女):65；應用日語科(女):45；多媒體設計科(女):45,155,155,教育部115學年度高中職名錄；招生與科系依115學年度基北區免試入學簡章整理。未填最低錄取分數，避免引用未經官方統一核定的估算值。；115學年度基北區免試入學核定招生名額（使用者提供 PDF；一般生招生名額，含科別與性別欄位）,資優/特色班請依各校及基北區官方公告查詢,,115學年度本表招生科別可確認包含：日間部、應用日語科、多媒體設計科。學校官網首頁未標示更完整的全校課程方向摘要；詳細課程內容以校方115學年度課程計畫為準。,學校官網首頁未標示115學年度全校統一實習／專題內容；實際實作、專題或成果要求以各科、實習處或課程計畫公告為準。,官網校址位於臺北市大安區杭州南路二段1號，校方交通資訊標示鄰近捷運東門站與中正紀念堂周邊。,捷運可利用東門站等鄰近站點；網站未標示全體學生固定通勤時間或固定學生專車班次。,學校官網首頁未標示115學年度校內學生宿舍申請資訊。,https://www.google.com/maps/search/?api=1&query=106301+%E8%87%BA%E5%8C%97%E5%B8%82%E5%A4%A7%E5%AE%89%E5%8D%80%E6%9D%AD%E5%B7%9E%E5%8D%97%E8%B7%AF%E4%BA%8C%E6%AE%B51%E8%99%9F; https://www.cogsh.tp.edu.tw/,https://www.cogsh.tp.edu.tw/,https://www.cogsh.tp.edu.tw/,https://www.google.com/maps/search/?api=1&query=106301+%E8%87%BA%E5%8C%97%E5%B8%82%E5%A4%A7%E5%AE%89%E5%8D%80%E6%9D%AD%E5%B7%9E%E5%8D%97%E8%B7%AF%E4%BA%8C%E6%AE%B51%E8%99%9F,https://www.cogsh.tp.edu.tw/,https://www.cogsh.tp.edu.tw/,https://www.cogsh.tp.edu.tw/
基北區,,331404,私立開平餐飲,私立,基北區,高職,男女校,臺北市,大安區,臺北市大安區龍陣里復興南路二段148巷24號,http://www.kpvs.tp.edu.tw,(02)27556939,餐飲管理科:22,22,22,教育部115學年度高中職名錄；招生與科系依115學年度基北區免試入學簡章整理。未填最低錄取分數，避免引用未經官方統一核定的估算值。；115學年度基北區免試入學核定招生名額（使用者提供 PDF；一般生招生名額，含科別與性別欄位）,資優/特色班請依各校及基北區官方公告查詢,,115學年度本表招生科別可確認包含：餐飲管理科。學校官網首頁未標示更完整的全校課程方向摘要；詳細課程內容以校方115學年度課程計畫為準。,學校官網首頁未標示115學年度全校統一實習／專題內容；實際實作、專題或成果要求以各科、實習處或課程計畫公告為準。,學校官網首頁未標示完整固定大眾運輸到校路線或115學年度固定學生專車班次；本表不自行補寫路線。,網站首頁未標示固定通勤時間；Google地圖欄已依官方校址建立查詢入口，可依實際出發地查詢即時大眾運輸。,學校官網首頁未標示115學年度校內學生宿舍申請資訊。,https://www.google.com/maps/search/?api=1&query=%E8%87%BA%E5%8C%97%E5%B8%82%E5%A4%A7%E5%AE%89%E5%8D%80%E9%BE%8D%E9%99%A3%E9%87%8C%E5%BE%A9%E8%88%88%E5%8D%97%E8%B7%AF%E4%BA%8C%E6%AE%B5148%E5%B7%B724%E8%99%9F; http://www.kpvs.tp.edu.tw,http://www.kpvs.tp.edu.tw,http://www.kpvs.tp.edu.tw,https://www.google.com/maps/search/?api=1&query=%E8%87%BA%E5%8C%97%E5%B8%82%E5%A4%A7%E5%AE%89%E5%8D%80%E9%BE%8D%E9%99%A3%E9%87%8C%E5%BE%A9%E8%88%88%E5%8D%97%E8%B7%AF%E4%BA%8C%E6%AE%B5148%E5%B7%B724%E8%99%9F,http://www.kpvs.tp.edu.tw,http://www.kpvs.tp.edu.tw,http://www.kpvs.tp.edu.tw
基北區,,361301,私立靜修高中,私立,基北區,綜高,男女校,臺北市,大同區,臺北市大同區雙連里寧夏路59號,http://www.bish.tp.edu.tw,(02)25574345,普通科(女):95；應用日語科(女):27,122,122,教育部115學年度高中職名錄；招生與科系依115學年度基北區免試入學簡章整理。未填最低錄取分數，避免引用未經官方統一核定的估算值。；115學年度基北區免試入學核定招生名額（使用者提供 PDF；一般生招生名額，含科別與性別欄位）,資優/特色班請依各校及基北區官方公告查詢,,115學年度本表招生科別可確認包含：普通科、應用日語科。學校官網首頁未標示更完整的全校課程方向摘要；詳細課程內容以校方115學年度課程計畫為準。,學校官網首頁未標示115學年度全校統一實習／專題內容；實際實作、專題或成果要求以各科、實習處或課程計畫公告為準。,學校官網首頁未標示完整固定大眾運輸到校路線或115學年度固定學生專車班次；本表不自行補寫路線。,網站首頁未標示固定通勤時間；Google地圖欄已依官方校址建立查詢入口，可依實際出發地查詢即時大眾運輸。,學校官網首頁未標示115學年度校內學生宿舍申請資訊。,https://www.google.com/maps/search/?api=1&query=%E8%87%BA%E5%8C%97%E5%B8%82%E5%A4%A7%E5%90%8C%E5%8D%80%E9%9B%99%E9%80%A3%E9%87%8C%E5%AF%A7%E5%A4%8F%E8%B7%AF59%E8%99%9F; http://www.bish.tp.edu.tw,http://www.bish.tp.edu.tw,http://www.bish.tp.edu.tw,https://www.google.com/maps/search/?api=1&query=%E8%87%BA%E5%8C%97%E5%B8%82%E5%A4%A7%E5%90%8C%E5%8D%80%E9%9B%99%E9%80%A3%E9%87%8C%E5%AF%A7%E5%A4%8F%E8%B7%AF59%E8%99%9F,http://www.bish.tp.edu.tw,http://www.bish.tp.edu.tw,http://www.bish.tp.edu.tw
基北區,,381306,私立靜心高中,私立,基北區,高中,男女校,臺北市,文山區,臺北市文山區興福里興隆路二段46號,http://www.chjhs.tp.edu.tw/dispPageBox/MainHp.aspx?ddsPageID=MAINHP,(02)29323118,普通科:16,16,16,教育部115學年度高中職名錄；招生與科系依115學年度基北區免試入學簡章整理。未填最低錄取分數，避免引用未經官方統一核定的估算值。；115學年度基北區免試入學核定招生名額（使用者提供 PDF；一般生招生名額，含科別與性別欄位）,資優/特色班請依各校及基北區官方公告查詢,,115學年度本表招生科別可確認包含：普通科。學校官網首頁未標示更完整的全校課程方向摘要；詳細課程內容以校方115學年度課程計畫為準。,學校官網首頁未標示115學年度全校統一實習／專題內容；實際實作、專題或成果要求以各科、實習處或課程計畫公告為準。,學校官網首頁未標示完整固定大眾運輸到校路線或115學年度固定學生專車班次；本表不自行補寫路線。,網站首頁未標示固定通勤時間；Google地圖欄已依官方校址建立查詢入口，可依實際出發地查詢即時大眾運輸。,學校官網首頁未標示115學年度校內學生宿舍申請資訊。,https://www.google.com/maps/search/?api=1&query=%E8%87%BA%E5%8C%97%E5%B8%82%E6%96%87%E5%B1%B1%E5%8D%80%E8%88%88%E7%A6%8F%E9%87%8C%E8%88%88%E9%9A%86%E8%B7%AF%E4%BA%8C%E6%AE%B546%E8%99%9F; http://www.chjhs.tp.edu.tw/dispPageBox/MainHp.aspx?ddsPageID=MAINHP,http://www.chjhs.tp.edu.tw/dispPageBox/MainHp.aspx?ddsPageID=MAINHP,http://www.chjhs.tp.edu.tw/dispPageBox/MainHp.aspx?ddsPageID=MAINHP,https://www.google.com/maps/search/?api=1&query=%E8%87%BA%E5%8C%97%E5%B8%82%E6%96%87%E5%B1%B1%E5%8D%80%E8%88%88%E7%A6%8F%E9%87%8C%E8%88%88%E9%9A%86%E8%B7%AF%E4%BA%8C%E6%AE%B546%E8%99%9F,http://www.chjhs.tp.edu.tw/dispPageBox/MainHp.aspx?ddsPageID=MAINHP,http://www.chjhs.tp.edu.tw/dispPageBox/MainHp.aspx?ddsPageID=MAINHP,http://www.chjhs.tp.edu.tw/dispPageBox/MainHp.aspx?ddsPageID=MAINHP
基北區,,351402,臺北市開南高中,私立,基北區,高職,男女校,臺北市,中正區,臺北市中正區東門里濟南路一段6號,https://www.knvs.tp.edu.tw/,(02)23212666,汽車科:37；資訊科:37；電機科:37；廣告設計科:37；照顧服務科:22；餐飲管理科:32,202,202,教育部115學年度高中職名錄；招生與科系依115學年度基北區免試入學簡章整理。未填最低錄取分數，避免引用未經官方統一核定的估算值。；115學年度基北區免試入學核定招生名額（使用者提供 PDF；一般生招生名額，含科別與性別欄位）,資優/特色班請依各校及基北區官方公告查詢,,115學年度本表招生科別可確認包含：汽車科、資訊科、電機科、廣告設計科、照顧服務科、餐飲管理科。學校官網首頁未標示更完整的全校課程方向摘要；詳細課程內容以校方115學年度課程計畫為準。,學校官網首頁未標示115學年度全校統一實習／專題內容；實際實作、專題或成果要求以各科、實習處或課程計畫公告為準。,學校官網首頁未標示完整固定大眾運輸到校路線或115學年度固定學生專車班次；本表不自行補寫路線。,網站首頁未標示固定通勤時間；Google地圖欄已依官方校址建立查詢入口，可依實際出發地查詢即時大眾運輸。,學校官網首頁未標示115學年度校內學生宿舍申請資訊。,https://www.google.com/maps/search/?api=1&query=%E8%87%BA%E5%8C%97%E5%B8%82%E4%B8%AD%E6%AD%A3%E5%8D%80%E6%9D%B1%E9%96%80%E9%87%8C%E6%BF%9F%E5%8D%97%E8%B7%AF%E4%B8%80%E6%AE%B56%E8%99%9F; https://www.knvs.tp.edu.tw/,https://www.knvs.tp.edu.tw/,https://www.knvs.tp.edu.tw/,https://www.google.com/maps/search/?api=1&query=%E8%87%BA%E5%8C%97%E5%B8%82%E4%B8%AD%E6%AD%A3%E5%8D%80%E6%9D%B1%E9%96%80%E9%87%8C%E6%BF%9F%E5%8D%97%E8%B7%AF%E4%B8%80%E6%AE%B56%E8%99%9F,https://www.knvs.tp.edu.tw/,https://www.knvs.tp.edu.tw/,https://www.knvs.tp.edu.tw/
桃連區,,030305,國立中央大學附屬中壢高中,公立,桃連區日間部,綜高,男女校,桃園市,中壢區,桃園市中壢區三光路115號,http://www.clhs.tyc.edu.tw,(03)4932181,普通科:612；機械科:62；模具科:31；生物產業機電科:62；汽車科:52,819,819,115學年度桃連區免試入學簡章；實際招生名額以115年6月18日委員會公告為準。；115學年度桃連區免試入學核定招生名額（使用者提供 PDF；一般生招生名額，含科別與性別欄位）,,,普通／學術課程與專業方向並行，招生或課程方向包含普通科、機械科、模具科、生物產業機電科、汽車科；實際分流與選修依115學年度學校課程計畫辦理。,專業群科依各科課程辦理實習實作、技能訓練與專題製作；網站未標示115學年度全校統一專題題目時，以各科／實習處公告為準。,學校官網未標示115學年度完整固定大眾運輸到校路線或固定學生專車班次。,網站未標示所有學生一致的固定通勤時間；請依官方校址與即時大眾運輸班次查詢。,學校官網未標示115學年度校內學生宿舍申請資訊。,https://www.google.com/maps/search/?api=1&query=%E6%A1%83%E5%9C%92%E5%B8%82%E4%B8%AD%E5%A3%A2%E5%8D%80%E4%B8%89%E5%85%89%E8%B7%AF115%E8%99%9F; http://www.clhs.tyc.edu.tw,http://www.clhs.tyc.edu.tw,http://www.clhs.tyc.edu.tw,https://www.google.com/maps/search/?api=1&query=%E6%A1%83%E5%9C%92%E5%B8%82%E4%B8%AD%E5%A3%A2%E5%8D%80%E4%B8%89%E5%85%89%E8%B7%AF115%E8%99%9F,http://www.clhs.tyc.edu.tw,http://www.clhs.tyc.edu.tw,http://www.clhs.tyc.edu.tw
桃連區,,030403,國立北科大附屬桃園農工,公立,桃連區日間部,高職,男女校,桃園市,桃園區,桃園市桃園區成功路二段144號,http://www.tyai.tyc.edu.tw,(03)3333921,機械科:62；模具科:31；生物產業機電科:62；汽車科:52；動力機械科:31；電子科:62；電機科:62；化工科:62；農場經營科:26；園藝科:31；畜產保健科:31；進修部：機械科:24；模具科:24；汽車科:24；電子科:24；電機科:24；化工科:24,656,656,115學年度桃連區免試入學簡章；實際招生名額以115年6月18日委員會公告為準。；115學年度桃連區免試入學核定招生名額（使用者提供 PDF；一般生招生名額，含科別與性別欄位）,,,技術型高中主要專業方向包含機械科、模具科、生物產業機電科、汽車科、動力機械科、電子科、電機科、化工科、農場經營科、園藝科等；依各科115學年度課程計畫安排專業科目、實習實作與校訂選修。,專業群科依各科課程辦理實習實作、技能訓練與專題製作；網站未標示115學年度全校統一專題題目時，以各科／實習處公告為準。,學校官網未標示115學年度完整固定大眾運輸到校路線或固定學生專車班次。,網站未標示所有學生一致的固定通勤時間；請依官方校址與即時大眾運輸班次查詢。,學校官網未標示115學年度校內學生宿舍申請資訊。,https://www.google.com/maps/search/?api=1&query=%E6%A1%83%E5%9C%92%E5%B8%82%E6%A1%83%E5%9C%92%E5%8D%80%E6%88%90%E5%8A%9F%E8%B7%AF%E4%BA%8C%E6%AE%B5144%E8%99%9F; http://www.tyai.tyc.edu.tw,http://www.tyai.tyc.edu.tw,http://www.tyai.tyc.edu.tw,https://www.google.com/maps/search/?api=1&query=%E6%A1%83%E5%9C%92%E5%B8%82%E6%A1%83%E5%9C%92%E5%8D%80%E6%88%90%E5%8A%9F%E8%B7%AF%E4%BA%8C%E6%AE%B5144%E8%99%9F,http://www.tyai.tyc.edu.tw,http://www.tyai.tyc.edu.tw,http://www.tyai.tyc.edu.tw
桃連區,,720301,國立馬祖高中,公立,桃連區日間部,綜高,男女校,連江縣,南竿鄉,連江縣南竿鄉介壽村374號,http://www.mssh.matsu.edu.tw,(0836)25668,綜合高中:33；普通科:135；機械科:29,197,197,115學年度桃連區免試入學簡章；實際招生名額以115年6月18日委員會公告為準。；115學年度桃連區免試入學核定招生名額（使用者提供 PDF；一般生招生名額，含科別與性別欄位）,,,普通／學術課程與專業方向並行，招生或課程方向包含綜合高中、普通科、機械科；實際分流與選修依115學年度學校課程計畫辦理。,專業群科依各科課程辦理實習實作、技能訓練與專題製作；網站未標示115學年度全校統一專題題目時，以各科／實習處公告為準。,學校官網未標示115學年度完整固定大眾運輸到校路線或固定學生專車班次。,網站未標示所有學生一致的固定通勤時間；請依官方校址與即時大眾運輸班次查詢。,校方設有學生住宿制度，官網公布「馬祖高中學生住宿管理實施規定」。,https://www.google.com/maps/search/?api=1&query=%E9%80%A3%E6%B1%9F%E7%B8%A3%E5%8D%97%E7%AB%BF%E9%84%89%E4%BB%8B%E5%A3%BD%E6%9D%91374%E8%99%9F; http://www.mssh.matsu.edu.tw,http://www.mssh.matsu.edu.tw,https://www.mssh.matsu.edu.tw/p/405-1014-107795%2Cc2599.php?Lang=zh-tw,https://www.google.com/maps/search/?api=1&query=%E9%80%A3%E6%B1%9F%E7%B8%A3%E5%8D%97%E7%AB%BF%E9%84%89%E4%BB%8B%E5%A3%BD%E6%9D%91374%E8%99%9F,http://www.mssh.matsu.edu.tw,https://www.mssh.matsu.edu.tw/,http://www.mssh.matsu.edu.tw
桃連區,,033302,市立龍潭高中,公立,桃連區日間部,高職,男女校,桃園市,龍潭區,桃園市龍潭區神龍路155號,http://www.ltsh.tyc.edu.tw/bin/home.php,(03)4792829,電子科:31；園藝科:29；造園科:28；畜產保健科:31；食品加工科:31；電機科:24,174,174,115學年度桃連區免試入學簡章；實際招生名額以115年6月18日委員會公告為準。；115學年度桃連區免試入學核定招生名額（使用者提供 PDF；一般生招生名額，含科別與性別欄位）,,,技術型高中主要專業方向包含電子科、園藝科、造園科、畜產保健科、食品加工科、電機科；依各科115學年度課程計畫安排專業科目、實習實作與校訂選修。,專業群科依各科課程辦理實習實作、技能訓練與專題製作；網站未標示115學年度全校統一專題題目時，以各科／實習處公告為準。,學校官網未標示115學年度完整固定大眾運輸到校路線或固定學生專車班次。,網站未標示所有學生一致的固定通勤時間；請依官方校址與即時大眾運輸班次查詢。,學校官網未標示115學年度校內學生宿舍申請資訊。,https://www.google.com/maps/search/?api=1&query=%E6%A1%83%E5%9C%92%E5%B8%82%E9%BE%8D%E6%BD%AD%E5%8D%80%E7%A5%9E%E9%BE%8D%E8%B7%AF155%E8%99%9F; http://www.ltsh.tyc.edu.tw/bin/home.php,http://www.ltsh.tyc.edu.tw/bin/home.php,http://www.ltsh.tyc.edu.tw/bin/home.php,https://www.google.com/maps/search/?api=1&query=%E6%A1%83%E5%9C%92%E5%B8%82%E9%BE%8D%E6%BD%AD%E5%8D%80%E7%A5%9E%E9%BE%8D%E8%B7%AF155%E8%99%9F,http://www.ltsh.tyc.edu.tw/bin/home.php,http://www.ltsh.tyc.edu.tw/bin/home.php,http://www.ltsh.tyc.edu.tw/bin/home.php
桃連區,,033304,市立桃園高中,公立,桃連區日間部,高中,男女校,桃園市,桃園區,桃園市桃園區成功路三段38號,http://www.tysh.tyc.edu.tw,(03)3946001,普通科:700,700,700,115學年度桃連區免試入學簡章；實際招生名額以115年6月18日委員會公告為準。；115學年度桃連區免試入學核定招生名額（使用者提供 PDF；一般生招生名額，含科別與性別欄位）,,,普通型高中課程，以部定必修、加深加廣、多元選修、彈性學習與自主學習為主；校本與特色課程依115學年度學校課程計畫辦理。,不設技職類固定實習；以探究與實作、自主學習及學習歷程成果為主。網站未標示115學年度全校統一專題題目。,學校官網未標示115學年度完整固定大眾運輸到校路線或固定學生專車班次。,網站未標示所有學生一致的固定通勤時間；請依官方校址與即時大眾運輸班次查詢。,學校官網未標示115學年度校內學生宿舍申請資訊。,https://www.google.com/maps/search/?api=1&query=%E6%A1%83%E5%9C%92%E5%B8%82%E6%A1%83%E5%9C%92%E5%8D%80%E6%88%90%E5%8A%9F%E8%B7%AF%E4%B8%89%E6%AE%B538%E8%99%9F; http://www.tysh.tyc.edu.tw,http://www.tysh.tyc.edu.tw,http://www.tysh.tyc.edu.tw,https://www.google.com/maps/search/?api=1&query=%E6%A1%83%E5%9C%92%E5%B8%82%E6%A1%83%E5%9C%92%E5%8D%80%E6%88%90%E5%8A%9F%E8%B7%AF%E4%B8%89%E6%AE%B538%E8%99%9F,http://www.tysh.tyc.edu.tw,https://www.tysh.tyc.edu.tw/ischool/publish_page/93/,https://www.tysh.tyc.edu.tw/ischool/publish_page/93/
桃連區,,033306,市立武陵高中,公立,桃連區日間部,高中,男女校,桃園市,桃園區,桃園市桃園區中山路889號,http://www.wlsh.tyc.edu.tw,(03)3698170,普通科:651,651,651,115學年度桃連區免試入學簡章；實際招生名額以115年6月18日委員會公告為準。；115學年度桃連區免試入學核定招生名額（使用者提供 PDF；一般生招生名額，含科別與性別欄位）,,,普通型高中課程，以部定必修、加深加廣、多元選修、彈性學習與自主學習為主；校本與特色課程依115學年度學校課程計畫辦理。,不設技職類固定實習；以探究與實作、自主學習及學習歷程成果為主。網站未標示115學年度全校統一專題題目。,學校官網未標示115學年度完整固定大眾運輸到校路線或固定學生專車班次。,網站未標示所有學生一致的固定通勤時間；請依官方校址與即時大眾運輸班次查詢。,學校官網未標示115學年度校內學生宿舍申請資訊。,https://www.google.com/maps/search/?api=1&query=%E6%A1%83%E5%9C%92%E5%B8%82%E6%A1%83%E5%9C%92%E5%8D%80%E4%B8%AD%E5%B1%B1%E8%B7%AF889%E8%99%9F; http://www.wlsh.tyc.edu.tw,http://www.wlsh.tyc.edu.tw,http://www.wlsh.tyc.edu.tw,https://www.google.com/maps/search/?api=1&query=%E6%A1%83%E5%9C%92%E5%B8%82%E6%A1%83%E5%9C%92%E5%8D%80%E4%B8%AD%E5%B1%B1%E8%B7%AF889%E8%99%9F,http://www.wlsh.tyc.edu.tw,https://www.wlsh.tyc.edu.tw/p/412-1000-399-1.php,https://www.wlsh.tyc.edu.tw/p/412-1000-399-1.php
桃連區,,033316,市立楊梅高中,公立,桃連區日間部,綜高,男女校,桃園市,楊梅區,桃園市楊梅區高獅路5號,http://www.ymhs.tyc.edu.tw/,(03)4789618,普通科:447；資訊科:64；電子科:32,543,543,115學年度桃連區免試入學簡章；實際招生名額以115年6月18日委員會公告為準。；115學年度桃連區免試入學核定招生名額（使用者提供 PDF；一般生招生名額，含科別與性別欄位）,,,普通／學術課程與專業方向並行，招生或課程方向包含普通科、資訊科、電子科；實際分流與選修依115學年度學校課程計畫辦理。,專業群科依各科課程辦理實習實作、技能訓練與專題製作；網站未標示115學年度全校統一專題題目時，以各科／實習處公告為準。,學校官網未標示115學年度完整固定大眾運輸到校路線或固定學生專車班次。,網站未標示所有學生一致的固定通勤時間；請依官方校址與即時大眾運輸班次查詢。,學校官網未標示115學年度校內學生宿舍申請資訊。,https://www.google.com/maps/search/?api=1&query=%E6%A1%83%E5%9C%92%E5%B8%82%E6%A5%8A%E6%A2%85%E5%8D%80%E9%AB%98%E7%8D%85%E8%B7%AF5%E8%99%9F; http://www.ymhs.tyc.edu.tw/,http://www.ymhs.tyc.edu.tw/,http://www.ymhs.tyc.edu.tw/,https://www.google.com/maps/search/?api=1&query=%E6%A1%83%E5%9C%92%E5%B8%82%E6%A5%8A%E6%A2%85%E5%8D%80%E9%AB%98%E7%8D%85%E8%B7%AF5%E8%99%9F,http://www.ymhs.tyc.edu.tw/,https://www.ymhs.tyc.edu.tw/ischool/publish_page/12/?cid=143,https://www.ymhs.tyc.edu.tw/ischool/publish_page/12/?cid=143
桃連區,,033325,市立陽明高中,公立,桃連區日間部,高中,男女校,桃園市,桃園區,桃園市桃園區德壽街8號,http://www.pymhs.tyc.edu.tw,(03)3672706,普通科:649,649,649,115學年度桃連區免試入學簡章；實際招生名額以115年6月18日委員會公告為準。；115學年度桃連區免試入學核定招生名額（使用者提供 PDF；一般生招生名額，含科別與性別欄位）,,,普通型高中課程，以部定必修、加深加廣、多元選修、彈性學習與自主學習為主；校本與特色課程依115學年度學校課程計畫辦理。,不設技職類固定實習；以探究與實作、自主學習及學習歷程成果為主。網站未標示115學年度全校統一專題題目。,學校官網未標示115學年度完整固定大眾運輸到校路線或固定學生專車班次。,網站未標示所有學生一致的固定通勤時間；請依官方校址與即時大眾運輸班次查詢。,校方115學年度第1學期已公告住宿生須知與寢室資訊，確認設有學生住宿。,https://www.google.com/maps/search/?api=1&query=%E6%A1%83%E5%9C%92%E5%B8%82%E6%A1%83%E5%9C%92%E5%8D%80%E5%BE%B7%E5%A3%BD%E8%A1%978%E8%99%9F; http://www.pymhs.tyc.edu.tw,http://www.pymhs.tyc.edu.tw,https://www.pymhs.tyc.edu.tw/,https://www.google.com/maps/search/?api=1&query=%E6%A1%83%E5%9C%92%E5%B8%82%E6%A1%83%E5%9C%92%E5%8D%80%E5%BE%B7%E5%A3%BD%E8%A1%978%E8%99%9F,http://www.pymhs.tyc.edu.tw,http://www.pymhs.tyc.edu.tw,http://www.pymhs.tyc.edu.tw
桃連區,,033327,市立內壢高中,公立,桃連區日間部,綜高,男女校,桃園市,中壢區,桃園市中壢區成章四街120號,http://www.nlhs.tyc.edu.tw,(03)4528080,普通科:622；綜合高中:138,760,760,115學年度桃連區免試入學簡章；實際招生名額以115年6月18日委員會公告為準。；115學年度桃連區免試入學核定招生名額（使用者提供 PDF；一般生招生名額，含科別與性別欄位）,,,普通／學術課程與專業方向並行，招生或課程方向包含普通科、綜合高中；實際分流與選修依115學年度學校課程計畫辦理。,專業群科依各科課程辦理實習實作、技能訓練與專題製作；網站未標示115學年度全校統一專題題目時，以各科／實習處公告為準。,學校官網未標示115學年度完整固定大眾運輸到校路線或固定學生專車班次。,網站未標示所有學生一致的固定通勤時間；請依官方校址與即時大眾運輸班次查詢。,學校官網未標示115學年度校內學生宿舍申請資訊。,https://www.google.com/maps/search/?api=1&query=%E6%A1%83%E5%9C%92%E5%B8%82%E4%B8%AD%E5%A3%A2%E5%8D%80%E6%88%90%E7%AB%A0%E5%9B%9B%E8%A1%97120%E8%99%9F; http://www.nlhs.tyc.edu.tw,http://www.nlhs.tyc.edu.tw,http://www.nlhs.tyc.edu.tw,https://www.google.com/maps/search/?api=1&query=%E6%A1%83%E5%9C%92%E5%B8%82%E4%B8%AD%E5%A3%A2%E5%8D%80%E6%88%90%E7%AB%A0%E5%9B%9B%E8%A1%97120%E8%99%9F,http://www.nlhs.tyc.edu.tw,http://www.nlhs.tyc.edu.tw,http://www.nlhs.tyc.edu.tw
桃連區,,033407,市立中壢高商,公立,桃連區日間部,高職,男女校,桃園市,中壢區,桃園市中壢區中央西路二段141巷100號,http://www.clvsc.tyc.edu.tw,(03)4929871,商業經營科:132；國際貿易科:132；資料處理科:99；多媒體設計科:33；商業經營科:18；資料處理科:18,432,432,115學年度桃連區免試入學簡章；實際招生名額以115年6月18日委員會公告為準。；115學年度桃連區免試入學核定招生名額（使用者提供 PDF；一般生招生名額，含科別與性別欄位）,,,技術型高中主要專業方向包含商業經營科、國際貿易科、資料處理科、多媒體設計科；依各科115學年度課程計畫安排專業科目、實習實作與校訂選修。,專業群科依各科課程辦理實習實作、技能訓練與專題製作；網站未標示115學年度全校統一專題題目時，以各科／實習處公告為準。,學校官網未標示115學年度完整固定大眾運輸到校路線或固定學生專車班次。,網站未標示所有學生一致的固定通勤時間；請依官方校址與即時大眾運輸班次查詢。,學校官網未標示115學年度校內學生宿舍申請資訊。,https://www.google.com/maps/search/?api=1&query=%E6%A1%83%E5%9C%92%E5%B8%82%E4%B8%AD%E5%A3%A2%E5%8D%80%E4%B8%AD%E5%A4%AE%E8%A5%BF%E8%B7%AF%E4%BA%8C%E6%AE%B5141%E5%B7%B7100%E8%99%9F; http://www.clvsc.tyc.edu.tw,http://www.clvsc.tyc.edu.tw,http://www.clvsc.tyc.edu.tw,https://www.google.com/maps/search/?api=1&query=%E6%A1%83%E5%9C%92%E5%B8%82%E4%B8%AD%E5%A3%A2%E5%8D%80%E4%B8%AD%E5%A4%AE%E8%A5%BF%E8%B7%AF%E4%BA%8C%E6%AE%B5141%E5%B7%B7100%E8%99%9F,http://www.clvsc.tyc.edu.tw,http://www.clvsc.tyc.edu.tw,http://www.clvsc.tyc.edu.tw
桃連區,,033408,市立中壢家商,公立,桃連區日間部,高職,男女校,桃園市,中壢區,桃園市中壢區德育路36號,https://www.clvs.tyc.edu.tw/ischool/publish_page/0/,(03)4271627,資料處理科:32；家政科:64；流行服飾科:64；服裝科:18；資訊科:36；資料處理科:180；時尚造型科:72；餐飲管理科:72,538,538,115學年度桃連區免試入學簡章；實際招生名額以115年6月18日委員會公告為準。；115學年度桃連區免試入學核定招生名額（使用者提供 PDF；一般生招生名額，含科別與性別欄位）,,,技術型高中主要專業方向包含資料處理科、家政科、流行服飾科、服裝科、資訊科、時尚造型科、餐飲管理科；依各科115學年度課程計畫安排專業科目、實習實作與校訂選修。,專業群科依各科課程辦理實習實作、技能訓練與專題製作；網站未標示115學年度全校統一專題題目時，以各科／實習處公告為準。,學校官網未標示115學年度完整固定大眾運輸到校路線或固定學生專車班次。,網站未標示所有學生一致的固定通勤時間；請依官方校址與即時大眾運輸班次查詢。,學校官網未標示115學年度校內學生宿舍申請資訊。,https://www.google.com/maps/search/?api=1&query=%E6%A1%83%E5%9C%92%E5%B8%82%E4%B8%AD%E5%A3%A2%E5%8D%80%E5%BE%B7%E8%82%B2%E8%B7%AF36%E8%99%9F; https://www.clvs.tyc.edu.tw/ischool/publish_page/0/,https://www.clvs.tyc.edu.tw/ischool/publish_page/0/,https://www.clvs.tyc.edu.tw/ischool/publish_page/0/,https://www.google.com/maps/search/?api=1&query=%E6%A1%83%E5%9C%92%E5%B8%82%E4%B8%AD%E5%A3%A2%E5%8D%80%E5%BE%B7%E8%82%B2%E8%B7%AF36%E8%99%9F,https://www.clvs.tyc.edu.tw/ischool/publish_page/0/,https://www.clvs.tyc.edu.tw/ischool/publish_page/0/,https://www.clvs.tyc.edu.tw/ischool/publish_page/0/
桃連區,,034306,市立南崁高中,公立,桃連區日間部,高中,男女校,桃園市,蘆竹區,桃園市蘆竹區仁愛路二段1號,https://www.nksh.tyc.edu.tw/ischool/publish_page/0/,(03)3525580,普通科:384,384,384,115學年度桃連區免試入學簡章；實際招生名額以115年6月18日委員會公告為準。；115學年度桃連區免試入學核定招生名額（使用者提供 PDF；一般生招生名額，含科別與性別欄位）,,,普通型高中課程，以部定必修、加深加廣、多元選修、彈性學習與自主學習為主；校本與特色課程依115學年度學校課程計畫辦理。,不設技職類固定實習；以探究與實作、自主學習及學習歷程成果為主。網站未標示115學年度全校統一專題題目。,學校官網未標示115學年度完整固定大眾運輸到校路線或固定學生專車班次。,網站未標示所有學生一致的固定通勤時間；請依官方校址與即時大眾運輸班次查詢。,學校官網未標示115學年度校內學生宿舍申請資訊。,https://www.google.com/maps/search/?api=1&query=%E6%A1%83%E5%9C%92%E5%B8%82%E8%98%86%E7%AB%B9%E5%8D%80%E4%BB%81%E6%84%9B%E8%B7%AF%E4%BA%8C%E6%AE%B51%E8%99%9F; https://www.nksh.tyc.edu.tw/ischool/publish_page/0/,https://www.nksh.tyc.edu.tw/ischool/publish_page/0/,https://www.nksh.tyc.edu.tw/ischool/publish_page/0/,https://www.google.com/maps/search/?api=1&query=%E6%A1%83%E5%9C%92%E5%B8%82%E8%98%86%E7%AB%B9%E5%8D%80%E4%BB%81%E6%84%9B%E8%B7%AF%E4%BA%8C%E6%AE%B51%E8%99%9F,https://www.nksh.tyc.edu.tw/ischool/publish_page/0/,https://www.nksh.tyc.edu.tw/ischool/publish_page/327/?cid=11479,https://www.nksh.tyc.edu.tw/ischool/publish_page/327/?cid=11479
桃連區,,034312,市立大溪高中,公立,桃連區日間部,高中,男女校,桃園市,大溪區,桃園市大溪區康莊路641號,http://www.dssh.tyc.edu.tw,(03)3878628,普通科:350,350,350,115學年度桃連區免試入學簡章；實際招生名額以115年6月18日委員會公告為準。；115學年度桃連區免試入學核定招生名額（使用者提供 PDF；一般生招生名額，含科別與性別欄位）,,,普通型高中課程，以部定必修、加深加廣、多元選修、彈性學習與自主學習為主；校本與特色課程依115學年度學校課程計畫辦理。,不設技職類固定實習；以探究與實作、自主學習及學習歷程成果為主。網站未標示115學年度全校統一專題題目。,115學年度校方協請桃園客運開設學生專案公車，分桃園、龍潭及中壢三地區，共9條路線。,學生專案公車為一般公車型態，依校方115學年度路線與發車時間搭乘；上車可使用桃園市民卡、悠遊卡或一卡通。,學校官網未標示115學年度校內學生宿舍申請資訊。,https://www.google.com/maps/search/?api=1&query=%E6%A1%83%E5%9C%92%E5%B8%82%E5%A4%A7%E6%BA%AA%E5%8D%80%E5%BA%B7%E8%8E%8A%E8%B7%AF641%E8%99%9F; http://www.dssh.tyc.edu.tw,https://www.dssh.tyc.edu.tw/ischool/publish_page/46/?cid=1544,http://www.dssh.tyc.edu.tw,https://www.google.com/maps/search/?api=1&query=%E6%A1%83%E5%9C%92%E5%B8%82%E5%A4%A7%E6%BA%AA%E5%8D%80%E5%BA%B7%E8%8E%8A%E8%B7%AF641%E8%99%9F,http://www.dssh.tyc.edu.tw,https://www.dssh.tyc.edu.tw/home?cid=551,http://www.dssh.tyc.edu.tw
桃連區,,034314,市立壽山高中,公立,桃連區日間部,綜高,男女校,桃園市,龜山區,桃園市龜山區大同路23號,http://www.sssh.tyc.edu.tw,(03)3501778,普通科:330；國際貿易科:61；應用英語科:61；廣告設計科:63,515,515,115學年度桃連區免試入學簡章；實際招生名額以115年6月18日委員會公告為準。；115學年度桃連區免試入學核定招生名額（使用者提供 PDF；一般生招生名額，含科別與性別欄位）,,,普通／學術課程與專業方向並行，招生或課程方向包含普通科、國際貿易科、應用英語科、廣告設計科；實際分流與選修依115學年度學校課程計畫辦理。,專業群科依各科課程辦理實習實作、技能訓練與專題製作；網站未標示115學年度全校統一專題題目時，以各科／實習處公告為準。,學校官網未標示115學年度完整固定大眾運輸到校路線或固定學生專車班次。,網站未標示所有學生一致的固定通勤時間；請依官方校址與即時大眾運輸班次查詢。,學校官網未標示115學年度校內學生宿舍申請資訊。,https://www.google.com/maps/search/?api=1&query=%E6%A1%83%E5%9C%92%E5%B8%82%E9%BE%9C%E5%B1%B1%E5%8D%80%E5%A4%A7%E5%90%8C%E8%B7%AF23%E8%99%9F; http://www.sssh.tyc.edu.tw,http://www.sssh.tyc.edu.tw,http://www.sssh.tyc.edu.tw,https://www.google.com/maps/search/?api=1&query=%E6%A1%83%E5%9C%92%E5%B8%82%E9%BE%9C%E5%B1%B1%E5%8D%80%E5%A4%A7%E5%90%8C%E8%B7%AF23%E8%99%9F,http://www.sssh.tyc.edu.tw,http://www.sssh.tyc.edu.tw,http://www.sssh.tyc.edu.tw
桃連區,,034319,市立平鎮高中,公立,桃連區日間部,高中,男女校,桃園市,平鎮區,桃園市平鎮區環南路三段100號,https://www.pjhs.tyc.edu.tw/,(03)4287288,普通科:455,455,455,115學年度桃連區免試入學簡章；實際招生名額以115年6月18日委員會公告為準。；115學年度桃連區免試入學核定招生名額（使用者提供 PDF；一般生招生名額，含科別與性別欄位）,,,普通型高中課程，以部定必修、加深加廣、多元選修、彈性學習與自主學習為主；校本與特色課程依115學年度學校課程計畫辦理。,不設技職類固定實習；以探究與實作、自主學習及學習歷程成果為主。網站未標示115學年度全校統一專題題目。,學校官網未標示115學年度完整固定大眾運輸到校路線或固定學生專車班次。,網站未標示所有學生一致的固定通勤時間；請依官方校址與即時大眾運輸班次查詢。,學校官網未標示115學年度校內學生宿舍申請資訊。,https://www.google.com/maps/search/?api=1&query=%E6%A1%83%E5%9C%92%E5%B8%82%E5%B9%B3%E9%8E%AE%E5%8D%80%E7%92%B0%E5%8D%97%E8%B7%AF%E4%B8%89%E6%AE%B5100%E8%99%9F; https://www.pjhs.tyc.edu.tw/,https://www.pjhs.tyc.edu.tw/,https://www.pjhs.tyc.edu.tw/,https://www.google.com/maps/search/?api=1&query=%E6%A1%83%E5%9C%92%E5%B8%82%E5%B9%B3%E9%8E%AE%E5%8D%80%E7%92%B0%E5%8D%97%E8%B7%AF%E4%B8%89%E6%AE%B5100%E8%99%9F,https://www.pjhs.tyc.edu.tw/,https://www.pjhs.tyc.edu.tw/,https://www.pjhs.tyc.edu.tw/
桃連區,,034332,市立觀音高中,公立,桃連區日間部,綜高,男女校,桃園市,觀音區,桃園市觀音區新坡里中山路2段519號,http://www.gish.tyc.edu.tw,(03)4981464,普通科:126；化工科:60；多媒體動畫科:56,242,242,115學年度桃連區免試入學簡章；實際招生名額以115年6月18日委員會公告為準。；115學年度桃連區免試入學核定招生名額（使用者提供 PDF；一般生招生名額，含科別與性別欄位）,,,普通／學術課程與專業方向並行，招生或課程方向包含普通科、化工科、多媒體動畫科；實際分流與選修依115學年度學校課程計畫辦理。,專業群科依各科課程辦理實習實作、技能訓練與專題製作；網站未標示115學年度全校統一專題題目時，以各科／實習處公告為準。,官網明列：中壢火車站前站桃園客運總站可搭5042直達學校；高鐵桃園站可搭170至桃園客運總站後轉5042；另有學生交通車。,大眾運輸主要以中壢火車站轉5042，或高鐵桃園站搭170後再轉5042；學生交通車依校方學務處當期公告。,學校官網未標示115學年度校內學生宿舍申請資訊。,https://www.google.com/maps/search/?api=1&query=%E6%A1%83%E5%9C%92%E5%B8%82%E8%A7%80%E9%9F%B3%E5%8D%80%E6%96%B0%E5%9D%A1%E9%87%8C%E4%B8%AD%E5%B1%B1%E8%B7%AF2%E6%AE%B5519%E8%99%9F; http://www.gish.tyc.edu.tw,https://www.gish.tyc.edu.tw/p/16-1000-258.php,http://www.gish.tyc.edu.tw,https://www.google.com/maps/search/?api=1&query=%E6%A1%83%E5%9C%92%E5%B8%82%E8%A7%80%E9%9F%B3%E5%8D%80%E6%96%B0%E5%9D%A1%E9%87%8C%E4%B8%AD%E5%B1%B1%E8%B7%AF2%E6%AE%B5519%E8%99%9F,http://www.gish.tyc.edu.tw,http://www.gish.tyc.edu.tw,http://www.gish.tyc.edu.tw
桃連區,,034335,市立新屋高中,公立,桃連區日間部,高中,男女校,桃園市,新屋區,桃園市新屋區中興路111號,https://www.swjh.tyc.edu.tw/,(03)4772029,普通科:143,143,143,115學年度桃連區免試入學簡章；實際招生名額以115年6月18日委員會公告為準。；115學年度桃連區免試入學核定招生名額（使用者提供 PDF；一般生招生名額，含科別與性別欄位）,,,普通型高中課程，以部定必修、加深加廣、多元選修、彈性學習與自主學習為主；校本與特色課程依115學年度學校課程計畫辦理。,不設技職類固定實習；以探究與實作、自主學習及學習歷程成果為主。網站未標示115學年度全校統一專題題目。,校方已公告115學年度學生交通車搭車資訊；固定路線、站點與時間依115-1校方公告。,搭乘學生交通車者依115學年度校方公布之搭車資訊與名單辦理。,學校官網未標示115學年度校內學生宿舍申請資訊。,https://www.google.com/maps/search/?api=1&query=%E6%A1%83%E5%9C%92%E5%B8%82%E6%96%B0%E5%B1%8B%E5%8D%80%E4%B8%AD%E8%88%88%E8%B7%AF111%E8%99%9F; https://www.swjh.tyc.edu.tw/,https://www.swjh.tyc.edu.tw/DEPT/SAO/index.aspx?MC_id=13,https://www.swjh.tyc.edu.tw/,https://www.google.com/maps/search/?api=1&query=%E6%A1%83%E5%9C%92%E5%B8%82%E6%96%B0%E5%B1%8B%E5%8D%80%E4%B8%AD%E8%88%88%E8%B7%AF111%E8%99%9F,https://www.swjh.tyc.edu.tw/,https://www.swjh.tyc.edu.tw/DEPT/EAR/index.aspx?FL_Num=F011&FNI_id=0&FN_id=52&FT_id=18,https://www.swjh.tyc.edu.tw/
桃連區,,034347,市立永豐高中,公立,桃連區日間部,高中,男女校,桃園市,八德區,桃園市八德區永豐路609號,http://www.yfms.tyc.edu.tw,(03)3692679,普通科:339,339,339,115學年度桃連區免試入學簡章；實際招生名額以115年6月18日委員會公告為準。；115學年度桃連區免試入學核定招生名額（使用者提供 PDF；一般生招生名額，含科別與性別欄位）,,,普通型高中課程，以部定必修、加深加廣、多元選修、彈性學習與自主學習為主；校本與特色課程依115學年度學校課程計畫辦理。,不設技職類固定實習；以探究與實作、自主學習及學習歷程成果為主。網站未標示115學年度全校統一專題題目。,學校官網未標示115學年度完整固定大眾運輸到校路線或固定學生專車班次。,網站未標示所有學生一致的固定通勤時間；請依官方校址與即時大眾運輸班次查詢。,學校官網未標示115學年度校內學生宿舍申請資訊。,https://www.google.com/maps/search/?api=1&query=%E6%A1%83%E5%9C%92%E5%B8%82%E5%85%AB%E5%BE%B7%E5%8D%80%E6%B0%B8%E8%B1%90%E8%B7%AF609%E8%99%9F; http://www.yfms.tyc.edu.tw,http://www.yfms.tyc.edu.tw,http://www.yfms.tyc.edu.tw,https://www.google.com/maps/search/?api=1&query=%E6%A1%83%E5%9C%92%E5%B8%82%E5%85%AB%E5%BE%B7%E5%8D%80%E6%B0%B8%E8%B1%90%E8%B7%AF609%E8%99%9F,http://www.yfms.tyc.edu.tw,http://www.yfms.tyc.edu.tw,http://www.yfms.tyc.edu.tw
桃連區,,034348,市立羅浮高中,公立,桃連區日間部,高職,男女校,桃園市,復興區,桃園市復興區羅浮里3鄰18號,https://www.lfsh.tyc.edu.tw/home,(03)3825585,觀光事業科:10；餐飲管理科:19,29,29,115學年度桃連區免試入學簡章；實際招生名額以115年6月18日委員會公告為準。；115學年度桃連區免試入學核定招生名額（使用者提供 PDF；一般生招生名額，含科別與性別欄位）,,,技術型高中主要專業方向包含觀光事業科、餐飲管理科；依各科115學年度課程計畫安排專業科目、實習實作與校訂選修。,專業群科依各科課程辦理實習實作、技能訓練與專題製作；網站未標示115學年度全校統一專題題目時，以各科／實習處公告為準。,校方官網設「免費校車路線」專區，學生可依115學年度校方公告之路線與站點搭乘。,通勤以校方免費校車路線為主要公開資訊；固定站點與發車時間依115學年度最新公告。,學校官網未標示115學年度校內學生宿舍申請資訊。,https://www.google.com/maps/search/?api=1&query=%E6%A1%83%E5%9C%92%E5%B8%82%E5%BE%A9%E8%88%88%E5%8D%80%E7%BE%85%E6%B5%AE%E9%87%8C3%E9%84%B018%E8%99%9F; https://www.lfsh.tyc.edu.tw/home,https://www.lfsh.tyc.edu.tw/,https://www.lfsh.tyc.edu.tw/home,https://www.google.com/maps/search/?api=1&query=%E6%A1%83%E5%9C%92%E5%B8%82%E5%BE%A9%E8%88%88%E5%8D%80%E7%BE%85%E6%B5%AE%E9%87%8C3%E9%84%B018%E8%99%9F,https://www.lfsh.tyc.edu.tw/home,https://www.lfsh.tyc.edu.tw/home?cid=117,https://www.lfsh.tyc.edu.tw/home
桃連區,,034399,市立大園國際高中,公立,桃連區日間部,高中,男女校,桃園市,大園區,桃園市大園區大成路二段8號,http://www.dysh.tyc.edu.tw,(03)3813001,普通科:420,420,420,115學年度桃連區免試入學簡章；實際招生名額以115年6月18日委員會公告為準。；115學年度桃連區免試入學核定招生名額（使用者提供 PDF；一般生招生名額，含科別與性別欄位）,,,普通型高中課程，以部定必修、加深加廣、多元選修、彈性學習與自主學習為主；校本與特色課程依115學年度學校課程計畫辦理。,不設技職類固定實習；以探究與實作、自主學習及學習歷程成果為主。網站未標示115學年度全校統一專題題目。,學校官網未標示115學年度完整固定大眾運輸到校路線或固定學生專車班次。,網站未標示所有學生一致的固定通勤時間；請依官方校址與即時大眾運輸班次查詢。,學校官網未標示115學年度校內學生宿舍申請資訊。,https://www.google.com/maps/search/?api=1&query=%E6%A1%83%E5%9C%92%E5%B8%82%E5%A4%A7%E5%9C%92%E5%8D%80%E5%A4%A7%E6%88%90%E8%B7%AF%E4%BA%8C%E6%AE%B58%E8%99%9F; http://www.dysh.tyc.edu.tw,http://www.dysh.tyc.edu.tw,http://www.dysh.tyc.edu.tw,https://www.google.com/maps/search/?api=1&query=%E6%A1%83%E5%9C%92%E5%B8%82%E5%A4%A7%E5%9C%92%E5%8D%80%E5%A4%A7%E6%88%90%E8%B7%AF%E4%BA%8C%E6%AE%B58%E8%99%9F,http://www.dysh.tyc.edu.tw,http://www.dysh.tyc.edu.tw,http://www.dysh.tyc.edu.tw
桃連區,,031301,桃園市路亞國際高中,私立,桃連區日間部,綜高,男女校,桃園市,龍潭區,桃園市龍潭區中正路佳安段448號,https://www.lysh.tyc.edu.tw,(03)4711388,普通科:30；普通科:270；資訊科:65；商業經營科:90；會計事務科:45；資料處理科:100,600,600,115學年度桃連區免試入學簡章；實際招生名額以115年6月18日委員會公告為準。；115學年度桃連區免試入學核定招生名額（使用者提供 PDF；一般生招生名額，含科別與性別欄位）,,,普通／學術課程與專業方向並行，招生或課程方向包含普通科、資訊科、商業經營科、會計事務科、資料處理科；實際分流與選修依115學年度學校課程計畫辦理。,專業群科依各科課程辦理實習實作、技能訓練與專題製作；網站未標示115學年度全校統一專題題目時，以各科／實習處公告為準。,學校官網未標示115學年度完整固定大眾運輸到校路線或固定學生專車班次。,網站未標示所有學生一致的固定通勤時間；請依官方校址與即時大眾運輸班次查詢。,學校官網未標示115學年度校內學生宿舍申請資訊。,https://www.google.com/maps/search/?api=1&query=%E6%A1%83%E5%9C%92%E5%B8%82%E9%BE%8D%E6%BD%AD%E5%8D%80%E4%B8%AD%E6%AD%A3%E8%B7%AF%E4%BD%B3%E5%AE%89%E6%AE%B5448%E8%99%9F; https://www.lysh.tyc.edu.tw,https://www.lysh.tyc.edu.tw,https://www.lysh.tyc.edu.tw,https://www.google.com/maps/search/?api=1&query=%E6%A1%83%E5%9C%92%E5%B8%82%E9%BE%8D%E6%BD%AD%E5%8D%80%E4%B8%AD%E6%AD%A3%E8%B7%AF%E4%BD%B3%E5%AE%89%E6%AE%B5448%E8%99%9F,https://www.lysh.tyc.edu.tw,https://www.lysh.tyc.edu.tw,https://www.lysh.tyc.edu.tw
桃連區,,031309,桃園市育達高中,私立,桃連區日間部,綜高,男女校,桃園市,平鎮區,桃園市平鎮區育達路160號,https://www.yuda.tyc.edu.tw/main,(03)4934101,應用英語科:70；應用日語科:90；廣告設計科:80；多媒體設計科:90；幼兒保育科:85；時尚造型科:75；觀光事業科:90；餐飲管理科:80；普通科:55,715,715,115學年度桃連區免試入學簡章；實際招生名額以115年6月18日委員會公告為準。；115學年度桃連區免試入學核定招生名額（使用者提供 PDF；一般生招生名額，含科別與性別欄位）,,,普通／學術課程與專業方向並行，招生或課程方向包含應用英語科、應用日語科、廣告設計科、多媒體設計科、幼兒保育科、時尚造型科、觀光事業科、餐飲管理科、普通科；實際分流與選修依115學年度學校課程計畫辦理。,專業群科依各科課程辦理實習實作、技能訓練與專題製作；網站未標示115學年度全校統一專題題目時，以各科／實習處公告為準。,官網明列：臺鐵中壢站可轉搭往育達高中、119或5006等公車到校；亦可在平鎮延平路陽明醫院站下車後沿育英路步行約3分鐘。,高鐵桃園站可轉接駁／轉運公車至中壢再轉公車；臺鐵以中壢站轉乘為主要方式。,學校官網未標示115學年度校內學生宿舍申請資訊。,https://www.google.com/maps/search/?api=1&query=%E6%A1%83%E5%9C%92%E5%B8%82%E5%B9%B3%E9%8E%AE%E5%8D%80%E8%82%B2%E9%81%94%E8%B7%AF160%E8%99%9F; https://www.yuda.tyc.edu.tw/main,https://ydweb.yuda.tyc.edu.tw/Page/YDW/School/About/About_Html?HtmlName=%E6%A1%83%E8%82%B2%E4%BA%A4%E9%80%9A%E6%8C%87%E5%8D%97,https://www.yuda.tyc.edu.tw/main,https://www.google.com/maps/search/?api=1&query=%E6%A1%83%E5%9C%92%E5%B8%82%E5%B9%B3%E9%8E%AE%E5%8D%80%E8%82%B2%E9%81%94%E8%B7%AF160%E8%99%9F,https://www.yuda.tyc.edu.tw/main,https://www.yuda.tyc.edu.tw/main,https://www.yuda.tyc.edu.tw/main
桃連區,,031310,私立六和高中,私立,桃連區日間部,高職,男女校,桃園市,平鎮區,桃園市平鎮區陸光路180號,https://www.lioho.tw/ischool/publish_page/0/,(03)4204000,機電科:41；資訊科:20；應用英語科:20；多媒體設計科:20,101,101,115學年度桃連區免試入學簡章；實際招生名額以115年6月18日委員會公告為準。；115學年度桃連區免試入學核定招生名額（使用者提供 PDF；一般生招生名額，含科別與性別欄位）,,,技術型高中主要專業方向包含機電科、資訊科、應用英語科、多媒體設計科；依各科115學年度課程計畫安排專業科目、實習實作與校訂選修。,專業群科依各科課程辦理實習實作、技能訓練與專題製作；網站未標示115學年度全校統一專題題目時，以各科／實習處公告為準。,校方115學年度已公布學期交通車乘車路線資料，學生可依個人身分查詢路線與站點。,校車路線、站點及放學搭乘方式以115學年度校方交通組公告與個人查詢結果為準。,學校官網未標示115學年度校內學生宿舍申請資訊。,https://www.google.com/maps/search/?api=1&query=%E6%A1%83%E5%9C%92%E5%B8%82%E5%B9%B3%E9%8E%AE%E5%8D%80%E9%99%B8%E5%85%89%E8%B7%AF180%E8%99%9F; https://www.lioho.tw/ischool/publish_page/0/,https://www.lioho.tw/ischool/publish_page/24/?cid=314,https://www.lioho.tw/ischool/publish_page/0/,https://www.google.com/maps/search/?api=1&query=%E6%A1%83%E5%9C%92%E5%B8%82%E5%B9%B3%E9%8E%AE%E5%8D%80%E9%99%B8%E5%85%89%E8%B7%AF180%E8%99%9F,https://www.lioho.tw/ischool/publish_page/0/,https://www.lioho.tw/,https://www.lioho.tw/
桃連區,,031311,桃園市復旦高中,私立,桃連區日間部,綜高,男女校,桃園市,平鎮區,桃園市平鎮區復旦路二段122號,https://www.fdhs.tyc.edu.tw/school.htm,(03)4932476,普通科:240；普通科:185；綜合高中:25；資訊科:8,458,458,115學年度桃連區免試入學簡章；實際招生名額以115年6月18日委員會公告為準。；115學年度桃連區免試入學核定招生名額（使用者提供 PDF；一般生招生名額，含科別與性別欄位）,,,普通／學術課程與專業方向並行，招生或課程方向包含普通科、綜合高中、資訊科；實際分流與選修依115學年度學校課程計畫辦理。,專業群科依各科課程辦理實習實作、技能訓練與專題製作；網站未標示115學年度全校統一專題題目時，以各科／實習處公告為準。,校方115學年度持續提供校車服務，官網有校車查詢與115學年度最新校車公告。,校車路線與放學搭乘方式依115學年度校方最新公告；學校地址為桃園市平鎮區復旦路二段122號。,學校官網未標示115學年度校內學生宿舍申請資訊。,https://www.google.com/maps/search/?api=1&query=%E6%A1%83%E5%9C%92%E5%B8%82%E5%B9%B3%E9%8E%AE%E5%8D%80%E5%BE%A9%E6%97%A6%E8%B7%AF%E4%BA%8C%E6%AE%B5122%E8%99%9F; https://www.fdhs.tyc.edu.tw/school.htm,https://www.visitfudan.com/,https://www.fdhs.tyc.edu.tw/school.htm,https://www.google.com/maps/search/?api=1&query=%E6%A1%83%E5%9C%92%E5%B8%82%E5%B9%B3%E9%8E%AE%E5%8D%80%E5%BE%A9%E6%97%A6%E8%B7%AF%E4%BA%8C%E6%AE%B5122%E8%99%9F,https://www.fdhs.tyc.edu.tw/school.htm,https://sites.google.com/gm.fdhs.tyc.edu.tw/fdhs-class/,https://sites.google.com/gm.fdhs.tyc.edu.tw/fdhs-class/
桃連區,,031312,桃園市治平高中,私立,桃連區日間部,綜高,男女校,桃園市,楊梅區,桃園市楊梅區中興路137號,http://www.cpshs.tyc.edu.tw/home,(03)4823636,電機科:60；資料處理科:10；電子商務科:35；應用英語科:7；應用日語科:48；時尚造型科:83；普通科:215；資訊科:60；商業經營科:35,553,553,115學年度桃連區免試入學簡章；實際招生名額以115年6月18日委員會公告為準。；115學年度桃連區免試入學核定招生名額（使用者提供 PDF；一般生招生名額，含科別與性別欄位）,,,普通／學術課程與專業方向並行，招生或課程方向包含電機科、資料處理科、電子商務科、應用英語科、應用日語科、時尚造型科、普通科、資訊科、商業經營科；實際分流與選修依115學年度學校課程計畫辦理。,專業群科依各科課程辦理實習實作、技能訓練與專題製作；網站未標示115學年度全校統一專題題目時，以各科／實習處公告為準。,學校官網未標示115學年度完整固定大眾運輸到校路線或固定學生專車班次。,網站未標示所有學生一致的固定通勤時間；請依官方校址與即時大眾運輸班次查詢。,學校官網未標示115學年度校內學生宿舍申請資訊。,https://www.google.com/maps/search/?api=1&query=%E6%A1%83%E5%9C%92%E5%B8%82%E6%A5%8A%E6%A2%85%E5%8D%80%E4%B8%AD%E8%88%88%E8%B7%AF137%E8%99%9F; http://www.cpshs.tyc.edu.tw/home,http://www.cpshs.tyc.edu.tw/home,http://www.cpshs.tyc.edu.tw/home,https://www.google.com/maps/search/?api=1&query=%E6%A1%83%E5%9C%92%E5%B8%82%E6%A5%8A%E6%A2%85%E5%8D%80%E4%B8%AD%E8%88%88%E8%B7%AF137%E8%99%9F,http://www.cpshs.tyc.edu.tw/home,https://www.cpshs.tyc.edu.tw/home,https://www.cpshs.tyc.edu.tw/home
桃連區,,031313,桃園市振聲高中,私立,桃連區日間部,綜高,男女校,桃園市,桃園區,桃園市桃園區復興路439號,https://www.fxsh.tyc.edu.tw/home,(03)3322605,國際貿易科:35；電子商務科:60；應用英語科:55；廣告設計科:50；多媒體設計科:50；觀光事業科:50；普通科:27；機械科:16,343,343,115學年度桃連區免試入學簡章；實際招生名額以115年6月18日委員會公告為準。；115學年度桃連區免試入學核定招生名額（使用者提供 PDF；一般生招生名額，含科別與性別欄位）,,,普通／學術課程與專業方向並行，招生或課程方向包含國際貿易科、電子商務科、應用英語科、廣告設計科、多媒體設計科、觀光事業科、普通科、機械科；實際分流與選修依115學年度學校課程計畫辦理。,專業群科依各科課程辦理實習實作、技能訓練與專題製作；網站未標示115學年度全校統一專題題目時，以各科／實習處公告為準。,學校官網未標示115學年度完整固定大眾運輸到校路線或固定學生專車班次。,網站未標示所有學生一致的固定通勤時間；請依官方校址與即時大眾運輸班次查詢。,學校官網未標示115學年度校內學生宿舍申請資訊。,https://www.google.com/maps/search/?api=1&query=%E6%A1%83%E5%9C%92%E5%B8%82%E6%A1%83%E5%9C%92%E5%8D%80%E5%BE%A9%E8%88%88%E8%B7%AF439%E8%99%9F; https://www.fxsh.tyc.edu.tw/home,https://www.fxsh.tyc.edu.tw/home,https://www.fxsh.tyc.edu.tw/home,https://www.google.com/maps/search/?api=1&query=%E6%A1%83%E5%9C%92%E5%B8%82%E6%A1%83%E5%9C%92%E5%8D%80%E5%BE%A9%E8%88%88%E8%B7%AF439%E8%99%9F,https://www.fxsh.tyc.edu.tw/home,https://www.fxsh.tyc.edu.tw/home,https://www.fxsh.tyc.edu.tw/home
桃連區,,031317,私立光啟高中,私立,桃連區日間部,綜高,男女校,桃園市,龜山區,桃園市龜山區自由街40號,http://www.phsh.tyc.edu.tw,(02)82098313,汽車科:16；電機科:16；照顧服務科:16；餐飲管理科:16；普通科:135；汽車科:90；資訊科:70；電子商務科:55；應用英語科:25,439,439,115學年度桃連區免試入學簡章；實際招生名額以115年6月18日委員會公告為準。；115學年度桃連區免試入學核定招生名額（使用者提供 PDF；一般生招生名額，含科別與性別欄位）,,,普通／學術課程與專業方向並行，招生或課程方向包含汽車科、電機科、照顧服務科、餐飲管理科、普通科、資訊科、電子商務科、應用英語科；實際分流與選修依115學年度學校課程計畫辦理。,專業群科依各科課程辦理實習實作、技能訓練與專題製作；網站未標示115學年度全校統一專題題目時，以各科／實習處公告為準。,學校官網未標示115學年度完整固定大眾運輸到校路線或固定學生專車班次。,網站未標示所有學生一致的固定通勤時間；請依官方校址與即時大眾運輸班次查詢。,學校官網未標示115學年度校內學生宿舍申請資訊。,https://www.google.com/maps/search/?api=1&query=%E6%A1%83%E5%9C%92%E5%B8%82%E9%BE%9C%E5%B1%B1%E5%8D%80%E8%87%AA%E7%94%B1%E8%A1%9740%E8%99%9F; http://www.phsh.tyc.edu.tw,http://www.phsh.tyc.edu.tw,http://www.phsh.tyc.edu.tw,https://www.google.com/maps/search/?api=1&query=%E6%A1%83%E5%9C%92%E5%B8%82%E9%BE%9C%E5%B1%B1%E5%8D%80%E8%87%AA%E7%94%B1%E8%A1%9740%E8%99%9F,http://www.phsh.tyc.edu.tw,http://www.phsh.tyc.edu.tw,http://www.phsh.tyc.edu.tw
桃連區,,031318,桃園市啟英高中,私立,桃連區日間部,高職,男女校,桃園市,中壢區,桃園市中壢區中園路447號,http://web.cyvs.tyc.edu.tw/html/,(03)4523036,應用日語科:25；廣告設計科:65；室內設計科:90；時尚造型科:45；餐飲管理科:155；音樂科:45；電影電視科:45；表演藝術科:45；汽車科:18,533,533,115學年度桃連區免試入學簡章；實際招生名額以115年6月18日委員會公告為準。；115學年度桃連區免試入學核定招生名額（使用者提供 PDF；一般生招生名額，含科別與性別欄位）,,,技術型高中主要專業方向包含應用日語科、廣告設計科、室內設計科、時尚造型科、餐飲管理科、音樂科、電影電視科、表演藝術科、汽車科；依各科115學年度課程計畫安排專業科目、實習實作與校訂選修。,專業群科依各科課程辦理實習實作、技能訓練與專題製作；網站未標示115學年度全校統一專題題目時，以各科／實習處公告為準。,學校官網未標示115學年度完整固定大眾運輸到校路線或固定學生專車班次。,網站未標示所有學生一致的固定通勤時間；請依官方校址與即時大眾運輸班次查詢。,學校官網未標示115學年度校內學生宿舍申請資訊。,https://www.google.com/maps/search/?api=1&query=%E6%A1%83%E5%9C%92%E5%B8%82%E4%B8%AD%E5%A3%A2%E5%8D%80%E4%B8%AD%E5%9C%92%E8%B7%AF447%E8%99%9F; http://web.cyvs.tyc.edu.tw/html/,http://web.cyvs.tyc.edu.tw/html/,http://web.cyvs.tyc.edu.tw/html/,https://www.google.com/maps/search/?api=1&query=%E6%A1%83%E5%9C%92%E5%B8%82%E4%B8%AD%E5%A3%A2%E5%8D%80%E4%B8%AD%E5%9C%92%E8%B7%AF447%E8%99%9F,http://web.cyvs.tyc.edu.tw/html/,http://web.cyvs.tyc.edu.tw/html/,http://web.cyvs.tyc.edu.tw/html/
桃連區,,031319,桃園市清華高中,私立,桃連區日間部,綜高,男女校,桃園市,新屋區,桃園市新屋區中華路658號,http://www.chvs.tyc.edu.tw,(03)4771196,軌道車輛科:13；幼兒保育科:42；餐飲管理科:18；普通科:428；機械科:54；汽車科:55；飛機修護科:54；資訊科:54；電子科:55,773,773,115學年度桃連區免試入學簡章；實際招生名額以115年6月18日委員會公告為準。；115學年度桃連區免試入學核定招生名額（使用者提供 PDF；一般生招生名額，含科別與性別欄位）,,,普通／學術課程與專業方向並行，招生或課程方向包含軌道車輛科、幼兒保育科、餐飲管理科、普通科、機械科、汽車科、飛機修護科、資訊科、電子科；實際分流與選修依115學年度學校課程計畫辦理。,專業群科依各科課程辦理實習實作、技能訓練與專題製作；網站未標示115學年度全校統一專題題目時，以各科／實習處公告為準。,學校官網未標示115學年度完整固定大眾運輸到校路線或固定學生專車班次。,網站未標示所有學生一致的固定通勤時間；請依官方校址與即時大眾運輸班次查詢。,學校官網未標示115學年度校內學生宿舍申請資訊。,https://www.google.com/maps/search/?api=1&query=%E6%A1%83%E5%9C%92%E5%B8%82%E6%96%B0%E5%B1%8B%E5%8D%80%E4%B8%AD%E8%8F%AF%E8%B7%AF658%E8%99%9F; http://www.chvs.tyc.edu.tw,http://www.chvs.tyc.edu.tw,http://www.chvs.tyc.edu.tw,https://www.google.com/maps/search/?api=1&query=%E6%A1%83%E5%9C%92%E5%B8%82%E6%96%B0%E5%B1%8B%E5%8D%80%E4%B8%AD%E8%8F%AF%E8%B7%AF658%E8%99%9F,http://www.chvs.tyc.edu.tw,http://www.chvs.tyc.edu.tw,http://www.chvs.tyc.edu.tw
桃連區,,031320,桃園市新興高中,私立,桃連區日間部,高職,男女校,桃園市,八德區,桃園市八德區永豐路563號,http://www.hshs.tyc.edu.tw,(03)3796996,商業經營科:45；國際貿易科:35；電子商務科:30；應用英語科:32；應用日語科:24；多媒體設計科:55；觀光事業科:55,276,276,115學年度桃連區免試入學簡章；實際招生名額以115年6月18日委員會公告為準。；115學年度桃連區免試入學核定招生名額（使用者提供 PDF；一般生招生名額，含科別與性別欄位）,,,技術型高中主要專業方向包含商業經營科、國際貿易科、電子商務科、應用英語科、應用日語科、多媒體設計科、觀光事業科；依各科115學年度課程計畫安排專業科目、實習實作與校訂選修。,專業群科依各科課程辦理實習實作、技能訓練與專題製作；網站未標示115學年度全校統一專題題目時，以各科／實習處公告為準。,學校官網未標示115學年度完整固定大眾運輸到校路線或固定學生專車班次。,網站未標示所有學生一致的固定通勤時間；請依官方校址與即時大眾運輸班次查詢。,學校官網未標示115學年度校內學生宿舍申請資訊。,https://www.google.com/maps/search/?api=1&query=%E6%A1%83%E5%9C%92%E5%B8%82%E5%85%AB%E5%BE%B7%E5%8D%80%E6%B0%B8%E8%B1%90%E8%B7%AF563%E8%99%9F; http://www.hshs.tyc.edu.tw,http://www.hshs.tyc.edu.tw,http://www.hshs.tyc.edu.tw,https://www.google.com/maps/search/?api=1&query=%E6%A1%83%E5%9C%92%E5%B8%82%E5%85%AB%E5%BE%B7%E5%8D%80%E6%B0%B8%E8%B1%90%E8%B7%AF563%E8%99%9F,http://www.hshs.tyc.edu.tw,http://www.hshs.tyc.edu.tw,http://www.hshs.tyc.edu.tw
桃連區,,031323,私立至善高中,私立,桃連區日間部,綜高,男女校,桃園市,大溪區,桃園市大溪區康莊路645號,http://www.tzsavs.tyc.edu.tw,(03)3887528,家具木工科:55；觀光事業科:19；普通科:45,119,119,115學年度桃連區免試入學簡章；實際招生名額以115年6月18日委員會公告為準。；115學年度桃連區免試入學核定招生名額（使用者提供 PDF；一般生招生名額，含科別與性別欄位）,,,普通／學術課程與專業方向並行，招生或課程方向包含家具木工科、觀光事業科、普通科；實際分流與選修依115學年度學校課程計畫辦理。,專業群科依各科課程辦理實習實作、技能訓練與專題製作；網站未標示115學年度全校統一專題題目時，以各科／實習處公告為準。,學校官網未標示115學年度完整固定大眾運輸到校路線或固定學生專車班次。,網站未標示所有學生一致的固定通勤時間；請依官方校址與即時大眾運輸班次查詢。,學校官網未標示115學年度校內學生宿舍申請資訊。,https://www.google.com/maps/search/?api=1&query=%E6%A1%83%E5%9C%92%E5%B8%82%E5%A4%A7%E6%BA%AA%E5%8D%80%E5%BA%B7%E8%8E%8A%E8%B7%AF645%E8%99%9F; http://www.tzsavs.tyc.edu.tw,http://www.tzsavs.tyc.edu.tw,http://www.tzsavs.tyc.edu.tw,https://www.google.com/maps/search/?api=1&query=%E6%A1%83%E5%9C%92%E5%B8%82%E5%A4%A7%E6%BA%AA%E5%8D%80%E5%BA%B7%E8%8E%8A%E8%B7%AF645%E8%99%9F,http://www.tzsavs.tyc.edu.tw,http://www.tzsavs.tyc.edu.tw,http://www.tzsavs.tyc.edu.tw
桃連區,,031324,桃園市大興高中,私立,桃連區日間部,高職,男女校,桃園市,大園區,桃園市大園區永興路142號,https://www.dxhs.tyc.edu.tw/home,(03)3862330,飛機修護科:30；時尚造型科:30；餐飲管理科:30,90,90,115學年度桃連區免試入學簡章；實際招生名額以115年6月18日委員會公告為準。；115學年度桃連區免試入學核定招生名額（使用者提供 PDF；一般生招生名額，含科別與性別欄位）,,,技術型高中主要專業方向包含飛機修護科、時尚造型科、餐飲管理科；依各科115學年度課程計畫安排專業科目、實習實作與校訂選修。,專業群科依各科課程辦理實習實作、技能訓練與專題製作；網站未標示115學年度全校統一專題題目時，以各科／實習處公告為準。,學校官網未標示115學年度完整固定大眾運輸到校路線或固定學生專車班次。,網站未標示所有學生一致的固定通勤時間；請依官方校址與即時大眾運輸班次查詢。,學校官網未標示115學年度校內學生宿舍申請資訊。,https://www.google.com/maps/search/?api=1&query=%E6%A1%83%E5%9C%92%E5%B8%82%E5%A4%A7%E5%9C%92%E5%8D%80%E6%B0%B8%E8%88%88%E8%B7%AF142%E8%99%9F; https://www.dxhs.tyc.edu.tw/home,https://www.dxhs.tyc.edu.tw/home,https://www.dxhs.tyc.edu.tw/home,https://www.google.com/maps/search/?api=1&query=%E6%A1%83%E5%9C%92%E5%B8%82%E5%A4%A7%E5%9C%92%E5%8D%80%E6%B0%B8%E8%88%88%E8%B7%AF142%E8%99%9F,https://www.dxhs.tyc.edu.tw/home,https://www.dxhs.tyc.edu.tw/home,https://www.dxhs.tyc.edu.tw/home
桃連區,,031326,私立大華高中,私立,桃連區日間部,綜高,男女校,桃園市,楊梅區,桃園市楊梅區三民路二段200號,http://www.thsh.tyc.edu.tw,(03)4820506,普通科:70；機械科:13,83,83,115學年度桃連區免試入學簡章；實際招生名額以115年6月18日委員會公告為準。；115學年度桃連區免試入學核定招生名額（使用者提供 PDF；一般生招生名額，含科別與性別欄位）,,,普通／學術課程與專業方向並行，招生或課程方向包含普通科、機械科；實際分流與選修依115學年度學校課程計畫辦理。,專業群科依各科課程辦理實習實作、技能訓練與專題製作；網站未標示115學年度全校統一專題題目時，以各科／實習處公告為準。,學校官網未標示115學年度完整固定大眾運輸到校路線或固定學生專車班次。,網站未標示所有學生一致的固定通勤時間；請依官方校址與即時大眾運輸班次查詢。,學校官網未標示115學年度校內學生宿舍申請資訊。,https://www.google.com/maps/search/?api=1&query=%E6%A1%83%E5%9C%92%E5%B8%82%E6%A5%8A%E6%A2%85%E5%8D%80%E4%B8%89%E6%B0%91%E8%B7%AF%E4%BA%8C%E6%AE%B5200%E8%99%9F; http://www.thsh.tyc.edu.tw,http://www.thsh.tyc.edu.tw,http://www.thsh.tyc.edu.tw,https://www.google.com/maps/search/?api=1&query=%E6%A1%83%E5%9C%92%E5%B8%82%E6%A5%8A%E6%A2%85%E5%8D%80%E4%B8%89%E6%B0%91%E8%B7%AF%E4%BA%8C%E6%AE%B5200%E8%99%9F,http://www.thsh.tyc.edu.tw,http://www.thsh.tyc.edu.tw,http://www.thsh.tyc.edu.tw
桃連區,,031414,桃園市世紀綠能工商,私立,桃連區日間部,高職,男女校,桃園市,龜山區,桃園市龜山區明德路162巷100號,https://web.cgehs.tyc.edu.tw/,(03)3294187,汽車科:13；資訊科:27；幼兒保育科:13；餐飲管理科:9；飛機修護科:20,82,82,115學年度桃連區免試入學簡章；實際招生名額以115年6月18日委員會公告為準。；115學年度桃連區免試入學核定招生名額（使用者提供 PDF；一般生招生名額，含科別與性別欄位）,,,技術型高中主要專業方向包含汽車科、資訊科、幼兒保育科、餐飲管理科、飛機修護科；依各科115學年度課程計畫安排專業科目、實習實作與校訂選修。,專業群科依各科課程辦理實習實作、技能訓練與專題製作；網站未標示115學年度全校統一專題題目時，以各科／實習處公告為準。,校方招生資訊設有校車路線；目前公開校車專頁可查各線站點，115學年度實際路線仍以校方招生／交通公告為準。,學生校車依校方當學期公告與站點表搭乘；網站未標示所有學生一致的固定通勤時間。,學校官網未標示115學年度校內學生宿舍申請資訊。,https://www.google.com/maps/search/?api=1&query=%E6%A1%83%E5%9C%92%E5%B8%82%E9%BE%9C%E5%B1%B1%E5%8D%80%E6%98%8E%E5%BE%B7%E8%B7%AF162%E5%B7%B7100%E8%99%9F; https://web.cgehs.tyc.edu.tw/,https://web.cgehs.tyc.edu.tw/enrollment,https://web.cgehs.tyc.edu.tw/,https://www.google.com/maps/search/?api=1&query=%E6%A1%83%E5%9C%92%E5%B8%82%E9%BE%9C%E5%B1%B1%E5%8D%80%E6%98%8E%E5%BE%B7%E8%B7%AF162%E5%B7%B7100%E8%99%9F,https://web.cgehs.tyc.edu.tw/,https://web.cgehs.tyc.edu.tw/teaching,https://web.cgehs.tyc.edu.tw/page/practice
桃連區,,031415,私立方曙商工,私立,桃連區日間部,高職,男女校,桃園市,龍潭區,桃園市龍潭區中原路一段50號,https://www.fsvs.tyc.edu.tw/home,(03)4796345,資訊科:35；照顧服務科:35；汽車科:132；資料處理科:30,232,232,115學年度桃連區免試入學簡章；實際招生名額以115年6月18日委員會公告為準。；115學年度桃連區免試入學核定招生名額（使用者提供 PDF；一般生招生名額，含科別與性別欄位）,,,技術型高中主要專業方向包含資訊科、照顧服務科、汽車科、資料處理科；依各科115學年度課程計畫安排專業科目、實習實作與校訂選修。,專業群科依各科課程辦理實習實作、技能訓練與專題製作；網站未標示115學年度全校統一專題題目時，以各科／實習處公告為準。,學校官網未標示115學年度完整固定大眾運輸到校路線或固定學生專車班次。,網站未標示所有學生一致的固定通勤時間；請依官方校址與即時大眾運輸班次查詢。,學校官網未標示115學年度校內學生宿舍申請資訊。,https://www.google.com/maps/search/?api=1&query=%E6%A1%83%E5%9C%92%E5%B8%82%E9%BE%8D%E6%BD%AD%E5%8D%80%E4%B8%AD%E5%8E%9F%E8%B7%AF%E4%B8%80%E6%AE%B550%E8%99%9F; https://www.fsvs.tyc.edu.tw/home,https://www.fsvs.tyc.edu.tw/home,https://www.fsvs.tyc.edu.tw/home,https://www.google.com/maps/search/?api=1&query=%E6%A1%83%E5%9C%92%E5%B8%82%E9%BE%8D%E6%BD%AD%E5%8D%80%E4%B8%AD%E5%8E%9F%E8%B7%AF%E4%B8%80%E6%AE%B550%E8%99%9F,https://www.fsvs.tyc.edu.tw/home,https://www.fsvs.tyc.edu.tw/home,https://www.fsvs.tyc.edu.tw/home
桃連區,,031421,私立永平工商,私立,桃連區日間部,高職,男女校,桃園市,楊梅區,桃園市楊梅區永平路480號,https://www.ypvs.tyc.edu.tw/,(03)4822464,幼兒保育科:30；觀光事業科:42；表演藝術科:87,159,159,115學年度桃連區免試入學簡章；實際招生名額以115年6月18日委員會公告為準。；115學年度桃連區免試入學核定招生名額（使用者提供 PDF；一般生招生名額，含科別與性別欄位）,,,技術型高中主要專業方向包含幼兒保育科、觀光事業科、表演藝術科；依各科115學年度課程計畫安排專業科目、實習實作與校訂選修。,專業群科依各科課程辦理實習實作、技能訓練與專題製作；網站未標示115學年度全校統一專題題目時，以各科／實習處公告為準。,學校官網未標示115學年度完整固定大眾運輸到校路線或固定學生專車班次。,網站未標示所有學生一致的固定通勤時間；請依官方校址與即時大眾運輸班次查詢。,學校官網未標示115學年度校內學生宿舍申請資訊。,https://www.google.com/maps/search/?api=1&query=%E6%A1%83%E5%9C%92%E5%B8%82%E6%A5%8A%E6%A2%85%E5%8D%80%E6%B0%B8%E5%B9%B3%E8%B7%AF480%E8%99%9F; https://www.ypvs.tyc.edu.tw/,https://www.ypvs.tyc.edu.tw/,https://www.ypvs.tyc.edu.tw/,https://www.google.com/maps/search/?api=1&query=%E6%A1%83%E5%9C%92%E5%B8%82%E6%A5%8A%E6%A2%85%E5%8D%80%E6%B0%B8%E5%B9%B3%E8%B7%AF480%E8%99%9F,https://www.ypvs.tyc.edu.tw/,https://www.ypvs.tyc.edu.tw/,https://www.ypvs.tyc.edu.tw/
桃連區,,013303,市立泰山高中,公立,桃連區共同就學區（基北區）,高職,男女校,新北市,泰山區,新北市泰山區辭修路7號,http://www.tssh.ntpc.edu.tw,(02)22963625,電子科:1；汽車科:1,2,2,115學年度桃連區免試入學簡章；實際招生名額以115年6月18日委員會公告為準。；115學年度桃連區免試入學核定招生名額（使用者提供 PDF；一般生招生名額，含科別與性別欄位）,,,技術型高中主要專業方向包含電子科、汽車科；依各科115學年度課程計畫安排專業科目、實習實作與校訂選修。,專業群科依各科課程辦理實習實作、技能訓練與專題製作；網站未標示115學年度全校統一專題題目時，以各科／實習處公告為準。,學校官網未標示115學年度完整固定大眾運輸到校路線或固定學生專車班次。,網站未標示所有學生一致的固定通勤時間；請依官方校址與即時大眾運輸班次查詢。,學校官網未標示115學年度校內學生宿舍申請資訊。,https://www.google.com/maps/search/?api=1&query=%E6%96%B0%E5%8C%97%E5%B8%82%E6%B3%B0%E5%B1%B1%E5%8D%80%E8%BE%AD%E4%BF%AE%E8%B7%AF7%E8%99%9F; http://www.tssh.ntpc.edu.tw,http://www.tssh.ntpc.edu.tw,http://www.tssh.ntpc.edu.tw,https://www.google.com/maps/search/?api=1&query=%E6%96%B0%E5%8C%97%E5%B8%82%E6%B3%B0%E5%B1%B1%E5%8D%80%E8%BE%AD%E4%BF%AE%E8%B7%AF7%E8%99%9F,http://www.tssh.ntpc.edu.tw,http://www.tssh.ntpc.edu.tw,http://www.tssh.ntpc.edu.tw
桃連區,,013337,市立新莊高中,公立,桃連區共同就學區（基北區）,高中,男女校,新北市,新莊區,新北市新莊區中平路135號,http://www.hcsh.ntpc.edu.tw,(02)29912391,普通科:1,1,1,115學年度桃連區免試入學簡章；實際招生名額以115年6月18日委員會公告為準。；115學年度桃連區免試入學核定招生名額（使用者提供 PDF；一般生招生名額，含科別與性別欄位）,,,普通型高中課程，以部定必修、加深加廣、多元選修、彈性學習與自主學習為主；校本與特色課程依115學年度學校課程計畫辦理。,不設技職類固定實習；以探究與實作、自主學習及學習歷程成果為主。網站未標示115學年度全校統一專題題目。,學校官網未標示115學年度完整固定大眾運輸到校路線或固定學生專車班次。,網站未標示所有學生一致的固定通勤時間；請依官方校址與即時大眾運輸班次查詢。,學校官網未標示115學年度校內學生宿舍申請資訊。,https://www.google.com/maps/search/?api=1&query=%E6%96%B0%E5%8C%97%E5%B8%82%E6%96%B0%E8%8E%8A%E5%8D%80%E4%B8%AD%E5%B9%B3%E8%B7%AF135%E8%99%9F; http://www.hcsh.ntpc.edu.tw,http://www.hcsh.ntpc.edu.tw,http://www.hcsh.ntpc.edu.tw,https://www.google.com/maps/search/?api=1&query=%E6%96%B0%E5%8C%97%E5%B8%82%E6%96%B0%E8%8E%8A%E5%8D%80%E4%B8%AD%E5%B9%B3%E8%B7%AF135%E8%99%9F,http://www.hcsh.ntpc.edu.tw,https://sites.google.com/hcsh.ntpc.edu.tw/hc903/,https://sites.google.com/hcsh.ntpc.edu.tw/hc903/
桃連區,,013339,市立林口高中,公立,桃連區共同就學區（基北區）,高中,男女校,新北市,林口區,新北市林口區仁愛路二段173號,http://www.lksh.ntpc.edu.tw,(02)26009482,普通科:30,30,30,115學年度桃連區免試入學簡章；實際招生名額以115年6月18日委員會公告為準。；115學年度桃連區免試入學核定招生名額（使用者提供 PDF；一般生招生名額，含科別與性別欄位）,,,普通型高中課程，以部定必修、加深加廣、多元選修、彈性學習與自主學習為主；校本與特色課程依115學年度學校課程計畫辦理。,不設技職類固定實習；以探究與實作、自主學習及學習歷程成果為主。網站未標示115學年度全校統一專題題目。,學校官網未標示115學年度完整固定大眾運輸到校路線或固定學生專車班次。,網站未標示所有學生一致的固定通勤時間；請依官方校址與即時大眾運輸班次查詢。,學校官網未標示115學年度校內學生宿舍申請資訊。,https://www.google.com/maps/search/?api=1&query=%E6%96%B0%E5%8C%97%E5%B8%82%E6%9E%97%E5%8F%A3%E5%8D%80%E4%BB%81%E6%84%9B%E8%B7%AF%E4%BA%8C%E6%AE%B5173%E8%99%9F; http://www.lksh.ntpc.edu.tw,http://www.lksh.ntpc.edu.tw,http://www.lksh.ntpc.edu.tw,https://www.google.com/maps/search/?api=1&query=%E6%96%B0%E5%8C%97%E5%B8%82%E6%9E%97%E5%8F%A3%E5%8D%80%E4%BB%81%E6%84%9B%E8%B7%AF%E4%BA%8C%E6%AE%B5173%E8%99%9F,http://www.lksh.ntpc.edu.tw,https://www.lksh.ntpc.edu.tw/p/406-1000-16891%2Cr34.php,https://www.lksh.ntpc.edu.tw/p/406-1000-16891%2Cr34.php
桃連區,,014322,市立樹林高中,公立,桃連區共同就學區（基北區）,高中,男女校,新北市,樹林區,新北市樹林區中華路8號,http://www.slsh.ntpc.edu.tw,(02)86852011,普通科:3,3,3,115學年度桃連區免試入學簡章；實際招生名額以115年6月18日委員會公告為準。；115學年度桃連區免試入學核定招生名額（使用者提供 PDF；一般生招生名額，含科別與性別欄位）,,,普通型高中課程，以部定必修、加深加廣、多元選修、彈性學習與自主學習為主；校本與特色課程依115學年度學校課程計畫辦理。,不設技職類固定實習；以探究與實作、自主學習及學習歷程成果為主。網站未標示115學年度全校統一專題題目。,學校官網未標示115學年度完整固定大眾運輸到校路線或固定學生專車班次。,網站未標示所有學生一致的固定通勤時間；請依官方校址與即時大眾運輸班次查詢。,學校官網未標示115學年度校內學生宿舍申請資訊。,https://www.google.com/maps/search/?api=1&query=%E6%96%B0%E5%8C%97%E5%B8%82%E6%A8%B9%E6%9E%97%E5%8D%80%E4%B8%AD%E8%8F%AF%E8%B7%AF8%E8%99%9F; http://www.slsh.ntpc.edu.tw,http://www.slsh.ntpc.edu.tw,http://www.slsh.ntpc.edu.tw,https://www.google.com/maps/search/?api=1&query=%E6%96%B0%E5%8C%97%E5%B8%82%E6%A8%B9%E6%9E%97%E5%8D%80%E4%B8%AD%E8%8F%AF%E8%B7%AF8%E8%99%9F,http://www.slsh.ntpc.edu.tw,http://www.slsh.ntpc.edu.tw,http://www.slsh.ntpc.edu.tw
桃連區,,014353,市立丹鳳高中,公立,桃連區共同就學區（基北區）,綜高,男女校,新北市,新莊區,新北市新莊區龍安路72號,http://www.dfsh.ntpc.edu.tw/,(02)29089627,普通科:4；資訊科:2；資料處理科:2,8,8,115學年度桃連區免試入學簡章；實際招生名額以115年6月18日委員會公告為準。；115學年度桃連區免試入學核定招生名額（使用者提供 PDF；一般生招生名額，含科別與性別欄位）,,,普通／學術課程與專業方向並行，招生或課程方向包含普通科、資訊科、資料處理科；實際分流與選修依115學年度學校課程計畫辦理。,專業群科依各科課程辦理實習實作、技能訓練與專題製作；網站未標示115學年度全校統一專題題目時，以各科／實習處公告為準。,校方官網設有「交通位置／乘車資訊」專區；固定大眾運輸路線請依該校乘車資訊頁。,校方地址為新北市新莊區龍安路72號；固定通勤時間網站未標示。,學校官網未標示115學年度校內學生宿舍申請資訊。,https://www.google.com/maps/search/?api=1&query=%E6%96%B0%E5%8C%97%E5%B8%82%E6%96%B0%E8%8E%8A%E5%8D%80%E9%BE%8D%E5%AE%89%E8%B7%AF72%E8%99%9F; http://www.dfsh.ntpc.edu.tw/,https://www.dfsh.ntpc.edu.tw/,http://www.dfsh.ntpc.edu.tw/,https://www.google.com/maps/search/?api=1&query=%E6%96%B0%E5%8C%97%E5%B8%82%E6%96%B0%E8%8E%8A%E5%8D%80%E9%BE%8D%E5%AE%89%E8%B7%AF72%E8%99%9F,http://www.dfsh.ntpc.edu.tw/,https://sites.google.com/hcsh.ntpc.edu.tw/hc903/,https://www.dfsh.ntpc.edu.tw/
桃連區,,014439,市立鶯歌工商,公立,桃連區共同就學區（基北區）,高職,男女校,新北市,鶯歌區,新北市鶯歌區中正三路154號,http://www.ykvs.ntpc.edu.tw,(02)26775040,應用日語科:1；美術工藝科:2；陶瓷工程科:2；廣告設計科:2；多媒體設計科:1,8,8,115學年度桃連區免試入學簡章；實際招生名額以115年6月18日委員會公告為準。；115學年度桃連區免試入學核定招生名額（使用者提供 PDF；一般生招生名額，含科別與性別欄位）,,,技術型高中主要專業方向包含應用日語科、美術工藝科、陶瓷工程科、廣告設計科、多媒體設計科；依各科115學年度課程計畫安排專業科目、實習實作與校訂選修。,專業群科依各科課程辦理實習實作、技能訓練與專題製作；網站未標示115學年度全校統一專題題目時，以各科／實習處公告為準。,官網交通資料列：臺鐵鶯歌站可轉851、F651或5101至「鶯歌高職」站；校方另設交通車專區。,由鶯歌站轉乘公車至校約依班次而定；固定學生交通車路線與名單以校方交通車專區為準。,校方設有學生宿舍，官網有「本校宿舍專區」與宿舍管理要點。,https://www.google.com/maps/search/?api=1&query=%E6%96%B0%E5%8C%97%E5%B8%82%E9%B6%AF%E6%AD%8C%E5%8D%80%E4%B8%AD%E6%AD%A3%E4%B8%89%E8%B7%AF154%E8%99%9F; http://www.ykvs.ntpc.edu.tw,https://www.ykvs.ntpc.edu.tw/app/index.php,https://www.ykvs.ntpc.edu.tw/p/404-1000-11676.php,https://www.google.com/maps/search/?api=1&query=%E6%96%B0%E5%8C%97%E5%B8%82%E9%B6%AF%E6%AD%8C%E5%8D%80%E4%B8%AD%E6%AD%A3%E4%B8%89%E8%B7%AF154%E8%99%9F,http://www.ykvs.ntpc.edu.tw,https://www.ykvs.ntpc.edu.tw/app/index.php,https://www.ykvs.ntpc.edu.tw/app/index.php
桃連區,,011310,財團法人恆毅高中,私立,桃連區共同就學區（基北區）,綜高,男女校,新北市,新莊區,新北市新莊區中正路108號,http://www.hchs.ntpc.edu.tw,(02)29923619,動力機械科:31；電機科:62；農場經營科:26；園藝科:31；畜產保健科:31；普通科:5；商業經營科:5,196,196,115學年度桃連區免試入學簡章；實際招生名額以115年6月18日委員會公告為準。；115學年度桃連區免試入學核定招生名額（使用者提供 PDF；一般生招生名額，含科別與性別欄位）,,,普通／學術課程與專業方向並行，招生或課程方向包含動力機械科、電機科、農場經營科、園藝科、畜產保健科、普通科、商業經營科；實際分流與選修依115學年度學校課程計畫辦理。,專業群科依各科課程辦理實習實作、技能訓練與專題製作；網站未標示115學年度全校統一專題題目時，以各科／實習處公告為準。,學校官網未標示115學年度完整固定大眾運輸到校路線或固定學生專車班次。,網站未標示所有學生一致的固定通勤時間；請依官方校址與即時大眾運輸班次查詢。,學校官網未標示115學年度校內學生宿舍申請資訊。,https://www.google.com/maps/search/?api=1&query=%E6%96%B0%E5%8C%97%E5%B8%82%E6%96%B0%E8%8E%8A%E5%8D%80%E4%B8%AD%E6%AD%A3%E8%B7%AF108%E8%99%9F; http://www.hchs.ntpc.edu.tw,http://www.hchs.ntpc.edu.tw,http://www.hchs.ntpc.edu.tw,https://www.google.com/maps/search/?api=1&query=%E6%96%B0%E5%8C%97%E5%B8%82%E6%96%B0%E8%8E%8A%E5%8D%80%E4%B8%AD%E6%AD%A3%E8%B7%AF108%E8%99%9F,http://www.hchs.ntpc.edu.tw,http://www.hchs.ntpc.edu.tw,http://www.hchs.ntpc.edu.tw
桃連區,,011317,私立醒吾高中,私立,桃連區共同就學區（基北區）,高職,男女校,新北市,林口區,新北市林口區粉寮路一段75巷80號,http://www.swsh.ntpc.edu.tw,(02)26012644,資料處理科:5；幼兒保育科:5；時尚造型科:5；觀光事業科:5,20,20,115學年度桃連區免試入學簡章；實際招生名額以115年6月18日委員會公告為準。；115學年度桃連區免試入學核定招生名額（使用者提供 PDF；一般生招生名額，含科別與性別欄位）,,,技術型高中主要專業方向包含資料處理科、幼兒保育科、時尚造型科、觀光事業科；依各科115學年度課程計畫安排專業科目、實習實作與校訂選修。,專業群科依各科課程辦理實習實作、技能訓練與專題製作；網站未標示115學年度全校統一專題題目時，以各科／實習處公告為準。,學校官網未標示115學年度完整固定大眾運輸到校路線或固定學生專車班次。,網站未標示所有學生一致的固定通勤時間；請依官方校址與即時大眾運輸班次查詢。,學校官網未標示115學年度校內學生宿舍申請資訊。,https://www.google.com/maps/search/?api=1&query=%E6%96%B0%E5%8C%97%E5%B8%82%E6%9E%97%E5%8F%A3%E5%8D%80%E7%B2%89%E5%AF%AE%E8%B7%AF%E4%B8%80%E6%AE%B575%E5%B7%B780%E8%99%9F; http://www.swsh.ntpc.edu.tw,http://www.swsh.ntpc.edu.tw,http://www.swsh.ntpc.edu.tw,https://www.google.com/maps/search/?api=1&query=%E6%96%B0%E5%8C%97%E5%B8%82%E6%9E%97%E5%8F%A3%E5%8D%80%E7%B2%89%E5%AF%AE%E8%B7%AF%E4%B8%80%E6%AE%B575%E5%B7%B780%E8%99%9F,http://www.swsh.ntpc.edu.tw,http://www.swsh.ntpc.edu.tw,http://www.swsh.ntpc.edu.tw
桃連區,,011330,新北市林口康橋國際高中,私立,桃連區共同就學區（基北區）,綜高,男女校,新北市,林口區,新北市林口區興林路55號,https://web.kcislk.ntpc.edu.tw/,(02)26015888,普通科:1；資訊科:1；商業經營科:1；資料處理科:1,4,4,115學年度桃連區免試入學簡章；實際招生名額以115年6月18日委員會公告為準。；115學年度桃連區免試入學核定招生名額（使用者提供 PDF；一般生招生名額，含科別與性別欄位）,,,普通／學術課程與專業方向並行，招生或課程方向包含普通科、資訊科、商業經營科、資料處理科；實際分流與選修依115學年度學校課程計畫辦理。,專業群科依各科課程辦理實習實作、技能訓練與專題製作；網站未標示115學年度全校統一專題題目時，以各科／實習處公告為準。,學校官網未標示115學年度完整固定大眾運輸到校路線或固定學生專車班次。,網站未標示所有學生一致的固定通勤時間；請依官方校址與即時大眾運輸班次查詢。,校方設學生宿舍並有住宿申請系統；住宿資格、免住宿條件及實際床位依校方舍務組規定。,https://www.google.com/maps/search/?api=1&query=%E6%96%B0%E5%8C%97%E5%B8%82%E6%9E%97%E5%8F%A3%E5%8D%80%E8%88%88%E6%9E%97%E8%B7%AF55%E8%99%9F; https://web.kcislk.ntpc.edu.tw/,https://web.kcislk.ntpc.edu.tw/,https://dormitory.kcislk.ntpc.edu.tw/,https://www.google.com/maps/search/?api=1&query=%E6%96%B0%E5%8C%97%E5%B8%82%E6%9E%97%E5%8F%A3%E5%8D%80%E8%88%88%E6%9E%97%E8%B7%AF55%E8%99%9F,https://web.kcislk.ntpc.edu.tw/,https://web.kcislk.ntpc.edu.tw/,https://web.kcislk.ntpc.edu.tw/
桃連區,,011405,私立樹人家商,私立,桃連區共同就學區（基北區）,高職,男女校,新北市,樹林區,新北市樹林區大安路216號,http://www.stgvs.ntpc.edu.tw,(02)26870391,烘焙科:1；幼兒保育科:1；美容科:1；餐飲管理科:1；影劇科:1；表演藝術科:1,7,7,115學年度桃連區免試入學簡章；實際招生名額以115年6月18日委員會公告為準。；115學年度桃連區免試入學核定招生名額（使用者提供 PDF；一般生招生名額，含科別與性別欄位）,,,技術型高中主要專業方向包含烘焙科、幼兒保育科、美容科、餐飲管理科、影劇科、表演藝術科；依各科115學年度課程計畫安排專業科目、實習實作與校訂選修。,專業群科依各科課程辦理實習實作、技能訓練與專題製作；網站未標示115學年度全校統一專題題目時，以各科／實習處公告為準。,學校官網未標示115學年度完整固定大眾運輸到校路線或固定學生專車班次。,網站未標示所有學生一致的固定通勤時間；請依官方校址與即時大眾運輸班次查詢。,學校官網未標示115學年度校內學生宿舍申請資訊。,https://www.google.com/maps/search/?api=1&query=%E6%96%B0%E5%8C%97%E5%B8%82%E6%A8%B9%E6%9E%97%E5%8D%80%E5%A4%A7%E5%AE%89%E8%B7%AF216%E8%99%9F; http://www.stgvs.ntpc.edu.tw,http://www.stgvs.ntpc.edu.tw,http://www.stgvs.ntpc.edu.tw,https://www.google.com/maps/search/?api=1&query=%E6%96%B0%E5%8C%97%E5%B8%82%E6%A8%B9%E6%9E%97%E5%8D%80%E5%A4%A7%E5%AE%89%E8%B7%AF216%E8%99%9F,http://www.stgvs.ntpc.edu.tw,http://www.stgvs.ntpc.edu.tw,http://www.stgvs.ntpc.edu.tw
桃連區,,040304,國立關西高中,公立,桃連區共同就學區（竹苗區）,高職,男女校,新竹縣,關西鎮,新竹縣關西鎮東安里中山東路2號,https://www.khsh.hcc.edu.tw/,(03)5872049,畜產保健科:1；餐飲管理科:1,2,2,115學年度桃連區免試入學簡章；實際招生名額以115年6月18日委員會公告為準。；115學年度桃連區免試入學核定招生名額（使用者提供 PDF；一般生招生名額，含科別與性別欄位）,,,技術型高中主要專業方向包含畜產保健科、餐飲管理科；依各科115學年度課程計畫安排專業科目、實習實作與校訂選修。,專業群科依各科課程辦理實習實作、技能訓練與專題製作；網站未標示115學年度全校統一專題題目時，以各科／實習處公告為準。,115學年度新生專區已提供學生交通專車報名與115-1專車路線規劃。,學生專車固定路線與放學停車位置依115-1校方專車資料；另有新竹客運到校班車資訊。,校方115學年度新生專區設有「學生食宿情形」資訊；實際住宿安排以該校當年度新生資料為準。,https://www.google.com/maps/search/?api=1&query=%E6%96%B0%E7%AB%B9%E7%B8%A3%E9%97%9C%E8%A5%BF%E9%8E%AE%E6%9D%B1%E5%AE%89%E9%87%8C%E4%B8%AD%E5%B1%B1%E6%9D%B1%E8%B7%AF2%E8%99%9F; https://www.khsh.hcc.edu.tw/,https://www.khsh.hcc.edu.tw/home?cid=25517,https://www.khsh.hcc.edu.tw/home?cid=19324,https://www.google.com/maps/search/?api=1&query=%E6%96%B0%E7%AB%B9%E7%B8%A3%E9%97%9C%E8%A5%BF%E9%8E%AE%E6%9D%B1%E5%AE%89%E9%87%8C%E4%B8%AD%E5%B1%B1%E6%9D%B1%E8%B7%AF2%E8%99%9F,https://www.khsh.hcc.edu.tw/,https://www.khsh.hcc.edu.tw/home?cid=17655,https://www.khsh.hcc.edu.tw/home?cid=17655
桃連區,,044320,縣立湖口高中,公立,桃連區共同就學區（竹苗區）,綜高,男女校,新竹縣,湖口鄉,新竹縣湖口鄉達生路601號,https://hkhs.hcc.edu.tw,(03)5992588,普通科:1；商業經營科:1,2,2,115學年度桃連區免試入學簡章；實際招生名額以115年6月18日委員會公告為準。；115學年度桃連區免試入學核定招生名額（使用者提供 PDF；一般生招生名額，含科別與性別欄位）,,,普通／學術課程與專業方向並行，招生或課程方向包含普通科、商業經營科；實際分流與選修依115學年度學校課程計畫辦理。,專業群科依各科課程辦理實習實作、技能訓練與專題製作；網站未標示115學年度全校統一專題題目時，以各科／實習處公告為準。,115學年度校方已公告學生專車發車時間、位置圖、乘車名冊及搭乘須知。,學生專車路線與發車時間依115學年度第1學期校方最新公告。,學校官網未標示115學年度校內學生宿舍申請資訊。,https://www.google.com/maps/search/?api=1&query=%E6%96%B0%E7%AB%B9%E7%B8%A3%E6%B9%96%E5%8F%A3%E9%84%89%E9%81%94%E7%94%9F%E8%B7%AF601%E8%99%9F; https://hkhs.hcc.edu.tw,https://sites.google.com/go.edu.tw/shs/%E6%A0%A1%E8%BB%8A%E7%9B%B8%E9%97%9C,https://hkhs.hcc.edu.tw,https://www.google.com/maps/search/?api=1&query=%E6%96%B0%E7%AB%B9%E7%B8%A3%E6%B9%96%E5%8F%A3%E9%84%89%E9%81%94%E7%94%9F%E8%B7%AF601%E8%99%9F,https://hkhs.hcc.edu.tw,https://hkhs.hcc.edu.tw,https://hkhs.hcc.edu.tw
桃連區,,041307,私立仰德高中,私立,桃連區共同就學區（竹苗區）,綜高,男女校,新竹縣,新豐鄉,新竹縣新豐鄉員山133號,http://www.ydvs.hcc.edu.tw/,(03)5592158,電子商務科:4；時尚造型科:4；餐飲管理科:6；綜合高中:6；資料處理科:1；餐飲管理科:2；機械科:24；模具科:24；汽車科:24；電子科:24；電機科:24；化工科:24,167,167,115學年度桃連區免試入學簡章；實際招生名額以115年6月18日委員會公告為準。；115學年度桃連區免試入學核定招生名額（使用者提供 PDF；一般生招生名額，含科別與性別欄位）,,,普通／學術課程與專業方向並行，招生或課程方向包含電子商務科、時尚造型科、餐飲管理科、綜合高中、資料處理科、機械科、模具科、汽車科、電子科、電機科等；實際分流與選修依115學年度學校課程計畫辦理。,專業群科依各科課程辦理實習實作、技能訓練與專題製作；網站未標示115學年度全校統一專題題目時，以各科／實習處公告為準。,校方提供學生交通車；路線表由校方交通組依學期公告。,搭乘校車者依校方交通組路線表與定點搭乘，網站未標示所有學生一致的固定通勤時間。,校方設有男女學生宿舍，官網公布學生宿舍管理辦法與公約。,https://www.google.com/maps/search/?api=1&query=%E6%96%B0%E7%AB%B9%E7%B8%A3%E6%96%B0%E8%B1%90%E9%84%89%E5%93%A1%E5%B1%B1133%E8%99%9F; http://www.ydvs.hcc.edu.tw/,https://www.ydvs.hcc.edu.tw/,https://www.ydvs.hcc.edu.tw/student/student-regulations/id14438/,https://www.google.com/maps/search/?api=1&query=%E6%96%B0%E7%AB%B9%E7%B8%A3%E6%96%B0%E8%B1%90%E9%84%89%E5%93%A1%E5%B1%B1133%E8%99%9F,http://www.ydvs.hcc.edu.tw/,https://www.ydvs.hcc.edu.tw/dining/curriculum/,https://www.ydvs.hcc.edu.tw/dining/curriculum/
桃連區,,041401,私立內思高工,私立,桃連區共同就學區（竹苗區）,高職,男女校,新竹縣,新埔鎮,新竹縣新埔鎮楊新路一段40號,http://www.savs.hcc.edu.tw,(03)5882520,機械科:2；資訊科:2；電子科:2；電機科:2；多媒體設計科:2,10,10,115學年度桃連區免試入學簡章；實際招生名額以115年6月18日委員會公告為準。；115學年度桃連區免試入學核定招生名額（使用者提供 PDF；一般生招生名額，含科別與性別欄位）,,,技術型高中主要專業方向包含機械科、資訊科、電子科、電機科、多媒體設計科；依各科115學年度課程計畫安排專業科目、實習實作與校訂選修。,專業群科依各科課程辦理實習實作、技能訓練與專題製作；網站未標示115學年度全校統一專題題目時，以各科／實習處公告為準。,學校官網未標示115學年度完整固定大眾運輸到校路線或固定學生專車班次。,網站未標示所有學生一致的固定通勤時間；請依官方校址與即時大眾運輸班次查詢。,學校官網未標示115學年度校內學生宿舍申請資訊。,https://www.google.com/maps/search/?api=1&query=%E6%96%B0%E7%AB%B9%E7%B8%A3%E6%96%B0%E5%9F%94%E9%8E%AE%E6%A5%8A%E6%96%B0%E8%B7%AF%E4%B8%80%E6%AE%B540%E8%99%9F; http://www.savs.hcc.edu.tw,http://www.savs.hcc.edu.tw,http://www.savs.hcc.edu.tw,https://www.google.com/maps/search/?api=1&query=%E6%96%B0%E7%AB%B9%E7%B8%A3%E6%96%B0%E5%9F%94%E9%8E%AE%E6%A5%8A%E6%96%B0%E8%B7%AF%E4%B8%80%E6%AE%B540%E8%99%9F,http://www.savs.hcc.edu.tw,http://www.savs.hcc.edu.tw,http://www.savs.hcc.edu.tw
竹苗區,,040302,國立竹東高中,公立,竹苗區學校名錄,綜高,男女校,新竹縣,竹東鎮,新竹縣竹東鎮大林路2號,https://www.ctsh.hcc.edu.tw/,(03)5962024,普通科(日)；普通科(夜)；商業經營科(夜),,,教育部統計處《高級中等學校概況統計》114學年度校別資料；115學年度實際招生名額待該區免試入學委員會公告端點恢復後再寫入。,請以各校當年度公告為準,,以普通科、商業經營科課程為主；各年級必修、選修與校訂課程依學校課程計畫。,網站未標示固定全校實習／專題內容；各科或校訂課程之實作、專題依學校課程計畫與教學單位公告。,學校官網未標示具體大眾運輸路線。,學校官網未標示固定學生專車或具體通勤路線。,學校官網未標示校內學生宿舍資訊。,https://www.google.com/maps/search/?api=1&query=%E5%9C%8B%E7%AB%8B%E7%AB%B9%E6%9D%B1%E9%AB%98%E4%B8%AD%20%E6%96%B0%E7%AB%B9%E7%B8%A3%E7%AB%B9%E6%9D%B1%E9%8E%AE%E5%A4%A7%E6%9E%97%E8%B7%AF2%E8%99%9F,https://www.ctsh.hcc.edu.tw/,https://www.ctsh.hcc.edu.tw/,https://www.google.com/maps/search/?api=1&query=%E5%9C%8B%E7%AB%8B%E7%AB%B9%E6%9D%B1%E9%AB%98%E4%B8%AD%20%E6%96%B0%E7%AB%B9%E7%B8%A3%E7%AB%B9%E6%9D%B1%E9%8E%AE%E5%A4%A7%E6%9E%97%E8%B7%AF2%E8%99%9F,https://www.ctsh.hcc.edu.tw/,https://www.ctsh.hcc.edu.tw/,https://www.ctsh.hcc.edu.tw/
竹苗區,,040304,國立關西高中,公立,竹苗區學校名錄,高職,男女校,新竹縣,關西鎮,新竹縣關西鎮東安里中山東路2號,https://www.khsh.hcc.edu.tw/home,(03)5872049,園藝科(日)；食品加工科(日)；畜產保健科(日)；家政科(日)；綜合職能科(日),,,教育部統計處《高級中等學校概況統計》114學年度校別資料；115學年度實際招生名額待該區免試入學委員會公告端點恢復後再寫入。,請以各校當年度公告為準,,以園藝科、食品加工科、畜產保健科、家政科、綜合職能科課程為主；各年級必修、選修與校訂課程依學校課程計畫。,網站未標示固定全校實習／專題內容；各科或校訂課程之實作、專題依學校課程計畫與教學單位公告。,官網設有「交通專車資訊專區」與交通車報名系統。,通勤可使用學校交通專車；路線與站點依校方當學年度交通專車公告。,學校官網未標示校內學生宿舍資訊。,https://www.google.com/maps/search/?api=1&query=%E5%9C%8B%E7%AB%8B%E9%97%9C%E8%A5%BF%E9%AB%98%E4%B8%AD%20%E6%96%B0%E7%AB%B9%E7%B8%A3%E9%97%9C%E8%A5%BF%E9%8E%AE%E6%9D%B1%E5%AE%89%E9%87%8C%E4%B8%AD%E5%B1%B1%E6%9D%B1%E8%B7%AF2%E8%99%9F,https://www.khsh.hcc.edu.tw/home,https://www.khsh.hcc.edu.tw/home,https://www.google.com/maps/search/?api=1&query=%E5%9C%8B%E7%AB%8B%E9%97%9C%E8%A5%BF%E9%AB%98%E4%B8%AD%20%E6%96%B0%E7%AB%B9%E7%B8%A3%E9%97%9C%E8%A5%BF%E9%8E%AE%E6%9D%B1%E5%AE%89%E9%87%8C%E4%B8%AD%E5%B1%B1%E6%9D%B1%E8%B7%AF2%E8%99%9F,https://www.khsh.hcc.edu.tw/home,https://www.khsh.hcc.edu.tw/home,https://www.khsh.hcc.edu.tw/home
竹苗區,,040308,國立陽明交大附中,公立,竹苗區學校名錄,綜高,男女校,新竹縣,竹北市,新竹縣竹北市中央路3號,https://www.cphs.nycu.edu.tw/home,(03)5517330,普通科(日)；舞蹈班(日)；體育班(日)；資訊科(日)；商業經營科(日)；門市服務科(日),,,教育部統計處《高級中等學校概況統計》114學年度校別資料；115學年度實際招生名額待該區免試入學委員會公告端點恢復後再寫入。,請以各校當年度公告為準,,普通科搭配舞蹈、體育與技職類科；官網115學年度新增生物醫學實驗班，並設課程計畫書與選課輔導手冊。,網站未標示固定全校實習／專題內容；各科或校訂課程之實作、專題依學校課程計畫與教學單位公告。,學校官網未標示具體大眾運輸路線。,學校官網未標示固定學生專車或具體通勤路線。,學校官網未標示校內學生宿舍資訊。,https://www.google.com/maps/search/?api=1&query=%E5%9C%8B%E7%AB%8B%E9%99%BD%E6%98%8E%E4%BA%A4%E5%A4%A7%E9%99%84%E4%B8%AD%20%E6%96%B0%E7%AB%B9%E7%B8%A3%E7%AB%B9%E5%8C%97%E5%B8%82%E4%B8%AD%E5%A4%AE%E8%B7%AF3%E8%99%9F,https://www.cphs.nycu.edu.tw/home,https://www.cphs.nycu.edu.tw/home,https://www.google.com/maps/search/?api=1&query=%E5%9C%8B%E7%AB%8B%E9%99%BD%E6%98%8E%E4%BA%A4%E5%A4%A7%E9%99%84%E4%B8%AD%20%E6%96%B0%E7%AB%B9%E7%B8%A3%E7%AB%B9%E5%8C%97%E5%B8%82%E4%B8%AD%E5%A4%AE%E8%B7%AF3%E8%99%9F,https://www.cphs.nycu.edu.tw/home,https://www.cphs.nycu.edu.tw/home,https://www.cphs.nycu.edu.tw/home
竹苗區,,041303,私立義民高中,私立,竹苗區學校名錄,綜高,男女校,新竹縣,竹北市,新竹縣竹北市中正西路15號,http://www.ymsh.hcc.edu.tw,(03)5552020,普通科(日)；資訊科(日)；資料處理科(日)；資料處理科(夜)；廣告設計科(日)；幼兒保育科(日)；廣告技術科(日)；商用資訊科(日),,,教育部統計處《高級中等學校概況統計》114學年度校別資料；115學年度實際招生名額待該區免試入學委員會公告端點恢復後再寫入。,請以各校當年度公告為準,,以普通科、資訊科、資料處理科、廣告設計科、幼兒保育科、廣告技術科、商用資訊科課程為主；各年級必修、選修與校訂課程依學校課程計畫。,網站未標示固定全校實習／專題內容；各科或校訂課程之實作、專題依學校課程計畫與教學單位公告。,學校官網未標示具體大眾運輸路線。,學校官網未標示固定學生專車或具體通勤路線。,學校官網未標示校內學生宿舍資訊。,https://www.google.com/maps/search/?api=1&query=%E7%A7%81%E7%AB%8B%E7%BE%A9%E6%B0%91%E9%AB%98%E4%B8%AD%20%E6%96%B0%E7%AB%B9%E7%B8%A3%E7%AB%B9%E5%8C%97%E5%B8%82%E4%B8%AD%E6%AD%A3%E8%A5%BF%E8%B7%AF15%E8%99%9F,http://www.ymsh.hcc.edu.tw,http://www.ymsh.hcc.edu.tw,https://www.google.com/maps/search/?api=1&query=%E7%A7%81%E7%AB%8B%E7%BE%A9%E6%B0%91%E9%AB%98%E4%B8%AD%20%E6%96%B0%E7%AB%B9%E7%B8%A3%E7%AB%B9%E5%8C%97%E5%B8%82%E4%B8%AD%E6%AD%A3%E8%A5%BF%E8%B7%AF15%E8%99%9F,http://www.ymsh.hcc.edu.tw,http://www.ymsh.hcc.edu.tw,http://www.ymsh.hcc.edu.tw
竹苗區,,041305,私立忠信高中,私立,竹苗區學校名錄,高中,男女校,新竹縣,新豐鄉,新竹縣新豐鄉忠信街178號,https://www.chhs.hcc.edu.tw/,(03)5595775,普通科(日),,,教育部統計處《高級中等學校概況統計》114學年度校別資料；115學年度實際招生名額待該區免試入學委員會公告端點恢復後再寫入。,請以各校當年度公告為準,,以普通科課程為主；各年級必修、選修與校訂課程依學校課程計畫。,網站未標示固定全校實習／專題內容；各科或校訂課程之實作、專題依學校課程計畫與教學單位公告。,官網招生頁提供校址與 Google Map 定位；官網未標示固定大眾運輸路線。,學校位於新豐鄉忠信街178號；官網未標示固定大眾運輸通勤路線。,學校官網未標示校內學生宿舍資訊。,https://www.google.com/maps/search/?api=1&query=%E7%A7%81%E7%AB%8B%E5%BF%A0%E4%BF%A1%E9%AB%98%E4%B8%AD%20%E6%96%B0%E7%AB%B9%E7%B8%A3%E6%96%B0%E8%B1%90%E9%84%89%E5%BF%A0%E4%BF%A1%E8%A1%97178%E8%99%9F,https://2026.reg.chhs.hcc.edu.tw/,https://www.chhs.hcc.edu.tw/,https://www.google.com/maps/search/?api=1&query=%E7%A7%81%E7%AB%8B%E5%BF%A0%E4%BF%A1%E9%AB%98%E4%B8%AD%20%E6%96%B0%E7%AB%B9%E7%B8%A3%E6%96%B0%E8%B1%90%E9%84%89%E5%BF%A0%E4%BF%A1%E8%A1%97178%E8%99%9F,https://www.chhs.hcc.edu.tw/,https://www.chhs.hcc.edu.tw/,https://www.chhs.hcc.edu.tw/
竹苗區,,041306,私立東泰高中,私立,竹苗區學校名錄,綜高,男女校,新竹縣,竹東鎮,新竹縣竹東鎮東峰路343號,http://www.ttsh.hcc.edu.tw,(03)5961232,普通科(日)；汽車科(日)；汽車科(夜)；資訊科(日)；資料處理科(日)；餐飲管理科(日)；餐飲管理科(夜)；時尚造型科(日)；綜合職能科(日)；烘焙食品科(日)；汽車修護科(日)；水電技術科(日)；微電腦修護科(日)；商用資訊科(日)；餐飲技術科(日),,,教育部統計處《高級中等學校概況統計》114學年度校別資料；115學年度實際招生名額待該區免試入學委員會公告端點恢復後再寫入。,請以各校當年度公告為準,,以普通科、汽車科、資訊科、資料處理科、餐飲管理科、時尚造型科、綜合職能科、烘焙食品科等課程為主；各年級必修、選修與校訂課程依學校課程計畫。,網站未標示固定全校實習／專題內容；各科或校訂課程之實作、專題依學校課程計畫與教學單位公告。,學校官網未標示具體大眾運輸路線。,學校官網未標示固定學生專車或具體通勤路線。,學校官網未標示校內學生宿舍資訊。,https://www.google.com/maps/search/?api=1&query=%E7%A7%81%E7%AB%8B%E6%9D%B1%E6%B3%B0%E9%AB%98%E4%B8%AD%20%E6%96%B0%E7%AB%B9%E7%B8%A3%E7%AB%B9%E6%9D%B1%E9%8E%AE%E6%9D%B1%E5%B3%B0%E8%B7%AF343%E8%99%9F,http://www.ttsh.hcc.edu.tw,http://www.ttsh.hcc.edu.tw,https://www.google.com/maps/search/?api=1&query=%E7%A7%81%E7%AB%8B%E6%9D%B1%E6%B3%B0%E9%AB%98%E4%B8%AD%20%E6%96%B0%E7%AB%B9%E7%B8%A3%E7%AB%B9%E6%9D%B1%E9%8E%AE%E6%9D%B1%E5%B3%B0%E8%B7%AF343%E8%99%9F,http://www.ttsh.hcc.edu.tw,http://www.ttsh.hcc.edu.tw,http://www.ttsh.hcc.edu.tw
竹苗區,,041307,私立仰德高中,私立,竹苗區學校名錄,高職,男女校,新竹縣,新豐鄉,新竹縣新豐鄉員山133號,https://www.ydvs.hcc.edu.tw/,(03)5592158,資料處理科(夜)；餐飲管理科(日)；餐飲管理科(夜)；電子商務科(日)；時尚造型科(日)；綜合職能科(日)；烘焙食品科(日)；餐飲技術科(日),,,教育部統計處《高級中等學校概況統計》114學年度校別資料；115學年度實際招生名額待該區免試入學委員會公告端點恢復後再寫入。,請以各校當年度公告為準,,以資料處理科、餐飲管理科、電子商務科、時尚造型科、綜合職能科、烘焙食品科、餐飲技術科課程為主；各年級必修、選修與校訂課程依學校課程計畫。,網站未標示固定全校實習／專題內容；各科或校訂課程之實作、專題依學校課程計畫與教學單位公告。,官網「交通位置」頁提供校址與地理位置圖；未列固定大眾運輸路線。,依官網地理位置圖前往；網站未標示固定公車或火車轉乘路線。,學校官網未標示校內學生宿舍資訊。,https://www.google.com/maps/search/?api=1&query=%E7%A7%81%E7%AB%8B%E4%BB%B0%E5%BE%B7%E9%AB%98%E4%B8%AD%20%E6%96%B0%E7%AB%B9%E7%B8%A3%E6%96%B0%E8%B1%90%E9%84%89%E5%93%A1%E5%B1%B1133%E8%99%9F,https://www.ydvs.hcc.edu.tw/location/,https://www.ydvs.hcc.edu.tw/,https://www.google.com/maps/search/?api=1&query=%E7%A7%81%E7%AB%8B%E4%BB%B0%E5%BE%B7%E9%AB%98%E4%B8%AD%20%E6%96%B0%E7%AB%B9%E7%B8%A3%E6%96%B0%E8%B1%90%E9%84%89%E5%93%A1%E5%B1%B1133%E8%99%9F,https://www.ydvs.hcc.edu.tw/,https://www.ydvs.hcc.edu.tw/,https://www.ydvs.hcc.edu.tw/
竹苗區,,041401,私立內思高工,私立,竹苗區學校名錄,高職,男女校,新竹縣,新埔鎮,新竹縣新埔鎮楊新路一段40號,https://www.savs.hcc.edu.tw/,(03)5882520,機械科(日)；資訊科(日)；電子科(日)；電機科(日)；多媒體設計科(日),,,教育部統計處《高級中等學校概況統計》114學年度校別資料；115學年度實際招生名額待該區免試入學委員會公告端點恢復後再寫入。,請以各校當年度公告為準,,以機械科、資訊科、電子科、電機科、多媒體設計科課程為主；各年級必修、選修與校訂課程依學校課程計畫。,網站未標示固定全校實習／專題內容；各科或校訂課程之實作、專題依學校課程計畫與教學單位公告。,學校官網未標示具體大眾運輸路線。,學校官網未標示固定學生專車或具體通勤路線。,學校官網未標示校內學生宿舍資訊。,https://www.google.com/maps/search/?api=1&query=%E7%A7%81%E7%AB%8B%E5%85%A7%E6%80%9D%E9%AB%98%E5%B7%A5%20%E6%96%B0%E7%AB%B9%E7%B8%A3%E6%96%B0%E5%9F%94%E9%8E%AE%E6%A5%8A%E6%96%B0%E8%B7%AF%E4%B8%80%E6%AE%B540%E8%99%9F,https://www.savs.hcc.edu.tw/,https://www.savs.hcc.edu.tw/,https://www.google.com/maps/search/?api=1&query=%E7%A7%81%E7%AB%8B%E5%85%A7%E6%80%9D%E9%AB%98%E5%B7%A5%20%E6%96%B0%E7%AB%B9%E7%B8%A3%E6%96%B0%E5%9F%94%E9%8E%AE%E6%A5%8A%E6%96%B0%E8%B7%AF%E4%B8%80%E6%AE%B540%E8%99%9F,https://www.savs.hcc.edu.tw/,https://www.savs.hcc.edu.tw/,https://www.savs.hcc.edu.tw/
竹苗區,,044311,新竹縣立六家高級中學,公立,竹苗區學校名錄,高中,男女校,新竹縣,竹北市,新竹縣竹北市嘉興路356號,https://ljsh.hcc.edu.tw/,(03)5503824,普通科(日)；體育班(日),,,教育部統計處《高級中等學校概況統計》114學年度校別資料；115學年度實際招生名額待該區免試入學委員會公告端點恢復後再寫入。,請以各校當年度公告為準,,普通科與體育班；官網設課程計畫、選課輔導手冊、雙語／國際教育及生物醫學特色專區。,網站未標示固定全校實習／專題內容；各科或校訂課程之實作、專題依學校課程計畫與教學單位公告。,官網設有「交通車專區／交通車資訊」。,可依學校交通車專區公告的當學年度路線與站點通勤。,學校官網未標示校內學生宿舍資訊。,https://www.google.com/maps/search/?api=1&query=%E6%96%B0%E7%AB%B9%E7%B8%A3%E7%AB%8B%E5%85%AD%E5%AE%B6%E9%AB%98%E7%B4%9A%E4%B8%AD%E5%AD%B8%20%E6%96%B0%E7%AB%B9%E7%B8%A3%E7%AB%B9%E5%8C%97%E5%B8%82%E5%98%89%E8%88%88%E8%B7%AF356%E8%99%9F,https://ljsh.hcc.edu.tw/,https://ljsh.hcc.edu.tw/,https://www.google.com/maps/search/?api=1&query=%E6%96%B0%E7%AB%B9%E7%B8%A3%E7%AB%8B%E5%85%AD%E5%AE%B6%E9%AB%98%E7%B4%9A%E4%B8%AD%E5%AD%B8%20%E6%96%B0%E7%AB%B9%E7%B8%A3%E7%AB%B9%E5%8C%97%E5%B8%82%E5%98%89%E8%88%88%E8%B7%AF356%E8%99%9F,https://ljsh.hcc.edu.tw/,https://ljsh.hcc.edu.tw/,https://ljsh.hcc.edu.tw/
竹苗區,,044320,新竹縣立湖口高中,公立,竹苗區學校名錄,綜高,男女校,新竹縣,湖口鄉,新竹縣湖口鄉達生路601號,https://hkhs.hcc.edu.tw/,(03)5992588,普通科(日)；體育班(日)；商業經營科(日),,,教育部統計處《高級中等學校概況統計》114學年度校別資料；115學年度實際招生名額待該區免試入學委員會公告端點恢復後再寫入。,請以各校當年度公告為準,,普通科、商業經營科與體育班；官網115課程計畫及選課資料分別提供普通科、商經科與體育班規劃。,網站未標示固定全校實習／專題內容；各科或校訂課程之實作、專題依學校課程計畫與教學單位公告。,官網公告115學年度第1學期學生專車報名與異動。,可依115學年度學生專車公告之核定站點搭乘。,學校官網未標示校內學生宿舍資訊。,https://www.google.com/maps/search/?api=1&query=%E6%96%B0%E7%AB%B9%E7%B8%A3%E7%AB%8B%E6%B9%96%E5%8F%A3%E9%AB%98%E4%B8%AD%20%E6%96%B0%E7%AB%B9%E7%B8%A3%E6%B9%96%E5%8F%A3%E9%84%89%E9%81%94%E7%94%9F%E8%B7%AF601%E8%99%9F,https://hkhs.hcc.edu.tw/,https://hkhs.hcc.edu.tw/,https://www.google.com/maps/search/?api=1&query=%E6%96%B0%E7%AB%B9%E7%B8%A3%E7%AB%8B%E6%B9%96%E5%8F%A3%E9%AB%98%E4%B8%AD%20%E6%96%B0%E7%AB%B9%E7%B8%A3%E6%B9%96%E5%8F%A3%E9%84%89%E9%81%94%E7%94%9F%E8%B7%AF601%E8%99%9F,https://hkhs.hcc.edu.tw/,https://hkhs.hcc.edu.tw/,https://hkhs.hcc.edu.tw/
竹苗區,,050303,國立苗栗高中,公立,竹苗區學校名錄,高中,男女校,苗栗縣,苗栗市,苗栗縣苗栗市至公路183號,https://www.mlsh.mlc.edu.tw/,(037)320072,普通科(日)；美術班(日),,,教育部統計處《高級中等學校概況統計》114學年度校別資料；115學年度實際招生名額待該區免試入學委員會公告端點恢復後再寫入。,請以各校當年度公告為準,,以普通科、美術班課程為主；各年級必修、選修與校訂課程依學校課程計畫。,網站未標示固定全校實習／專題內容；各科或校訂課程之實作、專題依學校課程計畫與教學單位公告。,學校官網未標示具體大眾運輸路線。,學校官網未標示固定學生專車或具體通勤路線。,學校官網未標示校內學生宿舍資訊。,https://www.google.com/maps/search/?api=1&query=%E5%9C%8B%E7%AB%8B%E8%8B%97%E6%A0%97%E9%AB%98%E4%B8%AD%20%E8%8B%97%E6%A0%97%E7%B8%A3%E8%8B%97%E6%A0%97%E5%B8%82%E8%87%B3%E5%85%AC%E8%B7%AF183%E8%99%9F,https://www.mlsh.mlc.edu.tw/,https://www.mlsh.mlc.edu.tw/,https://www.google.com/maps/search/?api=1&query=%E5%9C%8B%E7%AB%8B%E8%8B%97%E6%A0%97%E9%AB%98%E4%B8%AD%20%E8%8B%97%E6%A0%97%E7%B8%A3%E8%8B%97%E6%A0%97%E5%B8%82%E8%87%B3%E5%85%AC%E8%B7%AF183%E8%99%9F,https://www.mlsh.mlc.edu.tw/,https://www.mlsh.mlc.edu.tw/,https://www.mlsh.mlc.edu.tw/
竹苗區,,050310,國立竹南高中,公立,竹苗區學校名錄,綜高,男女校,苗栗縣,竹南鎮,苗栗縣竹南鎮中正路98號,https://www.cnsh.mlc.edu.tw/home,(037)476855,普通科(日)；化工科(日),,,教育部統計處《高級中等學校概況統計》114學年度校別資料；115學年度實際招生名額待該區免試入學委員會公告端點恢復後再寫入。,請以各校當年度公告為準,,以普通科、化工科課程為主；各年級必修、選修與校訂課程依學校課程計畫。,網站未標示固定全校實習／專題內容；各科或校訂課程之實作、專題依學校課程計畫與教學單位公告。,學校官網未標示具體大眾運輸路線。,學校官網未標示固定學生專車或具體通勤路線。,學校官網未標示校內學生宿舍資訊。,https://www.google.com/maps/search/?api=1&query=%E5%9C%8B%E7%AB%8B%E7%AB%B9%E5%8D%97%E9%AB%98%E4%B8%AD%20%E8%8B%97%E6%A0%97%E7%B8%A3%E7%AB%B9%E5%8D%97%E9%8E%AE%E4%B8%AD%E6%AD%A3%E8%B7%AF98%E8%99%9F,https://www.cnsh.mlc.edu.tw/home,https://www.cnsh.mlc.edu.tw/home,https://www.google.com/maps/search/?api=1&query=%E5%9C%8B%E7%AB%8B%E7%AB%B9%E5%8D%97%E9%AB%98%E4%B8%AD%20%E8%8B%97%E6%A0%97%E7%B8%A3%E7%AB%B9%E5%8D%97%E9%8E%AE%E4%B8%AD%E6%AD%A3%E8%B7%AF98%E8%99%9F,https://www.cnsh.mlc.edu.tw/home,https://www.cnsh.mlc.edu.tw/home,https://www.cnsh.mlc.edu.tw/home
竹苗區,,050314,國立卓蘭高中,公立,竹苗區學校名錄,綜高,男女校,苗栗縣,卓蘭鎮,苗栗縣卓蘭鎮老庄161號,https://www.jlsh.mlc.edu.tw/,(04)25892007,普通科(日)；商業經營科(日)；國際貿易科(日)；資料處理科(日)；資料處理科(夜)；電子商務科(日)；應用英語科(日)；幼兒保育科(日),,,教育部統計處《高級中等學校概況統計》114學年度校別資料；115學年度實際招生名額待該區免試入學委員會公告端點恢復後再寫入。,請以各校當年度公告為準,,以普通科、商業經營科、國際貿易科、資料處理科、電子商務科、應用英語科、幼兒保育科課程為主；各年級必修、選修與校訂課程依學校課程計畫。,網站未標示固定全校實習／專題內容；各科或校訂課程之實作、專題依學校課程計畫與教學單位公告。,官網學校簡介設有「交通」頁面入口。,依校方交通頁面公布方式前往；首頁未直接列完整固定大眾運輸班次。,學校官網未標示校內學生宿舍資訊。,https://www.google.com/maps/search/?api=1&query=%E5%9C%8B%E7%AB%8B%E5%8D%93%E8%98%AD%E9%AB%98%E4%B8%AD%20%E8%8B%97%E6%A0%97%E7%B8%A3%E5%8D%93%E8%98%AD%E9%8E%AE%E8%80%81%E5%BA%84161%E8%99%9F,https://www.jlsh.mlc.edu.tw/,https://www.jlsh.mlc.edu.tw/,https://www.google.com/maps/search/?api=1&query=%E5%9C%8B%E7%AB%8B%E5%8D%93%E8%98%AD%E9%AB%98%E4%B8%AD%20%E8%8B%97%E6%A0%97%E7%B8%A3%E5%8D%93%E8%98%AD%E9%8E%AE%E8%80%81%E5%BA%84161%E8%99%9F,https://www.jlsh.mlc.edu.tw/,https://www.jlsh.mlc.edu.tw/,https://www.jlsh.mlc.edu.tw/
竹苗區,,050315,國立苑裡高中,公立,竹苗區學校名錄,高中,男女校,苗栗縣,苑裡鎮,苗栗縣苑裡鎮育才街100號,https://www.ylsh.mlc.edu.tw/,(037)868680,普通科(日)；美術班(日),,,教育部統計處《高級中等學校概況統計》114學年度校別資料；115學年度實際招生名額待該區免試入學委員會公告端點恢復後再寫入。,請以各校當年度公告為準,,以普通科、美術班課程為主；各年級必修、選修與校訂課程依學校課程計畫。,網站未標示固定全校實習／專題內容；各科或校訂課程之實作、專題依學校課程計畫與教學單位公告。,火車：苑裡站下車後沿中山路往北約900公尺、約10分鐘；公車可搭97、616、662、839至「國立苑裡高中站」，或5808、5814至「苑裡國小站」。,苑裡火車站步行約900公尺（校方標示約10分鐘）；另有多條公車可到校或至苑裡國小後步行。,設有校內學生宿舍。115學年度新生可提出住宿申請；官網介紹為4人雅房，宿舍位於教學大樓旁。,https://www.google.com/maps/search/?api=1&query=%E5%9C%8B%E7%AB%8B%E8%8B%91%E8%A3%A1%E9%AB%98%E4%B8%AD%20%E8%8B%97%E6%A0%97%E7%B8%A3%E8%8B%91%E8%A3%A1%E9%8E%AE%E8%82%B2%E6%89%8D%E8%A1%97100%E8%99%9F,https://www1.ylsh.mlc.edu.tw/?p=44,https://www.ylsh.mlc.edu.tw/freshman/%E4%BD%8F%E5%AE%BF%E8%A6%8F%E5%AE%9A/,https://www.google.com/maps/search/?api=1&query=%E5%9C%8B%E7%AB%8B%E8%8B%91%E8%A3%A1%E9%AB%98%E4%B8%AD%20%E8%8B%97%E6%A0%97%E7%B8%A3%E8%8B%91%E8%A3%A1%E9%8E%AE%E8%82%B2%E6%89%8D%E8%A1%97100%E8%99%9F,https://www.ylsh.mlc.edu.tw/,https://www.ylsh.mlc.edu.tw/,https://www.ylsh.mlc.edu.tw/
竹苗區,,050401,國立大湖農工,公立,竹苗區學校名錄,高職,男女校,苗栗縣,大湖鄉,苗栗縣大湖鄉大寮村竹高屋68號,https://www.thvs.mlc.edu.tw/,(037)992216,園藝科(日)；食品加工科(日)；機械科(日)；電機科(日)；室內空間設計科(日)；綜合職能科(日)；水電技術科(日),,,教育部統計處《高級中等學校概況統計》114學年度校別資料；115學年度實際招生名額待該區免試入學委員會公告端點恢復後再寫入。,請以各校當年度公告為準,,以園藝科、食品加工科、機械科、電機科、室內空間設計科、綜合職能科、水電技術科課程為主；各年級必修、選修與校訂課程依學校課程計畫。,網站未標示固定全校實習／專題內容；各科或校訂課程之實作、專題依學校課程計畫與教學單位公告。,官網已公告115學年度第1學期交通車搭乘名單及路線時間表。,可依校方115學年度交通車路線時間表搭乘學生交通車。,官網明確有住宿生與宿舍校舍資訊；住宿申請與床位細節請以校方當學年度住宿公告為準。,https://www.google.com/maps/search/?api=1&query=%E5%9C%8B%E7%AB%8B%E5%A4%A7%E6%B9%96%E8%BE%B2%E5%B7%A5%20%E8%8B%97%E6%A0%97%E7%B8%A3%E5%A4%A7%E6%B9%96%E9%84%89%E5%A4%A7%E5%AF%AE%E6%9D%91%E7%AB%B9%E9%AB%98%E5%B1%8B68%E8%99%9F,https://www.thvs.mlc.edu.tw/,https://www.thvs.mlc.edu.tw/,https://www.google.com/maps/search/?api=1&query=%E5%9C%8B%E7%AB%8B%E5%A4%A7%E6%B9%96%E8%BE%B2%E5%B7%A5%20%E8%8B%97%E6%A0%97%E7%B8%A3%E5%A4%A7%E6%B9%96%E9%84%89%E5%A4%A7%E5%AF%AE%E6%9D%91%E7%AB%B9%E9%AB%98%E5%B1%8B68%E8%99%9F,https://www.thvs.mlc.edu.tw/,https://www.thvs.mlc.edu.tw/,https://www.thvs.mlc.edu.tw/
竹苗區,,050404,國立苗栗農工,公立,竹苗區學校名錄,高職,男女校,苗栗縣,苗栗市,苗栗縣苗栗市經國路二段491號,https://www.mlaivs.mlc.edu.tw/,(037)329281,農場經營科(日)；園藝科(日)；森林科(日)；食品加工科(日)；畜產保健科(日)；機械科(日)；板金科(日)；電機科(日)；化工科(日)；電機空調科(日)；生物產業機電科(日)；家政科(日)；餐飲服務科(日)；茶葉技術科(日)；家電技術科(日)；電腦繪圖科(日),,,教育部統計處《高級中等學校概況統計》114學年度校別資料；115學年度實際招生名額待該區免試入學委員會公告端點恢復後再寫入。,請以各校當年度公告為準,,以農場經營科、園藝科、森林科、食品加工科、畜產保健科、機械科、板金科、電機科等課程為主；各年級必修、選修與校訂課程依學校課程計畫。,網站未標示固定全校實習／專題內容；各科或校訂課程之實作、專題依學校課程計畫與教學單位公告。,學校官網未標示具體大眾運輸路線。,學校官網未標示固定學生專車或具體通勤路線。,學校官網未標示校內學生宿舍資訊。,https://www.google.com/maps/search/?api=1&query=%E5%9C%8B%E7%AB%8B%E8%8B%97%E6%A0%97%E8%BE%B2%E5%B7%A5%20%E8%8B%97%E6%A0%97%E7%B8%A3%E8%8B%97%E6%A0%97%E5%B8%82%E7%B6%93%E5%9C%8B%E8%B7%AF%E4%BA%8C%E6%AE%B5491%E8%99%9F,https://www.mlaivs.mlc.edu.tw/,https://www.mlaivs.mlc.edu.tw/,https://www.google.com/maps/search/?api=1&query=%E5%9C%8B%E7%AB%8B%E8%8B%97%E6%A0%97%E8%BE%B2%E5%B7%A5%20%E8%8B%97%E6%A0%97%E7%B8%A3%E8%8B%97%E6%A0%97%E5%B8%82%E7%B6%93%E5%9C%8B%E8%B7%AF%E4%BA%8C%E6%AE%B5491%E8%99%9F,https://www.mlaivs.mlc.edu.tw/,https://www.mlaivs.mlc.edu.tw/,https://www.mlaivs.mlc.edu.tw/
竹苗區,,050407,國立苗栗高商,公立,竹苗區學校名錄,高職,男女校,苗栗縣,苗栗市,苗栗縣苗栗市電台街7號,https://www.mlvs.mlc.edu.tw/home,(037)356001,商業經營科(夜)；國際貿易科(日)；會計事務科(日)；資料處理科(日)；資料處理科(夜)；多媒體設計科(日)；應用英語科(日),,,教育部統計處《高級中等學校概況統計》114學年度校別資料；115學年度實際招生名額待該區免試入學委員會公告端點恢復後再寫入。,請以各校當年度公告為準,,以應用英語、會計事務、資料處理、國際貿易、多媒體設計等商業與語文專業為主，官網設新課綱與課程計畫專區。,網站未標示固定全校實習／專題內容；各科或校訂課程之實作、專題依學校課程計畫與教學單位公告。,學校官網未標示具體大眾運輸路線。,學校官網未標示固定學生專車或具體通勤路線。,學校官網未標示校內學生宿舍資訊。,https://www.google.com/maps/search/?api=1&query=%E5%9C%8B%E7%AB%8B%E8%8B%97%E6%A0%97%E9%AB%98%E5%95%86%20%E8%8B%97%E6%A0%97%E7%B8%A3%E8%8B%97%E6%A0%97%E5%B8%82%E9%9B%BB%E5%8F%B0%E8%A1%977%E8%99%9F,https://www.mlvs.mlc.edu.tw/home,https://www.mlvs.mlc.edu.tw/home,https://www.google.com/maps/search/?api=1&query=%E5%9C%8B%E7%AB%8B%E8%8B%97%E6%A0%97%E9%AB%98%E5%95%86%20%E8%8B%97%E6%A0%97%E7%B8%A3%E8%8B%97%E6%A0%97%E5%B8%82%E9%9B%BB%E5%8F%B0%E8%A1%977%E8%99%9F,https://www.mlvs.mlc.edu.tw/home,https://www.mlvs.mlc.edu.tw/home,https://www.mlvs.mlc.edu.tw/home
竹苗區,,051302,私立君毅高中,私立,竹苗區學校名錄,綜高,男女校,苗栗縣,竹南鎮,苗栗縣竹南鎮公義路245號,https://www.cish.mlc.edu.tw/,(037)622009,普通科(日)；資訊科(日)；資料處理科(日)；資料處理科(夜)；觀光事業科(日)；餐飲管理科(日)；餐飲管理科(夜)；水電技術科(日)；餐飲技術科(日)；多媒體技術科(日),,,教育部統計處《高級中等學校概況統計》114學年度校別資料；115學年度實際招生名額待該區免試入學委員會公告端點恢復後再寫入。,請以各校當年度公告為準,,以普通科、資訊科、資料處理科、觀光事業科、餐飲管理科、水電技術科、餐飲技術科、多媒體技術科課程為主；各年級必修、選修與校訂課程依學校課程計畫。,網站未標示固定全校實習／專題內容；各科或校訂課程之實作、專題依學校課程計畫與教學單位公告。,學校官網未標示具體大眾運輸路線。,學校官網未標示固定學生專車或具體通勤路線。,學校官網未標示校內學生宿舍資訊。,https://www.google.com/maps/search/?api=1&query=%E7%A7%81%E7%AB%8B%E5%90%9B%E6%AF%85%E9%AB%98%E4%B8%AD%20%E8%8B%97%E6%A0%97%E7%B8%A3%E7%AB%B9%E5%8D%97%E9%8E%AE%E5%85%AC%E7%BE%A9%E8%B7%AF245%E8%99%9F,https://www.cish.mlc.edu.tw/,https://www.cish.mlc.edu.tw/,https://www.google.com/maps/search/?api=1&query=%E7%A7%81%E7%AB%8B%E5%90%9B%E6%AF%85%E9%AB%98%E4%B8%AD%20%E8%8B%97%E6%A0%97%E7%B8%A3%E7%AB%B9%E5%8D%97%E9%8E%AE%E5%85%AC%E7%BE%A9%E8%B7%AF245%E8%99%9F,https://www.cish.mlc.edu.tw/,https://www.cish.mlc.edu.tw/,https://www.cish.mlc.edu.tw/
竹苗區,,051306,私立建臺高中,私立,竹苗區學校名錄,高中,男女校,苗栗縣,苗栗市,苗栗縣苗栗市福麗里至公路251號,https://www.ctsh.mlc.edu.tw/,(037)353270,普通科(日),,,教育部統計處《高級中等學校概況統計》114學年度校別資料；115學年度實際招生名額待該區免試入學委員會公告端點恢復後再寫入。,請以各校當年度公告為準,,以普通科課程為主；各年級必修、選修與校訂課程依學校課程計畫。,網站未標示固定全校實習／專題內容；各科或校訂課程之實作、專題依學校課程計畫與教學單位公告。,學校官網未標示具體大眾運輸路線。,學校官網未標示固定學生專車或具體通勤路線。,學校官網未標示校內學生宿舍資訊。,https://www.google.com/maps/search/?api=1&query=%E7%A7%81%E7%AB%8B%E5%BB%BA%E8%87%BA%E9%AB%98%E4%B8%AD%20%E8%8B%97%E6%A0%97%E7%B8%A3%E8%8B%97%E6%A0%97%E5%B8%82%E7%A6%8F%E9%BA%97%E9%87%8C%E8%87%B3%E5%85%AC%E8%B7%AF251%E8%99%9F,https://www.ctsh.mlc.edu.tw/,https://www.ctsh.mlc.edu.tw/,https://www.google.com/maps/search/?api=1&query=%E7%A7%81%E7%AB%8B%E5%BB%BA%E8%87%BA%E9%AB%98%E4%B8%AD%20%E8%8B%97%E6%A0%97%E7%B8%A3%E8%8B%97%E6%A0%97%E5%B8%82%E7%A6%8F%E9%BA%97%E9%87%8C%E8%87%B3%E5%85%AC%E8%B7%AF251%E8%99%9F,https://www.ctsh.mlc.edu.tw/,https://www.ctsh.mlc.edu.tw/,https://www.ctsh.mlc.edu.tw/
竹苗區,,051307,私立全人實驗高中,私立,竹苗區學校名錄,高中,男女校,苗栗縣,卓蘭鎮,苗栗縣卓蘭鎮內灣141之3號,https://holistic.org.tw/,(04)25896909,普通科(日),,,教育部統計處《高級中等學校概況統計》114學年度校別資料；115學年度實際招生名額待該區免試入學委員會公告端點恢復後再寫入。,請以各校當年度公告為準,,以普通科課程為主；各年級必修、選修與校訂課程依學校課程計畫。,網站未標示固定全校實習／專題內容；各科或校訂課程之實作、專題依學校課程計畫與教學單位公告。,學校官網未標示具體大眾運輸路線。,學校官網未標示固定學生專車或具體通勤路線。,學校官網未標示校內學生宿舍資訊。,https://www.google.com/maps/search/?api=1&query=%E7%A7%81%E7%AB%8B%E5%85%A8%E4%BA%BA%E5%AF%A6%E9%A9%97%E9%AB%98%E4%B8%AD%20%E8%8B%97%E6%A0%97%E7%B8%A3%E5%8D%93%E8%98%AD%E9%8E%AE%E5%85%A7%E7%81%A3141%E4%B9%8B3%E8%99%9F,https://holistic.org.tw/,https://holistic.org.tw/,https://www.google.com/maps/search/?api=1&query=%E7%A7%81%E7%AB%8B%E5%85%A8%E4%BA%BA%E5%AF%A6%E9%A9%97%E9%AB%98%E4%B8%AD%20%E8%8B%97%E6%A0%97%E7%B8%A3%E5%8D%93%E8%98%AD%E9%8E%AE%E5%85%A7%E7%81%A3141%E4%B9%8B3%E8%99%9F,https://holistic.org.tw/,https://holistic.org.tw/,https://holistic.org.tw/
竹苗區,,051408,私立中興商工,私立,竹苗區學校名錄,高職,男女校,苗栗縣,竹南鎮,苗栗縣竹南鎮大營路211號,http://www.csvs.mlc.edu.tw,(037)467360,汽車科(日)；資訊科(日)；資料處理科(夜)；餐飲管理科(日)；時尚造型科(日)；汽車修護科(日)；餐飲技術科(日),,,教育部統計處《高級中等學校概況統計》114學年度校別資料；115學年度實際招生名額待該區免試入學委員會公告端點恢復後再寫入。,請以各校當年度公告為準,,以汽車科、資訊科、資料處理科、餐飲管理科、時尚造型科、汽車修護科、餐飲技術科課程為主；各年級必修、選修與校訂課程依學校課程計畫。,網站未標示固定全校實習／專題內容；各科或校訂課程之實作、專題依學校課程計畫與教學單位公告。,學校官網未標示具體大眾運輸路線。,學校官網未標示固定學生專車或具體通勤路線。,學校官網未標示校內學生宿舍資訊。,https://www.google.com/maps/search/?api=1&query=%E7%A7%81%E7%AB%8B%E4%B8%AD%E8%88%88%E5%95%86%E5%B7%A5%20%E8%8B%97%E6%A0%97%E7%B8%A3%E7%AB%B9%E5%8D%97%E9%8E%AE%E5%A4%A7%E7%87%9F%E8%B7%AF211%E8%99%9F,http://www.csvs.mlc.edu.tw,http://www.csvs.mlc.edu.tw,https://www.google.com/maps/search/?api=1&query=%E7%A7%81%E7%AB%8B%E4%B8%AD%E8%88%88%E5%95%86%E5%B7%A5%20%E8%8B%97%E6%A0%97%E7%B8%A3%E7%AB%B9%E5%8D%97%E9%8E%AE%E5%A4%A7%E7%87%9F%E8%B7%AF211%E8%99%9F,http://www.csvs.mlc.edu.tw,http://www.csvs.mlc.edu.tw,http://www.csvs.mlc.edu.tw
竹苗區,,051413,私立龍德家商,私立,竹苗區學校名錄,高職,男女校,苗栗縣,苑裡鎮,苗栗縣苑裡鎮房裡里南房75之1號,http://www.ldvs.mlc.edu.tw/,(037)851277,家具木工科(日)；烘焙食品科(日),,,教育部統計處《高級中等學校概況統計》114學年度校別資料；115學年度實際招生名額待該區免試入學委員會公告端點恢復後再寫入。,請以各校當年度公告為準,,以家具木工科、烘焙食品科課程為主；各年級必修、選修與校訂課程依學校課程計畫。,網站未標示固定全校實習／專題內容；各科或校訂課程之實作、專題依學校課程計畫與教學單位公告。,學校官網未標示具體大眾運輸路線。,學校官網未標示固定學生專車或具體通勤路線。,學校官網未標示校內學生宿舍資訊。,https://www.google.com/maps/search/?api=1&query=%E7%A7%81%E7%AB%8B%E9%BE%8D%E5%BE%B7%E5%AE%B6%E5%95%86%20%E8%8B%97%E6%A0%97%E7%B8%A3%E8%8B%91%E8%A3%A1%E9%8E%AE%E6%88%BF%E8%A3%A1%E9%87%8C%E5%8D%97%E6%88%BF75%E4%B9%8B1%E8%99%9F,http://www.ldvs.mlc.edu.tw/,http://www.ldvs.mlc.edu.tw/,https://www.google.com/maps/search/?api=1&query=%E7%A7%81%E7%AB%8B%E9%BE%8D%E5%BE%B7%E5%AE%B6%E5%95%86%20%E8%8B%97%E6%A0%97%E7%B8%A3%E8%8B%91%E8%A3%A1%E9%8E%AE%E6%88%BF%E8%A3%A1%E9%87%8C%E5%8D%97%E6%88%BF75%E4%B9%8B1%E8%99%9F,http://www.ldvs.mlc.edu.tw/,http://www.ldvs.mlc.edu.tw/,http://www.ldvs.mlc.edu.tw/
竹苗區,,054308,苗栗縣立三義高中,公立,竹苗區學校名錄,綜高,男女校,苗栗縣,三義鄉,苗栗縣三義鄉廣盛村11鄰122號,https://sjh.mlc.edu.tw/,(037)872015,普通科(日)；餐飲管理科(日)；多媒體設計科(日),,,教育部統計處《高級中等學校概況統計》114學年度校別資料；115學年度實際招生名額待該區免試入學委員會公告端點恢復後再寫入。,請以各校當年度公告為準,,以普通科、餐飲管理科、多媒體設計科課程為主；各年級必修、選修與校訂課程依學校課程計畫。,網站未標示固定全校實習／專題內容；各科或校訂課程之實作、專題依學校課程計畫與教學單位公告。,學校官網未標示具體大眾運輸路線。,學校官網未標示固定學生專車或具體通勤路線。,學校官網未標示校內學生宿舍資訊。,https://www.google.com/maps/search/?api=1&query=%E8%8B%97%E6%A0%97%E7%B8%A3%E7%AB%8B%E4%B8%89%E7%BE%A9%E9%AB%98%E4%B8%AD%20%E8%8B%97%E6%A0%97%E7%B8%A3%E4%B8%89%E7%BE%A9%E9%84%89%E5%BB%A3%E7%9B%9B%E6%9D%9111%E9%84%B0122%E8%99%9F,https://sjh.mlc.edu.tw/,https://sjh.mlc.edu.tw/,https://www.google.com/maps/search/?api=1&query=%E8%8B%97%E6%A0%97%E7%B8%A3%E7%AB%8B%E4%B8%89%E7%BE%A9%E9%AB%98%E4%B8%AD%20%E8%8B%97%E6%A0%97%E7%B8%A3%E4%B8%89%E7%BE%A9%E9%84%89%E5%BB%A3%E7%9B%9B%E6%9D%9111%E9%84%B0122%E8%99%9F,https://sjh.mlc.edu.tw/,https://sjh.mlc.edu.tw/,https://sjh.mlc.edu.tw/
竹苗區,,054309,苗栗縣立苑裡高中,公立,竹苗區學校名錄,綜高,男女校,苗栗縣,苑裡鎮,苗栗縣苑裡鎮客庄里1鄰2號,https://yljh.mlc.edu.tw/Home/Index.php,(037)861042,普通科(日)；體育班(日)；商業經營科(日)；廣告設計科(日),,,教育部統計處《高級中等學校概況統計》114學年度校別資料；115學年度實際招生名額待該區免試入學委員會公告端點恢復後再寫入。,請以各校當年度公告為準,,以普通科、體育班、商業經營科、廣告設計科課程為主；各年級必修、選修與校訂課程依學校課程計畫。,網站未標示固定全校實習／專題內容；各科或校訂課程之實作、專題依學校課程計畫與教學單位公告。,官網相關官方頁面提供校區交通路線；高中部位於客庄分部新興路19號。,高中部通勤應以客庄分部（新興路19號）為目的地；校本部與高中部地址不同。,學校官網未標示校內學生宿舍資訊。,https://www.google.com/maps/search/?api=1&query=%E8%8B%97%E6%A0%97%E7%B8%A3%E7%AB%8B%E8%8B%91%E8%A3%A1%E9%AB%98%E4%B8%AD%20%E8%8B%97%E6%A0%97%E7%B8%A3%E8%8B%91%E8%A3%A1%E9%8E%AE%E5%AE%A2%E5%BA%84%E9%87%8C1%E9%84%B02%E8%99%9F,https://yljh.mlc.edu.tw/Home/Index.php,https://yljh.mlc.edu.tw/Home/Index.php,https://www.google.com/maps/search/?api=1&query=%E8%8B%97%E6%A0%97%E7%B8%A3%E7%AB%8B%E8%8B%91%E8%A3%A1%E9%AB%98%E4%B8%AD%20%E8%8B%97%E6%A0%97%E7%B8%A3%E8%8B%91%E8%A3%A1%E9%8E%AE%E5%AE%A2%E5%BA%84%E9%87%8C1%E9%84%B02%E8%99%9F,https://yljh.mlc.edu.tw/Home/Index.php,https://yljh.mlc.edu.tw/Home/Index.php,https://yljh.mlc.edu.tw/Home/Index.php
竹苗區,,054317,苗栗縣立興華高中,公立,竹苗區學校名錄,綜高,男女校,苗栗縣,頭份市,苗栗縣頭份市中正一路401號,https://shhs.mlc.edu.tw/Home/,(037)663403,普通科(日)；體育班(日)；商業經營科(日)；資料處理科(日),,,教育部統計處《高級中等學校概況統計》114學年度校別資料；115學年度實際招生名額待該區免試入學委員會公告端點恢復後再寫入。,請以各校當年度公告為準,,以普通科、體育班、商業經營科、資料處理科課程為主；各年級必修、選修與校訂課程依學校課程計畫。,網站未標示固定全校實習／專題內容；各科或校訂課程之實作、專題依學校課程計畫與教學單位公告。,學校官網未標示具體大眾運輸路線。,學校官網未標示固定學生專車或具體通勤路線。,學校官網未標示校內學生宿舍資訊。,https://www.google.com/maps/search/?api=1&query=%E8%8B%97%E6%A0%97%E7%B8%A3%E7%AB%8B%E8%88%88%E8%8F%AF%E9%AB%98%E4%B8%AD%20%E8%8B%97%E6%A0%97%E7%B8%A3%E9%A0%AD%E4%BB%BD%E5%B8%82%E4%B8%AD%E6%AD%A3%E4%B8%80%E8%B7%AF401%E8%99%9F,https://shhs.mlc.edu.tw/Home/,https://shhs.mlc.edu.tw/Home/,https://www.google.com/maps/search/?api=1&query=%E8%8B%97%E6%A0%97%E7%B8%A3%E7%AB%8B%E8%88%88%E8%8F%AF%E9%AB%98%E4%B8%AD%20%E8%8B%97%E6%A0%97%E7%B8%A3%E9%A0%AD%E4%BB%BD%E5%B8%82%E4%B8%AD%E6%AD%A3%E4%B8%80%E8%B7%AF401%E8%99%9F,https://shhs.mlc.edu.tw/Home/,https://shhs.mlc.edu.tw/Home/,https://shhs.mlc.edu.tw/Home/
竹苗區,,054333,苗栗縣立大同高中,公立,竹苗區學校名錄,高中,男女校,苗栗縣,竹南鎮,苗栗縣竹南鎮大埔里六鄰公義路890號,https://dtsh.mlc.edu.tw/,(037)580566,普通科(日)；體育班(日),,,教育部統計處《高級中等學校概況統計》114學年度校別資料；115學年度實際招生名額待該區免試入學委員會公告端點恢復後再寫入。,請以各校當年度公告為準,,以普通科、體育班課程為主；各年級必修、選修與校訂課程依學校課程計畫。,網站未標示固定全校實習／專題內容；各科或校訂課程之實作、專題依學校課程計畫與教學單位公告。,學校官網未標示具體大眾運輸路線。,學校官網未標示固定學生專車或具體通勤路線。,學校官網未標示校內學生宿舍資訊。,https://www.google.com/maps/search/?api=1&query=%E8%8B%97%E6%A0%97%E7%B8%A3%E7%AB%8B%E5%A4%A7%E5%90%8C%E9%AB%98%E4%B8%AD%20%E8%8B%97%E6%A0%97%E7%B8%A3%E7%AB%B9%E5%8D%97%E9%8E%AE%E5%A4%A7%E5%9F%94%E9%87%8C%E5%85%AD%E9%84%B0%E5%85%AC%E7%BE%A9%E8%B7%AF890%E8%99%9F,https://dtsh.mlc.edu.tw/,https://dtsh.mlc.edu.tw/,https://www.google.com/maps/search/?api=1&query=%E8%8B%97%E6%A0%97%E7%B8%A3%E7%AB%8B%E5%A4%A7%E5%90%8C%E9%AB%98%E4%B8%AD%20%E8%8B%97%E6%A0%97%E7%B8%A3%E7%AB%B9%E5%8D%97%E9%8E%AE%E5%A4%A7%E5%9F%94%E9%87%8C%E5%85%AD%E9%84%B0%E5%85%AC%E7%BE%A9%E8%B7%AF890%E8%99%9F,https://dtsh.mlc.edu.tw/,https://dtsh.mlc.edu.tw/,https://dtsh.mlc.edu.tw/
竹苗區,,180301,國立竹科實驗高級中等學校,公立,竹苗區學校名錄,高中,男女校,新竹市,東區,新竹市東區介壽路300號,https://www.nehs.hc.edu.tw/,(03)5777011,普通科(日)；數理資優班(日)；科學班(日)；雙語部(日),,,教育部統計處《高級中等學校概況統計》114學年度校別資料；115學年度實際招生名額待該區免試入學委員會公告端點恢復後再寫入。,請以各校當年度公告為準,,普通型高中課程，強調數理、科學與探究；官網115學年度並有高二「校訂必修專題」選課。,官網115學年度明確公告高二校訂必修專題選課。,學校官網未標示具體大眾運輸路線。,學校官網未標示固定學生專車或具體通勤路線。,學校官網未標示校內學生宿舍資訊。,https://www.google.com/maps/search/?api=1&query=%E5%9C%8B%E7%AB%8B%E7%AB%B9%E7%A7%91%E5%AF%A6%E9%A9%97%E9%AB%98%E7%B4%9A%E4%B8%AD%E7%AD%89%E5%AD%B8%E6%A0%A1%20%E6%96%B0%E7%AB%B9%E5%B8%82%E6%9D%B1%E5%8D%80%E4%BB%8B%E5%A3%BD%E8%B7%AF300%E8%99%9F,https://www.nehs.hc.edu.tw/,https://www.nehs.hc.edu.tw/,https://www.google.com/maps/search/?api=1&query=%E5%9C%8B%E7%AB%8B%E7%AB%B9%E7%A7%91%E5%AF%A6%E9%A9%97%E9%AB%98%E7%B4%9A%E4%B8%AD%E7%AD%89%E5%AD%B8%E6%A0%A1%20%E6%96%B0%E7%AB%B9%E5%B8%82%E6%9D%B1%E5%8D%80%E4%BB%8B%E5%A3%BD%E8%B7%AF300%E8%99%9F,https://www.nehs.hc.edu.tw/,https://www.nehs.hc.edu.tw/,https://www.nehs.hc.edu.tw/
竹苗區,,180302,國立新竹女中,公立,竹苗區學校名錄,高中,女校,新竹市,東區,新竹市東區中華路二段270號,https://www.hgsh.hc.edu.tw/,(03)5456611,普通科(日)；美術班(日)；數理資優班(日)；語文資優班(日),,,教育部統計處《高級中等學校概況統計》114學年度校別資料；115學年度實際招生名額待該區免試入學委員會公告端點恢復後再寫入。,請以各校當年度公告為準,,以普通科、美術班、數理資優班、語文資優班課程為主；各年級必修、選修與校訂課程依學校課程計畫。,網站未標示固定全校實習／專題內容；各科或校訂課程之實作、專題依學校課程計畫與教學單位公告。,學校官網未標示具體大眾運輸路線。,學校官網未標示固定學生專車或具體通勤路線。,學校官網未標示校內學生宿舍資訊。,https://www.google.com/maps/search/?api=1&query=%E5%9C%8B%E7%AB%8B%E6%96%B0%E7%AB%B9%E5%A5%B3%E4%B8%AD%20%E6%96%B0%E7%AB%B9%E5%B8%82%E6%9D%B1%E5%8D%80%E4%B8%AD%E8%8F%AF%E8%B7%AF%E4%BA%8C%E6%AE%B5270%E8%99%9F,https://www.hgsh.hc.edu.tw/,https://www.hgsh.hc.edu.tw/,https://www.google.com/maps/search/?api=1&query=%E5%9C%8B%E7%AB%8B%E6%96%B0%E7%AB%B9%E5%A5%B3%E4%B8%AD%20%E6%96%B0%E7%AB%B9%E5%B8%82%E6%9D%B1%E5%8D%80%E4%B8%AD%E8%8F%AF%E8%B7%AF%E4%BA%8C%E6%AE%B5270%E8%99%9F,https://www.hgsh.hc.edu.tw/,https://www.hgsh.hc.edu.tw/,https://www.hgsh.hc.edu.tw/
竹苗區,,180309,國立新竹高中,公立,竹苗區學校名錄,高中,男女校,新竹市,東區,新竹市東區學府路36號,https://www.hchs.hc.edu.tw/home,(03)5736666,普通科(日)；音樂班(日)；數理資優班(日),,,教育部統計處《高級中等學校概況統計》114學年度校別資料；115學年度實際招生名額待該區免試入學委員會公告端點恢復後再寫入。,請以各校當年度公告為準,,以普通科、音樂班、數理資優班課程為主；各年級必修、選修與校訂課程依學校課程計畫。,網站未標示固定全校實習／專題內容；各科或校訂課程之實作、專題依學校課程計畫與教學單位公告。,學校官網未標示具體大眾運輸路線。,學校官網未標示固定學生專車或具體通勤路線。,學校官網未標示校內學生宿舍資訊。,https://www.google.com/maps/search/?api=1&query=%E5%9C%8B%E7%AB%8B%E6%96%B0%E7%AB%B9%E9%AB%98%E4%B8%AD%20%E6%96%B0%E7%AB%B9%E5%B8%82%E6%9D%B1%E5%8D%80%E5%AD%B8%E5%BA%9C%E8%B7%AF36%E8%99%9F,https://www.hchs.hc.edu.tw/home,https://www.hchs.hc.edu.tw/home,https://www.google.com/maps/search/?api=1&query=%E5%9C%8B%E7%AB%8B%E6%96%B0%E7%AB%B9%E9%AB%98%E4%B8%AD%20%E6%96%B0%E7%AB%B9%E5%B8%82%E6%9D%B1%E5%8D%80%E5%AD%B8%E5%BA%9C%E8%B7%AF36%E8%99%9F,https://www.hchs.hc.edu.tw/home,https://www.hchs.hc.edu.tw/home,https://www.hchs.hc.edu.tw/home
竹苗區,,180403,國立新竹高商,公立,竹苗區學校名錄,高職,男女校,新竹市,東區,新竹市東區學府路128號,https://www.hccvs.hc.edu.tw/home,(03)5722150,商業經營科(日)；國際貿易科(日)；資料處理科(日)；流通管理科(夜)；應用英語科(日)；商用資訊科(日)；銷售事務科(日),,,教育部統計處《高級中等學校概況統計》114學年度校別資料；115學年度實際招生名額待該區免試入學委員會公告端點恢復後再寫入。,請以各校當年度公告為準,,以商業經營科、國際貿易科、資料處理科、流通管理科、應用英語科、商用資訊科、銷售事務科課程為主；各年級必修、選修與校訂課程依學校課程計畫。,網站未標示固定全校實習／專題內容；各科或校訂課程之實作、專題依學校課程計畫與教學單位公告。,學校官網未標示具體大眾運輸路線。,學校官網未標示固定學生專車或具體通勤路線。,學校官網未標示校內學生宿舍資訊。,https://www.google.com/maps/search/?api=1&query=%E5%9C%8B%E7%AB%8B%E6%96%B0%E7%AB%B9%E9%AB%98%E5%95%86%20%E6%96%B0%E7%AB%B9%E5%B8%82%E6%9D%B1%E5%8D%80%E5%AD%B8%E5%BA%9C%E8%B7%AF128%E8%99%9F,https://www.hccvs.hc.edu.tw/home,https://www.hccvs.hc.edu.tw/home,https://www.google.com/maps/search/?api=1&query=%E5%9C%8B%E7%AB%8B%E6%96%B0%E7%AB%B9%E9%AB%98%E5%95%86%20%E6%96%B0%E7%AB%B9%E5%B8%82%E6%9D%B1%E5%8D%80%E5%AD%B8%E5%BA%9C%E8%B7%AF128%E8%99%9F,https://www.hccvs.hc.edu.tw/home,https://www.hccvs.hc.edu.tw/home,https://www.hccvs.hc.edu.tw/home
竹苗區,,180404,國立新竹高工,公立,竹苗區學校名錄,高職,男女校,新竹市,東區,新竹市東區中華路二段2號,https://www.hcvs.hc.edu.tw/,(03)5322175,機械科(日)；機械科(夜)；板金科(日)；資訊科(日)；電機科(日)；電機科(夜)；化工科(日)；製圖科(日)；製圖科(夜)；室內空間設計科(日)；餐飲服務科(日)；機械加工科(日),,,教育部統計處《高級中等學校概況統計》114學年度校別資料；115學年度實際招生名額待該區免試入學委員會公告端點恢復後再寫入。,請以各校當年度公告為準,,以機械科、板金科、資訊科、電機科、化工科、製圖科、室內空間設計科、餐飲服務科等課程為主；各年級必修、選修與校訂課程依學校課程計畫。,網站未標示固定全校實習／專題內容；各科或校訂課程之實作、專題依學校課程計畫與教學單位公告。,學校官網未標示具體大眾運輸路線。,學校官網未標示固定學生專車或具體通勤路線。,學校官網未標示校內學生宿舍資訊。,https://www.google.com/maps/search/?api=1&query=%E5%9C%8B%E7%AB%8B%E6%96%B0%E7%AB%B9%E9%AB%98%E5%B7%A5%20%E6%96%B0%E7%AB%B9%E5%B8%82%E6%9D%B1%E5%8D%80%E4%B8%AD%E8%8F%AF%E8%B7%AF%E4%BA%8C%E6%AE%B52%E8%99%9F,https://www.hcvs.hc.edu.tw/,https://www.hcvs.hc.edu.tw/,https://www.google.com/maps/search/?api=1&query=%E5%9C%8B%E7%AB%8B%E6%96%B0%E7%AB%B9%E9%AB%98%E5%B7%A5%20%E6%96%B0%E7%AB%B9%E5%B8%82%E6%9D%B1%E5%8D%80%E4%B8%AD%E8%8F%AF%E8%B7%AF%E4%BA%8C%E6%AE%B52%E8%99%9F,https://www.hcvs.hc.edu.tw/,https://www.hcvs.hc.edu.tw/,https://www.hcvs.hc.edu.tw/
竹苗區,,181305,私立光復高中,私立,竹苗區學校名錄,綜高,男女校,新竹市,東區,新竹市東區光復路二段153號,https://www.kfsh.hc.edu.tw/,(03)5753698,普通科(日)；汽車科(日)；汽車科(夜)；資訊科(日)；電子科(日)；電機科(日)；資料處理科(日)；資料處理科(夜)；廣告設計科(日)；觀光事業科(日)；觀光事業科(夜)；餐飲管理科(日)；餐飲管理科(夜)；多媒體設計科(日)；應用英語科(日)；應用日語科(日)；幼兒保育科(日)；美容科(夜)；室內設計科(日)；照顧服務科(日)；時尚造型科(日)；餐飲服務科(日),,,教育部統計處《高級中等學校概況統計》114學年度校別資料；115學年度實際招生名額待該區免試入學委員會公告端點恢復後再寫入。,請以各校當年度公告為準,,同時設普通型與技術型課程；官網有115學年度普通科、技高、進修部等課程計畫。,技術型課程依各科課程計畫安排專業實習／實作；網站未標示單一全校統一專題題目。,市區公車1、2、2甲、30於「光復中學站」下車；火車至新竹站後可轉市區公車；客運於清大站下車後往市區方向步行約300公尺。,可由新竹火車站轉乘市區公車至光復中學站；校方亦標示清大站步行約300公尺的方式。,學校官網未標示校內學生宿舍資訊。,https://www.google.com/maps/search/?api=1&query=%E7%A7%81%E7%AB%8B%E5%85%89%E5%BE%A9%E9%AB%98%E4%B8%AD%20%E6%96%B0%E7%AB%B9%E5%B8%82%E6%9D%B1%E5%8D%80%E5%85%89%E5%BE%A9%E8%B7%AF%E4%BA%8C%E6%AE%B5153%E8%99%9F,https://www.kfsh.hc.edu.tw/article/31,https://www.kfsh.hc.edu.tw/,https://www.google.com/maps/search/?api=1&query=%E7%A7%81%E7%AB%8B%E5%85%89%E5%BE%A9%E9%AB%98%E4%B8%AD%20%E6%96%B0%E7%AB%B9%E5%B8%82%E6%9D%B1%E5%8D%80%E5%85%89%E5%BE%A9%E8%B7%AF%E4%BA%8C%E6%AE%B5153%E8%99%9F,https://www.kfsh.hc.edu.tw/,https://www.kfsh.hc.edu.tw/,https://www.kfsh.hc.edu.tw/
竹苗區,,181306,私立曙光女中,私立,竹苗區學校名錄,綜高,女校,新竹市,東區,新竹市東區北大路61號,https://www.sggs.hc.edu.tw/,(03)5325709,普通科(日)；商業經營科(日)；應用英語科(日)；應用日語科(日),,,教育部統計處《高級中等學校概況統計》114學年度校別資料；115學年度實際招生名額待該區免試入學委員會公告端點恢復後再寫入。,請以各校當年度公告為準,,以普通科、商業經營科、應用英語科、應用日語科課程為主；各年級必修、選修與校訂課程依學校課程計畫。,網站未標示固定全校實習／專題內容；各科或校訂課程之實作、專題依學校課程計畫與教學單位公告。,官網持續公告115學年度學生專車登記與各週交通車車趟表。,可依校方115學年度專車公告登記並按公布車趟通勤。,學校官網未標示校內學生宿舍資訊。,https://www.google.com/maps/search/?api=1&query=%E7%A7%81%E7%AB%8B%E6%9B%99%E5%85%89%E5%A5%B3%E4%B8%AD%20%E6%96%B0%E7%AB%B9%E5%B8%82%E6%9D%B1%E5%8D%80%E5%8C%97%E5%A4%A7%E8%B7%AF61%E8%99%9F,https://www.sggs.hc.edu.tw/office/div_300/bus/%E6%9B%99%E5%85%89%E5%A5%B3%E4%B8%AD%E6%A0%A1%E8%BB%8A%E5%85%AC%E5%91%8A/,https://www.sggs.hc.edu.tw/,https://www.google.com/maps/search/?api=1&query=%E7%A7%81%E7%AB%8B%E6%9B%99%E5%85%89%E5%A5%B3%E4%B8%AD%20%E6%96%B0%E7%AB%B9%E5%B8%82%E6%9D%B1%E5%8D%80%E5%8C%97%E5%A4%A7%E8%B7%AF61%E8%99%9F,https://www.sggs.hc.edu.tw/,https://www.sggs.hc.edu.tw/,https://www.sggs.hc.edu.tw/
竹苗區,,181307,私立磐石高中,私立,竹苗區學校名錄,綜高,男女校,新竹市,北區,新竹市北區西大路683號,https://www.sphs.hc.edu.tw/,(03)5223946,普通科(日)；機械科(日)；電機科(日)；資料處理科(日)；資料處理科(夜),,,教育部統計處《高級中等學校概況統計》114學年度校別資料；115學年度實際招生名額待該區免試入學委員會公告端點恢復後再寫入。,請以各校當年度公告為準,,以普通科、機械科、電機科、資料處理科課程為主；各年級必修、選修與校訂課程依學校課程計畫。,網站未標示固定全校實習／專題內容；各科或校訂課程之實作、專題依學校課程計畫與教學單位公告。,學校官網未標示具體大眾運輸路線。,學校官網未標示固定學生專車或具體通勤路線。,學校官網未標示校內學生宿舍資訊。,https://www.google.com/maps/search/?api=1&query=%E7%A7%81%E7%AB%8B%E7%A3%90%E7%9F%B3%E9%AB%98%E4%B8%AD%20%E6%96%B0%E7%AB%B9%E5%B8%82%E5%8C%97%E5%8D%80%E8%A5%BF%E5%A4%A7%E8%B7%AF683%E8%99%9F,https://www.sphs.hc.edu.tw/,https://www.sphs.hc.edu.tw/,https://www.google.com/maps/search/?api=1&query=%E7%A7%81%E7%AB%8B%E7%A3%90%E7%9F%B3%E9%AB%98%E4%B8%AD%20%E6%96%B0%E7%AB%B9%E5%B8%82%E5%8C%97%E5%8D%80%E8%A5%BF%E5%A4%A7%E8%B7%AF683%E8%99%9F,https://www.sphs.hc.edu.tw/,https://www.sphs.hc.edu.tw/,https://www.sphs.hc.edu.tw/
竹苗區,,181308,私立世界高中,私立,竹苗區學校名錄,高職,男女校,新竹市,東區,新竹市東區光復路一段257號,https://www.wvs.hc.edu.tw/,(03)5783271,汽車科(日)；美工科(日)；餐飲管理科(日)；時尚造型科(日)；餐飲服務科(日)；餐飲技術科(日),,,教育部統計處《高級中等學校概況統計》114學年度校別資料；115學年度實際招生名額待該區免試入學委員會公告端點恢復後再寫入。,請以各校當年度公告為準,,以控制／汽車、餐飲、美工、時尚造型等技職專業為主，官網各科特色與畢業成果展資訊明確。,官網展示聯合畢業成果展，包含專業科實作與成果呈現。,官網設有校車路線查詢，公布各線站點與時間。,可依校方校車路線查詢頁選擇站點；實際路線可依當年度搭乘人數調整。,學校官網未標示校內學生宿舍資訊。,https://www.google.com/maps/search/?api=1&query=%E7%A7%81%E7%AB%8B%E4%B8%96%E7%95%8C%E9%AB%98%E4%B8%AD%20%E6%96%B0%E7%AB%B9%E5%B8%82%E6%9D%B1%E5%8D%80%E5%85%89%E5%BE%A9%E8%B7%AF%E4%B8%80%E6%AE%B5257%E8%99%9F,https://www.wvs.hc.edu.tw/home?cid=154,https://www.wvs.hc.edu.tw/,https://www.google.com/maps/search/?api=1&query=%E7%A7%81%E7%AB%8B%E4%B8%96%E7%95%8C%E9%AB%98%E4%B8%AD%20%E6%96%B0%E7%AB%B9%E5%B8%82%E6%9D%B1%E5%8D%80%E5%85%89%E5%BE%A9%E8%B7%AF%E4%B8%80%E6%AE%B5257%E8%99%9F,https://www.wvs.hc.edu.tw/,https://www.wvs.hc.edu.tw/,https://www.wvs.hc.edu.tw/
竹苗區,,183306,新竹市立成德高中,公立,竹苗區學校名錄,高中,男女校,新竹市,北區,新竹市北區崧嶺路128巷38號,https://www.cdjh.hc.edu.tw/,(03)5258748,普通科(日)；體育班(日),,,教育部統計處《高級中等學校概況統計》114學年度校別資料；115學年度實際招生名額待該區免試入學委員會公告端點恢復後再寫入。,請以各校當年度公告為準,,以普通科、體育班課程為主；各年級必修、選修與校訂課程依學校課程計畫。,網站未標示固定全校實習／專題內容；各科或校訂課程之實作、專題依學校課程計畫與教學單位公告。,官網115學年度新生專區公布交通車停靠站點表及報名。,可依115學年度交通車停靠站點表搭乘學生交通車。,學校官網未標示校內學生宿舍資訊。,https://www.google.com/maps/search/?api=1&query=%E6%96%B0%E7%AB%B9%E5%B8%82%E7%AB%8B%E6%88%90%E5%BE%B7%E9%AB%98%E4%B8%AD%20%E6%96%B0%E7%AB%B9%E5%B8%82%E5%8C%97%E5%8D%80%E5%B4%A7%E5%B6%BA%E8%B7%AF128%E5%B7%B738%E8%99%9F,https://www.cdjh.hc.edu.tw/,https://www.cdjh.hc.edu.tw/,https://www.google.com/maps/search/?api=1&query=%E6%96%B0%E7%AB%B9%E5%B8%82%E7%AB%8B%E6%88%90%E5%BE%B7%E9%AB%98%E4%B8%AD%20%E6%96%B0%E7%AB%B9%E5%B8%82%E5%8C%97%E5%8D%80%E5%B4%A7%E5%B6%BA%E8%B7%AF128%E5%B7%B738%E8%99%9F,https://www.cdjh.hc.edu.tw/,https://www.cdjh.hc.edu.tw/,https://www.cdjh.hc.edu.tw/
竹苗區,,183307,新竹市立香山高中,公立,竹苗區學校名錄,綜高,男女校,新竹市,香山區,新竹市香山區元培街124號,https://www.hhjh.hc.edu.tw/,(03)5384332,普通科(日)；普通科(夜)；體育班(日)；美術工藝科(日)；資料處理科(日),,,教育部統計處《高級中等學校概況統計》114學年度校別資料；115學年度實際招生名額待該區免試入學委員會公告端點恢復後再寫入。,請以各校當年度公告為準,,以普通科、體育班、美術工藝科、資料處理科課程為主；各年級必修、選修與校訂課程依學校課程計畫。,網站未標示固定全校實習／專題內容；各科或校訂課程之實作、專題依學校課程計畫與教學單位公告。,學校官網未標示具體大眾運輸路線。,學校官網未標示固定學生專車或具體通勤路線。,學校官網未標示校內學生宿舍資訊。,https://www.google.com/maps/search/?api=1&query=%E6%96%B0%E7%AB%B9%E5%B8%82%E7%AB%8B%E9%A6%99%E5%B1%B1%E9%AB%98%E4%B8%AD%20%E6%96%B0%E7%AB%B9%E5%B8%82%E9%A6%99%E5%B1%B1%E5%8D%80%E5%85%83%E5%9F%B9%E8%A1%97124%E8%99%9F,https://www.hhjh.hc.edu.tw/,https://www.hhjh.hc.edu.tw/,https://www.google.com/maps/search/?api=1&query=%E6%96%B0%E7%AB%B9%E5%B8%82%E7%AB%8B%E9%A6%99%E5%B1%B1%E9%AB%98%E4%B8%AD%20%E6%96%B0%E7%AB%B9%E5%B8%82%E9%A6%99%E5%B1%B1%E5%8D%80%E5%85%83%E5%9F%B9%E8%A1%97124%E8%99%9F,https://www.hhjh.hc.edu.tw/,https://www.hhjh.hc.edu.tw/,https://www.hhjh.hc.edu.tw/
竹苗區,,183313,新竹市立建功高中,公立,竹苗區學校名錄,高中,男女校,新竹市,東區,新竹市東區建功二路17號,https://www.cksh.hc.edu.tw/,(03)5745892,普通科(日),,,教育部統計處《高級中等學校概況統計》114學年度校別資料；115學年度實際招生名額待該區免試入學委員會公告端點恢復後再寫入。,請以各校當年度公告為準,,以普通科課程為主；各年級必修、選修與校訂課程依學校課程計畫。,網站未標示固定全校實習／專題內容；各科或校訂課程之實作、專題依學校課程計畫與教學單位公告。,學校官網未標示具體大眾運輸路線。,學校官網未標示固定學生專車或具體通勤路線。,學校官網未標示校內學生宿舍資訊。,https://www.google.com/maps/search/?api=1&query=%E6%96%B0%E7%AB%B9%E5%B8%82%E7%AB%8B%E5%BB%BA%E5%8A%9F%E9%AB%98%E4%B8%AD%20%E6%96%B0%E7%AB%B9%E5%B8%82%E6%9D%B1%E5%8D%80%E5%BB%BA%E5%8A%9F%E4%BA%8C%E8%B7%AF17%E8%99%9F,https://www.cksh.hc.edu.tw/,https://www.cksh.hc.edu.tw/,https://www.google.com/maps/search/?api=1&query=%E6%96%B0%E7%AB%B9%E5%B8%82%E7%AB%8B%E5%BB%BA%E5%8A%9F%E9%AB%98%E4%B8%AD%20%E6%96%B0%E7%AB%B9%E5%B8%82%E6%9D%B1%E5%8D%80%E5%BB%BA%E5%8A%9F%E4%BA%8C%E8%B7%AF17%E8%99%9F,https://www.cksh.hc.edu.tw/,https://www.cksh.hc.edu.tw/,https://www.cksh.hc.edu.tw/
竹苗區,,183314,新竹市數位實驗高中,公立,竹苗區學校名錄,高中,男女校,新竹市,香山區,新竹市香山區延平路二段76號,https://www.desh.hc.edu.tw/,(03)6211165,普通科(日),,,教育部統計處《高級中等學校概況統計》114學年度校別資料；115學年度實際招生名額待該區免試入學委員會公告端點恢復後再寫入。,請以各校當年度公告為準,,實驗教育取向，官網可見個別需求課程、跨域選課與雙聯學制等彈性學習安排。,網站未標示固定全校實習／專題內容；各科或校訂課程之實作、專題依學校課程計畫與教學單位公告。,官網「關於本校」設有「位置與交通資訊／交通資訊」入口。,依校方交通資訊頁前往；首頁未直接列固定公車班次。,學校官網未標示校內學生宿舍資訊。,https://www.google.com/maps/search/?api=1&query=%E6%96%B0%E7%AB%B9%E5%B8%82%E6%95%B8%E4%BD%8D%E5%AF%A6%E9%A9%97%E9%AB%98%E4%B8%AD%20%E6%96%B0%E7%AB%B9%E5%B8%82%E9%A6%99%E5%B1%B1%E5%8D%80%E5%BB%B6%E5%B9%B3%E8%B7%AF%E4%BA%8C%E6%AE%B576%E8%99%9F,https://www.desh.hc.edu.tw/,https://www.desh.hc.edu.tw/,https://www.google.com/maps/search/?api=1&query=%E6%96%B0%E7%AB%B9%E5%B8%82%E6%95%B8%E4%BD%8D%E5%AF%A6%E9%A9%97%E9%AB%98%E4%B8%AD%20%E6%96%B0%E7%AB%B9%E5%B8%82%E9%A6%99%E5%B1%B1%E5%8D%80%E5%BB%B6%E5%B9%B3%E8%B7%AF%E4%BA%8C%E6%AE%B576%E8%99%9F,https://www.desh.hc.edu.tw/,https://www.desh.hc.edu.tw/,https://www.desh.hc.edu.tw/
中投區,,050314,國立卓蘭高級中等學校,公立,中投區免試入學日間部,高中,男女校,苗栗縣,卓蘭鎮,369002 苗栗縣卓蘭鎮老庄里161號,https://www.jlsh.mlc.edu.tw,04-25892007#204,普通科:93(不限);商業經營科:25(不限);國際貿易科:25(不限);資料處理科:25(不限);電子商務科:25(不限);應用英語科:25(不限);幼兒保育科:51(不限),269,269,115學年度中投區高級中等學校免試入學委員會「招生名額查詢」;一般生實際招生名額;擷取時間:2026/8/10 16:44:26,"普通科特色班曾規劃科學創思班、卓越人文班、文創閱讀班;各職業類科另依科本位課程發展,實際開班依當年度公告。",,普通科與商管、國貿、資料處理、電子商務、應用英語、幼兒保育等專業群科並行;各科依學習地圖與課程計畫安排部定、校訂、多元選修及專業課程。,官網設實習處;專業群科依科別辦理實習與實作。網站未標示全校統一專題題目。,"官網115年度已公布學生專車路線時間表;公共運輸可由豐原車站搭208/208繞,或於東勢轉乘258/258繞至卓蘭站(卓蘭高中站)。",學生專車依115年度校方路線時間表;官網交通頁列208/208繞及258/258繞至卓蘭站(卓蘭高中站)。,"校方設有學生宿舍,官網並提供宿舍介紹;住宿申請依當學年度公告。",Google Maps（校園周邊餐飲、便利商店、醫療、車站／站牌）：https://www.google.com/maps/search/?api=1&query=369002%20%E8%8B%97%E6%A0%97%E7%B8%A3%E5%8D%93%E8%98%AD%E9%8E%AE%E8%80%81%E5%BA%84%E9%87%8C161%E8%99%9F；學校官網：https://www.jlsh.mlc.edu.tw,https://www.jlsh.mlc.edu.tw/p/412-1012-1947.php?Lang=zh-tw,https://www.jlsh.mlc.edu.tw/p/412-1012-1878.php,https://www.google.com/maps/search/?api=1&query=369002%20%E8%8B%97%E6%A0%97%E7%B8%A3%E5%8D%93%E8%98%AD%E9%8E%AE%E8%80%81%E5%BA%84%E9%87%8C161%E8%99%9F,https://www.jlsh.mlc.edu.tw/,https://www.jlsh.mlc.edu.tw/p/412-1012-1878.php,https://www.jlsh.mlc.edu.tw/p/412-1012-1440.php
中投區,,050315,國立苑裡高級中學,公立,中投區免試入學日間部,高中,男女校,苗栗縣,苑裡鎮,苗栗縣苑裡鎮育才街100號,https://www.ylsh.mlc.edu.tw,037-868680#202,普通科:190(不限),190,190,115學年度中投區高級中等學校免試入學委員會「招生名額查詢」;一般生實際招生名額;擷取時間:2026/8/10 16:44:26,"美術班;課程計畫另列普通班與實驗班課程地圖,實際甄選與編班依當年度公告。",,"普通高中課程,依校方課程計畫辦理部定必修、加深加廣、多元選修與彈性/自主學習;另有美術班及數理科技、語文社會實驗班等年度招生方案。","不設固定職業實習;專題以探究實作、自主學習、實驗班與美術成果依課程計畫辦理,網站未標示全校統一專題題目。","官網列明:臺鐵苑裡站下車後沿中山路步行900公尺至校;97、616、662、839於「國立苑裡高中站」下車,5808、5814於「苑裡國小站」下車。","鐵路使用苑裡站;公車直達站為「國立苑裡高中站」,校方交通頁另列苑裡國小站轉入校路線。","校方115學年度新生專區已公布住宿生寢室分配與住宿規定,可申請校內住宿。",Google Maps（校園周邊餐飲、便利商店、醫療、車站／站牌）：https://www.google.com/maps/search/?api=1&query=%E8%8B%97%E6%A0%97%E7%B8%A3%E8%8B%91%E8%A3%A1%E9%8E%AE%E8%82%B2%E6%89%8D%E8%A1%97100%E8%99%9F；學校官網：https://www.ylsh.mlc.edu.tw,https://www.ylsh.mlc.edu.tw/about/%E4%BA%A4%E9%80%9A%E8%B7%AF%E7%B7%9A/,https://www.ylsh.mlc.edu.tw/freshman/,https://www.google.com/maps/search/?api=1&query=%E8%8B%97%E6%A0%97%E7%B8%A3%E8%8B%91%E8%A3%A1%E9%8E%AE%E8%82%B2%E6%89%8D%E8%A1%97100%E8%99%9F,https://www.ylsh.mlc.edu.tw/,https://www.ylsh.mlc.edu.tw/office/div_200/108course/%E8%AA%B2%E7%A8%8B%E8%A8%88%E7%95%AB%E6%9B%B8/,https://www.ylsh.mlc.edu.tw/freshman/
中投區,,050401,國立大湖高級農工職業學校,公立,中投區免試入學日間部,高職,男女校,苗栗縣,大湖鄉,苗栗縣大湖鄉大寮村竹高屋68號,https://www.thvs.mlc.edu.tw,037-992216#403,園藝科(產特):4(不限);食品加工科:4(不限);機械科:4(不限);電機科:4(不限);室內空間設計科:4(不限),20,20,115學年度中投區高級中等學校免試入學委員會「招生名額查詢」;一般生實際招生名額;擷取時間:2026/8/10 16:44:26,"園藝科為產業特殊需求類科;另設實用技能學程與綜合職能科,實際招生科班依年度簡章。",,"園藝、食品加工、機械、電機、室內空間設計等農業、食品、工業與設計技術課程,依各科課程計畫安排專業實習與實作。",各專業科依課程計畫辦理專業實習與實作;網站未標示全校統一專題題目。,"官網115學年度第1學期已公布學生交通車路線及時刻表,包含公館、三義銅鑼、竹南造橋、後龍苗栗等路線。",學生交通車站點與時間依115學年度第1學期校方公告。,校方設有學生宿舍並公布住宿名單與入住資訊;申請資格依當學年度公告。,Google Maps（校園周邊餐飲、便利商店、醫療、車站／站牌）：https://www.google.com/maps/search/?api=1&query=%E8%8B%97%E6%A0%97%E7%B8%A3%E5%A4%A7%E6%B9%96%E9%84%89%E5%A4%A7%E5%AF%AE%E6%9D%91%E7%AB%B9%E9%AB%98%E5%B1%8B68%E8%99%9F；學校官網：https://www.thvs.mlc.edu.tw,https://www.thvs.mlc.edu.tw/2026/08/24/%E3%80%90%E5%85%AC%E5%91%8A%E3%80%91115%E5%AD%B8%E5%B9%B4%E5%BA%A6%E7%AC%AC1%E5%AD%B8%E6%9C%9F%E4%BA%A4%E9%80%9A%E8%BB%8A%E8%B7%AF%E7%B7%9A%E5%8F%8A%E6%99%82%E5%88%BB%E8%A1%A8/,https://www.thvs.mlc.edu.tw/2026/02/03/%E3%80%90%E5%85%AC%E5%91%8A%E3%80%91114%E5%AD%B8%E5%B9%B4%E5%BA%A6%E7%AC%AC2%E5%AD%B8%E6%9C%9F%E4%BD%8F%E5%AE%BF%E5%90%8D%E5%96%AE/,https://www.google.com/maps/search/?api=1&query=%E8%8B%97%E6%A0%97%E7%B8%A3%E5%A4%A7%E6%B9%96%E9%84%89%E5%A4%A7%E5%AF%AE%E6%9D%91%E7%AB%B9%E9%AB%98%E5%B1%8B68%E8%99%9F,https://www.thvs.mlc.edu.tw/,https://www.thvs.mlc.edu.tw/,https://www.thvs.mlc.edu.tw/
中投區,,050B14,國立卓蘭高級中等學校進修部,公立,中投區免試入學進修部,進修部,男女校,苗栗縣,卓蘭鎮,369002 苗栗縣卓蘭鎮老庄里161號,https://www.jlsh.mlc.edu.tw,04-25895645,資料處理科(夜間班):20(不限),20,20,115學年度中投區高級中等學校免試入學委員會「招生名額查詢」;一般生實際招生名額;擷取時間:2026/8/10 16:44:26,"普通科特色班曾規劃科學創思班、卓越人文班、文創閱讀班;各職業類科另依科本位課程發展,實際開班依當年度公告。",,普通科與商管、國貿、資料處理、電子商務、應用英語、幼兒保育等專業群科並行;各科依學習地圖與課程計畫安排部定、校訂、多元選修及專業課程。,官網設實習處;專業群科依科別辦理實習與實作。網站未標示全校統一專題題目。,"校本部交通資訊:官網115年度已公布學生專車路線時間表;公共運輸可由豐原車站搭208/208繞,或於東勢轉乘258/258繞至卓蘭站(卓蘭高中站)。 進修部官網未標示夜間固定學生專車或夜間專用交通班次。",進修部官網未標示夜間固定學生專車、放學後公共運輸班次或固定通勤時間;不可將日間部學生專車視為進修部可搭乘。,進修部官網未標示進修部學生住宿申請資格。,Google Maps（校園周邊餐飲、便利商店、醫療、車站／站牌）：https://www.google.com/maps/search/?api=1&query=369002%20%E8%8B%97%E6%A0%97%E7%B8%A3%E5%8D%93%E8%98%AD%E9%8E%AE%E8%80%81%E5%BA%84%E9%87%8C161%E8%99%9F；學校官網：https://www.jlsh.mlc.edu.tw,https://www.jlsh.mlc.edu.tw/p/412-1012-1947.php?Lang=zh-tw,https://www.jlsh.mlc.edu.tw,https://www.google.com/maps/search/?api=1&query=369002%20%E8%8B%97%E6%A0%97%E7%B8%A3%E5%8D%93%E8%98%AD%E9%8E%AE%E8%80%81%E5%BA%84%E9%87%8C161%E8%99%9F,https://www.jlsh.mlc.edu.tw/,https://www.jlsh.mlc.edu.tw/p/412-1012-1878.php,https://www.jlsh.mlc.edu.tw/p/412-1012-1440.php
中投區,,051307,全人學校財團法人苗栗縣全人實驗高級中等學校,私立,中投區免試入學日間部,高中,男女校,苗栗縣,卓蘭鎮,苗栗縣卓蘭鎮內灣里內灣141-3號,https://holistic.org.tw,04-25896909、25896910,普通科:5(不限),5,5,115學年度中投區高級中等學校免試入學委員會「招生名額查詢」;一般生實際招生名額;擷取時間:2026/8/10 16:44:26,"實驗教育學校,不以傳統資優班分流;以民主教育、專題式學習、追夢計畫與畢業專題為主要特色。",,"以學習者自主、民主共治與PBL專題導向學習為核心,安排個人專題、團隊專題與畢業專題。",以PBL、個人專題、團隊專題與畢業專題呈現學習成果。,官網提供「如何來全人」到校道路指引;網站未標示固定大眾運輸班次或固定學生專車。,網站未標示固定通勤班次、站點或步行時間。,"住宿型實驗學校,學生以住校為主要生活與學習型態;實際住宿規範依校方公告。",Google Maps（校園周邊餐飲、便利商店、醫療、車站／站牌）：https://www.google.com/maps/search/?api=1&query=%E8%8B%97%E6%A0%97%E7%B8%A3%E5%8D%93%E8%98%AD%E9%8E%AE%E5%85%A7%E7%81%A3%E9%87%8C%E5%85%A7%E7%81%A3141-3%E8%99%9F；學校官網：https://holistic.org.tw,https://holistic.org.tw/news/administrative/107-where-is-holistic-in-how-to-go.html,https://holistic.org.tw/,https://www.google.com/maps/search/?api=1&query=%E8%8B%97%E6%A0%97%E7%B8%A3%E5%8D%93%E8%98%AD%E9%8E%AE%E5%85%A7%E7%81%A3%E9%87%8C%E5%85%A7%E7%81%A3141-3%E8%99%9F,https://holistic.org.tw,https://holistic.org.tw/holistic-track/corpus/54-educational-point-of-view/242-the-purpose-of-education-and-the-importance-of-project-based-learning-pbl.html,https://holistic.org.tw/holistic-track/corpus/54-educational-point-of-view/242-the-purpose-of-education-and-the-importance-of-project-based-learning-pbl.html
中投區,,051413,苗栗縣私立龍德家事商業職業學校,私立,中投區免試入學日間部,高職,男女校,苗栗縣,苑裡鎮,苗栗縣苑裡鎮房裡里南房75之1號,http://www.ldvs.mlc.edu.tw,037-851277#121、122,家具木工科(產特):15(不限),15,15,115學年度中投區高級中等學校免試入學委員會「招生名額查詢」;一般生實際招生名額;擷取時間:2026/8/10 16:44:26,家具木工科為產業特殊需求類科;校方官網未標示另設資優班。,,"依官網招生科別與課程計畫,課程方向包含家具木工科;專業科目與校訂課程依各科課程計畫辦理。",網站未標示全校統一專題題目;各專業科實習/專題以校方課程計畫與實習處公告為準。,學校官網未標示具體大眾運輸到校路線或固定學生專車班次。,網站未標示固定通勤班次、站點或步行時間。,學校官網未標示115學年度校內學生宿舍申請資訊。,Google Maps（校園周邊餐飲、便利商店、醫療、車站／站牌）：https://www.google.com/maps/search/?api=1&query=%E8%8B%97%E6%A0%97%E7%B8%A3%E8%8B%91%E8%A3%A1%E9%8E%AE%E6%88%BF%E8%A3%A1%E9%87%8C%E5%8D%97%E6%88%BF75%E4%B9%8B1%E8%99%9F；學校官網：http://www.ldvs.mlc.edu.tw,http://www.ldvs.mlc.edu.tw,http://www.ldvs.mlc.edu.tw,https://www.google.com/maps/search/?api=1&query=%E8%8B%97%E6%A0%97%E7%B8%A3%E8%8B%91%E8%A3%A1%E9%8E%AE%E6%88%BF%E8%A3%A1%E9%87%8C%E5%8D%97%E6%88%BF75%E4%B9%8B1%E8%99%9F,http://www.ldvs.mlc.edu.tw,http://www.ldvs.mlc.edu.tw,http://www.ldvs.mlc.edu.tw
中投區,,054308,苗栗縣立三義高級中學,公立,中投區免試入學日間部,高中,男女校,苗栗縣,三義鄉,苗栗縣三義鄉廣盛村11鄰122號,https://sjh.mlc.edu.tw,037-872015#201,普通科:5(不限);餐飲管理科:5(不限);多媒體設計科:9(不限),19,19,115學年度中投區高級中等學校免試入學委員會「招生名額查詢」;一般生實際招生名額;擷取時間:2026/8/10 16:44:26,"普通科、餐飲管理科、多媒體設計科並設;校方另有高中課程計畫,固定特色班依當年度公告。",,"普通高中課程,以部定必修、加深加廣、多元選修、彈性學習與自主學習為主;校本特色依學校課程計畫辦理。","不設固定職業實習;網站未標示全校統一專題內容,探究實作與自主學習依校方課程計畫辦理。",官網提供學校位置圖;網站未標示固定大眾運輸到校班次或固定學生專車路線。,網站未標示固定通勤班次、站點或步行時間。,學校官網未標示115學年度校內學生宿舍申請資訊。,Google Maps（校園周邊餐飲、便利商店、醫療、車站／站牌）：https://www.google.com/maps/search/?api=1&query=%E8%8B%97%E6%A0%97%E7%B8%A3%E4%B8%89%E7%BE%A9%E9%84%89%E5%BB%A3%E7%9B%9B%E6%9D%9111%E9%84%B0122%E8%99%9F；學校官網：https://sjh.mlc.edu.tw,https://sjh.mlc.edu.tw/WebMap/Index.php,https://sjh.mlc.edu.tw,https://www.google.com/maps/search/?api=1&query=%E8%8B%97%E6%A0%97%E7%B8%A3%E4%B8%89%E7%BE%A9%E9%84%89%E5%BB%A3%E7%9B%9B%E6%9D%9111%E9%84%B0122%E8%99%9F,https://sjh.mlc.edu.tw,https://sjh.mlc.edu.tw,https://sjh.mlc.edu.tw
中投區,,054309,苗栗縣立苑裡高級中學,公立,中投區免試入學日間部,高中,男女校,苗栗縣,苑裡鎮,35862 苗栗縣苑裡鎮客庄里新興路19號,https://yljh.mlc.edu.tw,037-857042#213,普通科:57(不限);商業經營科:13(不限);廣告設計科:13(不限),83,83,115學年度中投區高級中等學校免試入學委員會「招生名額查詢」;一般生實際招生名額;擷取時間:2026/8/10 16:44:26,"高中部設體育班,並推動數理實驗課程班;普通科、商業經營科、廣告設計科多軌發展。",,"普通高中課程,以部定必修、加深加廣、多元選修、彈性學習與自主學習為主;校本特色依學校課程計畫辦理。","不設固定職業實習;網站未標示全校統一專題內容,探究實作與自主學習依校方課程計畫辦理。",高中部校區位於新興路19號;校方公告指出高中部距苑裡火車站步行8–10分鐘。網站未標示固定學生專車路線。,臺鐵使用苑裡站;高中部校區步行時間依校方公告為8–10分鐘。,校方公告明確說明高中部未提供宿舍。,Google Maps（校園周邊餐飲、便利商店、醫療、車站／站牌）：https://www.google.com/maps/search/?api=1&query=35862%20%E8%8B%97%E6%A0%97%E7%B8%A3%E8%8B%91%E8%A3%A1%E9%8E%AE%E5%AE%A2%E5%BA%84%E9%87%8C%E6%96%B0%E8%88%88%E8%B7%AF19%E8%99%9F；學校官網：https://yljh.mlc.edu.tw,https://yljh.mlc.edu.tw/News/Detail.php?ID=6268,https://yljh.mlc.edu.tw/News/Detail.php?ID=6268,https://www.google.com/maps/search/?api=1&query=35862%20%E8%8B%97%E6%A0%97%E7%B8%A3%E8%8B%91%E8%A3%A1%E9%8E%AE%E5%AE%A2%E5%BA%84%E9%87%8C%E6%96%B0%E8%88%88%E8%B7%AF19%E8%99%9F,https://yljh.mlc.edu.tw/,https://yljh.mlc.edu.tw,https://yljh.mlc.edu.tw
中投區,,060322,國立中興大學附屬高級中學,公立,中投區免試入學日間部,高中,男女校,臺中市,大里區,臺中市大里區東榮路369號,https://www.dali.tc.edu.tw,04-24875199#321,普通科:454(不限),454,454,115學年度中投區高級中等學校免試入學委員會「招生名額查詢」;一般生實際招生名額;擷取時間:2026/8/10 16:44:26,數理資優班、創意科學實驗班;新生特色班級依校方當年度遴選公告辦理。,,"普通型高中課程,搭配加深加廣、多元選修、自主學習與探究實作;資優/實驗課程依校方年度公告。",不設固定職業實習;探究實作、自主學習與專題研究依高中課程及特色班規劃辦理。,"官網交通資訊列39、158於「國立興大附中」大門下車,53於側門下車;另列多線客運於仁愛醫院或內新市場下車。","固定到校公車依官網交通資訊頁;39、158停大門,53停側門。",學校官網未標示115學年度校內學生宿舍申請資訊。,Google Maps（校園周邊餐飲、便利商店、醫療、車站／站牌）：https://www.google.com/maps/search/?api=1&query=%E8%87%BA%E4%B8%AD%E5%B8%82%E5%A4%A7%E9%87%8C%E5%8D%80%E6%9D%B1%E6%A6%AE%E8%B7%AF369%E8%99%9F；學校官網：https://www.dali.tc.edu.tw,https://www.dali.tc.edu.tw/ischool/publish_page/46/?cid=1232,https://www.dali.tc.edu.tw,https://www.google.com/maps/search/?api=1&query=%E8%87%BA%E4%B8%AD%E5%B8%82%E5%A4%A7%E9%87%8C%E5%8D%80%E6%9D%B1%E6%A6%AE%E8%B7%AF369%E8%99%9F,https://www.dali.tc.edu.tw,https://www.dali.tc.edu.tw/,https://www.dali.tc.edu.tw/
中投區,,060323,國立中科實驗高級中學,公立,中投區免試入學日間部,高中,男女校,臺中市,大雅區,臺中市大雅區平和路227號,https://www.nehs.tc.edu.tw,04-25686850#1220,普通科:76(不限),76,76,115學年度中投區高級中等學校免試入學委員會「招生名額查詢」;一般生實際招生名額;擷取時間:2026/8/10 16:44:26,高中部設數理實驗班;課程以專題研究、小論文、科展與PBL成果發表為特色。,,實驗高中課程結合研究法、PBL、自然領域探究、小論文/科展、雙語與科學園區資源。,以探究實作、PBL、研究法、小論文與科展等研究型成果為主;不設固定職業實習。,學校官網未標示高中部固定大眾運輸到校路線或固定學生專車班次。,網站未標示固定通勤班次、站點或步行時間。,"校方設有學生宿舍,115學年度已公告住宿申請、住宿名單與入住注意事項。",Google Maps（校園周邊餐飲、便利商店、醫療、車站／站牌）：https://www.google.com/maps/search/?api=1&query=%E8%87%BA%E4%B8%AD%E5%B8%82%E5%A4%A7%E9%9B%85%E5%8D%80%E5%B9%B3%E5%92%8C%E8%B7%AF227%E8%99%9F；學校官網：https://www.nehs.tc.edu.tw,https://www.nehs.tc.edu.tw/,https://www.nehs.tc.edu.tw/%E4%BD%8F%E5%AE%BF%E7%94%9F%E5%B0%88%E5%8D%80/,https://www.google.com/maps/search/?api=1&query=%E8%87%BA%E4%B8%AD%E5%B8%82%E5%A4%A7%E9%9B%85%E5%8D%80%E5%B9%B3%E5%92%8C%E8%B7%AF227%E8%99%9F,https://www.nehs.tc.edu.tw,https://www.nehs.tc.edu.tw/,https://www.nehs.tc.edu.tw/
中投區,,061301,常春藤學校財團法人臺中市常春藤高級中學,私立,中投區免試入學日間部,高中,男女校,臺中市,潭子區,臺中市潭子區潭興路一段165巷320號,https://www.ivyjhs.tc.edu.tw,04-25395066#114,普通科:191(不限),191,191,115學年度中投區高級中等學校免試入學委員會「招生名額查詢」;一般生實際招生名額;擷取時間:2026/8/10 16:44:26,"官網可見哈克尼斯國際實驗教育移地教學等活動;未標示固定資優班招生,班別以當年度公告為準。",,"普通高中課程,以部定必修、加深加廣、多元選修、彈性學習與自主學習為主;校本特色依學校課程計畫辦理。","不設固定職業實習;網站未標示全校統一專題內容,探究實作與自主學習依校方課程計畫辦理。",官網提供校車服務資訊;路線與站點依校方學期公告。,學生校車依校方學期公告;網站未標示固定大眾運輸到校班次。,學校官網未標示115學年度校內學生宿舍申請資訊。,Google Maps（校園周邊餐飲、便利商店、醫療、車站／站牌）：https://www.google.com/maps/search/?api=1&query=%E8%87%BA%E4%B8%AD%E5%B8%82%E6%BD%AD%E5%AD%90%E5%8D%80%E6%BD%AD%E8%88%88%E8%B7%AF%E4%B8%80%E6%AE%B5165%E5%B7%B7320%E8%99%9F；學校官網：https://www.ivyjhs.tc.edu.tw,https://www.ivyjhs.tc.edu.tw,https://www.ivyjhs.tc.edu.tw,https://www.google.com/maps/search/?api=1&query=%E8%87%BA%E4%B8%AD%E5%B8%82%E6%BD%AD%E5%AD%90%E5%8D%80%E6%BD%AD%E8%88%88%E8%B7%AF%E4%B8%80%E6%AE%B5165%E5%B7%B7320%E8%99%9F,https://www.ivyjhs.tc.edu.tw,https://www.ivyjhs.tc.edu.tw,https://www.ivyjhs.tc.edu.tw
中投區,,061306,臺中市明台高級中學,私立,中投區免試入學日間部,高中,男女校,臺中市,霧峰區,413 臺中市霧峰區萊園路91號,https://www.mths.tc.edu.tw,04-23393071#210、211,資料處理科:87(不限);觀光事業科:83(不限);餐飲管理科:82(不限);幼兒保育科:43(不限);美容科:42(不限);室內設計科:86(不限),423,423,115學年度中投區高級中等學校免試入學委員會「招生名額查詢」;一般生實際招生名額;擷取時間:2026/8/10 16:44:26,"以餐旅、設計、美容、幼保、資料處理等專業科別為特色;另有實用技能科別,無固定資優班公告。",,"技術型課程以餐飲、觀光、室內設計、美容、幼保、資料處理等專業方向為主,另有餐飲技術、寵物經營、表演技術、美髮/美顏等實務類課程。",官網實習處說明包含實務教學、業師協同、實務增能、產學合作與就業銜接;各科成果以專業實作與技藝成果為主。,官網115學年度公告提供新生校車填報與站名代碼查詢;官網首頁未標示固定公車到校路線。,校車站點與搭乘方式由校方當學年度校車公告管理;官網未標示其他固定通勤班次或步行時間。,學校官網未標示115學年度校內學生宿舍申請資訊。,Google Maps（校園周邊餐飲、便利商店、醫療、車站／站牌）：https://www.google.com/maps/search/?api=1&query=413%20%E8%87%BA%E4%B8%AD%E5%B8%82%E9%9C%A7%E5%B3%B0%E5%8D%80%E8%90%8A%E5%9C%92%E8%B7%AF91%E8%99%9F；學校官網：https://www.mths.tc.edu.tw,https://www.mths.tc.edu.tw/,https://www.mths.tc.edu.tw/,https://www.google.com/maps/search/?api=1&query=413%20%E8%87%BA%E4%B8%AD%E5%B8%82%E9%9C%A7%E5%B3%B0%E5%8D%80%E8%90%8A%E5%9C%92%E8%B7%AF91%E8%99%9F,https://www.mths.tc.edu.tw/,https://www.mths.tc.edu.tw/,https://www.mths.tc.edu.tw/InternshipOffice
中投區,,061309,臺中市私立致用高級中學,私立,中投區免試入學日間部,高中,男女校,臺中市,大甲區,43742 臺中市大甲區中山里甲東路512號,https://www.cycivs.tc.edu.tw,04-26872354#311、312,普通科:40(不限);機械科:65(不限);汽車科:64(不限);資訊科:80(不限);資料處理科:40(不限);餐飲管理科:39(不限);美容科:63(不限);照顧服務科(產特):25(不限),416,416,115學年度中投區高級中等學校免試入學委員會「招生名額查詢」;一般生實際招生名額;擷取時間:2026/8/10 16:44:26,照顧服務科為產業特殊需求類科;另有國立大學/國立科大升學輔導班、建教合作班與實用技能學程。,,"普通高中課程,以部定必修、加深加廣、多元選修、彈性學習與自主學習為主;校本特色依學校課程計畫辦理。",各專業科依實習處與課程計畫辦理專業實習、技能訓練與實作;網站未標示全校統一專題題目。,"官網交通資訊列167、305、97等至大甲高中站,95至中正紀念館;另列92、170、171、172、210、212、213、214、216、217等路線及臺鐵大甲站。",到校交通依官網「交通資訊」所列公車站點與臺鐵大甲站規劃;網站未標示固定步行時間。,學校官網未標示115學年度校內學生宿舍申請資訊。,Google Maps（校園周邊餐飲、便利商店、醫療、車站／站牌）：https://www.google.com/maps/search/?api=1&query=43742%20%E8%87%BA%E4%B8%AD%E5%B8%82%E5%A4%A7%E7%94%B2%E5%8D%80%E4%B8%AD%E5%B1%B1%E9%87%8C%E7%94%B2%E6%9D%B1%E8%B7%AF512%E8%99%9F；學校官網：https://www.cycivs.tc.edu.tw,https://www.cycivs.tc.edu.tw/ischool/publish_page/0/?cid=702,https://www.cycivs.tc.edu.tw/,https://www.google.com/maps/search/?api=1&query=43742%20%E8%87%BA%E4%B8%AD%E5%B8%82%E5%A4%A7%E7%94%B2%E5%8D%80%E4%B8%AD%E5%B1%B1%E9%87%8C%E7%94%B2%E6%9D%B1%E8%B7%AF512%E8%99%9F,https://www.cycivs.tc.edu.tw/ischool/publish_page/0/?cid=702,https://www.cycivs.tc.edu.tw,https://www.cycivs.tc.edu.tw/
中投區,,061310,永誠學校財團法人臺中市大明高級中等學校,私立,中投區免試入學日間部,高中,男女校,臺中市,潭子區,427003 臺中市潭子區潭興路一段168號,https://www.tmsh.tc.edu.tw,04-25391800#202,普通科:90(不限);美工科:65(不限);廣告設計科:65(不限);多媒體動畫科:65(不限),285,285,115學年度中投區高級中等學校免試入學委員會「招生名額查詢」;一般生實際招生名額;擷取時間:2026/8/10 16:44:26,"美工、廣告設計、多媒體動畫等藝術設計特色科,並辦理藝術類特色招生;普通科班別依年度公告。",,普通高中部與美工、廣告設計、多媒體動畫等設計/藝術專業課程並行;114學年度起全校於潭子校區辦學。,設計群以美工、廣告設計、多媒體動畫作品製作、展演與競賽成果為主;網站未標示全校統一專題題目。,官網交通位置列自駕動線:台74線可由東山路交流道或潭子交流道前往潭興路校區。,學校官網未標示固定大眾運輸到校班次或固定學生專車站點。,學校官網未標示115學年度校內學生宿舍申請資訊。,Google Maps（校園周邊餐飲、便利商店、醫療、車站／站牌）：https://www.google.com/maps/search/?api=1&query=427003%20%E8%87%BA%E4%B8%AD%E5%B8%82%E6%BD%AD%E5%AD%90%E5%8D%80%E6%BD%AD%E8%88%88%E8%B7%AF%E4%B8%80%E6%AE%B5168%E8%99%9F；學校官網：https://www.tmsh.tc.edu.tw,https://ischool.tmsh.tc.edu.tw/home?cid=2354,https://www.tmsh.tc.edu.tw/,https://www.google.com/maps/search/?api=1&query=427003%20%E8%87%BA%E4%B8%AD%E5%B8%82%E6%BD%AD%E5%AD%90%E5%8D%80%E6%BD%AD%E8%88%88%E8%B7%AF%E4%B8%80%E6%AE%B5168%E8%99%9F,https://www.tmsh.tc.edu.tw/contact/,https://ischool.tmsh.tc.edu.tw/home?cid=2319,https://www.tmsh.tc.edu.tw/
中投區,,061313,臺中市私立明道高級中學,私立,中投區免試入學日間部,高中,男女校,臺中市,烏日區,臺中市烏日區中山路一段497號,https://www.mingdao.edu.tw,04-23341115,普通科:111(不限);資訊科:69(不限);電子科:69(不限);美工科:44(不限);商業經營科:128(不限);廣告設計科:86(不限);觀光事業科:27(不限);餐飲管理科:86(不限);應用英語科:49(不限),669,669,115學年度中投區高級中等學校免試入學委員會「招生名額查詢」;一般生實際招生名額;擷取時間:2026/8/10 16:44:26,"普通高中、技高與國際教育多軌;設數理實驗等學習方案,並有完整校內外課程、社團與升學支持。",,"普通高中課程,以部定必修、加深加廣、多元選修、彈性學習與自主學習為主;校本特色依學校課程計畫辦理。",普通高中與技高各科依課程辦理探究、專題及專業實作;網站未標示全校統一專題題目。,"官網115學年度交通車約74線,服務臺中市區、海線、山線、彰化、員林與南投;另有課後活動、晚自習及週六班車制度。",學生交通車依校方站點與學期公告;官網另提供交通車站點查詢及GPS服務。,"校方設有學生住宿,官網列有住宿費用及住宿生返家交通車規定;申請依校方住宿制度。",Google Maps（校園周邊餐飲、便利商店、醫療、車站／站牌）：https://www.google.com/maps/search/?api=1&query=%E8%87%BA%E4%B8%AD%E5%B8%82%E7%83%8F%E6%97%A5%E5%8D%80%E4%B8%AD%E5%B1%B1%E8%B7%AF%E4%B8%80%E6%AE%B5497%E8%99%9F；學校官網：https://www.mingdao.edu.tw,https://s5.mingdao.edu.tw/FAQs/index.asp?i=4,https://s5.mingdao.edu.tw/FAQs/index.asp?i=5,https://www.google.com/maps/search/?api=1&query=%E8%87%BA%E4%B8%AD%E5%B8%82%E7%83%8F%E6%97%A5%E5%8D%80%E4%B8%AD%E5%B1%B1%E8%B7%AF%E4%B8%80%E6%AE%B5497%E8%99%9F,https://www.mingdao.edu.tw,https://www.mingdao.edu.tw,https://www.mingdao.edu.tw/
中投區,,061314,臺中市私立僑泰高級中學,私立,中投區免試入學日間部,高中,男女校,臺中市,大里區,臺中市大里區樹王路342號,https://www.ctas.tc.edu.tw,04-24063936#117,普通科:302(不限);機械科:71(不限);汽車科:64(不限);資訊科:32(不限);電子科:75(不限);商業經營科:75(不限);廣告設計科:32(不限);觀光事業科:32(不限);餐飲管理科:98(不限);多媒體設計科:70(不限);應用英語科:32(不限);應用日語科:32(不限);幼兒保育科:31(不限);美容科:72(不限);室內設計科:60(不限),1078,1078,115學年度中投區高級中等學校免試入學委員會「招生名額查詢」;一般生實際招生名額;擷取時間:2026/8/10 16:44:26,高中部官網列醫科班、台清交成班、國立大學班、雙語國際班;技高另有多科專業與實用技能班。,,"普通高中課程,以部定必修、加深加廣、多元選修、彈性學習與自主學習為主;校本特色依學校課程計畫辦理。",技高各科設專業實習、技能檢定、競賽與專題/實作;普通科依高中課程辦理探究與自主學習。,"官網交通資訊列美村南路「僑泰中學」與高工路「僑泰中學」等周邊站點,並設學生校車;115學年度另公告校車路線表。",學生校車依115學年度校方路線表;大眾運輸站點依官網交通資訊。,"校方設男、女學生宿舍,115學年度已公布新生宿舍床位與住宿公告。",Google Maps（校園周邊餐飲、便利商店、醫療、車站／站牌）：https://www.google.com/maps/search/?api=1&query=%E8%87%BA%E4%B8%AD%E5%B8%82%E5%A4%A7%E9%87%8C%E5%8D%80%E6%A8%B9%E7%8E%8B%E8%B7%AF342%E8%99%9F；學校官網：https://www.ctas.tc.edu.tw,https://www.ctas.tc.edu.tw/,https://www.ctas.tc.edu.tw/main.php?ann=161&c=announce_view&from=dept&unit=student,https://www.google.com/maps/search/?api=1&query=%E8%87%BA%E4%B8%AD%E5%B8%82%E5%A4%A7%E9%87%8C%E5%8D%80%E6%A8%B9%E7%8E%8B%E8%B7%AF342%E8%99%9F,https://www.ctas.tc.edu.tw/,https://www.ctas.tc.edu.tw,https://www.ctas.tc.edu.tw/
中投區,,061315,臺中市華盛頓高級中學,私立,中投區免試入學日間部,高中,男女校,臺中市,太平區,臺中市太平區廍仔坑路26號,https://www.whs.tc.edu.tw,04-23934712#113、116,普通科:237(不限),237,237,115學年度中投區高級中等學校免試入學委員會「招生名額查詢」;一般生實際招生名額;擷取時間:2026/8/10 16:44:26,寰宇雙語實驗班、國際雙聯課程、IBDP/AP等國際課程;班別與收費依當年度招生公告。,,"普通高中課程外,提供AP、IBDP、國際雙聯及STEAM、VEX機器人、Computer Science、Business等選修。",不設固定職業實習;STEAM、VEX機器人、Computer Science等課程以實作、競賽與專題成果為主。,"官網高中部入學頁列15、85、163、246路公車,並提供平日、週六、北上及假日校車路線。",公車與校車均依校方高中部入學頁所列路線;校車實際站點依當期路線表。,學校官網未標示115學年度校內學生宿舍申請資訊。,Google Maps（校園周邊餐飲、便利商店、醫療、車站／站牌）：https://www.google.com/maps/search/?api=1&query=%E8%87%BA%E4%B8%AD%E5%B8%82%E5%A4%AA%E5%B9%B3%E5%8D%80%E5%BB%8D%E4%BB%94%E5%9D%91%E8%B7%AF26%E8%99%9F；學校官網：https://www.whs.tc.edu.tw,https://www.whs.tc.edu.tw/henrollment/,https://www.whs.tc.edu.tw/,https://www.google.com/maps/search/?api=1&query=%E8%87%BA%E4%B8%AD%E5%B8%82%E5%A4%AA%E5%B9%B3%E5%8D%80%E5%BB%8D%E4%BB%94%E5%9D%91%E8%B7%AF26%E8%99%9F,https://www.whs.tc.edu.tw/henrollment/,https://www.whs.tc.edu.tw,https://www.whs.tc.edu.tw/henrollment/
中投區,,061316,臺中市青年高級中學,私立,中投區免試入學日間部,高中,男女校,臺中市,大里區,臺中市大里區中湖路100號,https://www.youth.tc.edu.tw,04-24963333#212,綜合高中:134(不限);汽車科:44(不限);資訊科:45(不限);餐飲管理科:44(不限);美容科:88(不限);音樂科:45(不限);表演藝術科:131(不限);多媒體動畫科:132(不限),663,663,115學年度中投區高級中等學校免試入學委員會「招生名額查詢」;一般生實際招生名額;擷取時間:2026/8/10 16:44:26,"音樂科、表演藝術科、多媒體動畫科(含電競專長),綜高另有藥護、體育專長等學程。",,綜高兼顧學術自然/社會探索;技職課程聚焦汽車、資訊、餐飲、美容、音樂、表演藝術與多媒體動畫實作。,綜合高中與汽車、資訊、餐飲、美容、音樂、表演藝術、多媒體動畫等科依課程進行專業實作、作品製作與展演;網站未標示全校統一專題題目。,"官網115學年度已公布校車路線與停靠站,並提供新生校車登記。",學生校車站點與路線依115學年度校方公告版;網站未標示固定公車到校班次。,學校官網未標示115學年度校內學生宿舍申請資訊。,Google Maps（校園周邊餐飲、便利商店、醫療、車站／站牌）：https://www.google.com/maps/search/?api=1&query=%E8%87%BA%E4%B8%AD%E5%B8%82%E5%A4%A7%E9%87%8C%E5%8D%80%E4%B8%AD%E6%B9%96%E8%B7%AF100%E8%99%9F；學校官網：https://www.youth.tc.edu.tw,https://newstu.gm.youth.tc.edu.tw/freshman/schoolbus,https://www.youth.tc.edu.tw/,https://www.google.com/maps/search/?api=1&query=%E8%87%BA%E4%B8%AD%E5%B8%82%E5%A4%A7%E9%87%8C%E5%8D%80%E4%B8%AD%E6%B9%96%E8%B7%AF100%E8%99%9F,https://www.youth.tc.edu.tw,https://www.youth.tc.edu.tw,https://www.youth.tc.edu.tw/
中投區,,061317,臺中市私立弘文高級中學,私立,中投區免試入學日間部,高中,男女校,臺中市,潭子區,427009 臺中市潭子區弘文街100號,https://www.hwhs.tc.edu.tw,04-25340011#118,普通科:392(不限),392,392,115學年度中投區高級中等學校免試入學委員會「招生名額查詢」;一般生實際招生名額;擷取時間:2026/8/10 16:44:26,普通科以多元選修、自主學習、議題研究與ESL/國際課程資源為特色;未標示固定資優班招生公告。,,"普通高中課程,以部定必修、加深加廣、多元選修、彈性學習與自主學習為主;校本特色依學校課程計畫辦理。","普通高中不設固定職業實習;專題與自主學習依高中課程計畫辦理,網站未標示全校統一專題題目。",官網交通資訊列900、900跳蛙、901、901副、901副2、956、956副;臺鐵可使用栗林站或潭子站。,公車路線與臺鐵轉乘依校方交通資訊頁;學生專車另有校車申請系統。,"校方設男、女生宿舍,官網分機頁列男生宿舍與女生宿舍聯絡電話。",Google Maps（校園周邊餐飲、便利商店、醫療、車站／站牌）：https://www.google.com/maps/search/?api=1&query=427009%20%E8%87%BA%E4%B8%AD%E5%B8%82%E6%BD%AD%E5%AD%90%E5%8D%80%E5%BC%98%E6%96%87%E8%A1%97100%E8%99%9F；學校官網：https://www.hwhs.tc.edu.tw,https://www.hwhs.tc.edu.tw/home?cid=11313,https://www.hwhs.tc.edu.tw/home?cid=11312,https://www.google.com/maps/search/?api=1&query=427009%20%E8%87%BA%E4%B8%AD%E5%B8%82%E6%BD%AD%E5%AD%90%E5%8D%80%E5%BC%98%E6%96%87%E8%A1%97100%E8%99%9F,https://www.hwhs.tc.edu.tw/home?cid=11313,https://www.hwhs.tc.edu.tw,https://www.hwhs.tc.edu.tw/
中投區,,061318,臺中市私立立人高級中學,私立,中投區免試入學日間部,高中,男女校,臺中市,大里區,臺中市大里區中興路二段380號,https://www.lzsh.tc.edu.tw,04-24834138#511~514,普通科:660(不限),660,660,115學年度中投區高級中等學校免試入學委員會「招生名額查詢」;一般生實際招生名額;擷取時間:2026/8/10 16:44:26,"設菁英班,依新生測驗與校方編班規定辦理;實際名額與測驗方式依當年度公告。",,"普通高中課程,以部定必修、加深加廣、多元選修、彈性學習與自主學習為主;校本特色依學校課程計畫辦理。","不設固定職業實習;網站未標示全校統一專題內容,探究實作與自主學習依校方課程計畫辦理。",官網提供學生專車資訊;平日專車與課後放學專車路線依每學期公告。,學生專車站點、放學班次與費用依校方每學期公告。,學校官網未標示115學年度校內學生宿舍申請資訊。,Google Maps（校園周邊餐飲、便利商店、醫療、車站／站牌）：https://www.google.com/maps/search/?api=1&query=%E8%87%BA%E4%B8%AD%E5%B8%82%E5%A4%A7%E9%87%8C%E5%8D%80%E4%B8%AD%E8%88%88%E8%B7%AF%E4%BA%8C%E6%AE%B5380%E8%99%9F；學校官網：https://www.lzsh.tc.edu.tw,https://www.lzsh.tc.edu.tw/p/406-1000-5170%2Cr12.php?Lang=zh-tw,https://www.lzsh.tc.edu.tw,https://www.google.com/maps/search/?api=1&query=%E8%87%BA%E4%B8%AD%E5%B8%82%E5%A4%A7%E9%87%8C%E5%8D%80%E4%B8%AD%E8%88%88%E8%B7%AF%E4%BA%8C%E6%AE%B5380%E8%99%9F,https://www.lzsh.tc.edu.tw,https://www.lzsh.tc.edu.tw,https://www.lzsh.tc.edu.tw
中投區,,061319,臺中市私立玉山高級中學,私立,中投區免試入學日間部,高中,男女校,臺中市,東勢區,423009 臺中市東勢區東崎路四段399號,https://www.yssh.tc.edu.tw,04-25771313#103,觀光事業科:42(不限);餐飲管理科:42(不限);照顧服務科(產特):42(不限),126,126,115學年度中投區高級中等學校免試入學委員會「招生名額查詢」;一般生實際招生名額;擷取時間:2026/8/10 16:44:26,照顧服務科為產業特殊需求類科;另以餐飲、觀光專業實作及證照輔導為特色。,,"依官網招生科別與課程計畫,課程方向包含觀光事業科;專業科目與校訂課程依各科課程計畫辦理。",網站未標示全校統一專題題目;各專業科實習/專題以校方課程計畫與實習處公告為準。,官網學生規範列有住校/通學方式;網站未標示可直接引用的固定公車到校班次。,通學方式依校方學生規範與校車公告;網站未標示固定公車班次或步行時間。,"可申請住校;官網學生規範列有住校/通學方式,實際申請依校方公告。",Google Maps（校園周邊餐飲、便利商店、醫療、車站／站牌）：https://www.google.com/maps/search/?api=1&query=423009%20%E8%87%BA%E4%B8%AD%E5%B8%82%E6%9D%B1%E5%8B%A2%E5%8D%80%E6%9D%B1%E5%B4%8E%E8%B7%AF%E5%9B%9B%E6%AE%B5399%E8%99%9F；學校官網：https://www.yssh.tc.edu.tw,https://www.yssh.tc.edu.tw/introduce/html/index7.htm,https://www.yssh.tc.edu.tw/introduce/html/index7.htm,https://www.google.com/maps/search/?api=1&query=423009%20%E8%87%BA%E4%B8%AD%E5%B8%82%E6%9D%B1%E5%8B%A2%E5%8D%80%E6%9D%B1%E5%B4%8E%E8%B7%AF%E5%9B%9B%E6%AE%B5399%E8%99%9F,https://www.yssh.tc.edu.tw/,https://www.yssh.tc.edu.tw,https://www.yssh.tc.edu.tw
中投區,,061321,慈明學校財團法人臺中市慈明高級中等學校,私立,中投區免試入學日間部,高中,男女校,臺中市,太平區,411 臺中市太平區光德路388號,https://www.tmhs.tc.edu.tw,04-22713911#102,資訊科:43(不限);餐飲管理科:41(不限);電子商務科:43(不限);照顧服務科(產特):43(不限),170,170,115學年度中投區高級中等學校免試入學委員會「招生名額查詢」;一般生實際招生名額;擷取時間:2026/8/10 16:44:26,照顧服務科為產特;另發展電子商務電競、資電AI、長照產學等特色課程。,,資訊科發展AI應用;電子商務科融入直播與電競;餐飲與照服強調實務、證照、產學合作及第二外語。,資訊、電子商務、餐飲、照顧服務等科依課程辦理專業實習、證照與實作;網站未標示全校統一專題題目。,"官網校車/公車頁公布校車路線;公車可於光隆站、七星站搭乘,列有3、7、41、249、280、284、286、291路。",校車依校方學期路線表;公車依官網「校車/公車路線資訊」所列站點與路線。,校方設學生宿舍;住宿申請資格與床位依當學年度公告。,Google Maps（校園周邊餐飲、便利商店、醫療、車站／站牌）：https://www.google.com/maps/search/?api=1&query=411%20%E8%87%BA%E4%B8%AD%E5%B8%82%E5%A4%AA%E5%B9%B3%E5%8D%80%E5%85%89%E5%BE%B7%E8%B7%AF388%E8%99%9F；學校官網：https://www.tmhs.tc.edu.tw,https://www.gapp.tmhs.tc.edu.tw/%E8%B3%87%E8%A8%8A%E6%9C%8D%E5%8B%99/%E6%A0%A1%E8%BB%8A%E5%85%AC%E8%BB%8A%E8%B7%AF%E7%B7%9A%E8%B3%87%E8%A8%8A,https://www.tmhs.tc.edu.tw/,https://www.google.com/maps/search/?api=1&query=411%20%E8%87%BA%E4%B8%AD%E5%B8%82%E5%A4%AA%E5%B9%B3%E5%8D%80%E5%85%89%E5%BE%B7%E8%B7%AF388%E8%99%9F,https://www.gapp.tmhs.tc.edu.tw/,https://www.tmhs.tc.edu.tw,https://www.tmhs.tc.edu.tw/
中投區,,061B11,嘉陽學校財團法人臺中市嘉陽高級中學進修部,私立,中投區免試入學進修部,進修部,男女校,臺中市,清水區,43654 臺中市清水區中航路三段1號,https://www.cysh.tc.edu.tw,04-26152166# 2221,餐飲管理科(夜間班):120(不限),120,120,115學年度中投區高級中等學校免試入學委員會「招生名額查詢」;一般生實際招生名額;擷取時間:2026/8/10 16:44:26,"進修部依當年度核定科別開班;官網未標示另設固定資優班,實際班別以進修部公告為準。",,"依官網招生科別與課程計畫,課程方向包含餐飲管理科;專業科目與校訂課程依各科課程計畫辦理。",網站未標示全校統一專題題目;各專業科實習/專題以校方課程計畫與實習處公告為準。,進修部官網未標示夜間固定學生專車或夜間專用大眾運輸班次。,進修部官網未標示夜間固定學生專車、放學後公共運輸班次或固定通勤時間;不可將日間部學生專車視為進修部可搭乘。,進修部官網未標示進修部學生住宿申請資格。,Google Maps（校園周邊餐飲、便利商店、醫療、車站／站牌）：https://www.google.com/maps/search/?api=1&query=43654%20%E8%87%BA%E4%B8%AD%E5%B8%82%E6%B8%85%E6%B0%B4%E5%8D%80%E4%B8%AD%E8%88%AA%E8%B7%AF%E4%B8%89%E6%AE%B51%E8%99%9F；學校官網：https://www.cysh.tc.edu.tw,https://www.cysh.tc.edu.tw,https://www.cysh.tc.edu.tw,https://www.google.com/maps/search/?api=1&query=43654%20%E8%87%BA%E4%B8%AD%E5%B8%82%E6%B8%85%E6%B0%B4%E5%8D%80%E4%B8%AD%E8%88%AA%E8%B7%AF%E4%B8%89%E6%AE%B51%E8%99%9F,https://www.cysh.tc.edu.tw/,https://www.cysh.tc.edu.tw,https://www.cysh.tc.edu.tw
中投區,,061B14,臺中市私立僑泰高級中學進修部,私立,中投區免試入學進修部,進修部,男女校,臺中市,大里區,臺中市大里區樹王路342號,https://www.ctas.tc.edu.tw,04-24063936#152,汽車科(夜間班):40(不限);觀光事業科(夜間班):40(不限);餐飲管理科(夜間班):80(不限);美容科(夜間班):80(不限);流行服飾科(夜間班):40(不限),280,280,115學年度中投區高級中等學校免試入學委員會「招生名額查詢」;一般生實際招生名額;擷取時間:2026/8/10 16:44:26,"進修部依當年度核定科別開班;官網未標示另設固定資優班,實際班別以進修部公告為準。",,"依官網招生科別與課程計畫,課程方向包含汽車科;專業科目與校訂課程依各科課程計畫辦理。",技高各科設專業實習、技能檢定、競賽與專題/實作;普通科依高中課程辦理探究與自主學習。,"校本部交通資訊:官網交通資訊列美村南路「僑泰中學」與高工路「僑泰中學」等周邊站點,並設學生校車;115學年度另公告校車路線表。 進修部官網未標示夜間固定學生專車或夜間專用交通班次。",進修部官網未標示夜間固定學生專車、放學後公共運輸班次或固定通勤時間;不可將日間部學生專車視為進修部可搭乘。,進修部官網未標示進修部學生住宿申請資格。,Google Maps（校園周邊餐飲、便利商店、醫療、車站／站牌）：https://www.google.com/maps/search/?api=1&query=%E8%87%BA%E4%B8%AD%E5%B8%82%E5%A4%A7%E9%87%8C%E5%8D%80%E6%A8%B9%E7%8E%8B%E8%B7%AF342%E8%99%9F；學校官網：https://www.ctas.tc.edu.tw,https://www.ctas.tc.edu.tw/,https://www.ctas.tc.edu.tw,https://www.google.com/maps/search/?api=1&query=%E8%87%BA%E4%B8%AD%E5%B8%82%E5%A4%A7%E9%87%8C%E5%8D%80%E6%A8%B9%E7%8E%8B%E8%B7%AF342%E8%99%9F,https://www.ctas.tc.edu.tw/,https://www.ctas.tc.edu.tw,https://www.ctas.tc.edu.tw/
中投區,,061B16,臺中市私立青年高級中學進修部,私立,中投區免試入學進修部,進修部,男女校,臺中市,大里區,臺中市大里區中湖路100號,https://www.youth.tc.edu.tw,04-24963333#212,餐飲管理科(日間班):40(不限);餐飲管理科(夜間班):40(不限);美容科(日間班):40(不限);照顧服務科(產特)(夜間班):40(不限),160,160,115學年度中投區高級中等學校免試入學委員會「招生名額查詢」;一般生實際招生名額;擷取時間:2026/8/10 16:44:26,"進修部設照顧服務科(夜間班)產業特殊需求類科;其餘依核定夜間/日間班辦理,未另設資優班。",,"依官網招生科別與課程計畫,課程方向包含餐飲管理科;專業科目與校訂課程依各科課程計畫辦理。",網站未標示全校統一專題題目;各專業科實習/專題以校方課程計畫與實習處公告為準。,進修部官網未標示夜間固定學生專車或夜間專用大眾運輸班次。,進修部官網未標示夜間固定學生專車、放學後公共運輸班次或固定通勤時間;不可將日間部學生專車視為進修部可搭乘。,進修部官網未標示進修部學生住宿申請資格。,Google Maps（校園周邊餐飲、便利商店、醫療、車站／站牌）：https://www.google.com/maps/search/?api=1&query=%E8%87%BA%E4%B8%AD%E5%B8%82%E5%A4%A7%E9%87%8C%E5%8D%80%E4%B8%AD%E6%B9%96%E8%B7%AF100%E8%99%9F；學校官網：https://www.youth.tc.edu.tw,https://www.youth.tc.edu.tw,https://www.youth.tc.edu.tw,https://www.google.com/maps/search/?api=1&query=%E8%87%BA%E4%B8%AD%E5%B8%82%E5%A4%A7%E9%87%8C%E5%8D%80%E4%B8%AD%E6%B9%96%E8%B7%AF100%E8%99%9F,https://www.youth.tc.edu.tw,https://www.youth.tc.edu.tw,https://www.youth.tc.edu.tw
中投區,,061B19,臺中市私立玉山高級中學進修部,私立,中投區免試入學進修部,進修部,男女校,臺中市,東勢區,423009 臺中市東勢區東崎路四段399號,https://www.yssh.tc.edu.tw,04-25771313#103,資料處理科(夜間班):10(不限);餐飲管理科(夜間班):20(不限);美容科(夜間班):10(不限);照顧服務科(產特)(夜間班):20(不限),60,60,115學年度中投區高級中等學校免試入學委員會「招生名額查詢」;一般生實際招生名額;擷取時間:2026/8/10 16:44:26,"進修部設照顧服務科(夜間班)產業特殊需求類科;其餘依核定夜間/日間班辦理,未另設資優班。",,"依官網招生科別與課程計畫,課程方向包含資料處理科;專業科目與校訂課程依各科課程計畫辦理。",網站未標示全校統一專題題目;各專業科實習/專題以校方課程計畫與實習處公告為準。,進修部官網未標示夜間固定學生專車或夜間專用大眾運輸班次。,進修部官網未標示夜間固定學生專車、放學後公共運輸班次或固定通勤時間;不可將日間部學生專車視為進修部可搭乘。,進修部官網未標示進修部學生住宿申請資格。,Google Maps（校園周邊餐飲、便利商店、醫療、車站／站牌）：https://www.google.com/maps/search/?api=1&query=423009%20%E8%87%BA%E4%B8%AD%E5%B8%82%E6%9D%B1%E5%8B%A2%E5%8D%80%E6%9D%B1%E5%B4%8E%E8%B7%AF%E5%9B%9B%E6%AE%B5399%E8%99%9F；學校官網：https://www.yssh.tc.edu.tw,https://www.yssh.tc.edu.tw/introduce/html/index7.htm,https://www.yssh.tc.edu.tw,https://www.google.com/maps/search/?api=1&query=423009%20%E8%87%BA%E4%B8%AD%E5%B8%82%E6%9D%B1%E5%8B%A2%E5%8D%80%E6%9D%B1%E5%B4%8E%E8%B7%AF%E5%9B%9B%E6%AE%B5399%E8%99%9F,https://www.yssh.tc.edu.tw/,https://www.yssh.tc.edu.tw,https://www.yssh.tc.edu.tw
中投區,,061B21,臺中市私立慈明高級中學進修部,私立,中投區免試入學進修部,進修部,男女校,臺中市,太平區,臺中市太平區光德路388號,https://www.gapp.tmhs.tc.edu.tw,04-22713911#501~503,餐飲管理科(夜間班):80(不限),80,80,115學年度中投區高級中等學校免試入學委員會「招生名額查詢」;一般生實際招生名額;擷取時間:2026/8/10 16:44:26,"進修部依當年度核定科別開班;官網未標示另設固定資優班,實際班別以進修部公告為準。",,"依官網招生科別與課程計畫,課程方向包含餐飲管理科;專業科目與校訂課程依各科課程計畫辦理。",網站未標示全校統一專題題目;各專業科實習/專題以校方課程計畫與實習處公告為準。,進修部官網未標示夜間固定學生專車或夜間專用大眾運輸班次。,進修部官網未標示夜間固定學生專車、放學後公共運輸班次或固定通勤時間;不可將日間部學生專車視為進修部可搭乘。,進修部官網未標示進修部學生住宿申請資格。,Google Maps（校園周邊餐飲、便利商店、醫療、車站／站牌）：https://www.google.com/maps/search/?api=1&query=%E8%87%BA%E4%B8%AD%E5%B8%82%E5%A4%AA%E5%B9%B3%E5%8D%80%E5%85%89%E5%BE%B7%E8%B7%AF388%E8%99%9F；學校官網：https://www.gapp.tmhs.tc.edu.tw,https://www.gapp.tmhs.tc.edu.tw,https://www.gapp.tmhs.tc.edu.tw,https://www.google.com/maps/search/?api=1&query=%E8%87%BA%E4%B8%AD%E5%B8%82%E5%A4%AA%E5%B9%B3%E5%8D%80%E5%85%89%E5%BE%B7%E8%B7%AF388%E8%99%9F,https://www.gapp.tmhs.tc.edu.tw,https://www.gapp.tmhs.tc.edu.tw,https://www.gapp.tmhs.tc.edu.tw
中投區,,063303,臺中市立大甲高級中等學校,公立,中投區免試入學日間部,高中,男女校,臺中市,大甲區,437001 臺中市大甲區中山路一段720號,https://djsh.tc.edu.tw,04-26877165#333,綜合高中:410(不限);美工科:33(不限),443,443,115學年度中投區高級中等學校免試入學委員會「招生名額查詢」;一般生實際招生名額;擷取時間:2026/8/10 16:44:26,設實驗班、體育班及美工科;實驗班甄選與體育班特色招生依當年度校方公告。,,"綜合高中兼顧學術與生涯試探;另設綜合高中等專業方向,各科依課程計畫安排專業課程與實作。","不設固定職業實習;網站未標示全校統一專題內容,探究實作與自主學習依校方課程計畫辦理。",學校官網未標示具體大眾運輸到校路線或固定學生專車班次。,網站未標示固定通勤班次、站點或步行時間。,學校官網未標示115學年度校內學生宿舍申請資訊。,Google Maps（校園周邊餐飲、便利商店、醫療、車站／站牌）：https://www.google.com/maps/search/?api=1&query=437001%20%E8%87%BA%E4%B8%AD%E5%B8%82%E5%A4%A7%E7%94%B2%E5%8D%80%E4%B8%AD%E5%B1%B1%E8%B7%AF%E4%B8%80%E6%AE%B5720%E8%99%9F；學校官網：https://djsh.tc.edu.tw,https://djsh.tc.edu.tw,https://djsh.tc.edu.tw,https://www.google.com/maps/search/?api=1&query=437001%20%E8%87%BA%E4%B8%AD%E5%B8%82%E5%A4%A7%E7%94%B2%E5%8D%80%E4%B8%AD%E5%B1%B1%E8%B7%AF%E4%B8%80%E6%AE%B5720%E8%99%9F,https://djsh.tc.edu.tw/,https://djsh.tc.edu.tw,https://djsh.tc.edu.tw
中投區,,063305,臺中市立清水高級中等學校,公立,中投區免試入學日間部,高中,男女校,臺中市,清水區,436-53 臺中市清水區中山路90號,https://cshs.tc.edu.tw,04-26222116 # 231,普通科:452(不限),452,452,115學年度中投區高級中等學校免試入學委員會「招生名額查詢」;一般生實際招生名額;擷取時間:2026/8/10 16:44:26,校方官網未標示固定資優班/特色班招生;實際班別與校本特色課程依當年度公告。,,"普通高中課程,以部定必修、加深加廣、多元選修、彈性學習與自主學習為主;校本特色依學校課程計畫辦理。",不設固定職業實習;探究實作、自主學習、科展與校本課程成果依高中課程辦理。,"官網交通資訊列臺鐵清水站;清水高中(中山路)站有93、95、111、178、179、303、304、305、688等,清水高中(學園街)站有97、111、123、164、165、182、183、185、186、239、500延等。",臺鐵清水站與兩處「清水高中」公車站均由校方交通資訊頁明確列示。,學校官網未標示115學年度校內學生宿舍申請資訊。,Google Maps（校園周邊餐飲、便利商店、醫療、車站／站牌）：https://www.google.com/maps/search/?api=1&query=436-53%20%E8%87%BA%E4%B8%AD%E5%B8%82%E6%B8%85%E6%B0%B4%E5%8D%80%E4%B8%AD%E5%B1%B1%E8%B7%AF90%E8%99%9F；學校官網：https://cshs.tc.edu.tw,https://www2.cshs.tc.edu.tw/home?cid=440,https://cshs.tc.edu.tw,https://www.google.com/maps/search/?api=1&query=436-53%20%E8%87%BA%E4%B8%AD%E5%B8%82%E6%B8%85%E6%B0%B4%E5%8D%80%E4%B8%AD%E5%B1%B1%E8%B7%AF90%E8%99%9F,https://www2.cshs.tc.edu.tw/home?cid=440,https://cshs.tc.edu.tw,https://cshs.tc.edu.tw/
中投區,,063312,臺中市立豐原高級中等學校,公立,中投區免試入學日間部,高中,男女校,臺中市,豐原區,420302 臺中市豐原區水源路150號,https://fysh.tc.edu.tw,04-25290381#1121,普通科:470(不限),470,470,115學年度中投區高級中等學校免試入學委員會「招生名額查詢」;一般生實際招生名額;擷取時間:2026/8/10 16:44:26,校方官網未標示固定資優班/特色班招生;實際班別與校本特色課程依當年度公告。,,"普通高中課程,以部定必修、加深加廣、多元選修、彈性學習與自主學習為主;校本特色依學校課程計畫辦理。","不設固定職業實習;校方可見自主學習、科展、探究與成果發表,專題依高中課程與實驗班/美術班規劃辦理。",官網交通頁列豐原火車站轉12、90、223、700、900至豐原高中。,"臺鐵使用豐原站,再依校方交通頁轉12、90、223、700或900路到校。",學校官網未標示115學年度校內學生宿舍申請資訊。,Google Maps（校園周邊餐飲、便利商店、醫療、車站／站牌）：https://www.google.com/maps/search/?api=1&query=420302%20%E8%87%BA%E4%B8%AD%E5%B8%82%E8%B1%90%E5%8E%9F%E5%8D%80%E6%B0%B4%E6%BA%90%E8%B7%AF150%E8%99%9F；學校官網：https://fysh.tc.edu.tw,https://fysh.tc.edu.tw/p/412-1075-20477.php?Lang=zh-tw,https://fysh.tc.edu.tw,https://www.google.com/maps/search/?api=1&query=420302%20%E8%87%BA%E4%B8%AD%E5%B8%82%E8%B1%90%E5%8E%9F%E5%8D%80%E6%B0%B4%E6%BA%90%E8%B7%AF150%E8%99%9F,https://fysh.tc.edu.tw/p/412-1075-20477.php?Lang=zh-tw,https://fysh.tc.edu.tw,https://fysh.tc.edu.tw/
中投區,,063401,臺中市立豐原商業高級中等學校,公立,中投區免試入學日間部,高職,男女校,臺中市,豐原區,420305 臺中市豐原區圓環南路50號,https://fyvs.tc.edu.tw,04-25283556#212、296,商業經營科:133(不限);國際貿易科:135(不限);資料處理科:102(不限);應用英語科:69(不限),439,439,115學年度中投區高級中等學校免試入學委員會「招生名額查詢」;一般生實際招生名額;擷取時間:2026/8/10 16:44:26,以商業經營科、國際貿易科、資料處理科、應用英語科多元科別為特色;未標示固定資優班公告。,,"依官網招生科別與課程計畫,課程方向包含商業經營科;專業科目與校訂課程依各科課程計畫辦理。",商業經營、國際貿易、資料處理、應用英語等科依課程計畫辦理商業實務、資訊應用、語言與專題製作。,"官網交通頁列202、203、900、900繞、900跳蛙及235直達校門;152至市府衛生局,700、900、901、956至豐原分局等。",公車站點與路線依校方交通資訊頁;學生也可由豐原火車站依官網所列路線轉乘。,"校方設學生宿舍,115學年度新生專區已公布住宿申請、床位與入住注意事項。",Google Maps（校園周邊餐飲、便利商店、醫療、車站／站牌）：https://www.google.com/maps/search/?api=1&query=420305%20%E8%87%BA%E4%B8%AD%E5%B8%82%E8%B1%90%E5%8E%9F%E5%8D%80%E5%9C%93%E7%92%B0%E5%8D%97%E8%B7%AF50%E8%99%9F；學校官網：https://fyvs.tc.edu.tw,https://fyvs.tc.edu.tw/p/412-1085-4982.php,https://fyvs.tc.edu.tw/p/412-1085-15146.php,https://www.google.com/maps/search/?api=1&query=420305%20%E8%87%BA%E4%B8%AD%E5%B8%82%E8%B1%90%E5%8E%9F%E5%8D%80%E5%9C%93%E7%92%B0%E5%8D%97%E8%B7%AF50%E8%99%9F,https://fyvs.tc.edu.tw/p/412-1085-4982.php,https://fyvs.tc.edu.tw,https://fyvs.tc.edu.tw/
中投區,,063402,臺中市立大甲工業高級中等學校,公立,中投區免試入學日間部,高職,男女校,臺中市,大甲區,437024 臺中市大甲區頂店里開元路71號,https://tcvs.tc.edu.tw,04-26874132#113、120,機械科:67(不限);資訊科:33(不限);電子科:64(不限);電機科:66(不限);建築科:64(不限);製圖科:31(不限),325,325,115學年度中投區高級中等學校免試入學委員會「招生名額查詢」;一般生實際招生名額;擷取時間:2026/8/10 16:44:26,以機械科、資訊科、電子科、電機科、建築科等多元科別為特色;未標示固定資優班公告。,,"依官網招生科別與課程計畫,課程方向包含機械科;專業科目與校訂課程依各科課程計畫辦理。",機械、資訊、電子、電機、建築、製圖等科依實習處與各科課程辦理專業實習、技能競賽與專題/實作。,官網交通頁列95、211、657於「大甲高工」站;92、154、157、210、213、215、658、811、813於「甲工入口」站;臺鐵可使用大甲站。,固定公車站與路線、臺鐵大甲站均依校方交通頁。,學校官網未標示115學年度校內學生宿舍申請資訊。,Google Maps（校園周邊餐飲、便利商店、醫療、車站／站牌）：https://www.google.com/maps/search/?api=1&query=437024%20%E8%87%BA%E4%B8%AD%E5%B8%82%E5%A4%A7%E7%94%B2%E5%8D%80%E9%A0%82%E5%BA%97%E9%87%8C%E9%96%8B%E5%85%83%E8%B7%AF71%E8%99%9F；學校官網：https://tcvs.tc.edu.tw,https://tcvs.tc.edu.tw/p/404-1084-49667.php,https://tcvs.tc.edu.tw,https://www.google.com/maps/search/?api=1&query=437024%20%E8%87%BA%E4%B8%AD%E5%B8%82%E5%A4%A7%E7%94%B2%E5%8D%80%E9%A0%82%E5%BA%97%E9%87%8C%E9%96%8B%E5%85%83%E8%B7%AF71%E8%99%9F,https://tcvs.tc.edu.tw/p/404-1084-49667.php,https://tcvs.tc.edu.tw,https://tcvs.tc.edu.tw/
中投區,,063404,臺中市立東勢工業高級中等學校,公立,中投區免試入學日間部,高職,男女校,臺中市,東勢區,423311 臺中市東勢區東關路六段1328號,https://tsvs.tc.edu.tw,04-25872136#103,機械科:66(不限);汽車科:68(不限);資訊科:34(不限);電子科:34(不限);電機科:67(不限);建築科:34(不限);化工科:69(不限);製圖科:34(不限);室內空間設計科:34(不限);家具設計科:34(不限),474,474,115學年度中投區高級中等學校免試入學委員會「招生名額查詢」;一般生實際招生名額;擷取時間:2026/8/10 16:44:26,以機械科、汽車科、資訊科、電子科、電機科等多元科別為特色;未標示固定資優班公告。,,"依官網招生科別與課程計畫,課程方向包含機械科;專業科目與校訂課程依各科課程計畫辦理。",機械、汽車、資電、建築、化工、製圖、室內空間與家具設計等科依實習處與各科辦理專業實習、技能競賽與專題/實作。,官網設「專車訊息」專區;網站目前未標示可直接引用的115學年度固定公車到校班次。,學生專車依校方「專車訊息」公告;網站未標示固定大眾運輸班次或步行時間。,學校官網未標示115學年度校內學生宿舍申請資訊。,Google Maps（校園周邊餐飲、便利商店、醫療、車站／站牌）：https://www.google.com/maps/search/?api=1&query=423311%20%E8%87%BA%E4%B8%AD%E5%B8%82%E6%9D%B1%E5%8B%A2%E5%8D%80%E6%9D%B1%E9%97%9C%E8%B7%AF%E5%85%AD%E6%AE%B51328%E8%99%9F；學校官網：https://tsvs.tc.edu.tw,https://tsvs.tc.edu.tw/p/412-1083-7373.php,https://tsvs.tc.edu.tw,https://www.google.com/maps/search/?api=1&query=423311%20%E8%87%BA%E4%B8%AD%E5%B8%82%E6%9D%B1%E5%8B%A2%E5%8D%80%E6%9D%B1%E9%97%9C%E8%B7%AF%E5%85%AD%E6%AE%B51328%E8%99%9F,https://tsvs.tc.edu.tw/p/412-1083-7373.php,https://tsvs.tc.edu.tw,https://tsvs.tc.edu.tw/
中投區,,063407,臺中市立沙鹿工業高級中等學校,公立,中投區免試入學日間部,高職,男女校,臺中市,沙鹿區,433029 臺中市沙鹿區臺灣大道七段823號,https://slvs.tc.edu.tw,04-26621795#203、207,機械科:34(不限);汽車科:68(不限);資訊科:33(不限);電子科:33(不限);化工科:70(不限);紡織科(產特):70(不限);染整科(產特):35(不限);製圖科:33(不限);資料處理科:35(不限),411,411,115學年度中投區高級中等學校免試入學委員會「招生名額查詢」;一般生實際招生名額;擷取時間:2026/8/10 16:44:26,紡織科、染整科為產業特殊需求類科;其餘各科以專業實習、證照與升學就業銜接為特色。,,"依官網招生科別與課程計畫,課程方向包含機械科;專業科目與校訂課程依各科課程計畫辦理。","各專業科有專業實習與「專題實作/專題製作」課程,並依科別進行技能、作品與專題成果。",官網交通資料列海線鐵路與學生交通路線;實際學生專車站點依校方交通公告。,學生專車與鐵路通勤依校方交通資訊;網站未標示全校統一固定步行時間。,"校方設學生宿舍,官網學生住宿專區列有住宿申請與宿舍管理規定。",Google Maps（校園周邊餐飲、便利商店、醫療、車站／站牌）：https://www.google.com/maps/search/?api=1&query=433029%20%E8%87%BA%E4%B8%AD%E5%B8%82%E6%B2%99%E9%B9%BF%E5%8D%80%E8%87%BA%E7%81%A3%E5%A4%A7%E9%81%93%E4%B8%83%E6%AE%B5823%E8%99%9F；學校官網：https://slvs.tc.edu.tw,https://slvs.tc.edu.tw/,https://slvs.tc.edu.tw/p/412-1082-10095.php?Lang=zh-tw,https://www.google.com/maps/search/?api=1&query=433029%20%E8%87%BA%E4%B8%AD%E5%B8%82%E6%B2%99%E9%B9%BF%E5%8D%80%E8%87%BA%E7%81%A3%E5%A4%A7%E9%81%93%E4%B8%83%E6%AE%B5823%E8%99%9F,https://slvs.tc.edu.tw/,https://slvs.tc.edu.tw,https://slvs.tc.edu.tw/
中投區,,063408,臺中市立霧峰農業工業高級中等學校,公立,中投區免試入學日間部,高職,男女校,臺中市,霧峰區,413010 臺中市霧峰區中正路1222號,https://wufai.tc.edu.tw,04-23303118#203,園藝科(產特):35(不限);食品加工科:34(不限);機械科:67(不限);汽車科:34(不限);電子科:69(不限);電機科:68(不限);餐飲管理科:34(不限),341,341,115學年度中投區高級中等學校免試入學委員會「招生名額查詢」;一般生實際招生名額;擷取時間:2026/8/10 16:44:26,園藝科為產業特殊需求類科;其餘各科以專業實習、證照與升學就業銜接為特色。,,農業、食品與餐旅、汽車、機械、電機、電子等技術型課程;本表招生科別包含餐飲管理、食品加工與汽車。,"官網設實習處及各專業科,課程以專業實習與技能實作為核心;網站未標示全校統一專題題目。",官方交通資料列明:臺中車站可搭200、107、108或50路公車至「霧峰農工」;高鐵臺中站可搭151路前往霧峰地區。,官網交通資料已列固定公車路線;進修部夜間回程班次網站未標示。,學校官網未標示115學年度校內學生宿舍申請資訊。,Google Maps（校園周邊餐飲、便利商店、醫療、車站／站牌）：https://www.google.com/maps/search/?api=1&query=413010%20%E8%87%BA%E4%B8%AD%E5%B8%82%E9%9C%A7%E5%B3%B0%E5%8D%80%E4%B8%AD%E6%AD%A3%E8%B7%AF1222%E8%99%9F；學校官網：https://wufai.tc.edu.tw,https://school.tc.edu.tw/open-message/193518/get-file/656d1978ee73253190624865.pdf,https://wufai.tc.edu.tw/,https://www.google.com/maps/search/?api=1&query=413010%20%E8%87%BA%E4%B8%AD%E5%B8%82%E9%9C%A7%E5%B3%B0%E5%8D%80%E4%B8%AD%E6%AD%A3%E8%B7%AF1222%E8%99%9F,https://wufai.tc.edu.tw/,https://wufai.tc.edu.tw/,https://wufai.tc.edu.tw/
中投區,,063C01,臺中市立豐原商業高級中等學校進修部,公立,中投區免試入學進修部,進修部,男女校,臺中市,豐原區,420305 臺中市豐原區圓環南路50號,https://fyvs.tc.edu.tw,04-25283556#262,商業經營科(夜間班):19(不限);資料處理科(夜間班):12(不限),31,31,115學年度中投區高級中等學校免試入學委員會「招生名額查詢」;一般生實際招生名額;擷取時間:2026/8/10 16:44:26,"進修部依當年度核定科別開班;官網未標示另設固定資優班,實際班別以進修部公告為準。",,"依官網招生科別與課程計畫,課程方向包含商業經營科;專業科目與校訂課程依各科課程計畫辦理。",商業經營、國際貿易、資料處理、應用英語等科依課程計畫辦理商業實務、資訊應用、語言與專題製作。,"校本部交通資訊:官網交通頁列202、203、900、900繞、900跳蛙及235直達校門;152至市府衛生局,700、900、901、956至豐原分局等。 進修部官網未標示夜間固定學生專車或夜間專用交通班次。",進修部官網未標示夜間固定學生專車、放學後公共運輸班次或固定通勤時間;不可將日間部學生專車視為進修部可搭乘。,進修部官網未標示進修部學生住宿申請資格。,Google Maps（校園周邊餐飲、便利商店、醫療、車站／站牌）：https://www.google.com/maps/search/?api=1&query=420305%20%E8%87%BA%E4%B8%AD%E5%B8%82%E8%B1%90%E5%8E%9F%E5%8D%80%E5%9C%93%E7%92%B0%E5%8D%97%E8%B7%AF50%E8%99%9F；學校官網：https://fyvs.tc.edu.tw,https://fyvs.tc.edu.tw/p/412-1085-4982.php,https://fyvs.tc.edu.tw,https://www.google.com/maps/search/?api=1&query=420305%20%E8%87%BA%E4%B8%AD%E5%B8%82%E8%B1%90%E5%8E%9F%E5%8D%80%E5%9C%93%E7%92%B0%E5%8D%97%E8%B7%AF50%E8%99%9F,https://fyvs.tc.edu.tw/p/412-1085-4982.php,https://fyvs.tc.edu.tw,https://fyvs.tc.edu.tw/
中投區,,063C02,臺中市立大甲工業高級中等學校進修部,公立,中投區免試入學進修部,進修部,男女校,臺中市,大甲區,437024 臺中市大甲區頂店里開元路71號,https://tcvs.tc.edu.tw,04-26874132#502,建築科(夜間班):39(不限),39,39,115學年度中投區高級中等學校免試入學委員會「招生名額查詢」;一般生實際招生名額;擷取時間:2026/8/10 16:44:26,"進修部依當年度核定科別開班;官網未標示另設固定資優班,實際班別以進修部公告為準。",,"依官網招生科別與課程計畫,課程方向包含建築科;專業科目與校訂課程依各科課程計畫辦理。",機械、資訊、電子、電機、建築、製圖等科依實習處與各科課程辦理專業實習、技能競賽與專題/實作。,校本部交通資訊:官網交通頁列95、211、657於「大甲高工」站;92、154、157、210、213、215、658、811、813於「甲工入口」站;臺鐵可使用大甲站。 進修部官網未標示夜間固定學生專車或夜間專用交通班次。,進修部官網未標示夜間固定學生專車、放學後公共運輸班次或固定通勤時間;不可將日間部學生專車視為進修部可搭乘。,進修部官網未標示進修部學生住宿申請資格。,Google Maps（校園周邊餐飲、便利商店、醫療、車站／站牌）：https://www.google.com/maps/search/?api=1&query=437024%20%E8%87%BA%E4%B8%AD%E5%B8%82%E5%A4%A7%E7%94%B2%E5%8D%80%E9%A0%82%E5%BA%97%E9%87%8C%E9%96%8B%E5%85%83%E8%B7%AF71%E8%99%9F；學校官網：https://tcvs.tc.edu.tw,https://tcvs.tc.edu.tw/p/404-1084-49667.php,https://tcvs.tc.edu.tw,https://www.google.com/maps/search/?api=1&query=437024%20%E8%87%BA%E4%B8%AD%E5%B8%82%E5%A4%A7%E7%94%B2%E5%8D%80%E9%A0%82%E5%BA%97%E9%87%8C%E9%96%8B%E5%85%83%E8%B7%AF71%E8%99%9F,https://tcvs.tc.edu.tw/p/404-1084-49667.php,https://tcvs.tc.edu.tw,https://tcvs.tc.edu.tw/
中投區,,063C04,臺中市立東勢工業高級中等學校進修部,公立,中投區免試入學進修部,進修部,男女校,臺中市,東勢區,423311 臺中市東勢區東關路六段1328號,https://tsvs.tc.edu.tw,04-25872136#607,機械科(夜間班):39(不限),39,39,115學年度中投區高級中等學校免試入學委員會「招生名額查詢」;一般生實際招生名額;擷取時間:2026/8/10 16:44:26,"進修部依當年度核定科別開班;官網未標示另設固定資優班,實際班別以進修部公告為準。",,"依官網招生科別與課程計畫,課程方向包含機械科;專業科目與校訂課程依各科課程計畫辦理。",機械、汽車、資電、建築、化工、製圖、室內空間與家具設計等科依實習處與各科辦理專業實習、技能競賽與專題/實作。,校本部交通資訊:官網設「專車訊息」專區;網站目前未標示可直接引用的115學年度固定公車到校班次。 進修部官網未標示夜間固定學生專車或夜間專用交通班次。,進修部官網未標示夜間固定學生專車、放學後公共運輸班次或固定通勤時間;不可將日間部學生專車視為進修部可搭乘。,進修部官網未標示進修部學生住宿申請資格。,Google Maps（校園周邊餐飲、便利商店、醫療、車站／站牌）：https://www.google.com/maps/search/?api=1&query=423311%20%E8%87%BA%E4%B8%AD%E5%B8%82%E6%9D%B1%E5%8B%A2%E5%8D%80%E6%9D%B1%E9%97%9C%E8%B7%AF%E5%85%AD%E6%AE%B51328%E8%99%9F；學校官網：https://tsvs.tc.edu.tw,https://tsvs.tc.edu.tw/p/412-1083-7373.php,https://tsvs.tc.edu.tw,https://www.google.com/maps/search/?api=1&query=423311%20%E8%87%BA%E4%B8%AD%E5%B8%82%E6%9D%B1%E5%8B%A2%E5%8D%80%E6%9D%B1%E9%97%9C%E8%B7%AF%E5%85%AD%E6%AE%B51328%E8%99%9F,https://tsvs.tc.edu.tw/p/412-1083-7373.php,https://tsvs.tc.edu.tw,https://tsvs.tc.edu.tw/
中投區,,063C07,臺中市立沙鹿工業高級中等學校進修部,公立,中投區免試入學進修部,進修部,男女校,臺中市,沙鹿區,433029 臺中市沙鹿區臺灣大道七段823號,https://slvs.tc.edu.tw,04-26621795#262,機械科(夜間班):36(不限);汽車科(夜間班):36(不限);電子科(夜間班):36(不限);紡織科(產特)(夜間班):36(不限),144,144,115學年度中投區高級中等學校免試入學委員會「招生名額查詢」;一般生實際招生名額;擷取時間:2026/8/10 16:44:26,"進修部設紡織科(夜間班)產業特殊需求類科;其餘依核定夜間/日間班辦理,未另設資優班。",,"依官網招生科別與課程計畫,課程方向包含機械科;專業科目與校訂課程依各科課程計畫辦理。","各專業科有專業實習與「專題實作/專題製作」課程,並依科別進行技能、作品與專題成果。",校本部交通資訊:官網交通資料列海線鐵路與學生交通路線;實際學生專車站點依校方交通公告。 進修部官網未標示夜間固定學生專車或夜間專用交通班次。,進修部官網未標示夜間固定學生專車、放學後公共運輸班次或固定通勤時間;不可將日間部學生專車視為進修部可搭乘。,進修部官網未標示進修部學生住宿申請資格。,Google Maps（校園周邊餐飲、便利商店、醫療、車站／站牌）：https://www.google.com/maps/search/?api=1&query=433029%20%E8%87%BA%E4%B8%AD%E5%B8%82%E6%B2%99%E9%B9%BF%E5%8D%80%E8%87%BA%E7%81%A3%E5%A4%A7%E9%81%93%E4%B8%83%E6%AE%B5823%E8%99%9F；學校官網：https://slvs.tc.edu.tw,https://slvs.tc.edu.tw/,https://slvs.tc.edu.tw,https://www.google.com/maps/search/?api=1&query=433029%20%E8%87%BA%E4%B8%AD%E5%B8%82%E6%B2%99%E9%B9%BF%E5%8D%80%E8%87%BA%E7%81%A3%E5%A4%A7%E9%81%93%E4%B8%83%E6%AE%B5823%E8%99%9F,https://slvs.tc.edu.tw/,https://slvs.tc.edu.tw,https://slvs.tc.edu.tw/
中投區,,063C08,臺中市立霧峰農業工業高級中等學校進修部,公立,中投區免試入學進修部,進修部,男女校,臺中市,霧峰區,413010 臺中市霧峰區中正路1222號,https://wufai.tc.edu.tw,04-23303118#802,食品加工科(夜間班):22(不限);汽車科(夜間班):22(不限),44,44,115學年度中投區高級中等學校免試入學委員會「招生名額查詢」;一般生實際招生名額;擷取時間:2026/8/10 16:44:26,"進修部依當年度核定科別開班;官網未標示另設固定資優班,實際班別以進修部公告為準。",,農業、食品與餐旅、汽車、機械、電機、電子等技術型課程;本表招生科別包含餐飲管理、食品加工與汽車。,"官網設實習處及各專業科,課程以專業實習與技能實作為核心;網站未標示全校統一專題題目。",校本部交通資訊:官方交通資料列明:臺中車站可搭200、107、108或50路公車至「霧峰農工」;高鐵臺中站可搭151路前往霧峰地區。 進修部官網未標示夜間固定學生專車或夜間專用交通班次。,進修部官網未標示夜間固定學生專車、放學後公共運輸班次或固定通勤時間;不可將日間部學生專車視為進修部可搭乘。,進修部官網未標示進修部學生住宿申請資格。,Google Maps（校園周邊餐飲、便利商店、醫療、車站／站牌）：https://www.google.com/maps/search/?api=1&query=413010%20%E8%87%BA%E4%B8%AD%E5%B8%82%E9%9C%A7%E5%B3%B0%E5%8D%80%E4%B8%AD%E6%AD%A3%E8%B7%AF1222%E8%99%9F；學校官網：https://wufai.tc.edu.tw,https://school.tc.edu.tw/open-message/193518/get-file/656d1978ee73253190624865.pdf,https://wufai.tc.edu.tw,https://www.google.com/maps/search/?api=1&query=413010%20%E8%87%BA%E4%B8%AD%E5%B8%82%E9%9C%A7%E5%B3%B0%E5%8D%80%E4%B8%AD%E6%AD%A3%E8%B7%AF1222%E8%99%9F,https://wufai.tc.edu.tw/,https://wufai.tc.edu.tw/,https://wufai.tc.edu.tw/
中投區,,064308,臺中市立后綜高級中學,公立,中投區免試入學日間部,高中,男女校,臺中市,后里區,421303 臺中市后里區三豐路三段968號,https://hzsh.tc.edu.tw,04-25562012#1107,普通科:264(不限),264,264,115學年度中投區高級中等學校免試入學委員會「招生名額查詢」;一般生實際招生名額;擷取時間:2026/8/10 16:44:26,校方官網未標示固定資優班/特色班招生;實際班別與校本特色課程依當年度公告。,,"普通高中課程,以部定必修、加深加廣、多元選修、彈性學習與自主學習為主;校本特色依學校課程計畫辦理。",不設固定職業實習;探究實作、自主學習與專題成果依高中課程計畫辦理。,"官網列高中專車;大眾運輸可在「啟明學校(三豐路)」站搭92、213、155等,另列212、215、813;臺鐵使用后里站。",高中專車與公車站點依校方交通頁;臺鐵使用后里站。,學校官網未標示115學年度校內學生宿舍申請資訊。,Google Maps（校園周邊餐飲、便利商店、醫療、車站／站牌）：https://www.google.com/maps/search/?api=1&query=421303%20%E8%87%BA%E4%B8%AD%E5%B8%82%E5%90%8E%E9%87%8C%E5%8D%80%E4%B8%89%E8%B1%90%E8%B7%AF%E4%B8%89%E6%AE%B5968%E8%99%9F；學校官網：https://hzsh.tc.edu.tw,https://hzsh.tc.edu.tw/p/412-1071-4771.php,https://hzsh.tc.edu.tw,https://www.google.com/maps/search/?api=1&query=421303%20%E8%87%BA%E4%B8%AD%E5%B8%82%E5%90%8E%E9%87%8C%E5%8D%80%E4%B8%89%E8%B1%90%E8%B7%AF%E4%B8%89%E6%AE%B5968%E8%99%9F,https://hzsh.tc.edu.tw/p/412-1071-4771.php,https://hzsh.tc.edu.tw,https://hzsh.tc.edu.tw/
中投區,,064324,臺中市立大里高級中學,公立,中投區免試入學日間部,高中,男女校,臺中市,大里區,臺中市大里區國中路365號,https://dlsh.tc.edu.tw,04-24067870#215,普通科:188(不限),188,188,115學年度中投區高級中等學校免試入學委員會「招生名額查詢」;一般生實際招生名額;擷取時間:2026/8/10 16:44:26,校方官網未標示固定資優班/特色班招生;實際班別與校本特色課程依當年度公告。,,"普通高中課程,以部定必修、加深加廣、多元選修、彈性學習與自主學習為主;校本特色依學校課程計畫辦理。","不設固定職業實習;網站未標示全校統一專題內容,探究實作與自主學習依校方課程計畫辦理。",學校官網未標示具體大眾運輸到校路線或固定學生專車班次。,網站未標示固定通勤班次、站點或步行時間。,學校官網未標示115學年度校內學生宿舍申請資訊。,Google Maps（校園周邊餐飲、便利商店、醫療、車站／站牌）：https://www.google.com/maps/search/?api=1&query=%E8%87%BA%E4%B8%AD%E5%B8%82%E5%A4%A7%E9%87%8C%E5%8D%80%E5%9C%8B%E4%B8%AD%E8%B7%AF365%E8%99%9F；學校官網：https://dlsh.tc.edu.tw,https://dlsh.tc.edu.tw,https://dlsh.tc.edu.tw,https://www.google.com/maps/search/?api=1&query=%E8%87%BA%E4%B8%AD%E5%B8%82%E5%A4%A7%E9%87%8C%E5%8D%80%E5%9C%8B%E4%B8%AD%E8%B7%AF365%E8%99%9F,https://dlsh.tc.edu.tw,https://dlsh.tc.edu.tw,https://dlsh.tc.edu.tw
中投區,,064328,臺中市立新社高級中學,公立,中投區免試入學日間部,高中,男女校,臺中市,新社區,臺中市新社區中和街三段國中巷10號,https://sshs.tc.edu.tw,04-25812116#213,普通科:130(不限);農場經營科(產特):30(不限);園藝科(產特):29(不限);商業經營科:33(不限);資料處理科:30(不限),252,252,115學年度中投區高級中等學校免試入學委員會「招生名額查詢」;一般生實際招生名額;擷取時間:2026/8/10 16:44:26,"體育班(自行車、射擊等專長);農場經營、園藝為產業特殊需求類科,並發展在地農業特色。",,"普通科學術探索,農業類科結合園藝、農場實作;校本課程連結新社花海、農業休憩觀光與永續議題。","不設固定職業實習;網站未標示全校統一專題內容,探究實作與自主學習依校方課程計畫辦理。",官網提供交通與學生專車資訊;學生專車路線依校方公告。,學生專車與到校交通依校方交通頁;網站未標示全校統一固定步行時間。,學校官網未標示115學年度校內學生宿舍申請資訊。,Google Maps（校園周邊餐飲、便利商店、醫療、車站／站牌）：https://www.google.com/maps/search/?api=1&query=%E8%87%BA%E4%B8%AD%E5%B8%82%E6%96%B0%E7%A4%BE%E5%8D%80%E4%B8%AD%E5%92%8C%E8%A1%97%E4%B8%89%E6%AE%B5%E5%9C%8B%E4%B8%AD%E5%B7%B710%E8%99%9F；學校官網：https://sshs.tc.edu.tw,https://sshs.tc.edu.tw/p/426-1069-4.php,https://sshs.tc.edu.tw,https://www.google.com/maps/search/?api=1&query=%E8%87%BA%E4%B8%AD%E5%B8%82%E6%96%B0%E7%A4%BE%E5%8D%80%E4%B8%AD%E5%92%8C%E8%A1%97%E4%B8%89%E6%AE%B5%E5%9C%8B%E4%B8%AD%E5%B7%B710%E8%99%9F,https://sshs.tc.edu.tw,https://sshs.tc.edu.tw,https://sshs.tc.edu.tw
中投區,,064336,臺中市立長億高級中學,公立,中投區免試入學日間部,高中,男女校,臺中市,太平區,臺中市太平區長億里長億六街1號,https://cyhs.tc.edu.tw,04-22704022#112,普通科:195(不限),195,195,115學年度中投區高級中等學校免試入學委員會「招生名額查詢」;一般生實際招生名額;擷取時間:2026/8/10 16:44:26,"發展國際雙語教育、雙語實驗課程、美術班與體育班,實際招生與編班依年度公告。",,"普通高中課程,以部定必修、加深加廣、多元選修、彈性學習與自主學習為主;校本特色依學校課程計畫辦理。","不設固定職業實習;網站未標示全校統一專題內容,探究實作與自主學習依校方課程計畫辦理。",官網提供學校交通/位置資訊;網站未標示固定學生專車班次。,網站未標示固定學生專車或全校統一通勤時間。,學校官網未標示115學年度校內學生宿舍申請資訊。,Google Maps（校園周邊餐飲、便利商店、醫療、車站／站牌）：https://www.google.com/maps/search/?api=1&query=%E8%87%BA%E4%B8%AD%E5%B8%82%E5%A4%AA%E5%B9%B3%E5%8D%80%E9%95%B7%E5%84%84%E9%87%8C%E9%95%B7%E5%84%84%E5%85%AD%E8%A1%971%E8%99%9F；學校官網：https://cyhs.tc.edu.tw,https://cyhs.tc.edu.tw/p/412-1072-82.php,https://cyhs.tc.edu.tw,https://www.google.com/maps/search/?api=1&query=%E8%87%BA%E4%B8%AD%E5%B8%82%E5%A4%AA%E5%B9%B3%E5%8D%80%E9%95%B7%E5%84%84%E9%87%8C%E9%95%B7%E5%84%84%E5%85%AD%E8%A1%971%E8%99%9F,https://cyhs.tc.edu.tw,https://cyhs.tc.edu.tw,https://cyhs.tc.edu.tw
中投區,,064342,臺中市立中港高級中學,公立,中投區免試入學日間部,高中,男女校,臺中市,梧棲區,臺中市梧棲區文昌路400號,https://cgsh.tc.edu.tw,04-26578270#9202,普通科:198(不限),198,198,115學年度中投區高級中等學校免試入學委員會「招生名額查詢」;一般生實際招生名額;擷取時間:2026/8/10 16:44:26,校方官網未標示固定資優班/特色班招生;實際班別與校本特色課程依當年度公告。,,"普通高中課程,以部定必修、加深加廣、多元選修、彈性學習與自主學習為主;校本特色依學校課程計畫辦理。","不設固定職業實習;網站未標示全校統一專題內容,探究實作與自主學習依校方課程計畫辦理。",學校官網未標示具體大眾運輸到校路線或固定學生專車班次。,網站未標示固定通勤班次、站點或步行時間。,學校官網未標示115學年度校內學生宿舍申請資訊。,Google Maps（校園周邊餐飲、便利商店、醫療、車站／站牌）：https://www.google.com/maps/search/?api=1&query=%E8%87%BA%E4%B8%AD%E5%B8%82%E6%A2%A7%E6%A3%B2%E5%8D%80%E6%96%87%E6%98%8C%E8%B7%AF400%E8%99%9F；學校官網：https://cgsh.tc.edu.tw,https://cgsh.tc.edu.tw,https://cgsh.tc.edu.tw,https://www.google.com/maps/search/?api=1&query=%E8%87%BA%E4%B8%AD%E5%B8%82%E6%A2%A7%E6%A3%B2%E5%8D%80%E6%96%87%E6%98%8C%E8%B7%AF400%E8%99%9F,https://cgsh.tc.edu.tw,https://cgsh.tc.edu.tw,https://cgsh.tc.edu.tw
中投區,,064350,臺中市立龍津高級中等學校,公立,中投區免試入學日間部,高中,男女校,臺中市,龍井區,臺中市龍井區三港路130號,https://ljjhs.tc.edu.tw,04-26304536#714、710,普通科:118(不限),118,118,115學年度中投區高級中等學校免試入學委員會「招生名額查詢」;一般生實際招生名額;擷取時間:2026/8/10 16:44:26,高中部設美術班、體育班;普通班另發展海洋教育、跨域與國際教育課程。,,普通型課程結合多元選修、自主學習;發展海洋教育、跨域專題、在地文化與國際交流。,"不設固定職業實習;網站未標示全校統一專題內容,探究實作與自主學習依校方課程計畫辦理。",官網提供交通資訊;固定到校路線與站點依校方交通頁。,大眾運輸與到校站點依校方交通資訊頁。,學校官網未標示115學年度校內學生宿舍申請資訊。,Google Maps（校園周邊餐飲、便利商店、醫療、車站／站牌）：https://www.google.com/maps/search/?api=1&query=%E8%87%BA%E4%B8%AD%E5%B8%82%E9%BE%8D%E4%BA%95%E5%8D%80%E4%B8%89%E6%B8%AF%E8%B7%AF130%E8%99%9F；學校官網：https://ljjhs.tc.edu.tw,https://ljjhs.tc.edu.tw/p/404-1080-43208.php?Lang=zh-tw,https://ljjhs.tc.edu.tw,https://www.google.com/maps/search/?api=1&query=%E8%87%BA%E4%B8%AD%E5%B8%82%E9%BE%8D%E4%BA%95%E5%8D%80%E4%B8%89%E6%B8%AF%E8%B7%AF130%E8%99%9F,https://ljjhs.tc.edu.tw,https://ljjhs.tc.edu.tw,https://ljjhs.tc.edu.tw
中投區,,064406,臺中市立神岡工業高級中等學校,公立,中投區免試入學日間部,高職,男女校,臺中市,神岡區,臺中市神岡區中山路627號,https://sgihs.tc.edu.tw,04-25623421#612,機械科:59(不限),59,59,115學年度中投區高級中等學校免試入學委員會「招生名額查詢」;一般生實際招生名額;擷取時間:2026/8/10 16:44:26,校方官網未標示固定資優班/特色班招生;實際班別與校本特色課程依當年度公告。,,"依官網招生科別與課程計畫,課程方向包含機械科;專業科目與校訂課程依各科課程計畫辦理。",網站未標示全校統一專題題目;各專業科實習/專題以校方課程計畫與實習處公告為準。,學校官網未標示具體大眾運輸到校路線或固定學生專車班次。,網站未標示固定通勤班次、站點或步行時間。,學校官網未標示115學年度校內學生宿舍申請資訊。,Google Maps（校園周邊餐飲、便利商店、醫療、車站／站牌）：https://www.google.com/maps/search/?api=1&query=%E8%87%BA%E4%B8%AD%E5%B8%82%E7%A5%9E%E5%B2%A1%E5%8D%80%E4%B8%AD%E5%B1%B1%E8%B7%AF627%E8%99%9F；學校官網：https://sgihs.tc.edu.tw,https://sgihs.tc.edu.tw,https://sgihs.tc.edu.tw,https://www.google.com/maps/search/?api=1&query=%E8%87%BA%E4%B8%AD%E5%B8%82%E7%A5%9E%E5%B2%A1%E5%8D%80%E4%B8%AD%E5%B1%B1%E8%B7%AF627%E8%99%9F,https://sgihs.tc.edu.tw,https://sgihs.tc.edu.tw,https://sgihs.tc.edu.tw
中投區,,064B08,臺中市立后綜高級中學進修部,公立,中投區免試入學進修部,進修部,男女校,臺中市,后里區,421303 臺中市后里區三豐路三段968號,https://hzsh.tc.edu.tw,04-25562012#3151、3152,普通科(夜間班):25(不限),25,25,115學年度中投區高級中等學校免試入學委員會「招生名額查詢」;一般生實際招生名額;擷取時間:2026/8/10 16:44:26,"進修部依當年度核定科別開班;官網未標示另設固定資優班,實際班別以進修部公告為準。",,"普通高中課程,以部定必修、加深加廣、多元選修、彈性學習與自主學習為主;校本特色依學校課程計畫辦理。",網站未標示進修部全校統一專題題目;各科實習/專題以進修部課程計畫與實習處公告為準。,"校本部交通資訊:官網列高中專車;大眾運輸可在「啟明學校(三豐路)」站搭92、213、155等,另列212、215、813;臺鐵使用后里站。 進修部官網未標示夜間固定學生專車或夜間專用交通班次。",進修部官網未標示夜間固定學生專車、放學後公共運輸班次或固定通勤時間;不可將日間部學生專車視為進修部可搭乘。,進修部官網未標示進修部學生住宿申請資格。,Google Maps（校園周邊餐飲、便利商店、醫療、車站／站牌）：https://www.google.com/maps/search/?api=1&query=421303%20%E8%87%BA%E4%B8%AD%E5%B8%82%E5%90%8E%E9%87%8C%E5%8D%80%E4%B8%89%E8%B1%90%E8%B7%AF%E4%B8%89%E6%AE%B5968%E8%99%9F；學校官網：https://hzsh.tc.edu.tw,https://hzsh.tc.edu.tw/p/412-1071-4771.php,https://hzsh.tc.edu.tw,https://www.google.com/maps/search/?api=1&query=421303%20%E8%87%BA%E4%B8%AD%E5%B8%82%E5%90%8E%E9%87%8C%E5%8D%80%E4%B8%89%E8%B1%90%E8%B7%AF%E4%B8%89%E6%AE%B5968%E8%99%9F,https://hzsh.tc.edu.tw/p/412-1071-4771.php,https://hzsh.tc.edu.tw,https://hzsh.tc.edu.tw/
中投區,,071414,彰化縣私立達德高級商工職業學校,私立,中投區免試入學日間部,高職,男女校,彰化縣,田中鎮,520 彰化縣田中鎮中南路二段277號,https://www.tdvs.chc.edu.tw,04-8753929#108,汽車科:2(不限);電機科:1(不限);資料處理科:1(不限);餐飲管理科:2(不限);幼兒保育科:2(不限);美容科:1(不限),9,9,115學年度中投區高級中等學校免試入學委員會「招生名額查詢」;一般生實際招生名額;擷取時間:2026/8/10 16:44:26,以汽車科、電機科、資料處理科、餐飲管理科、幼兒保育科等多元科別為特色;未標示固定資優班公告。,,汽車、電機、資料處理、餐飲管理、幼兒保育、美容等工業、資訊、餐旅與家政服務技術課程。,各科以汽車/電機工場實習、資訊實作、餐飲、幼保與美容技能實習為主;網站未標示全校統一專題題目。,官網115學年度學生專車專區公布校車路線與站別;官網未標示固定公車到校班次。,學生專車通勤依校方115學年度路線與站別;網站未標示其他固定通勤班次。,學校官網未標示115學年度校內學生宿舍申請資訊。,Google Maps（校園周邊餐飲、便利商店、醫療、車站／站牌）：https://www.google.com/maps/search/?api=1&query=520%20%E5%BD%B0%E5%8C%96%E7%B8%A3%E7%94%B0%E4%B8%AD%E9%8E%AE%E4%B8%AD%E5%8D%97%E8%B7%AF%E4%BA%8C%E6%AE%B5277%E8%99%9F；學校官網：https://www.tdvs.chc.edu.tw,https://www.tdvs.chc.edu.tw/www/dwc021/,https://www.tdvs.chc.edu.tw/,https://www.google.com/maps/search/?api=1&query=520%20%E5%BD%B0%E5%8C%96%E7%B8%A3%E7%94%B0%E4%B8%AD%E9%8E%AE%E4%B8%AD%E5%8D%97%E8%B7%AF%E4%BA%8C%E6%AE%B5277%E8%99%9F,https://www.tdvs.chc.edu.tw/,https://www.tdvs.chc.edu.tw/,https://www.tdvs.chc.edu.tw/
中投區,,080302,國立南投高級中學,公立,中投區免試入學日間部,高中,男女校,南投縣,南投市,540 南投縣南投市建國路137號,https://www.ntsh.ntct.edu.tw,049-2231175#307、308,普通科:198(不限);電子科:31(不限);電機科:32(不限);建築科:32(不限);美工科:31(不限);電腦機械製圖科:31(不限);電子商務科:32(不限);應用英語科:33(不限),420,420,115學年度中投區高級中等學校免試入學委員會「招生名額查詢」;一般生實際招生名額;擷取時間:2026/8/10 16:44:26,設雙語實驗班、音樂班等特色學習;普通科與電子、電機、建築、設計、商管外語類科並行。,,普通高中與技術型課程並行;本表招生涉及電子、建築、電腦機械製圖等工業技術方向。,技術型科別以電子、建築、製圖等專業實習與專題實作為主;普通科不設固定職業實習。,官網交通資訊頁列自駕到校動線與校園地圖;該頁未標示固定大眾運輸路線。,網站未標示固定大眾運輸班次或步行時間。,校方設有男、女生宿舍並有住宿相關公告;申請與床位依當學年度公告。,Google Maps（校園周邊餐飲、便利商店、醫療、車站／站牌）：https://www.google.com/maps/search/?api=1&query=540%20%E5%8D%97%E6%8A%95%E7%B8%A3%E5%8D%97%E6%8A%95%E5%B8%82%E5%BB%BA%E5%9C%8B%E8%B7%AF137%E8%99%9F；學校官網：https://www.ntsh.ntct.edu.tw,https://www.ntsh.ntct.edu.tw/home?cid=1289,https://www.ntsh.ntct.edu.tw/,https://www.google.com/maps/search/?api=1&query=540%20%E5%8D%97%E6%8A%95%E7%B8%A3%E5%8D%97%E6%8A%95%E5%B8%82%E5%BB%BA%E5%9C%8B%E8%B7%AF137%E8%99%9F,https://www.ntsh.ntct.edu.tw/home?cid=1289,https://www.ntsh.ntct.edu.tw/,https://www.ntsh.ntct.edu.tw/
中投區,,080305,國立中興高級中學,公立,中投區免試入學日間部,高中,男女校,南投縣,南投市,54044 南投縣南投市中興新村中學路2號,https://www.chsh.ntct.edu.tw,049-2332110#1203、1207,普通科:350(不限),350,350,115學年度中投區高級中等學校免試入學委員會「招生名額查詢」;一般生實際招生名額;擷取時間:2026/8/10 16:44:26,校方設有資優班鑑定暨特色班招生專區;實際班別、名額與鑑定方式依當年度公告。,,"普通高中學術課程,搭配多元選修、彈性學習與自主學習。","不設固定職業實習;專題與探究成果依課程、自主學習與競賽活動辦理,網站未標示全校統一專題題目。","官網交通資訊列出國光客運、彰化客運/豐原客運、總達/全航與員林客運等路線,可在「中學路站」下車。",固定公車下車站為「中學路站」;各客運路線依官網交通資訊頁。,校方設有男、女生宿舍並公布宿舍管理與住宿申請資訊。,Google Maps（校園周邊餐飲、便利商店、醫療、車站／站牌）：https://www.google.com/maps/search/?api=1&query=54044%20%E5%8D%97%E6%8A%95%E7%B8%A3%E5%8D%97%E6%8A%95%E5%B8%82%E4%B8%AD%E8%88%88%E6%96%B0%E6%9D%91%E4%B8%AD%E5%AD%B8%E8%B7%AF2%E8%99%9F；學校官網：https://www.chsh.ntct.edu.tw,https://www.chsh.ntct.edu.tw/ischool/publish_page/0/?cid=1256,https://www.chsh.ntct.edu.tw/ischool/publish_page/22/?cid=5898,https://www.google.com/maps/search/?api=1&query=54044%20%E5%8D%97%E6%8A%95%E7%B8%A3%E5%8D%97%E6%8A%95%E5%B8%82%E4%B8%AD%E8%88%88%E6%96%B0%E6%9D%91%E4%B8%AD%E5%AD%B8%E8%B7%AF2%E8%99%9F,https://www.chsh.ntct.edu.tw/ischool/publish_page/0/?cid=1256,https://www.chsh.ntct.edu.tw/,https://www.chsh.ntct.edu.tw/
中投區,,080307,國立竹山高級中學,公立,中投區免試入學日間部,高中,男女校,南投縣,竹山鎮,557002 南投縣竹山鎮枋坪巷1-3號,https://www.cshs.ntct.edu.tw,049-2643344#113、114,綜合高中:148(不限);商業經營科:10(不限);國際貿易科:18(不限);資料處理科:26(不限);廣告設計科:14(不限);多媒體設計科:13(不限),229,229,115學年度中投區高級中等學校免試入學委員會「招生名額查詢」;一般生實際招生名額;擷取時間:2026/8/10 16:44:26,官網列實驗班、自然科、社會科、美術班、體育班及商業/設計群等特色學習路徑。,,綜合高中與商業經營、國際貿易、資料處理、廣告設計、多媒體設計等商管、資訊與設計方向。,"商管/設計科別以專業實習與專題製作為主;綜合高中依學程安排,網站未標示全校統一專題題目。",官網115學年度公告學生交通專車時刻與搭乘名冊;官網首頁未標示固定公車到校路線。,學生交通專車通勤依校方115學年度時刻與名冊;網站未標示其他固定通勤班次。,"校方設有男、女生宿舍,官網宿舍專區公布住宿管理資訊。",Google Maps（校園周邊餐飲、便利商店、醫療、車站／站牌）：https://www.google.com/maps/search/?api=1&query=557002%20%E5%8D%97%E6%8A%95%E7%B8%A3%E7%AB%B9%E5%B1%B1%E9%8E%AE%E6%9E%8B%E5%9D%AA%E5%B7%B71-3%E8%99%9F；學校官網：https://www.cshs.ntct.edu.tw,https://www.cshs.ntct.edu.tw/,https://www.cshs.ntct.edu.tw/ischool/publish_page/4/?cid=2330,https://www.google.com/maps/search/?api=1&query=557002%20%E5%8D%97%E6%8A%95%E7%B8%A3%E7%AB%B9%E5%B1%B1%E9%8E%AE%E6%9E%8B%E5%9D%AA%E5%B7%B71-3%E8%99%9F,https://www.cshs.ntct.edu.tw/,https://www.cshs.ntct.edu.tw/,https://www.cshs.ntct.edu.tw/
中投區,,080308,國立暨南國際大學附屬高級中學,公立,中投區免試入學日間部,高中,男女校,南投縣,埔里鎮,南投縣埔里鎮鐵山路1-6號,https://www.pshs.ntct.edu.tw,049-2913483#202,綜合高中:198(不限);商業經營科:24(不限);國際貿易科:26(不限);資料處理科:27(不限);電子商務科:23(不限),298,298,115學年度中投區高級中等學校免試入學委員會「招生名額查詢」;一般生實際招生名額;擷取時間:2026/8/10 16:44:26,"數理實驗班、語文實驗班;另有綜合高中與商管群專業科別,提供多軌適性選擇。",,"綜高兼顧學術與生涯試探,商管群聚焦商業、國貿、資料處理、電子商務;強調國際觀、實作創新與科學探究。",綜合高中與商管群依學程辦理專業實習、商業實務與專題;網站未標示全校統一專題題目。,校方115學年度新生資訊明確提供學生專車;固定路線與站點依校方專車公告。,學生專車依115學年度校方公告;網站未標示全校統一固定步行時間。,"校方設男、女生宿舍;115學年度新生專區公布住宿申請,男宿可容納72人、女宿78人。",Google Maps（校園周邊餐飲、便利商店、醫療、車站／站牌）：https://www.google.com/maps/search/?api=1&query=%E5%8D%97%E6%8A%95%E7%B8%A3%E5%9F%94%E9%87%8C%E9%8E%AE%E9%90%B5%E5%B1%B1%E8%B7%AF1-6%E8%99%9F；學校官網：https://www.pshs.ntct.edu.tw,https://www.pshs.ntct.edu.tw/ischool/publish_page/417/?cid=8354,https://www.pshs.ntct.edu.tw/ischool/publish_page/417/?cid=7842,https://www.google.com/maps/search/?api=1&query=%E5%8D%97%E6%8A%95%E7%B8%A3%E5%9F%94%E9%87%8C%E9%8E%AE%E9%90%B5%E5%B1%B1%E8%B7%AF1-6%E8%99%9F,https://www.pshs.ntct.edu.tw,https://www.pshs.ntct.edu.tw,https://www.pshs.ntct.edu.tw/
中投區,,080401,國立仁愛高級農業職業學校,公立,中投區免試入學日間部,高職,男女校,南投縣,仁愛鄉,南投縣仁愛鄉大同村山農巷27號,https://www.ravs.ntct.edu.tw,049-2802619#203,農場經營科(產特):18(不限);園藝科(產特):20(不限);森林科(產特):19(不限);空間測繪科(產特):21(不限);觀光事業科:20(不限);家政科:16(不限),114,114,115學年度中投區高級中等學校免試入學委員會「招生名額查詢」;一般生實際招生名額;擷取時間:2026/8/10 16:44:26,"農場經營、園藝、森林、空間測繪為產業特殊需求類科,另有觀光與家政專業。",,"依官網招生科別與課程計畫,課程方向包含農場經營科;專業科目與校訂課程依各科課程計畫辦理。",農場經營、園藝、森林、空間測繪、觀光與家政等科依課程辦理農業/測繪/服務專業實習與實作。,學校官網未標示可直接引用的固定大眾運輸到校路線或115學年度學生專車班次。,網站未標示固定通勤班次、站點或步行時間。,"校方設學生宿舍,可供遠途學生依規定申請住宿。",Google Maps（校園周邊餐飲、便利商店、醫療、車站／站牌）：https://www.google.com/maps/search/?api=1&query=%E5%8D%97%E6%8A%95%E7%B8%A3%E4%BB%81%E6%84%9B%E9%84%89%E5%A4%A7%E5%90%8C%E6%9D%91%E5%B1%B1%E8%BE%B2%E5%B7%B727%E8%99%9F；學校官網：https://www.ravs.ntct.edu.tw,https://www.ravs.ntct.edu.tw,https://www.ravs.ntct.edu.tw/,https://www.google.com/maps/search/?api=1&query=%E5%8D%97%E6%8A%95%E7%B8%A3%E4%BB%81%E6%84%9B%E9%84%89%E5%A4%A7%E5%90%8C%E6%9D%91%E5%B1%B1%E8%BE%B2%E5%B7%B727%E8%99%9F,https://www.ravs.ntct.edu.tw,https://www.ravs.ntct.edu.tw,https://www.ravs.ntct.edu.tw/
中投區,,080403,國立埔里高級工業職業學校,公立,中投區免試入學日間部,高職,男女校,南投縣,埔里鎮,南投縣埔里鎮中山路一段435號,https://www.plvs.ntct.edu.tw,049-2982225#206,機械科:62(不限);資訊科:22(不限);電機科:33(不限);建築科:50(不限);化工科:29(不限),196,196,115學年度中投區高級中等學校免試入學委員會「招生名額查詢」;一般生實際招生名額;擷取時間:2026/8/10 16:44:26,以機械科、資訊科、電機科、建築科、化工科多元科別為特色;未標示固定資優班公告。,,"依官網招生科別與課程計畫,課程方向包含機械科;專業科目與校訂課程依各科課程計畫辦理。",實習處業務包含專業實習、實習報告、技能競賽與專題製作研習;各科依課程進行專業實作與專題。,學校官網未標示可直接引用的固定大眾運輸到校路線或115學年度學生專車班次。,網站未標示固定通勤班次、站點或步行時間。,"校方設學生宿舍,住宿申請依當學年度公告。",Google Maps（校園周邊餐飲、便利商店、醫療、車站／站牌）：https://www.google.com/maps/search/?api=1&query=%E5%8D%97%E6%8A%95%E7%B8%A3%E5%9F%94%E9%87%8C%E9%8E%AE%E4%B8%AD%E5%B1%B1%E8%B7%AF%E4%B8%80%E6%AE%B5435%E8%99%9F；學校官網：https://www.plvs.ntct.edu.tw,https://www.plvs.ntct.edu.tw,https://www.plvs.ntct.edu.tw/,https://www.google.com/maps/search/?api=1&query=%E5%8D%97%E6%8A%95%E7%B8%A3%E5%9F%94%E9%87%8C%E9%8E%AE%E4%B8%AD%E5%B1%B1%E8%B7%AF%E4%B8%80%E6%AE%B5435%E8%99%9F,https://www.plvs.ntct.edu.tw/,https://www.plvs.ntct.edu.tw,https://www.plvs.ntct.edu.tw/ischool/publish_page/11/
中投區,,080404,國立南投高級商業職業學校,公立,中投區免試入學日間部,高職,男女校,南投縣,南投市,540 南投縣南投市三興里彰南路一段993號,https://www.pntcv.ntct.edu.tw,049-2222269#2207~2209,商業經營科:47(不限);會計事務科:29(不限);資料處理科:23(不限);廣告設計科:31(不限);觀光事業科:12(不限);餐飲管理科:30(不限);電子商務科:29(不限);應用英語科:26(不限),227,227,115學年度中投區高級中等學校免試入學委員會「招生名額查詢」;一般生實際招生名額;擷取時間:2026/8/10 16:44:26,以商業經營科、會計事務科、資料處理科、廣告設計科、觀光事業科等多元科別為特色;未標示固定資優班公告。,,商業經營、會計事務、資料處理、廣告設計、觀光、餐飲、電子商務、應用英語等商管、數位、設計與餐旅語文方向。,各科以商業/會計/資訊/設計/觀光餐飲實務與專題製作為主;網站未標示全校統一專題題目。,官網提供「班車路線及通車諮詢」資訊;該頁未標示固定公車班次。,學生班車路線依校方通車資訊;網站未標示其他固定通勤班次。,"校方設有學生宿舍,官網同頁提供學生宿舍住宿與校外租屋諮詢資訊。",Google Maps（校園周邊餐飲、便利商店、醫療、車站／站牌）：https://www.google.com/maps/search/?api=1&query=540%20%E5%8D%97%E6%8A%95%E7%B8%A3%E5%8D%97%E6%8A%95%E5%B8%82%E4%B8%89%E8%88%88%E9%87%8C%E5%BD%B0%E5%8D%97%E8%B7%AF%E4%B8%80%E6%AE%B5993%E8%99%9F；學校官網：https://www.pntcv.ntct.edu.tw,https://www.pntcv.ntct.edu.tw/home?cid=5916,https://www.pntcv.ntct.edu.tw/home?cid=5916,https://www.google.com/maps/search/?api=1&query=540%20%E5%8D%97%E6%8A%95%E7%B8%A3%E5%8D%97%E6%8A%95%E5%B8%82%E4%B8%89%E8%88%88%E9%87%8C%E5%BD%B0%E5%8D%97%E8%B7%AF%E4%B8%80%E6%AE%B5993%E8%99%9F,https://www.pntcv.ntct.edu.tw/home,https://www.pntcv.ntct.edu.tw/,https://www.pntcv.ntct.edu.tw/
中投區,,080406,國立草屯高級商工職業學校,公立,中投區免試入學日間部,高職,男女校,南投縣,草屯鎮,542015 南投縣草屯鎮新庄里20鄰芬草路二段736號,https://www.ttvs.ntct.edu.tw,049-2362082#1208、1210,機械科:60(不限);配管科(產特):29(不限);商業經營科:128(不限);會計事務科:65(不限);資料處理科:64(不限);應用英語科:31(不限),377,377,115學年度中投區高級中等學校免試入學委員會「招生名額查詢」;一般生實際招生名額;擷取時間:2026/8/10 16:44:26,配管科為產業特殊需求類科;其餘商管、外語、機械科以技能、證照及專題實作為主。,,機械、配管、商業經營、會計事務、資料處理、應用英語等工業與商業技術課程。,各科以機械/配管工場實習、商業資訊實務與專題製作為主;網站未標示全校統一專題題目。,官網設交通資訊及學生專車相關資訊;首頁未標示固定公車到校班次。,學生專車站點與時間依校方公告;網站未標示其他固定通勤班次或步行時間。,"校方設有學生宿舍,官網宿舍管理要點列有住宿申請規範。",Google Maps（校園周邊餐飲、便利商店、醫療、車站／站牌）：https://www.google.com/maps/search/?api=1&query=542015%20%E5%8D%97%E6%8A%95%E7%B8%A3%E8%8D%89%E5%B1%AF%E9%8E%AE%E6%96%B0%E5%BA%84%E9%87%8C20%E9%84%B0%E8%8A%AC%E8%8D%89%E8%B7%AF%E4%BA%8C%E6%AE%B5736%E8%99%9F；學校官網：https://www.ttvs.ntct.edu.tw,https://www.ttvs.ntct.edu.tw/,https://www.ttvs.ntct.edu.tw/resource/openfid.php?id=7759,https://www.google.com/maps/search/?api=1&query=542015%20%E5%8D%97%E6%8A%95%E7%B8%A3%E8%8D%89%E5%B1%AF%E9%8E%AE%E6%96%B0%E5%BA%84%E9%87%8C20%E9%84%B0%E8%8A%AC%E8%8D%89%E8%B7%AF%E4%BA%8C%E6%AE%B5736%E8%99%9F,https://www.ttvs.ntct.edu.tw/home?cid=722,https://www.ttvs.ntct.edu.tw/,https://www.ttvs.ntct.edu.tw/
中投區,,080410,國立水里高級商工職業學校,公立,中投區免試入學日間部,綜高,男女校,南投縣,水里鄉,南投縣水里鄉南湖路2號,https://www.slvs.ntct.edu.tw,049-2870666#253、254,普通科:26(不限);資訊科:30(不限);電機科:24(不限);商業經營科:29(不限);觀光事業科:28(不限);餐飲管理科:16(不限);應用日語科:27(不限),180,180,115學年度中投區高級中等學校免試入學委員會「招生名額查詢」;一般生實際招生名額;擷取時間:2026/8/10 16:44:26,普通科、體育班與多元技職科並設;特色包含山野教育、水上運動與山水美學校本課程。,,普通科與商工餐旅外語並行;校訂山水美學結合山野教育、水上運動、在地社區及國際交流。,"普通科與資訊、電機、商經、觀光、餐飲、應日等科並行;專業科依課程辦理實習/實作,網站未標示全校統一專題題目。",學校官網未標示可直接引用的固定大眾運輸到校路線或115學年度學生專車班次。,網站未標示固定通勤班次、站點或步行時間。,"校方設學生宿舍,官網有住宿管理辦法、住宿費與住宿生活規範。",Google Maps（校園周邊餐飲、便利商店、醫療、車站／站牌）：https://www.google.com/maps/search/?api=1&query=%E5%8D%97%E6%8A%95%E7%B8%A3%E6%B0%B4%E9%87%8C%E9%84%89%E5%8D%97%E6%B9%96%E8%B7%AF2%E8%99%9F；學校官網：https://www.slvs.ntct.edu.tw,https://www.slvs.ntct.edu.tw,https://www.slvs.ntct.edu.tw/ischool/publish_page/276/?cid=13661,https://www.google.com/maps/search/?api=1&query=%E5%8D%97%E6%8A%95%E7%B8%A3%E6%B0%B4%E9%87%8C%E9%84%89%E5%8D%97%E6%B9%96%E8%B7%AF2%E8%99%9F,https://www.slvs.ntct.edu.tw,https://www.slvs.ntct.edu.tw,https://www.slvs.ntct.edu.tw/
中投區,,080B05,國立中興高級中學進修部,公立,中投區免試入學進修部,進修部,男女校,南投縣,南投市,54044 南投縣南投市中興新村中學路2號,https://www.chsh.ntct.edu.tw,049-2332110#1702,商業經營科(夜間班):38(不限);資料處理科(夜間班):38(不限),76,76,115學年度中投區高級中等學校免試入學委員會「招生名額查詢」;一般生實際招生名額;擷取時間:2026/8/10 16:44:26,"進修部依當年度核定科別開班;官網未標示另設固定資優班,實際班別以進修部公告為準。",,"普通高中學術課程,搭配多元選修、彈性學習與自主學習。",網站未標示進修部全校統一專題題目;各科實習/專題以進修部課程計畫與實習處公告為準。,"校本部交通資訊:官網交通資訊列出國光客運、彰化客運/豐原客運、總達/全航與員林客運等路線,可在「中學路站」下車。 進修部官網未標示夜間固定學生專車或夜間專用交通班次。",進修部官網未標示夜間固定學生專車、放學後公共運輸班次或固定通勤時間;不可將日間部學生專車視為進修部可搭乘。,進修部官網未標示進修部學生住宿申請資格。,Google Maps（校園周邊餐飲、便利商店、醫療、車站／站牌）：https://www.google.com/maps/search/?api=1&query=54044%20%E5%8D%97%E6%8A%95%E7%B8%A3%E5%8D%97%E6%8A%95%E5%B8%82%E4%B8%AD%E8%88%88%E6%96%B0%E6%9D%91%E4%B8%AD%E5%AD%B8%E8%B7%AF2%E8%99%9F；學校官網：https://www.chsh.ntct.edu.tw,https://www.chsh.ntct.edu.tw/ischool/publish_page/0/?cid=1256,https://www.chsh.ntct.edu.tw,https://www.google.com/maps/search/?api=1&query=54044%20%E5%8D%97%E6%8A%95%E7%B8%A3%E5%8D%97%E6%8A%95%E5%B8%82%E4%B8%AD%E8%88%88%E6%96%B0%E6%9D%91%E4%B8%AD%E5%AD%B8%E8%B7%AF2%E8%99%9F,https://www.chsh.ntct.edu.tw/ischool/publish_page/0/?cid=1256,https://www.chsh.ntct.edu.tw/,https://www.chsh.ntct.edu.tw/
中投區,,080B07,國立竹山高級中學進修部,公立,中投區免試入學進修部,進修部,男女校,南投縣,竹山鎮,557002 南投縣竹山鎮枋坪巷1-3號,https://www.cshs.ntct.edu.tw,049-2643344#141,資料處理科(夜間班):14(不限),14,14,115學年度中投區高級中等學校免試入學委員會「招生名額查詢」;一般生實際招生名額;擷取時間:2026/8/10 16:44:26,"進修部依當年度核定科別開班;官網未標示另設固定資優班,實際班別以進修部公告為準。",,綜合高中與商業經營、國際貿易、資料處理、廣告設計、多媒體設計等商管、資訊與設計方向。,"商管/設計科別以專業實習與專題製作為主;綜合高中依學程安排,網站未標示全校統一專題題目。",校本部交通資訊:官網115學年度公告學生交通專車時刻與搭乘名冊;官網首頁未標示固定公車到校路線。 進修部官網未標示夜間固定學生專車或夜間專用交通班次。,進修部官網未標示夜間固定學生專車、放學後公共運輸班次或固定通勤時間;不可將日間部學生專車視為進修部可搭乘。,進修部官網未標示進修部學生住宿申請資格。,Google Maps（校園周邊餐飲、便利商店、醫療、車站／站牌）：https://www.google.com/maps/search/?api=1&query=557002%20%E5%8D%97%E6%8A%95%E7%B8%A3%E7%AB%B9%E5%B1%B1%E9%8E%AE%E6%9E%8B%E5%9D%AA%E5%B7%B71-3%E8%99%9F；學校官網：https://www.cshs.ntct.edu.tw,https://www.cshs.ntct.edu.tw/,https://www.cshs.ntct.edu.tw,https://www.google.com/maps/search/?api=1&query=557002%20%E5%8D%97%E6%8A%95%E7%B8%A3%E7%AB%B9%E5%B1%B1%E9%8E%AE%E6%9E%8B%E5%9D%AA%E5%B7%B71-3%E8%99%9F,https://www.cshs.ntct.edu.tw/,https://www.cshs.ntct.edu.tw/,https://www.cshs.ntct.edu.tw/
中投區,,080B08,國立暨南國際大學附屬高級中學進修部,公立,中投區免試入學進修部,進修部,男女校,南投縣,埔里鎮,南投縣埔里鎮鐵山路1-6號,https://www.pshs.ntct.edu.tw,049-2913483#711,商業經營科(夜間班):18(不限);資料處理科(夜間班):18(不限),36,36,115學年度中投區高級中等學校免試入學委員會「招生名額查詢」;一般生實際招生名額;擷取時間:2026/8/10 16:44:26,"進修部依當年度核定科別開班;官網未標示另設固定資優班,實際班別以進修部公告為準。",,"依官網招生科別與課程計畫,課程方向包含商業經營科;專業科目與校訂課程依各科課程計畫辦理。",綜合高中與商管群依學程辦理專業實習、商業實務與專題;網站未標示全校統一專題題目。,校本部交通資訊:校方115學年度新生資訊明確提供學生專車;固定路線與站點依校方專車公告。 進修部官網未標示夜間固定學生專車或夜間專用交通班次。,進修部官網未標示夜間固定學生專車、放學後公共運輸班次或固定通勤時間;不可將日間部學生專車視為進修部可搭乘。,進修部官網未標示進修部學生住宿申請資格。,Google Maps（校園周邊餐飲、便利商店、醫療、車站／站牌）：https://www.google.com/maps/search/?api=1&query=%E5%8D%97%E6%8A%95%E7%B8%A3%E5%9F%94%E9%87%8C%E9%8E%AE%E9%90%B5%E5%B1%B1%E8%B7%AF1-6%E8%99%9F；學校官網：https://www.pshs.ntct.edu.tw,https://www.pshs.ntct.edu.tw/ischool/publish_page/417/?cid=8354,https://www.pshs.ntct.edu.tw,https://www.google.com/maps/search/?api=1&query=%E5%8D%97%E6%8A%95%E7%B8%A3%E5%9F%94%E9%87%8C%E9%8E%AE%E9%90%B5%E5%B1%B1%E8%B7%AF1-6%E8%99%9F,https://www.pshs.ntct.edu.tw,https://www.pshs.ntct.edu.tw,https://www.pshs.ntct.edu.tw/
中投區,,080C04,國立南投高級商業職業學校進修部,公立,中投區免試入學進修部,進修部,男女校,南投縣,南投市,540 南投縣南投市三興里彰南路一段993號,https://www.pntcv.ntct.edu.tw,049-2222269#2312~2316,商業經營科(夜間班):28(不限);資料處理科(夜間班):28(不限),56,56,115學年度中投區高級中等學校免試入學委員會「招生名額查詢」;一般生實際招生名額;擷取時間:2026/8/10 16:44:26,"進修部依當年度核定科別開班;官網未標示另設固定資優班,實際班別以進修部公告為準。",,商業經營、會計事務、資料處理、廣告設計、觀光、餐飲、電子商務、應用英語等商管、數位、設計與餐旅語文方向。,各科以商業/會計/資訊/設計/觀光餐飲實務與專題製作為主;網站未標示全校統一專題題目。,校本部交通資訊:官網提供「班車路線及通車諮詢」資訊;該頁未標示固定公車班次。 進修部官網未標示夜間固定學生專車或夜間專用交通班次。,進修部官網未標示夜間固定學生專車、放學後公共運輸班次或固定通勤時間;不可將日間部學生專車視為進修部可搭乘。,進修部官網未標示進修部學生住宿申請資格。,Google Maps（校園周邊餐飲、便利商店、醫療、車站／站牌）：https://www.google.com/maps/search/?api=1&query=540%20%E5%8D%97%E6%8A%95%E7%B8%A3%E5%8D%97%E6%8A%95%E5%B8%82%E4%B8%89%E8%88%88%E9%87%8C%E5%BD%B0%E5%8D%97%E8%B7%AF%E4%B8%80%E6%AE%B5993%E8%99%9F；學校官網：https://www.pntcv.ntct.edu.tw,https://www.pntcv.ntct.edu.tw/home?cid=5916,https://www.pntcv.ntct.edu.tw,https://www.google.com/maps/search/?api=1&query=540%20%E5%8D%97%E6%8A%95%E7%B8%A3%E5%8D%97%E6%8A%95%E5%B8%82%E4%B8%89%E8%88%88%E9%87%8C%E5%BD%B0%E5%8D%97%E8%B7%AF%E4%B8%80%E6%AE%B5993%E8%99%9F,https://www.pntcv.ntct.edu.tw/home,https://www.pntcv.ntct.edu.tw/,https://www.pntcv.ntct.edu.tw/
中投區,,080C06,國立草屯高級商工職業學校進修部,公立,中投區免試入學進修部,進修部,男女校,南投縣,草屯鎮,542015 南投縣草屯鎮新庄里20鄰芬草路二段736號,https://www.ttvs.ntct.edu.tw,049-2362082#3138、3140,機械科(夜間班):17(不限);商業經營科(夜間班):17(不限);資料處理科(夜間班):17(不限),51,51,115學年度中投區高級中等學校免試入學委員會「招生名額查詢」;一般生實際招生名額;擷取時間:2026/8/10 16:44:26,"進修部依當年度核定科別開班;官網未標示另設固定資優班,實際班別以進修部公告為準。",,機械、配管、商業經營、會計事務、資料處理、應用英語等工業與商業技術課程。,各科以機械/配管工場實習、商業資訊實務與專題製作為主;網站未標示全校統一專題題目。,校本部交通資訊:官網設交通資訊及學生專車相關資訊;首頁未標示固定公車到校班次。 進修部官網未標示夜間固定學生專車或夜間專用交通班次。,進修部官網未標示夜間固定學生專車、放學後公共運輸班次或固定通勤時間;不可將日間部學生專車視為進修部可搭乘。,進修部官網未標示進修部學生住宿申請資格。,Google Maps（校園周邊餐飲、便利商店、醫療、車站／站牌）：https://www.google.com/maps/search/?api=1&query=542015%20%E5%8D%97%E6%8A%95%E7%B8%A3%E8%8D%89%E5%B1%AF%E9%8E%AE%E6%96%B0%E5%BA%84%E9%87%8C20%E9%84%B0%E8%8A%AC%E8%8D%89%E8%B7%AF%E4%BA%8C%E6%AE%B5736%E8%99%9F；學校官網：https://www.ttvs.ntct.edu.tw,https://www.ttvs.ntct.edu.tw/,https://www.ttvs.ntct.edu.tw,https://www.google.com/maps/search/?api=1&query=542015%20%E5%8D%97%E6%8A%95%E7%B8%A3%E8%8D%89%E5%B1%AF%E9%8E%AE%E6%96%B0%E5%BA%84%E9%87%8C20%E9%84%B0%E8%8A%AC%E8%8D%89%E8%B7%AF%E4%BA%8C%E6%AE%B5736%E8%99%9F,https://www.ttvs.ntct.edu.tw/home?cid=722,https://www.ttvs.ntct.edu.tw/,https://www.ttvs.ntct.edu.tw/
中投區,,080C10,國立水里高級商工職業學校進修部,公立,中投區免試入學進修部,進修部,男女校,南投縣,水里鄉,南投縣水里鄉南湖路2號,https://www.slvs.ntct.edu.tw,049-2870666#350,餐飲管理科(夜間班):20(不限),20,20,115學年度中投區高級中等學校免試入學委員會「招生名額查詢」;一般生實際招生名額;擷取時間:2026/8/10 16:44:26,普通科、體育班與多元技職科並設;特色包含山野教育、水上運動與山水美學校本課程。,,普通科與商工餐旅外語並行;校訂山水美學結合山野教育、水上運動、在地社區及國際交流。,"普通科與資訊、電機、商經、觀光、餐飲、應日等科並行;專業科依課程辦理實習/實作,網站未標示全校統一專題題目。",進修部官網未標示夜間固定學生專車或夜間專用大眾運輸班次。,進修部官網未標示夜間固定學生專車、放學後公共運輸班次或固定通勤時間;不可將日間部學生專車視為進修部可搭乘。,進修部官網未標示進修部學生住宿申請資格。,Google Maps（校園周邊餐飲、便利商店、醫療、車站／站牌）：https://www.google.com/maps/search/?api=1&query=%E5%8D%97%E6%8A%95%E7%B8%A3%E6%B0%B4%E9%87%8C%E9%84%89%E5%8D%97%E6%B9%96%E8%B7%AF2%E8%99%9F；學校官網：https://www.slvs.ntct.edu.tw,https://www.slvs.ntct.edu.tw,https://www.slvs.ntct.edu.tw,https://www.google.com/maps/search/?api=1&query=%E5%8D%97%E6%8A%95%E7%B8%A3%E6%B0%B4%E9%87%8C%E9%84%89%E5%8D%97%E6%B9%96%E8%B7%AF2%E8%99%9F,https://www.slvs.ntct.edu.tw,https://www.slvs.ntct.edu.tw,https://www.slvs.ntct.edu.tw/
中投區,,081311,南投縣私立五育高級中學,私立,中投區免試入學日間部,高中,男女校,南投縣,南投市,540 南投縣南投市樂利路200號,https://www.wu-yu.ntct.edu.tw,049-2246346#204,美容科:34(不限);照顧服務科(產特):31(不限);多媒體動畫科:34(不限),99,99,115學年度中投區高級中等學校免試入學委員會「招生名額查詢」;一般生實際招生名額;擷取時間:2026/8/10 16:44:26,"照顧服務科為產特,另有就業導向/建教合作及醫護人才培育等課程方案。",,美容、照顧服務、多媒體動畫等生活服務、照護與數位創作技術課程。,"照顧服務科與醫療機構有合作銜接;各科以美容、照護與多媒體專業實習/實作為主,網站未標示全校統一專題題目。",官網新生/校車頁提供學生校車資訊;路線、站點與時間依校方當學年度公告。,學生校車依校方當學年度路線表;網站未標示其他固定通勤班次。,校方設有學生宿舍管理規範;住宿申請與費用依當學年度公告。,Google Maps（校園周邊餐飲、便利商店、醫療、車站／站牌）：https://www.google.com/maps/search/?api=1&query=540%20%E5%8D%97%E6%8A%95%E7%B8%A3%E5%8D%97%E6%8A%95%E5%B8%82%E6%A8%82%E5%88%A9%E8%B7%AF200%E8%99%9F；學校官網：https://www.wu-yu.ntct.edu.tw,https://www.wu-yu.ntct.edu.tw/zh-hant/freshman/schoolbus,https://www.wu-yu.ntct.edu.tw/zh-hant/node/195,https://www.google.com/maps/search/?api=1&query=540%20%E5%8D%97%E6%8A%95%E7%B8%A3%E5%8D%97%E6%8A%95%E5%B8%82%E6%A8%82%E5%88%A9%E8%B7%AF200%E8%99%9F,https://www.wu-yu.ntct.edu.tw/,https://www.wu-yu.ntct.edu.tw/,https://www.wu-yu.ntct.edu.tw/
中投區,,081312,南投縣私立三育高級中學,私立,中投區免試入學日間部,高中,男女校,南投縣,魚池鄉,555 南投縣魚池鄉魚池村瓊文巷39號,https://www.taa.ntct.edu.tw,049-2897212#112、114,普通科:35(不限);照顧服務科(產特):41(不限),76,76,115學年度中投區高級中等學校免試入學委員會「招生名額查詢」;一般生實際招生名額;擷取時間:2026/8/10 16:44:26,美語學程、音樂學程;照顧服務科為產業特殊需求類科。,,"普通科加強ESL聽說讀寫、分組小班與國際交流;音樂學程含樂器個別課、合奏、樂理,照服科銜接證照與升學。","普通科不設固定職業實習;照顧服務科依課程辦理照護專業實習與實作,網站未標示全校統一專題題目。",學校官網未標示固定大眾運輸到校班次或固定學生專車站點。,網站未標示固定通勤班次、站點或步行時間。,校方設學生宿舍;住宿申請與管理依學務處公告。,Google Maps（校園周邊餐飲、便利商店、醫療、車站／站牌）：https://www.google.com/maps/search/?api=1&query=555%20%E5%8D%97%E6%8A%95%E7%B8%A3%E9%AD%9A%E6%B1%A0%E9%84%89%E9%AD%9A%E6%B1%A0%E6%9D%91%E7%93%8A%E6%96%87%E5%B7%B739%E8%99%9F；學校官網：https://www.taa.ntct.edu.tw,https://www.taa.ntct.edu.tw/,https://www.taa.ntct.edu.tw/ischool/publish_page/21,https://www.google.com/maps/search/?api=1&query=555%20%E5%8D%97%E6%8A%95%E7%B8%A3%E9%AD%9A%E6%B1%A0%E9%84%89%E9%AD%9A%E6%B1%A0%E6%9D%91%E7%93%8A%E6%96%87%E5%B7%B739%E8%99%9F,https://www.taa.ntct.edu.tw/,https://www.taa.ntct.edu.tw,https://www.taa.ntct.edu.tw/
中投區,,081313,南投縣私立弘明實驗高級中等學校,私立,中投區免試入學日間部,高中,男女校,南投縣,名間鄉,551 南投縣名間鄉東湖村大老巷102號,http://www.holdmean.org.tw,049-2731799#714,普通科:33(不限),33,33,115學年度中投區高級中等學校免試入學委員會「招生名額查詢」;一般生實際招生名額;擷取時間:2026/8/10 16:44:26,"實驗教育普通科;校方官網本次無法穩定讀取,未將未核實班名寫入,實際實驗課程依校方最新公告。",,"普通高中課程,官網可見115學年度高中部課程計畫,並具人文經典阅读與品格教育特色。",不設固定職業實習;網站未標示全校統一專題內容。,官網提供交通路線圖與交通車資訊入口;首頁未列固定站點、班次或公車路線。,網站未標示固定通勤班次或步行時間。,學校官網未標示115學年度校內學生宿舍申請資訊。,Google Maps（校園周邊餐飲、便利商店、醫療、車站／站牌）：https://www.google.com/maps/search/?api=1&query=551%20%E5%8D%97%E6%8A%95%E7%B8%A3%E5%90%8D%E9%96%93%E9%84%89%E6%9D%B1%E6%B9%96%E6%9D%91%E5%A4%A7%E8%80%81%E5%B7%B7102%E8%99%9F；學校官網：http://www.holdmean.org.tw,https://sites.google.com/hmhs.ntct.edu.tw/web2025,https://sites.google.com/hmhs.ntct.edu.tw/web2025,https://www.google.com/maps/search/?api=1&query=551%20%E5%8D%97%E6%8A%95%E7%B8%A3%E5%90%8D%E9%96%93%E9%84%89%E6%9D%B1%E6%B9%96%E6%9D%91%E5%A4%A7%E8%80%81%E5%B7%B7102%E8%99%9F,https://sites.google.com/hmhs.ntct.edu.tw/web2025,https://sites.google.com/hmhs.ntct.edu.tw/web2025,https://sites.google.com/hmhs.ntct.edu.tw/web2025
中投區,,081314,南投縣私立普台高級中學,私立,中投區免試入學日間部,高中,男女校,南投縣,埔里鎮,54544 南投縣埔里鎮中台路5號,https://www.ptsh.ntct.edu.tw,049-2932899#11222 11224,普通科:181(不限),181,181,115學年度中投區高級中等學校免試入學委員會「招生名額查詢」;一般生實際招生名額;擷取時間:2026/8/10 16:44:26,住宿型學校;以國學、書法、靜心、四語教學、音樂與通識活動為特色。,,"普通高中學科外,融入國學、書法、靜心、四語教學、音樂、通識講座與藝文活動,採住宿型整體學習。","不設固定職業實習;以高中探究實作、特色課程、藝文與學習成果為主,網站未標示全校統一專題題目。",官網交通指南提供自駕到校路線;住宿生返家與收假依校方交通車信函與站點安排。,住宿生返家/收假交通車依校方當次公告;網站未標示一般日常固定公車到校班次。,"住宿型學校,設住宿處與學生住宿生活管理;實際住宿規定依校方公告。",Google Maps（校園周邊餐飲、便利商店、醫療、車站／站牌）：https://www.google.com/maps/search/?api=1&query=54544%20%E5%8D%97%E6%8A%95%E7%B8%A3%E5%9F%94%E9%87%8C%E9%8E%AE%E4%B8%AD%E5%8F%B0%E8%B7%AF5%E8%99%9F；學校官網：https://www.ptsh.ntct.edu.tw,https://www.ptsh.ntct.edu.tw/ptsh/administrative13-2.php,https://www.ptsh.ntct.edu.tw/ptsh/administrative5-2.php,https://www.google.com/maps/search/?api=1&query=54544%20%E5%8D%97%E6%8A%95%E7%B8%A3%E5%9F%94%E9%87%8C%E9%8E%AE%E4%B8%AD%E5%8F%B0%E8%B7%AF5%E8%99%9F,https://www.ptsh.ntct.edu.tw/,https://www.ptsh.ntct.edu.tw,https://www.ptsh.ntct.edu.tw/
中投區,,081409,同德學校財團法人南投縣同德高級中等學校,私立,中投區免試入學日間部,綜高,男女校,南投縣,草屯鎮,542 南投縣草屯鎮中正路培英巷8號,https://www.tdhs.ntct.edu.tw,049-2553109#1241,普通科:117(不限);餐飲管理科:82(不限);烘焙科:41(不限),240,240,115學年度中投區高級中等學校免試入學委員會「招生名額查詢」;一般生實際招生名額;擷取時間:2026/8/10 16:44:26,國際文憑課程實驗班(IBDP候選學校資訊以官網最新狀態為準);另有普通科、餐飲與烘焙專業。,,普通科與餐飲管理、烘焙等一般學術與餐旅技術課程並行。,"餐飲/烘焙以廚藝、烘焙實習與實務技能為主;普通科不設固定職業實習,網站未標示全校統一專題題目。",官網學生專車專區公布學生專車路線與站別;官網未標示固定公車到校班次。,學生專車通勤依校方最新路線與站別公告;網站未標示其他固定通勤班次。,校方明確設有學生宿舍並公告住宿申請與管理資訊。,Google Maps（校園周邊餐飲、便利商店、醫療、車站／站牌）：https://www.google.com/maps/search/?api=1&query=542%20%E5%8D%97%E6%8A%95%E7%B8%A3%E8%8D%89%E5%B1%AF%E9%8E%AE%E4%B8%AD%E6%AD%A3%E8%B7%AF%E5%9F%B9%E8%8B%B1%E5%B7%B78%E8%99%9F；學校官網：https://www.tdhs.ntct.edu.tw,https://www.tdvs.ntct.edu.tw/list/209,https://www.tdvs.ntct.edu.tw/list/30/4915,https://www.google.com/maps/search/?api=1&query=542%20%E5%8D%97%E6%8A%95%E7%B8%A3%E8%8D%89%E5%B1%AF%E9%8E%AE%E4%B8%AD%E6%AD%A3%E8%B7%AF%E5%9F%B9%E8%8B%B1%E5%B7%B78%E8%99%9F,https://www.tdvs.ntct.edu.tw/,https://www.tdvs.ntct.edu.tw/,https://www.tdvs.ntct.edu.tw/
中投區,,084309,南投縣立旭光高級中學,公立,中投區免試入學日間部,高中,男女校,南投縣,草屯鎮,542 南投縣草屯鎮中正路568-23號,https://skjhs.ntct.edu.tw,049-2563472#211,普通科:152(不限),152,152,115學年度中投區高級中等學校免試入學委員會「招生名額查詢」;一般生實際招生名額;擷取時間:2026/8/10 16:44:26,設數理語文班與體育班;班別招生依年度簡章。,,"普通高中學術課程,搭配高中年度課程計畫、多元選修與彈性/自主學習。",不設固定職業實習;網站未標示全校統一專題內容。,學校官網未標示具體大眾運輸路線或固定學生專車班次。,網站未標示固定通勤班次或步行時間。,學校官網未標示115學年度校內學生宿舍申請資訊。,Google Maps（校園周邊餐飲、便利商店、醫療、車站／站牌）：https://www.google.com/maps/search/?api=1&query=542%20%E5%8D%97%E6%8A%95%E7%B8%A3%E8%8D%89%E5%B1%AF%E9%8E%AE%E4%B8%AD%E6%AD%A3%E8%B7%AF568-23%E8%99%9F；學校官網：https://skjhs.ntct.edu.tw,https://ischool.skjhs.ntct.edu.tw/,https://ischool.skjhs.ntct.edu.tw/,https://www.google.com/maps/search/?api=1&query=542%20%E5%8D%97%E6%8A%95%E7%B8%A3%E8%8D%89%E5%B1%AF%E9%8E%AE%E4%B8%AD%E6%AD%A3%E8%B7%AF568-23%E8%99%9F,https://ischool.skjhs.ntct.edu.tw/,https://ischool.skjhs.ntct.edu.tw/,https://ischool.skjhs.ntct.edu.tw/
中投區,,091318,義峰學校財團法人雲林縣義峰高級中學,私立,中投區免試入學日間部,高中,男女校,雲林縣,林內鄉,643 雲林縣林內鄉烏麻村長源201號,http://www.yfsh.ylc.edu.tw,05-5800099#521、523,餐飲管理科:3(不限);照顧服務科(產特):3(不限);多媒體動畫科:3(不限),9,9,115學年度中投區高級中等學校免試入學委員會「招生名額查詢」;一般生實際招生名額;擷取時間:2026/8/10 16:44:26,照顧服務科為產特;另以餐飲、多媒體動畫等專業實作為特色。,,餐飲管理、照顧服務、多媒體動畫等餐旅、照護與數位創作技術課程;官網課程計畫另可見照顧服務建教合作與實用技能課程。,"照顧服務科可見建教合作;餐飲與多媒體等科以專業實習/實作為主,網站未標示全校統一專題題目。",學校官網未標示具體大眾運輸路線或115學年度固定學生專車班次。,網站未標示固定通勤班次或步行時間。,學校官網未標示115學年度校內學生宿舍申請資訊。,Google Maps（校園周邊餐飲、便利商店、醫療、車站／站牌）：https://www.google.com/maps/search/?api=1&query=643%20%E9%9B%B2%E6%9E%97%E7%B8%A3%E6%9E%97%E5%85%A7%E9%84%89%E7%83%8F%E9%BA%BB%E6%9D%91%E9%95%B7%E6%BA%90201%E8%99%9F；學校官網：http://www.yfsh.ylc.edu.tw,https://www.yfsh.ylc.edu.tw/,https://www.yfsh.ylc.edu.tw/,https://www.google.com/maps/search/?api=1&query=643%20%E9%9B%B2%E6%9E%97%E7%B8%A3%E6%9E%97%E5%85%A7%E9%84%89%E7%83%8F%E9%BA%BB%E6%9D%91%E9%95%B7%E6%BA%90201%E8%99%9F,https://www.yfsh.ylc.edu.tw/ischool/publish_page/0/?cid=132,https://www.yfsh.ylc.edu.tw/ischool/publish_page/0/?cid=40,https://www.yfsh.ylc.edu.tw/ischool/publish_page/0/?cid=40
中投區,,190406,國立中興大學附屬臺中高級農業職業學校,公立,中投區免試入學日間部,高職,男女校,臺中市,東區,臺中市東區台中路283號,https://www.tcavs.tc.edu.tw,04-22810010#202、208、209,農場經營科(產特):63(不限);園藝科(產特):63(不限);森林科(產特):31(不限);食品加工科:62(不限);畜產保健科(產特):31(不限);土木科(產特):31(不限);生物產業機電科:32(不限);觀光事業科:32(不限);餐飲管理科:64(不限);幼兒保育科:32(不限),441,441,115學年度中投區高級中等學校免試入學委員會「招生名額查詢」;一般生實際招生名額;擷取時間:2026/8/10 16:44:26,農場經營、園藝、森林、畜產保健、土木等為產業特殊需求類科;另設實用技能與體育班。,,"以農業、食品、畜產、土木、生物產業機電、餐旅與幼保專業實習為主,強調技能檢定、建教合作與務實致用。",網站未標示全校統一專題題目;各專業科實習/專題以校方課程計畫與實習處公告為準。,學校官網未標示可直接引用的固定大眾運輸到校路線或115學年度學生專車班次。,網站未標示固定通勤班次、站點或步行時間。,學校官網未標示115學年度校內學生宿舍申請資訊。,Google Maps（校園周邊餐飲、便利商店、醫療、車站／站牌）：https://www.google.com/maps/search/?api=1&query=%E8%87%BA%E4%B8%AD%E5%B8%82%E6%9D%B1%E5%8D%80%E5%8F%B0%E4%B8%AD%E8%B7%AF283%E8%99%9F；學校官網：https://www.tcavs.tc.edu.tw,https://www.tcavs.tc.edu.tw,https://www.tcavs.tc.edu.tw,https://www.google.com/maps/search/?api=1&query=%E8%87%BA%E4%B8%AD%E5%B8%82%E6%9D%B1%E5%8D%80%E5%8F%B0%E4%B8%AD%E8%B7%AF283%E8%99%9F,https://www.tcavs.tc.edu.tw,https://www.tcavs.tc.edu.tw,https://www.tcavs.tc.edu.tw
中投區,,190C06,國立中興大學附屬臺中高級農業職業學校進修部,公立,中投區免試入學進修部,進修部,男女校,臺中市,東區,臺中市東區台中路283號,https://www.tcavs.tc.edu.tw/night/,04-22810010#702,農場經營科(產特)(夜間班):28(不限);園藝科(產特)(夜間班):28(不限);觀光事業科(夜間班):28(不限);餐飲管理科(夜間班):28(不限),112,112,115學年度中投區高級中等學校免試入學委員會「招生名額查詢」;一般生實際招生名額;擷取時間:2026/8/10 16:44:26,農場經營、園藝、森林、畜產保健、土木等為產業特殊需求類科;另設實用技能與體育班。,,"以農業、食品、畜產、土木、生物產業機電、餐旅與幼保專業實習為主,強調技能檢定、建教合作與務實致用。",網站未標示全校統一專題題目;各專業科實習/專題以校方課程計畫與實習處公告為準。,進修部官網未標示夜間固定學生專車或夜間專用大眾運輸班次。,進修部官網未標示夜間固定學生專車、放學後公共運輸班次或固定通勤時間;不可將日間部學生專車視為進修部可搭乘。,進修部官網未標示進修部學生住宿申請資格。,Google Maps（校園周邊餐飲、便利商店、醫療、車站／站牌）：https://www.google.com/maps/search/?api=1&query=%E8%87%BA%E4%B8%AD%E5%B8%82%E6%9D%B1%E5%8D%80%E5%8F%B0%E4%B8%AD%E8%B7%AF283%E8%99%9F；學校官網：https://www.tcavs.tc.edu.tw/night/,https://www.tcavs.tc.edu.tw/night/,https://www.tcavs.tc.edu.tw/night/,https://www.google.com/maps/search/?api=1&query=%E8%87%BA%E4%B8%AD%E5%B8%82%E6%9D%B1%E5%8D%80%E5%8F%B0%E4%B8%AD%E8%B7%AF283%E8%99%9F,https://www.tcavs.tc.edu.tw/night/,https://www.tcavs.tc.edu.tw/night/,https://www.tcavs.tc.edu.tw/night/
中投區,,191301,財團法人東海大學附屬高級中等學校,私立,中投區免試入學日間部,高中,男女校,臺中市,西屯區,臺中市西屯區臺灣大道四段1727號,https://www.hn.thu.edu.tw/index.php,04-23590269#1220,普通科:207(不限),207,207,115學年度中投區高級中等學校免試入學委員會「招生名額查詢」;一般生實際招生名額;擷取時間:2026/8/10 16:44:26,普通科結合東海大學資源、多元選修與自主學習;官網另設國際教育與AP/SAT、IB測驗資源。,,"普通高中課程,以部定必修、加深加廣、多元選修、彈性學習與自主學習為主;校本特色依學校課程計畫辦理。","不設固定職業實習;網站未標示全校統一專題內容,探究實作與自主學習依校方課程計畫辦理。",學校官網未標示可直接引用的固定大眾運輸到校路線或115學年度學生專車班次。,網站未標示固定通勤班次、站點或步行時間。,學校官網未標示115學年度校內學生宿舍申請資訊。,Google Maps（校園周邊餐飲、便利商店、醫療、車站／站牌）：https://www.google.com/maps/search/?api=1&query=%E8%87%BA%E4%B8%AD%E5%B8%82%E8%A5%BF%E5%B1%AF%E5%8D%80%E8%87%BA%E7%81%A3%E5%A4%A7%E9%81%93%E5%9B%9B%E6%AE%B51727%E8%99%9F；學校官網：https://www.hn.thu.edu.tw/index.php,https://www.hn.thu.edu.tw/index.php,https://www.hn.thu.edu.tw/index.php,https://www.google.com/maps/search/?api=1&query=%E8%87%BA%E4%B8%AD%E5%B8%82%E8%A5%BF%E5%B1%AF%E5%8D%80%E8%87%BA%E7%81%A3%E5%A4%A7%E9%81%93%E5%9B%9B%E6%AE%B51727%E8%99%9F,https://www.hn.thu.edu.tw/index.php,https://www.hn.thu.edu.tw/index.php,https://www.hn.thu.edu.tw/index.php
中投區,,191302,葳格學校財團法人臺中市葳格高級中學,私立,中投區免試入學日間部,高中,男女校,臺中市,北屯區,臺中市北屯區軍福十八路328號,https://senior.wagor.tc.edu.tw,04-24371728#712,普通科:45(不限);餐飲管理科:44(不限),89,89,115學年度中投區高級中等學校免試入學委員會「招生名額查詢」;一般生實際招生名額;擷取時間:2026/8/10 16:44:26,"國際教育與雙語學習為校本特色;另設餐飲管理科,班別依年度招生公告。",,"普通高中課程,以部定必修、加深加廣、多元選修、彈性學習與自主學習為主;校本特色依學校課程計畫辦理。","不設固定職業實習;網站未標示全校統一專題內容,探究實作與自主學習依校方課程計畫辦理。",官網校車服務頁提供A/B/C班車、暑輔及週六定點專車資訊;路線與時間依學期公告。,學生專車依校方校車服務頁與學期公告。,學校官網未標示115學年度校內學生宿舍申請資訊。,Google Maps（校園周邊餐飲、便利商店、醫療、車站／站牌）：https://www.google.com/maps/search/?api=1&query=%E8%87%BA%E4%B8%AD%E5%B8%82%E5%8C%97%E5%B1%AF%E5%8D%80%E8%BB%8D%E7%A6%8F%E5%8D%81%E5%85%AB%E8%B7%AF328%E8%99%9F；學校官網：https://senior.wagor.tc.edu.tw,https://senior.wagor.tc.edu.tw/ga/%E6%A0%A1%E8%BB%8A%E6%9C%8D%E5%8B%99,https://senior.wagor.tc.edu.tw,https://www.google.com/maps/search/?api=1&query=%E8%87%BA%E4%B8%AD%E5%B8%82%E5%8C%97%E5%B1%AF%E5%8D%80%E8%BB%8D%E7%A6%8F%E5%8D%81%E5%85%AB%E8%B7%AF328%E8%99%9F,https://senior.wagor.tc.edu.tw,https://senior.wagor.tc.edu.tw,https://senior.wagor.tc.edu.tw
中投區,,191305,臺中市私立新民高級中學,私立,中投區免試入學日間部,高中,男女校,臺中市,北區,臺中市北區健行路111號,https://www.shinmin.tc.edu.tw,04-22334105#6171~6179,普通科:363(不限);機械科:45(不限);資訊科:94(不限);電子科:45(不限);電機科:90(不限);機電科:45(不限);商業經營科:121(不限);資料處理科:37(不限);廣告設計科:45(不限);觀光事業科:79(不限);多媒體設計科:93(不限);應用英語科:81(不限);應用日語科:74(不限);室內設計科:45(不限);表演藝術科:27(不限),1284,1284,115學年度中投區高級中等學校免試入學委員會「招生名額查詢」;一般生實際招生名額;擷取時間:2026/8/10 16:44:26,普通科與工業、商管、外語、設計、表演藝術等多科並設;另有音樂、雙語等特色課程資源。,,"普通高中課程,以部定必修、加深加廣、多元選修、彈性學習與自主學習為主;校本特色依學校課程計畫辦理。","不設固定職業實習;網站未標示全校統一專題內容,探究實作與自主學習依校方課程計畫辦理。",官網提供交通/專車資訊;學生專車與到校方式依校方公告。,通勤站點與學生專車依校方交通公告;網站未標示全校統一固定步行時間。,學校官網未標示115學年度校內學生宿舍申請資訊。,Google Maps（校園周邊餐飲、便利商店、醫療、車站／站牌）：https://www.google.com/maps/search/?api=1&query=%E8%87%BA%E4%B8%AD%E5%B8%82%E5%8C%97%E5%8D%80%E5%81%A5%E8%A1%8C%E8%B7%AF111%E8%99%9F；學校官網：https://www.shinmin.tc.edu.tw,https://www.shinmin.tc.edu.tw/p/404-1000-1307.php,https://www.shinmin.tc.edu.tw,https://www.google.com/maps/search/?api=1&query=%E8%87%BA%E4%B8%AD%E5%B8%82%E5%8C%97%E5%8D%80%E5%81%A5%E8%A1%8C%E8%B7%AF111%E8%99%9F,https://www.shinmin.tc.edu.tw,https://www.shinmin.tc.edu.tw,https://www.shinmin.tc.edu.tw
中投區,,191308,宜寧學校財團法人臺中市宜寧高級中學,私立,中投區免試入學日間部,高中,男女校,臺中市,西屯區,臺中市西屯區東大路一段555號,https://www.inhs.tc.edu.tw,04- 24621800#204,普通科:180(不限);電機科:88(不限);資料處理科:89(不限);觀光事業科:90(不限);電子商務科:45(不限);應用日語科:42(不限),534,534,115學年度中投區高級中等學校免試入學委員會「招生名額查詢」;一般生實際招生名額;擷取時間:2026/8/10 16:44:26,普通科、電機、資處、電商、觀光、應日等多軌;官網另列電競學程與雙語國中部。,,"普通高中課程,以部定必修、加深加廣、多元選修、彈性學習與自主學習為主;校本特色依學校課程計畫辦理。","不設固定職業實習;網站未標示全校統一專題內容,探究實作與自主學習依校方課程計畫辦理。",學校官網未標示具體大眾運輸到校路線或固定學生專車班次。,網站未標示固定通勤班次、站點或步行時間。,學校官網未標示115學年度校內學生宿舍申請資訊。,Google Maps（校園周邊餐飲、便利商店、醫療、車站／站牌）：https://www.google.com/maps/search/?api=1&query=%E8%87%BA%E4%B8%AD%E5%B8%82%E8%A5%BF%E5%B1%AF%E5%8D%80%E6%9D%B1%E5%A4%A7%E8%B7%AF%E4%B8%80%E6%AE%B5555%E8%99%9F；學校官網：https://www.inhs.tc.edu.tw,https://www.inhs.tc.edu.tw,https://www.inhs.tc.edu.tw,https://www.google.com/maps/search/?api=1&query=%E8%87%BA%E4%B8%AD%E5%B8%82%E8%A5%BF%E5%B1%AF%E5%8D%80%E6%9D%B1%E5%A4%A7%E8%B7%AF%E4%B8%80%E6%AE%B5555%E8%99%9F,https://www.inhs.tc.edu.tw,https://www.inhs.tc.edu.tw,https://www.inhs.tc.edu.tw
中投區,,191309,明德學校財團法人臺中市明德高級中學,私立,中投區免試入學日間部,高中,男女校,臺中市,南區,臺中市南區明德街84號,https://www.mdhs.tc.edu.tw,04-22877676#2,普通科:166(不限);商業經營科:47(不限);餐飲管理科:117(不限);多媒體設計科:45(不限);幼兒保育科:74(不限);美容科:117(不限),566,566,115學年度中投區高級中等學校免試入學委員會「招生名額查詢」;一般生實際招生名額;擷取時間:2026/8/10 16:44:26,普通科與商管、餐飲、多媒體、幼保、美容等職業類科並設;各科依專業實習發展特色。,,"普通高中課程,以部定必修、加深加廣、多元選修、彈性學習與自主學習為主;校本特色依學校課程計畫辦理。","不設固定職業實習;網站未標示全校統一專題內容,探究實作與自主學習依校方課程計畫辦理。",學校官網未標示具體大眾運輸到校路線或固定學生專車班次。,網站未標示固定通勤班次、站點或步行時間。,學校官網未標示115學年度校內學生宿舍申請資訊。,Google Maps（校園周邊餐飲、便利商店、醫療、車站／站牌）：https://www.google.com/maps/search/?api=1&query=%E8%87%BA%E4%B8%AD%E5%B8%82%E5%8D%97%E5%8D%80%E6%98%8E%E5%BE%B7%E8%A1%9784%E8%99%9F；學校官網：https://www.mdhs.tc.edu.tw,https://www.mdhs.tc.edu.tw,https://www.mdhs.tc.edu.tw,https://www.google.com/maps/search/?api=1&query=%E8%87%BA%E4%B8%AD%E5%B8%82%E5%8D%97%E5%8D%80%E6%98%8E%E5%BE%B7%E8%A1%9784%E8%99%9F,https://www.mdhs.tc.edu.tw,https://www.mdhs.tc.edu.tw,https://www.mdhs.tc.edu.tw
中投區,,191311,臺中市私立衛道高級中學,私立,中投區免試入學日間部,高中,男女校,臺中市,北屯區,臺中市北屯區四平路161號,https://www.vtsh.tc.edu.tw,04-22911187# 230,普通科:180(不限),180,180,115學年度中投區高級中等學校免試入學委員會「招生名額查詢」;一般生實際招生名額;擷取時間:2026/8/10 16:44:26,普通科以課程計畫、多元選修與校本活動為主;學校官網未標示固定資優班招生資訊。,,"普通高中課程,以部定必修、加深加廣、多元選修、彈性學習與自主學習為主;校本特色依學校課程計畫辦理。","不設固定職業實習;網站未標示全校統一專題內容,探究實作與自主學習依校方課程計畫辦理。","官網設校專車專區,路線、站點、座位與費用依學期公告。",學生校專車依校方學期公告與登記結果搭乘。,學校官網未標示115學年度校內學生宿舍申請資訊。,Google Maps（校園周邊餐飲、便利商店、醫療、車站／站牌）：https://www.google.com/maps/search/?api=1&query=%E8%87%BA%E4%B8%AD%E5%B8%82%E5%8C%97%E5%B1%AF%E5%8D%80%E5%9B%9B%E5%B9%B3%E8%B7%AF161%E8%99%9F；學校官網：https://www.vtsh.tc.edu.tw,https://www.vtsh.tc.edu.tw/news/%E3%80%90%E6%A0%A1%E5%B0%88%E8%BB%8A%E3%80%91114-1-%E6%A0%A1%E5%B0%88%E8%BB%8A%E8%B2%BB%E7%94%A8%E8%A1%A8/,https://www.vtsh.tc.edu.tw,https://www.google.com/maps/search/?api=1&query=%E8%87%BA%E4%B8%AD%E5%B8%82%E5%8C%97%E5%B1%AF%E5%8D%80%E5%9B%9B%E5%B9%B3%E8%B7%AF161%E8%99%9F,https://www.vtsh.tc.edu.tw,https://www.vtsh.tc.edu.tw,https://www.vtsh.tc.edu.tw
中投區,,191313,臺中市私立曉明女子高級中學,私立,中投區免試入學日間部,高中,女校,臺中市,北區,臺中市北區中清路一段606號,https://www.smgsh.tc.edu.tw,04-22921175#131,普通科:137(女生),137,137,115學年度中投區高級中等學校免試入學委員會「招生名額查詢」;一般生實際招生名額;擷取時間:2026/8/10 16:44:26,"普通科女校;官網未標示固定資優班招生資訊,實際特色課程與分組依當年度課程計畫。",,"普通高中課程,以部定必修、加深加廣、多元選修、彈性學習與自主學習為主;校本特色依學校課程計畫辦理。","不設固定職業實習;網站未標示全校統一專題內容,探究實作與自主學習依校方課程計畫辦理。",學校官網未標示具體大眾運輸到校路線或固定學生專車班次。,網站未標示固定通勤班次、站點或步行時間。,學校官網未標示115學年度校內學生宿舍申請資訊。,Google Maps（校園周邊餐飲、便利商店、醫療、車站／站牌）：https://www.google.com/maps/search/?api=1&query=%E8%87%BA%E4%B8%AD%E5%B8%82%E5%8C%97%E5%8D%80%E4%B8%AD%E6%B8%85%E8%B7%AF%E4%B8%80%E6%AE%B5606%E8%99%9F；學校官網：https://www.smgsh.tc.edu.tw,https://www.smgsh.tc.edu.tw,https://www.smgsh.tc.edu.tw,https://www.google.com/maps/search/?api=1&query=%E8%87%BA%E4%B8%AD%E5%B8%82%E5%8C%97%E5%8D%80%E4%B8%AD%E6%B8%85%E8%B7%AF%E4%B8%80%E6%AE%B5606%E8%99%9F,https://www.smgsh.tc.edu.tw,https://www.smgsh.tc.edu.tw,https://www.smgsh.tc.edu.tw
中投區,,191314,臺中市私立嶺東高級中學,私立,中投區免試入學日間部,高中,男女校,臺中市,南屯區,臺中市南屯區嶺東路2號,https://www.lths.tc.edu.tw,04-23898940#22,普通科:248(不限);汽車科:77(不限);資訊科:35(不限);電子科:32(不限);建築科:35(不限);商業經營科:35(不限);廣告設計科:34(不限);觀光事業科:78(不限);餐飲管理科:34(不限);多媒體設計科:77(不限);應用英語科:35(不限),720,720,115學年度中投區高級中等學校免試入學委員會「招生名額查詢」;一般生實際招生名額;擷取時間:2026/8/10 16:44:26,普通科與汽車、資電、建築、商管、餐旅、設計及應英等多科;另有實用技能與建教合作課程。,,"普通高中課程,以部定必修、加深加廣、多元選修、彈性學習與自主學習為主;校本特色依學校課程計畫辦理。","不設固定職業實習;網站未標示全校統一專題內容,探究實作與自主學習依校方課程計畫辦理。",學校官網未標示具體大眾運輸到校路線或固定學生專車班次。,網站未標示固定通勤班次、站點或步行時間。,學校官網未標示115學年度校內學生宿舍申請資訊。,Google Maps（校園周邊餐飲、便利商店、醫療、車站／站牌）：https://www.google.com/maps/search/?api=1&query=%E8%87%BA%E4%B8%AD%E5%B8%82%E5%8D%97%E5%B1%AF%E5%8D%80%E5%B6%BA%E6%9D%B1%E8%B7%AF2%E8%99%9F；學校官網：https://www.lths.tc.edu.tw,https://www.lths.tc.edu.tw,https://www.lths.tc.edu.tw,https://www.google.com/maps/search/?api=1&query=%E8%87%BA%E4%B8%AD%E5%B8%82%E5%8D%97%E5%B1%AF%E5%8D%80%E5%B6%BA%E6%9D%B1%E8%B7%AF2%E8%99%9F,https://www.lths.tc.edu.tw,https://www.lths.tc.edu.tw,https://www.lths.tc.edu.tw
中投區,,191412,光華學校財團法人臺中市光華高級工業職業學校,私立,中投區免試入學日間部,高職,男女校,臺中市,太平區,臺中市太平區東平路18號,https://www.khvs.tc.edu.tw,04-23949009#1120,機械科:23(不限);電機科:23(不限);消防工程科:23(不限),69,69,115學年度中投區高級中等學校免試入學委員會「招生名額查詢」;一般生實際招生名額;擷取時間:2026/8/10 16:44:26,"工業技職特色校,發展電機、機械、消防工程及AIoT跨域實作;本次招生資料未列固定資優班。",,"機械、電機、消防工程等工業技術課程,並發展AIoT跨域實作;課程可見智慧農業、感測/無人機、Python、AI、IoT與自動控制等內容。","高年級課程結合企業實習與跨域專題,並以AIoT、機械/電機與消防工程實作成果為主。",學校官網未標示可直接引用的固定大眾運輸到校路線或115學年度學生專車站點。,網站未標示固定通勤班次、站點或步行時間。,學校官網未標示115學年度校內學生宿舍申請資訊。,Google Maps（校園周邊餐飲、便利商店、醫療、車站／站牌）：https://www.google.com/maps/search/?api=1&query=%E8%87%BA%E4%B8%AD%E5%B8%82%E5%A4%AA%E5%B9%B3%E5%8D%80%E6%9D%B1%E5%B9%B3%E8%B7%AF18%E8%99%9F；學校官網：https://www.khvs.tc.edu.tw,https://www.khvs.tc.edu.tw/,https://www.khvs.tc.edu.tw,https://www.google.com/maps/search/?api=1&query=%E8%87%BA%E4%B8%AD%E5%B8%82%E5%A4%AA%E5%B9%B3%E5%8D%80%E6%9D%B1%E5%B9%B3%E8%B7%AF18%E8%99%9F,https://www.khvs.tc.edu.tw/,https://www.khvs.tc.edu.tw/,https://www.khvs.tc.edu.tw/
中投區,,191B05,臺中市私立新民高級中學進修部,私立,中投區免試入學進修部,進修部,男女校,臺中市,北區,臺中市北區健行路111號,https://www.shinmin.tc.edu.tw,04-22334105#6167,普通科(日間班):40(不限);機械科(夜間班):40(不限);電機科(夜間班):40(不限);商業經營科(夜間班):40(不限);觀光事業科(夜間班):40(不限);多媒體設計科(夜間班):40(不限);應用英語科(夜間班):40(不限);應用日語科(夜間班):40(不限),320,320,115學年度中投區高級中等學校免試入學委員會「招生名額查詢」;一般生實際招生名額;擷取時間:2026/8/10 16:44:26,"進修部依當年度核定科別開班;官網未標示另設固定資優班,實際班別以進修部公告為準。",,"普通高中課程,以部定必修、加深加廣、多元選修、彈性學習與自主學習為主;校本特色依學校課程計畫辦理。",網站未標示進修部全校統一專題題目;各科實習/專題以進修部課程計畫與實習處公告為準。,校本部交通資訊:官網提供交通/專車資訊;學生專車與到校方式依校方公告。 進修部官網未標示夜間固定學生專車或夜間專用交通班次。,進修部官網未標示夜間固定學生專車、放學後公共運輸班次或固定通勤時間;不可將日間部學生專車視為進修部可搭乘。,進修部官網未標示進修部學生住宿申請資格。,Google Maps（校園周邊餐飲、便利商店、醫療、車站／站牌）：https://www.google.com/maps/search/?api=1&query=%E8%87%BA%E4%B8%AD%E5%B8%82%E5%8C%97%E5%8D%80%E5%81%A5%E8%A1%8C%E8%B7%AF111%E8%99%9F；學校官網：https://www.shinmin.tc.edu.tw,https://www.shinmin.tc.edu.tw/p/404-1000-1307.php,https://www.shinmin.tc.edu.tw,https://www.google.com/maps/search/?api=1&query=%E8%87%BA%E4%B8%AD%E5%B8%82%E5%8C%97%E5%8D%80%E5%81%A5%E8%A1%8C%E8%B7%AF111%E8%99%9F,https://www.shinmin.tc.edu.tw,https://www.shinmin.tc.edu.tw,https://www.shinmin.tc.edu.tw
中投區,,191B14,臺中市私立嶺東高級中學進修部,私立,中投區免試入學進修部,進修部,男女校,臺中市,南屯區,臺中市南屯區嶺東路2號,https://www.lths.tc.edu.tw,04-23898940#52,資訊科(夜間班):40(不限);商業經營科(夜間班):40(不限);資料處理科(夜間班):40(不限);觀光事業科(夜間班):80(不限),200,200,115學年度中投區高級中等學校免試入學委員會「招生名額查詢」;一般生實際招生名額;擷取時間:2026/8/10 16:44:26,普通科與汽車、資電、建築、商管、餐旅、設計及應英等多科;另有實用技能與建教合作課程。,,"依官網招生科別與課程計畫,課程方向包含資訊科;專業科目與校訂課程依各科課程計畫辦理。",網站未標示全校統一專題題目;各專業科實習/專題以校方課程計畫與實習處公告為準。,進修部官網未標示夜間固定學生專車或夜間專用大眾運輸班次。,進修部官網未標示夜間固定學生專車、放學後公共運輸班次或固定通勤時間;不可將日間部學生專車視為進修部可搭乘。,進修部官網未標示進修部學生住宿申請資格。,Google Maps（校園周邊餐飲、便利商店、醫療、車站／站牌）：https://www.google.com/maps/search/?api=1&query=%E8%87%BA%E4%B8%AD%E5%B8%82%E5%8D%97%E5%B1%AF%E5%8D%80%E5%B6%BA%E6%9D%B1%E8%B7%AF2%E8%99%9F；學校官網：https://www.lths.tc.edu.tw,https://www.lths.tc.edu.tw,https://www.lths.tc.edu.tw,https://www.google.com/maps/search/?api=1&query=%E8%87%BA%E4%B8%AD%E5%B8%82%E5%8D%97%E5%B1%AF%E5%8D%80%E5%B6%BA%E6%9D%B1%E8%B7%AF2%E8%99%9F,https://www.lths.tc.edu.tw,https://www.lths.tc.edu.tw,https://www.lths.tc.edu.tw
中投區,,193301,臺中市立臺中女子高級中等學校,公立,中投區免試入學日間部,高中,女校,臺中市,西區,臺中市西區自由路一段95號,https://www.tcgs.tc.edu.tw,04-22205108#203,普通科:613(女生),613,613,115學年度中投區高級中等學校免試入學委員會「招生名額查詢」;一般生實際招生名額;擷取時間:2026/8/10 16:44:26,數理資優班、人文社會資優班、語文資優班、創意科學實驗班;各班依鑑定或校方遴選辦理。,,普通型高中加深加廣、多元選修與自主學習;資優班強化數理/人社/語文研究、專題實驗、成果發表與競賽。,"不設固定職業實習;網站未標示全校統一專題內容,探究實作與自主學習依校方課程計畫辦理。",官網提供交通資訊頁;網站未標示固定學生專車班次。,網站未標示固定學生專車或全校統一通勤時間。,學校官網未標示115學年度校內學生宿舍申請資訊。,Google Maps（校園周邊餐飲、便利商店、醫療、車站／站牌）：https://www.google.com/maps/search/?api=1&query=%E8%87%BA%E4%B8%AD%E5%B8%82%E8%A5%BF%E5%8D%80%E8%87%AA%E7%94%B1%E8%B7%AF%E4%B8%80%E6%AE%B595%E8%99%9F；學校官網：https://www.tcgs.tc.edu.tw,https://itcgs.tcgs.tc.edu.tw/tcgs?cid=2602,https://www.tcgs.tc.edu.tw,https://www.google.com/maps/search/?api=1&query=%E8%87%BA%E4%B8%AD%E5%B8%82%E8%A5%BF%E5%8D%80%E8%87%AA%E7%94%B1%E8%B7%AF%E4%B8%80%E6%AE%B595%E8%99%9F,https://www.tcgs.tc.edu.tw,https://www.tcgs.tc.edu.tw,https://www.tcgs.tc.edu.tw
中投區,,193302,臺中市立臺中第一高級中等學校,公立,中投區免試入學日間部,高中,男校,臺中市,北區,臺中市北區育才街2號,https://www.tcfsh.tc.edu.tw,04-22226081#203,普通科:795(男生),795,795,115學年度中投區高級中等學校免試入學委員會「招生名額查詢」;一般生實際招生名額;擷取時間:2026/8/10 16:44:26,"科學班、數理資優班、語文資優班、美術班;科學班與陽明交通大學合作,班別依各管道甄選。",,"普通型高中兼顧人文與基礎科學;科學班另設科學專業領域課程,與陽明交大合作授課並可赴大學修課。","不設固定職業實習;網站未標示全校統一專題內容,探究實作與自主學習依校方課程計畫辦理。",官網提供交通資訊頁;網站未標示固定學生專車班次。,網站未標示固定學生專車或全校統一通勤時間。,學校官網未標示115學年度校內學生宿舍申請資訊。,Google Maps（校園周邊餐飲、便利商店、醫療、車站／站牌）：https://www.google.com/maps/search/?api=1&query=%E8%87%BA%E4%B8%AD%E5%B8%82%E5%8C%97%E5%8D%80%E8%82%B2%E6%89%8D%E8%A1%972%E8%99%9F；學校官網：https://www.tcfsh.tc.edu.tw,https://tcfsh.tc.edu.tw/p/412-1076-20838.php,https://www.tcfsh.tc.edu.tw,https://www.google.com/maps/search/?api=1&query=%E8%87%BA%E4%B8%AD%E5%B8%82%E5%8C%97%E5%8D%80%E8%82%B2%E6%89%8D%E8%A1%972%E8%99%9F,https://www.tcfsh.tc.edu.tw,https://www.tcfsh.tc.edu.tw,https://www.tcfsh.tc.edu.tw
中投區,,193303,臺中市立忠明高級中學,公立,中投區免試入學日間部,高中,男女校,臺中市,西區,403023 臺中市西區博館路166號,https://cmsh.tc.edu.tw,04-23224690#712,普通科:244(不限),244,244,115學年度中投區高級中等學校免試入學委員會「招生名額查詢」;一般生實際招生名額;擷取時間:2026/8/10 16:44:26,"高中部雙語實驗班;另有多元課程與升學銜接,實際編班依當年度公告。",,"普通型高中多元選修與班群課程,雙語實驗班強化雙語沉浸、國際視野與學科整合。",不設固定職業實習;雙語、探究實作、自主學習與專題成果依高中課程計畫辦理。,官網設交通圖/交通資訊入口;網站未標示可直接引用的固定公車路線或學生專車班次。,網站未標示固定通勤班次、站點或步行時間。,學校官網未標示115學年度校內學生宿舍申請資訊。,Google Maps（校園周邊餐飲、便利商店、醫療、車站／站牌）：https://www.google.com/maps/search/?api=1&query=403023%20%E8%87%BA%E4%B8%AD%E5%B8%82%E8%A5%BF%E5%8D%80%E5%8D%9A%E9%A4%A8%E8%B7%AF166%E8%99%9F；學校官網：https://cmsh.tc.edu.tw,https://cmsh.tc.edu.tw/,https://cmsh.tc.edu.tw,https://www.google.com/maps/search/?api=1&query=403023%20%E8%87%BA%E4%B8%AD%E5%B8%82%E8%A5%BF%E5%8D%80%E5%8D%9A%E9%A4%A8%E8%B7%AF166%E8%99%9F,https://cmsh.tc.edu.tw/,https://cmsh.tc.edu.tw,https://cmsh.tc.edu.tw/
中投區,,193313,臺中市立西苑高級中學,公立,中投區免試入學日間部,高中,男女校,臺中市,西屯區,臺中市西屯區漢翔路188號,https://sysh.tc.edu.tw,04-27016473#714,普通科:241(不限),241,241,115學年度中投區高級中等學校免試入學委員會「招生名額查詢」;一般生實際招生名額;擷取時間:2026/8/10 16:44:26,普通科並發展資訊科技、自主學習與體育專長;固定班別與特色招生依校方年度公告。,,"普通高中課程,以部定必修、加深加廣、多元選修、彈性學習與自主學習為主;校本特色依學校課程計畫辦理。","不設固定職業實習;網站未標示全校統一專題內容,探究實作與自主學習依校方課程計畫辦理。",學校官網未標示具體大眾運輸到校路線或固定學生專車班次。,網站未標示固定通勤班次、站點或步行時間。,學校官網未標示115學年度校內學生宿舍申請資訊。,Google Maps（校園周邊餐飲、便利商店、醫療、車站／站牌）：https://www.google.com/maps/search/?api=1&query=%E8%87%BA%E4%B8%AD%E5%B8%82%E8%A5%BF%E5%B1%AF%E5%8D%80%E6%BC%A2%E7%BF%94%E8%B7%AF188%E8%99%9F；學校官網：https://sysh.tc.edu.tw,https://sysh.tc.edu.tw,https://sysh.tc.edu.tw,https://www.google.com/maps/search/?api=1&query=%E8%87%BA%E4%B8%AD%E5%B8%82%E8%A5%BF%E5%B1%AF%E5%8D%80%E6%BC%A2%E7%BF%94%E8%B7%AF188%E8%99%9F,https://sysh.tc.edu.tw,https://sysh.tc.edu.tw,https://sysh.tc.edu.tw
中投區,,193315,臺中市立東山高級中學,公立,中投區免試入學日間部,高中,男女校,臺中市,北屯區,臺中市北屯區景賢六路200號,https://tsjh.tc.edu.tw,04-24360166#713,普通科:199(不限),199,199,115學年度中投區高級中等學校免試入學委員會「招生名額查詢」;一般生實際招生名額;擷取時間:2026/8/10 16:44:26,發展程式設計、創客與科學教育特色;固定特色班別依當年度校方公告。,,普通型高中課程結合程式設計、創客、科學探究、跨域教材與自主學習。,"不設固定職業實習;網站未標示全校統一專題內容,探究實作與自主學習依校方課程計畫辦理。",官網提供交通相關頁面;網站未標示固定學生專車班次。,網站未標示固定學生專車或全校統一通勤時間。,學校官網未標示115學年度校內學生宿舍申請資訊。,Google Maps（校園周邊餐飲、便利商店、醫療、車站／站牌）：https://www.google.com/maps/search/?api=1&query=%E8%87%BA%E4%B8%AD%E5%B8%82%E5%8C%97%E5%B1%AF%E5%8D%80%E6%99%AF%E8%B3%A2%E5%85%AD%E8%B7%AF200%E8%99%9F；學校官網：https://tsjh.tc.edu.tw,https://tsjh.tsjh.tc.edu.tw/ischool/publish_page/231/?cid=5031,https://tsjh.tc.edu.tw,https://www.google.com/maps/search/?api=1&query=%E8%87%BA%E4%B8%AD%E5%B8%82%E5%8C%97%E5%B1%AF%E5%8D%80%E6%99%AF%E8%B3%A2%E5%85%AD%E8%B7%AF200%E8%99%9F,https://tsjh.tc.edu.tw,https://tsjh.tc.edu.tw,https://tsjh.tc.edu.tw
中投區,,193316,臺中市立惠文高級中學,公立,中投區免試入學日間部,高中,男女校,臺中市,南屯區,臺中市南屯區公益路二段298號,https://hwsh.tc.edu.tw,04-22503928#721,普通科:294(不限),294,294,115學年度中投區高級中等學校免試入學委員會「招生名額查詢」;一般生實際招生名額;擷取時間:2026/8/10 16:44:26,國際教育雙語實驗班;另有多元選修、特色活動與國際教育課程。,,普通型高中多元選修、自主學習與學習歷程;雙語實驗班及國際教育課程強化跨文化溝通與全球議題。,"不設固定職業實習;網站未標示全校統一專題內容,探究實作與自主學習依校方課程計畫辦理。",官網提供校址與交通動線資訊;網站未標示可直接引用的固定學生專車班次。,網站未標示固定學生專車班次或全校統一通勤時間。,學校官網未標示115學年度校內學生宿舍申請資訊。,Google Maps（校園周邊餐飲、便利商店、醫療、車站／站牌）：https://www.google.com/maps/search/?api=1&query=%E8%87%BA%E4%B8%AD%E5%B8%82%E5%8D%97%E5%B1%AF%E5%8D%80%E5%85%AC%E7%9B%8A%E8%B7%AF%E4%BA%8C%E6%AE%B5298%E8%99%9F；學校官網：https://hwsh.tc.edu.tw,https://hwsh.tc.edu.tw/p/406-1066-452970%2Cr4268.php?Lang=zh-tw,https://hwsh.tc.edu.tw,https://www.google.com/maps/search/?api=1&query=%E8%87%BA%E4%B8%AD%E5%B8%82%E5%8D%97%E5%B1%AF%E5%8D%80%E5%85%AC%E7%9B%8A%E8%B7%AF%E4%BA%8C%E6%AE%B5298%E8%99%9F,https://hwsh.tc.edu.tw,https://hwsh.tc.edu.tw,https://hwsh.tc.edu.tw
中投區,,193404,臺中市立臺中家事商業高級中等學校,公立,中投區免試入學日間部,高職,男女校,臺中市,東區,臺中市東區和平街50號,https://www.tchcvs.tc.edu.tw,04-22223307#203,商業經營科:131(不限);國際貿易科:65(不限);會計事務科:65(不限);資料處理科:96(不限);應用英語科:66(不限);幼兒保育科:62(不限);流行服飾科:55(不限),540,540,115學年度中投區高級中等學校免試入學委員會「招生名額查詢」;一般生實際招生名額;擷取時間:2026/8/10 16:44:26,"流行服飾科辦理特色招生,另有商管、應英、幼保等專業類科;實際招生科班依年度簡章。",,"商管、外語、幼保與服飾設計專業並行;重視實習、技能檢定、專題、產學合作,流行服飾強化設計製作與染織。",網站未標示全校統一專題題目;各專業科實習/專題以校方課程計畫與實習處公告為準。,官網提供交通資訊文件;網站未標示固定學生專車班次。,網站未標示固定學生專車或全校統一通勤時間。,學校官網未標示115學年度校內學生宿舍申請資訊。,Google Maps（校園周邊餐飲、便利商店、醫療、車站／站牌）：https://www.google.com/maps/search/?api=1&query=%E8%87%BA%E4%B8%AD%E5%B8%82%E6%9D%B1%E5%8D%80%E5%92%8C%E5%B9%B3%E8%A1%9750%E8%99%9F；學校官網：https://www.tchcvs.tc.edu.tw,https://tchcvs.tc.edu.tw/var/file/87/1087/img/1693/562532240.pdf,https://www.tchcvs.tc.edu.tw,https://www.google.com/maps/search/?api=1&query=%E8%87%BA%E4%B8%AD%E5%B8%82%E6%9D%B1%E5%8D%80%E5%92%8C%E5%B9%B3%E8%A1%9750%E8%99%9F,https://www.tchcvs.tc.edu.tw,https://www.tchcvs.tc.edu.tw,https://www.tchcvs.tc.edu.tw
中投區,,193407,臺中市立臺中工業高級中等學校,公立,中投區免試入學日間部,高職,男女校,臺中市,南區,臺中市南區高工路191號,https://www.tcivs.tc.edu.tw,04-22613158#2200,機械科:67(不限);汽車科:67(不限);板金科(產特):34(不限);資訊科:70(不限);電子科:65(不限);控制科:66(不限);電機科:66(不限);冷凍空調科:67(不限);建築科:33(不限);化工科:66(不限);土木科(產特):32(不限);圖文傳播科:67(不限);電腦機械製圖科:69(不限),769,769,115學年度中投區高級中等學校免試入學委員會「招生名額查詢」;一般生實際招生名額;擷取時間:2026/8/10 16:44:26,板金、土木為產業特殊需求類科;另有臺中高工×臺科大專班及多元工業專業科。,,13個工業類科強調專業實習、技術士證照、專題製作與產學銜接;另有臺科大專班等升學路徑。,網站未標示全校統一專題題目;各專業科實習/專題以校方課程計畫與實習處公告為準。,官網提供交通相關公告/資訊頁;網站未標示固定學生專車班次。,網站未標示固定學生專車或全校統一通勤時間。,學校官網未標示115學年度校內學生宿舍申請資訊。,Google Maps（校園周邊餐飲、便利商店、醫療、車站／站牌）：https://www.google.com/maps/search/?api=1&query=%E8%87%BA%E4%B8%AD%E5%B8%82%E5%8D%97%E5%8D%80%E9%AB%98%E5%B7%A5%E8%B7%AF191%E8%99%9F；學校官網：https://www.tcivs.tc.edu.tw,https://tcivs.tc.edu.tw/p/404-1081-465249.php,https://www.tcivs.tc.edu.tw,https://www.google.com/maps/search/?api=1&query=%E8%87%BA%E4%B8%AD%E5%B8%82%E5%8D%97%E5%8D%80%E9%AB%98%E5%B7%A5%E8%B7%AF191%E8%99%9F,https://www.tcivs.tc.edu.tw,https://www.tcivs.tc.edu.tw,https://www.tcivs.tc.edu.tw
中投區,,193C04,臺中市立臺中家事商業高級中等學校進修部,公立,中投區免試入學進修部,進修部,男女校,臺中市,東區,臺中市東區和平街50號,https://www.tchcvs.tc.edu.tw,04-22223307#703、713,商業經營科(夜間班):34(不限);國際貿易科(夜間班):34(不限);資料處理科(夜間班):34(不限),102,102,115學年度中投區高級中等學校免試入學委員會「招生名額查詢」;一般生實際招生名額;擷取時間:2026/8/10 16:44:26,"流行服飾科辦理特色招生,另有商管、應英、幼保等專業類科;實際招生科班依年度簡章。",,"商管、外語、幼保與服飾設計專業並行;重視實習、技能檢定、專題、產學合作,流行服飾強化設計製作與染織。",網站未標示全校統一專題題目;各專業科實習/專題以校方課程計畫與實習處公告為準。,進修部官網未標示夜間固定學生專車或夜間專用大眾運輸班次。,進修部官網未標示夜間固定學生專車、放學後公共運輸班次或固定通勤時間;不可將日間部學生專車視為進修部可搭乘。,進修部官網未標示進修部學生住宿申請資格。,Google Maps（校園周邊餐飲、便利商店、醫療、車站／站牌）：https://www.google.com/maps/search/?api=1&query=%E8%87%BA%E4%B8%AD%E5%B8%82%E6%9D%B1%E5%8D%80%E5%92%8C%E5%B9%B3%E8%A1%9750%E8%99%9F；學校官網：https://www.tchcvs.tc.edu.tw,https://tchcvs.tc.edu.tw/var/file/87/1087/img/1693/562532240.pdf,https://www.tchcvs.tc.edu.tw,https://www.google.com/maps/search/?api=1&query=%E8%87%BA%E4%B8%AD%E5%B8%82%E6%9D%B1%E5%8D%80%E5%92%8C%E5%B9%B3%E8%A1%9750%E8%99%9F,https://www.tchcvs.tc.edu.tw,https://www.tchcvs.tc.edu.tw,https://www.tchcvs.tc.edu.tw
中投區,,193C07,臺中市立臺中工業高級中等學校進修部,公立,中投區免試入學進修部,進修部,男女校,臺中市,南區,臺中市南區高工路191號,https://www.tcivs.tc.edu.tw,04-22613158#6504,機械科(夜間班):22(不限);汽車科(夜間班):22(不限);電機科(夜間班):21(不限);建築科(夜間班):20(不限),85,85,115學年度中投區高級中等學校免試入學委員會「招生名額查詢」;一般生實際招生名額;擷取時間:2026/8/10 16:44:26,板金、土木為產業特殊需求類科;另有臺中高工×臺科大專班及多元工業專業科。,,13個工業類科強調專業實習、技術士證照、專題製作與產學銜接;另有臺科大專班等升學路徑。,網站未標示全校統一專題題目;各專業科實習/專題以校方課程計畫與實習處公告為準。,進修部官網未標示夜間固定學生專車或夜間專用大眾運輸班次。,進修部官網未標示夜間固定學生專車、放學後公共運輸班次或固定通勤時間;不可將日間部學生專車視為進修部可搭乘。,進修部官網未標示進修部學生住宿申請資格。,Google Maps（校園周邊餐飲、便利商店、醫療、車站／站牌）：https://www.google.com/maps/search/?api=1&query=%E8%87%BA%E4%B8%AD%E5%B8%82%E5%8D%97%E5%8D%80%E9%AB%98%E5%B7%A5%E8%B7%AF191%E8%99%9F；學校官網：https://www.tcivs.tc.edu.tw,https://tcivs.tc.edu.tw/p/404-1081-465249.php,https://www.tcivs.tc.edu.tw,https://www.google.com/maps/search/?api=1&query=%E8%87%BA%E4%B8%AD%E5%B8%82%E5%8D%97%E5%8D%80%E9%AB%98%E5%B7%A5%E8%B7%AF191%E8%99%9F,https://www.tcivs.tc.edu.tw,https://www.tcivs.tc.edu.tw,https://www.tcivs.tc.edu.tw
中投區,,194303,臺中市立臺中第二高級中等學校,公立,中投區免試入學日間部,高中,男女校,臺中市,北區,臺中市北區英士路109號,https://tcssh.tc.edu.tw,04-22021521#1205,普通科:740(不限),740,740,115學年度中投區高級中等學校免試入學委員會「招生名額查詢」;一般生實際招生名額;擷取時間:2026/8/10 16:44:26,語文資優班、音樂班;其他特色學習與招生方式依當年度校方公告。,,"普通型高中多元選修、自主學習與學科加深加廣;語資強化語文與人社研究,音樂班重視個別術科與合奏。","不設固定職業實習;網站未標示全校統一專題內容,探究實作與自主學習依校方課程計畫辦理。",官網提供交通資訊入口;網站未標示可直接引用的固定學生專車班次。,網站未標示固定學生專車或全校統一通勤時間。,學校官網未標示115學年度校內學生宿舍申請資訊。,Google Maps（校園周邊餐飲、便利商店、醫療、車站／站牌）：https://www.google.com/maps/search/?api=1&query=%E8%87%BA%E4%B8%AD%E5%B8%82%E5%8C%97%E5%8D%80%E8%8B%B1%E5%A3%AB%E8%B7%AF109%E8%99%9F；學校官網：https://tcssh.tc.edu.tw,https://tcssh.tc.edu.tw/,https://tcssh.tc.edu.tw,https://www.google.com/maps/search/?api=1&query=%E8%87%BA%E4%B8%AD%E5%B8%82%E5%8C%97%E5%8D%80%E8%8B%B1%E5%A3%AB%E8%B7%AF109%E8%99%9F,https://tcssh.tc.edu.tw,https://tcssh.tc.edu.tw,https://tcssh.tc.edu.tw
中投區,,194315,臺中市立文華高級中等學校,公立,中投區免試入學日間部,高中,男女校,臺中市,西屯區,臺中市西屯區寧夏路240號,https://www.whsh.tc.edu.tw,04-23124000#214,普通科:279(男生);普通科:369(女生),648,648,115學年度中投區高級中等學校免試入學委員會「招生名額查詢」;一般生實際招生名額;擷取時間:2026/8/10 16:44:26,數理資優班、語文資優班、舞蹈班;另推動國際教育與多元特色課程。,,"普通型高中課程結合多元選修、國際教育與自主學習;數理/語文資優強化專題研究,舞蹈班進行專業術科訓練。","不設固定職業實習;網站未標示全校統一專題內容,探究實作與自主學習依校方課程計畫辦理。",官網提供交通/聯絡資訊;網站未標示固定學生專車班次。,網站未標示固定學生專車或全校統一通勤時間。,學校官網未標示115學年度校內學生宿舍申請資訊。,Google Maps（校園周邊餐飲、便利商店、醫療、車站／站牌）：https://www.google.com/maps/search/?api=1&query=%E8%87%BA%E4%B8%AD%E5%B8%82%E8%A5%BF%E5%B1%AF%E5%8D%80%E5%AF%A7%E5%A4%8F%E8%B7%AF240%E8%99%9F；學校官網：https://www.whsh.tc.edu.tw,https://whsh.tc.edu.tw/p/412-1078-15338.php,https://www.whsh.tc.edu.tw,https://www.google.com/maps/search/?api=1&query=%E8%87%BA%E4%B8%AD%E5%B8%82%E8%A5%BF%E5%B1%AF%E5%8D%80%E5%AF%A7%E5%A4%8F%E8%B7%AF240%E8%99%9F,https://www.whsh.tc.edu.tw,https://www.whsh.tc.edu.tw,https://www.whsh.tc.edu.tw
彰化區,,061306,臺中市私立明台高級中學,私立,彰化區免試入學日間部,高中,男女校,臺中市,霧峰區,413 臺中市霧峰區萊園路91號,https://www.mths.tc.edu.tw/,,資料處理科:2(不限)；觀光事業科:5(不限)；餐飲管理科:5(不限)；幼兒保育科:2(不限)；美容科:2(不限)；室內設計科:2(不限),18,18,115學年度彰化區免試入學核定招生名額（使用者提供 PDF；一般生名額與科別）,請以各校當年度公告為準,,技術型課程以餐飲、觀光、室內設計、美容、幼保、資料處理等專業方向為主，另有餐飲技術、寵物經營、表演技術、美髮／美顏等實務類課程。,官網實習處說明包含實務教學、業師協同、實務增能、產學合作與就業銜接；各科成果以專業實作與技藝成果為主。,官網115學年度公告提供新生校車填報與站名代碼查詢；官網首頁未標示固定公車到校路線。,校車站點與搭乘方式由校方當學年度校車公告管理；官網未標示其他固定通勤班次或步行時間。,學校官網未標示115學年度校內學生宿舍申請資訊。,Google Maps（校園周邊餐飲、便利商店、醫療、車站／站牌）：https://www.google.com/maps/search/?api=1&query=413%20%E8%87%BA%E4%B8%AD%E5%B8%82%E9%9C%A7%E5%B3%B0%E5%8D%80%E8%90%8A%E5%9C%92%E8%B7%AF91%E8%99%9F；學校官網：https://www.mths.tc.edu.tw/,https://www.mths.tc.edu.tw/,https://www.mths.tc.edu.tw/,https://www.google.com/maps/search/?api=1&query=413%20%E8%87%BA%E4%B8%AD%E5%B8%82%E9%9C%A7%E5%B3%B0%E5%8D%80%E8%90%8A%E5%9C%92%E8%B7%AF91%E8%99%9F,https://www.mths.tc.edu.tw/,https://www.mths.tc.edu.tw/,https://www.mths.tc.edu.tw/InternshipOffice
彰化區,,063408,臺中市立霧峰農業工業高級中等學校,公立,彰化區免試入學日間部,高職,男女校,臺中市,霧峰區,413010 臺中市霧峰區中正路1222號,https://wufai.tc.edu.tw/,,餐飲管理科:1(不限),1,1,115學年度彰化區免試入學核定招生名額（使用者提供 PDF；一般生名額與科別）,請以各校當年度公告為準,,農業、食品與餐旅、汽車、機械、電機、電子等技術型課程；本表招生科別包含餐飲管理、食品加工與汽車。,官網設實習處及各專業科，課程以專業實習與技能實作為核心；網站未標示全校統一專題題目。,官方交通資料列明：臺中車站可搭200、107、108或50路公車至「霧峰農工」；高鐵臺中站可搭151路前往霧峰地區。,官網交通資料已列固定公車路線；進修部夜間回程班次網站未標示。,學校官網未標示115學年度校內學生宿舍申請資訊。,Google Maps（校園周邊餐飲、便利商店、醫療、車站／站牌）：https://www.google.com/maps/search/?api=1&query=413010%20%E8%87%BA%E4%B8%AD%E5%B8%82%E9%9C%A7%E5%B3%B0%E5%8D%80%E4%B8%AD%E6%AD%A3%E8%B7%AF1222%E8%99%9F；學校官網：https://wufai.tc.edu.tw/,https://school.tc.edu.tw/open-message/193518/get-file/656d1978ee73253190624865.pdf,https://wufai.tc.edu.tw/,https://www.google.com/maps/search/?api=1&query=413010%20%E8%87%BA%E4%B8%AD%E5%B8%82%E9%9C%A7%E5%B3%B0%E5%8D%80%E4%B8%AD%E6%AD%A3%E8%B7%AF1222%E8%99%9F,https://wufai.tc.edu.tw/,https://wufai.tc.edu.tw/,https://wufai.tc.edu.tw/
彰化區,,063C08,臺中市立霧峰農業工業高級中等學校進修部,公立,彰化區免試入學進修部,進修部,男女校,臺中市,霧峰區,413010 臺中市霧峰區中正路1222號,https://wufai.tc.edu.tw/,,食品加工科(夜間班):1(不限)；汽車科(夜間班):1(不限),2,2,115學年度彰化區免試入學核定招生名額（使用者提供 PDF；一般生名額與科別）,請以各校當年度公告為準,,農業、食品與餐旅、汽車、機械、電機、電子等技術型課程；本表招生科別包含餐飲管理、食品加工與汽車。,官網設實習處及各專業科，課程以專業實習與技能實作為核心；網站未標示全校統一專題題目。,官方交通資料列明：臺中車站可搭200、107、108或50路公車至「霧峰農工」；高鐵臺中站可搭151路前往霧峰地區。 進修部官網未標示日間部學生專車是否適用夜間班。,進修部官網未標示夜間專用交通班次；不可將日間部學生專車視為進修部可搭乘。,進修部官網未標示進修部學生住宿申請資格。,Google Maps（校園周邊餐飲、便利商店、醫療、車站／站牌）：https://www.google.com/maps/search/?api=1&query=413010%20%E8%87%BA%E4%B8%AD%E5%B8%82%E9%9C%A7%E5%B3%B0%E5%8D%80%E4%B8%AD%E6%AD%A3%E8%B7%AF1222%E8%99%9F；學校官網：https://wufai.tc.edu.tw/,https://school.tc.edu.tw/open-message/193518/get-file/656d1978ee73253190624865.pdf,https://wufai.tc.edu.tw/,https://www.google.com/maps/search/?api=1&query=413010%20%E8%87%BA%E4%B8%AD%E5%B8%82%E9%9C%A7%E5%B3%B0%E5%8D%80%E4%B8%AD%E6%AD%A3%E8%B7%AF1222%E8%99%9F,https://wufai.tc.edu.tw/,https://wufai.tc.edu.tw/,https://wufai.tc.edu.tw/
彰化區,,070301,國立彰化女子高級中學,公立,彰化區免試入學日間部,高中,女校,彰化縣,彰化市,500 彰化縣彰化市光復路62號,https://www.chgsh.chc.edu.tw/,,普通科:386(女生),386,386,115學年度彰化區免試入學核定招生名額（使用者提供 PDF；一般生名額與科別）,請以各校當年度公告為準,,普通高中學術課程，另有語文資優、數理資優、雙語實驗等特色班級，並提供多元選修與自主學習。,自主學習規劃可採實作實驗、專題製作、實察體驗、小論文等形式；不設固定職業實習。,官網交通路線資訊指出，從臺鐵彰化站沿光復路步行到校約10分鐘。,臺鐵彰化站至校可直接步行；官網未標示固定學生專車。,校方設有學生宿舍，官網公開宿舍管理與聯絡資訊；實際床位依當學年度住宿公告。,Google Maps（校園周邊餐飲、便利商店、醫療、車站／站牌）：https://www.google.com/maps/search/?api=1&query=500%20%E5%BD%B0%E5%8C%96%E7%B8%A3%E5%BD%B0%E5%8C%96%E5%B8%82%E5%85%89%E5%BE%A9%E8%B7%AF62%E8%99%9F；學校官網：https://www.chgsh.chc.edu.tw/,https://www.chgsh.chc.edu.tw/公告訊息/sample-page/交通路線圖/,https://www.chgsh.chc.edu.tw/,https://www.google.com/maps/search/?api=1&query=500%20%E5%BD%B0%E5%8C%96%E7%B8%A3%E5%BD%B0%E5%8C%96%E5%B8%82%E5%85%89%E5%BE%A9%E8%B7%AF62%E8%99%9F,https://www.chgsh.chc.edu.tw/公告訊息/sample-page/本校現況/,https://www.chgsh.chc.edu.tw/公告訊息/sample-page/本校現況/,https://www.chgsh.chc.edu.tw/
彰化區,,070304,國立員林高級中學,公立,彰化區免試入學日間部,高中,男女校,彰化縣,員林市,51048 彰化縣員林市靜修路79號,https://www.ylsh.chc.edu.tw/,,普通科:418(不限),418,418,115學年度彰化區免試入學核定招生名額（使用者提供 PDF；一般生名額與科別）,請以各校當年度公告為準,,普通高中學術課程，搭配多元選修、彈性學習與自主學習。,不設固定職業實習；自主學習／探究成果依課程與學生規劃進行，網站未標示全校統一專題題目。,官網乘車資訊列有員林客運到校路線；校門外設Moovo「員林高中站」。,官網資料指出臺鐵員林站至學校約900公尺，騎公共自行車約6至10分鐘。,校方設有學生宿舍，官網規章專區列有宿舍管理、生活管理與住宿費用規定。,Google Maps（校園周邊餐飲、便利商店、醫療、車站／站牌）：https://www.google.com/maps/search/?api=1&query=51048%20%E5%BD%B0%E5%8C%96%E7%B8%A3%E5%93%A1%E6%9E%97%E5%B8%82%E9%9D%9C%E4%BF%AE%E8%B7%AF79%E8%99%9F；學校官網：https://www.ylsh.chc.edu.tw/,https://www.ylsh.chc.edu.tw/ischool/publish_page/69/?cid=1081,https://www.ylsh.chc.edu.tw/home?cid=1050,https://www.google.com/maps/search/?api=1&query=51048%20%E5%BD%B0%E5%8C%96%E7%B8%A3%E5%93%A1%E6%9E%97%E5%B8%82%E9%9D%9C%E4%BF%AE%E8%B7%AF79%E8%99%9F,https://www.ylsh.chc.edu.tw/home?cid=307,https://www.ylsh.chc.edu.tw/,https://www.ylsh.chc.edu.tw/home?cid=1050
彰化區,,070307,國立彰化高級中學,公立,彰化區免試入學日間部,高中,男校,彰化縣,彰化市,500017 彰化縣彰化市中興路78號,https://www.chsh.chc.edu.tw/,,普通科:494(男生),494,494,115學年度彰化區免試入學核定招生名額（使用者提供 PDF；一般生名額與科別）,請以各校當年度公告為準,,普通高中學術課程，並有自主學習、科學研究、AI／機器人與音樂等特色學習活動。,官網可見數學研究專題、科展、黑客松與AI成果發表等專題成果；不設固定職業實習。,學校官網設「交通資訊／交通路線」入口，但首頁文字未標示固定公車路線或學生專車班次。,網站未標示固定通勤班次或彰化車站至校步行時間。,校方設有學生宿舍並有住宿相關公告；實際入住資格與床位依當學年度公告。,Google Maps（校園周邊餐飲、便利商店、醫療、車站／站牌）：https://www.google.com/maps/search/?api=1&query=500017%20%E5%BD%B0%E5%8C%96%E7%B8%A3%E5%BD%B0%E5%8C%96%E5%B8%82%E4%B8%AD%E8%88%88%E8%B7%AF78%E8%99%9F；學校官網：https://www.chsh.chc.edu.tw/,https://www.chsh.chc.edu.tw/app/,https://www.chsh.chc.edu.tw/,https://www.google.com/maps/search/?api=1&query=500017%20%E5%BD%B0%E5%8C%96%E7%B8%A3%E5%BD%B0%E5%8C%96%E5%B8%82%E4%B8%AD%E8%88%88%E8%B7%AF78%E8%99%9F,https://www.chsh.chc.edu.tw/,https://www.chsh.chc.edu.tw/,https://www.chsh.chc.edu.tw/
彰化區,,070316,國立鹿港高級中學,公立,彰化區免試入學日間部,高中,男女校,彰化縣,鹿港鎮,505 彰化縣鹿港鎮東石里中山路661號,https://www.lksh.chc.edu.tw/,,普通科:134(不限)；汽車科:53(不限)；商業經營科:79(不限)；國際貿易科:57(不限)；水產養殖科:25(不限),348,348,115學年度彰化區免試入學核定招生名額（使用者提供 PDF；一般生名額與科別）,請以各校當年度公告為準,,普通科與汽車、商業經營、國際貿易、水產養殖等技術型科別並行，兼具普通高中與技職方向。,汽車科官網列有專題實作與專業維修實習；商業類可見經濟專題研究；進修部課程亦有專題製作。,官網設「地理交通」與學生專車資訊入口；官網首頁未標示固定公車班次。,學生專車站點與時間依校方公告；網站未標示其他固定通勤班次或步行時間。,校方設有學生宿舍並有宿舍管理規定；實際床位與申請資格依當學年度公告。,Google Maps（校園周邊餐飲、便利商店、醫療、車站／站牌）：https://www.google.com/maps/search/?api=1&query=505%20%E5%BD%B0%E5%8C%96%E7%B8%A3%E9%B9%BF%E6%B8%AF%E9%8E%AE%E6%9D%B1%E7%9F%B3%E9%87%8C%E4%B8%AD%E5%B1%B1%E8%B7%AF661%E8%99%9F；學校官網：https://www.lksh.chc.edu.tw/,https://www.lksh.chc.edu.tw/,https://www.lksh.chc.edu.tw/,https://www.google.com/maps/search/?api=1&query=505%20%E5%BD%B0%E5%8C%96%E7%B8%A3%E9%B9%BF%E6%B8%AF%E9%8E%AE%E6%9D%B1%E7%9F%B3%E9%87%8C%E4%B8%AD%E5%B1%B1%E8%B7%AF661%E8%99%9F,https://www.lksh.chc.edu.tw/p/412-1005-1470.php?Lang=zh-tw,https://www.lksh.chc.edu.tw/,https://www.lksh.chc.edu.tw/p/412-1005-453.php
彰化區,,070319,國立溪湖高級中學,公立,彰化區免試入學日間部,高中,男女校,彰化縣,溪湖鎮,51452 彰化縣溪湖鎮大溪路二段86號,https://www.hhsh.chc.edu.tw/,,綜合高中:383(不限),383,383,115學年度彰化區免試入學核定招生名額（使用者提供 PDF；一般生名額與科別）,請以各校當年度公告為準,,綜合高中課程，依課程計畫與選課進行學術／專門學程分流；網站未標示單一固定專業方向。,網站未標示全校統一實習或專題內容。,學校官網未標示具體大眾運輸路線或固定學生專車班次。,網站未標示固定通勤班次或步行時間。,校方設有學生宿舍，官網公布學生宿舍聯絡資訊；申請與床位依當學年度公告。,Google Maps（校園周邊餐飲、便利商店、醫療、車站／站牌）：https://www.google.com/maps/search/?api=1&query=51452%20%E5%BD%B0%E5%8C%96%E7%B8%A3%E6%BA%AA%E6%B9%96%E9%8E%AE%E5%A4%A7%E6%BA%AA%E8%B7%AF%E4%BA%8C%E6%AE%B586%E8%99%9F；學校官網：https://www.hhsh.chc.edu.tw/,https://www.hhsh.chc.edu.tw/,https://www.hhsh.chc.edu.tw/home?cid=876,https://www.google.com/maps/search/?api=1&query=51452%20%E5%BD%B0%E5%8C%96%E7%B8%A3%E6%BA%AA%E6%B9%96%E9%8E%AE%E5%A4%A7%E6%BA%AA%E8%B7%AF%E4%BA%8C%E6%AE%B586%E8%99%9F,https://www.hhsh.chc.edu.tw/home?cid=876,https://www.hhsh.chc.edu.tw/,https://www.hhsh.chc.edu.tw/
彰化區,,070401,國立彰化師範大學附屬高級工業職業學校,公立,彰化區免試入學日間部,高職,男女校,彰化縣,彰化市,500 彰化縣彰化市工校街1號,https://www.sivs.chc.edu.tw/,,機械科:54(不限)；鑄造科(產特):31(不限)；汽車科:43(不限)；資訊科:25(不限)；電子科:58(不限)；控制科:30(不限)；電機科:50(不限)；建築科:55(不限)；機械木模科(產特):32(不限)；機電科:61(不限)；製圖科:30(不限),469,469,115學年度彰化區免試入學核定招生名額（使用者提供 PDF；一般生名額與科別）,請以各校當年度公告為準,,機械、鑄造、汽車、資訊、電子、控制、電機、建築、機電、製圖、機械木模等工業技術課程。,各科以工場實習、機電控制、電子電路、製造／設計與專題實作為核心；控制科可見PLC、智慧家庭、機器人等專題導向實作。,官方交通資料列明：臺鐵彰化站可搭彰化客運／臺中客運101路，在「和調里」或「原民館」下車後步行約10分鐘到校。,官網交通資料另列高鐵轉乘動線；固定通勤方式以101路與站點步行為主。,校方設有學生宿舍及宿舍管理資訊；申請資格與床位依當學年度公告。,Google Maps（校園周邊餐飲、便利商店、醫療、車站／站牌）：https://www.google.com/maps/search/?api=1&query=500%20%E5%BD%B0%E5%8C%96%E7%B8%A3%E5%BD%B0%E5%8C%96%E5%B8%82%E5%B7%A5%E6%A0%A1%E8%A1%971%E8%99%9F；學校官網：https://www.sivs.chc.edu.tw/,https://www.sivs.chc.edu.tw/ezfiles/0/1000/attach/94/pta_27909_4573997_47327.pdf,https://www.sivs.chc.edu.tw/,https://www.google.com/maps/search/?api=1&query=500%20%E5%BD%B0%E5%8C%96%E7%B8%A3%E5%BD%B0%E5%8C%96%E5%B8%82%E5%B7%A5%E6%A0%A1%E8%A1%971%E8%99%9F,https://www.sivs.chc.edu.tw/,https://www.sivs.chc.edu.tw/,https://www.sivs.chc.edu.tw/ezfiles/0/1000/img/17/467795997.pdf
彰化區,,070402,國立永靖高級工業職業學校,公立,彰化區免試入學日間部,高職,男女校,彰化縣,永靖鄉,51247 彰化縣永靖鄉永坡路101號,https://www.yjvs.chc.edu.tw/,,機械科:82(不限)；資訊科:27(不限)；電機科:51(不限)；建築科:28(不限)；化工科:57(不限)；製圖科:25(不限)；室內空間設計科:27(不限),297,297,115學年度彰化區免試入學核定招生名額（使用者提供 PDF；一般生名額與科別）,請以各校當年度公告為準,,機械、資訊、電機、建築、化工、製圖、室內空間設計等工業技術課程。,以各科專業實習與技能實作為主；網站未標示全校統一專題題目。,學校官網首頁未標示具體大眾運輸路線或固定學生專車班次。,網站未標示固定通勤班次或步行時間。,學校官網未標示115學年度校內學生宿舍申請資訊。,Google Maps（校園周邊餐飲、便利商店、醫療、車站／站牌）：https://www.google.com/maps/search/?api=1&query=51247%20%E5%BD%B0%E5%8C%96%E7%B8%A3%E6%B0%B8%E9%9D%96%E9%84%89%E6%B0%B8%E5%9D%A1%E8%B7%AF101%E8%99%9F；學校官網：https://www.yjvs.chc.edu.tw/,https://www.yjvs.chc.edu.tw/,https://www.yjvs.chc.edu.tw/,https://www.google.com/maps/search/?api=1&query=51247%20%E5%BD%B0%E5%8C%96%E7%B8%A3%E6%B0%B8%E9%9D%96%E9%84%89%E6%B0%B8%E5%9D%A1%E8%B7%AF101%E8%99%9F,https://www.yjvs.chc.edu.tw/,https://www.yjvs.chc.edu.tw/,https://www.yjvs.chc.edu.tw/
彰化區,,070403,國立二林高級工商職業學校,公立,彰化區免試入學日間部,高職,男女校,彰化縣,二林鎮,526021 彰化縣二林鎮豐田里斗苑路四段500號,https://www.elvs.chc.edu.tw/,,機械科:51(不限)；電子科:25(不限)；電機科:48(不限)；建築科:25(不限)；室內空間設計科:25(不限)；商業經營科:54(不限)；資料處理科:24(不限),252,252,115學年度彰化區免試入學核定招生名額（使用者提供 PDF；一般生名額與科別）,請以各校當年度公告為準,,機械、電子、電機、建築、室內空間設計、商業經營與資料處理等工商技術課程。,各科以專業實習、工場／商業實務與專題製作為主；網站未標示全校統一專題題目。,日間部官網115學年度學生專車資料列有和美、伸港、鹿港、福興、員林、埔心、溪湖、田中、溪州等多條路線。,日間部跨區通勤以校方115學年度學生專車路線表為固定資訊；官網未標示單一固定公車到校班次。,日間部校方新生資料明載備有學生宿舍；床位與申請依當學年度公告。,Google Maps（校園周邊餐飲、便利商店、醫療、車站／站牌）：https://www.google.com/maps/search/?api=1&query=526021%20%E5%BD%B0%E5%8C%96%E7%B8%A3%E4%BA%8C%E6%9E%97%E9%8E%AE%E8%B1%90%E7%94%B0%E9%87%8C%E6%96%97%E8%8B%91%E8%B7%AF%E5%9B%9B%E6%AE%B5500%E8%99%9F；學校官網：https://www.elvs.chc.edu.tw/,https://www.elvs.chc.edu.tw/ischool/publish_page/91/?cid=1823,https://www.elvs.chc.edu.tw/ischool/wr/file/1/2759/d0df45ae3a971f662d0c6d4f21f5addb.pdf,https://www.google.com/maps/search/?api=1&query=526021%20%E5%BD%B0%E5%8C%96%E7%B8%A3%E4%BA%8C%E6%9E%97%E9%8E%AE%E8%B1%90%E7%94%B0%E9%87%8C%E6%96%97%E8%8B%91%E8%B7%AF%E5%9B%9B%E6%AE%B5500%E8%99%9F,https://www.elvs.chc.edu.tw/home,https://www.elvs.chc.edu.tw/home,https://www.elvs.chc.edu.tw/home
彰化區,,070405,國立秀水高級工業職業學校,公立,彰化區免試入學日間部,高職,男女校,彰化縣,秀水鄉,504 彰化縣秀水鄉中山路364號,https://www.ssivs.chc.edu.tw/,,機械科:60(不限)；電機科:57(不限)；建築科:29(不限)；製圖科:31(不限)；室內空間設計科:28(不限),205,205,115學年度彰化區免試入學核定招生名額（使用者提供 PDF；一般生名額與科別）,請以各校當年度公告為準,,機械、電機、建築、製圖、室內空間設計等工業設計與工程技術課程。,電機科官網列有專題製作、電工機械、電子電路、工業配電、機電整合、單晶片控制、PLC等實習內容；其他科依各科專業實習規劃。,官網有學生專車相關公告；首頁未標示固定公車到校路線。,學生專車站點與時間依校方公告；網站未標示其他固定通勤班次或步行時間。,學校官網未標示115學年度校內學生宿舍申請資訊。,Google Maps（校園周邊餐飲、便利商店、醫療、車站／站牌）：https://www.google.com/maps/search/?api=1&query=504%20%E5%BD%B0%E5%8C%96%E7%B8%A3%E7%A7%80%E6%B0%B4%E9%84%89%E4%B8%AD%E5%B1%B1%E8%B7%AF364%E8%99%9F；學校官網：https://www.ssivs.chc.edu.tw/,https://www.ssivs.chc.edu.tw/,https://www.ssivs.chc.edu.tw/,https://www.google.com/maps/search/?api=1&query=504%20%E5%BD%B0%E5%8C%96%E7%B8%A3%E7%A7%80%E6%B0%B4%E9%84%89%E4%B8%AD%E5%B1%B1%E8%B7%AF364%E8%99%9F,https://www.ssivs.chc.edu.tw/,https://www.ssivs.chc.edu.tw/,https://www.ssivs.chc.edu.tw/ischool/widget/main_menu/show.php?cid=2300
彰化區,,070406,國立彰化高級商業職業學校,公立,彰化區免試入學日間部,綜高,男女校,彰化縣,彰化市,500 彰化縣彰化市南郭路一段326號,https://www.chsc.chc.edu.tw/,,綜合高中:127(不限)；商業經營科:112(不限)；國際貿易科:107(不限)；資料處理科:59(不限)；廣告設計科:50(不限)；應用英語科:58(不限),513,513,115學年度彰化區免試入學核定招生名額（使用者提供 PDF；一般生名額與科別）,請以各校當年度公告為準,,綜合高中及商業經營、國際貿易、資料處理、廣告設計、應用英語等商管、資訊、設計與語文方向。,商業類課程可見會計實習、行銷實務、AI實務、國貿、電子商務與專題實作等內容。,官網交通資訊列明：搭高鐵、臺鐵或客運者先到彰化火車站，再搭彰化客運「彰化－保警」路線到校。,固定大眾運輸轉乘節點為彰化火車站，再接「彰化－保警」路線。,學校官網未標示115學年度校內學生宿舍申請資訊。,Google Maps（校園周邊餐飲、便利商店、醫療、車站／站牌）：https://www.google.com/maps/search/?api=1&query=500%20%E5%BD%B0%E5%8C%96%E7%B8%A3%E5%BD%B0%E5%8C%96%E5%B8%82%E5%8D%97%E9%83%AD%E8%B7%AF%E4%B8%80%E6%AE%B5326%E8%99%9F；學校官網：https://www.chsc.chc.edu.tw/,https://www.chsc.chc.edu.tw/home?cid=802,https://www.chsc.chc.edu.tw/,https://www.google.com/maps/search/?api=1&query=500%20%E5%BD%B0%E5%8C%96%E7%B8%A3%E5%BD%B0%E5%8C%96%E5%B8%82%E5%8D%97%E9%83%AD%E8%B7%AF%E4%B8%80%E6%AE%B5326%E8%99%9F,https://www.chsc.chc.edu.tw/home?cid=802,https://www.chsc.chc.edu.tw/,https://www.chsc.chc.edu.tw/ischool/publish_page/25/?cid=662
彰化區,,070408,國立員林高級農工職業學校,公立,彰化區免試入學日間部,高職,男女校,彰化縣,員林市,510 彰化縣員林市員水路二段313號,https://www.ylvs.chc.edu.tw/,,農場經營科(產特):29(不限)；園藝科(產特):59(不限)；食品加工科:55(不限)；畜產保健科(產特):24(不限)；機械科:57(不限)；建築科:55(不限)；生物產業機電科:30(不限)；電子商務科:27(不限),336,336,115學年度彰化區免試入學核定招生名額（使用者提供 PDF；一般生名額與科別）,請以各校當年度公告為準,,農場經營、園藝、食品加工、畜產保健、機械、建築、生物產業機電、電子商務等農業與工業／商業跨域技術課程。,各科以農業實作、食品加工、機械／建築／機電實習與專題製作為主；網站未標示全校統一專題題目。,官網新生資訊設有交通車業務；首頁未標示固定公車到校路線。,交通車站點與時間由校方當學年度公告管理；網站未標示其他固定通勤班次。,官網新生資訊設有住宿申請業務，校方提供學生住宿；實際床位依當學年度公告。,Google Maps（校園周邊餐飲、便利商店、醫療、車站／站牌）：https://www.google.com/maps/search/?api=1&query=510%20%E5%BD%B0%E5%8C%96%E7%B8%A3%E5%93%A1%E6%9E%97%E5%B8%82%E5%93%A1%E6%B0%B4%E8%B7%AF%E4%BA%8C%E6%AE%B5313%E8%99%9F；學校官網：https://www.ylvs.chc.edu.tw/,https://www.ylvs.chc.edu.tw/,https://www.ylvs.chc.edu.tw/,https://www.google.com/maps/search/?api=1&query=510%20%E5%BD%B0%E5%8C%96%E7%B8%A3%E5%93%A1%E6%9E%97%E5%B8%82%E5%93%A1%E6%B0%B4%E8%B7%AF%E4%BA%8C%E6%AE%B5313%E8%99%9F,https://www.ylvs.chc.edu.tw/,https://www.ylvs.chc.edu.tw/,https://www.ylvs.chc.edu.tw/
彰化區,,070409,國立員林崇實高級工業職業學校,公立,彰化區免試入學日間部,高職,男女校,彰化縣,員林市,510002 彰化縣員林市育英路103號,https://www.csvs.chc.edu.tw/,,資訊科:27(不限)；電機科:54(不限)；化工科:63(不限)；電機空調科:59(不限)；室內空間設計科:21(不限)；家具設計科:32(不限),256,256,115學年度彰化區免試入學核定招生名額（使用者提供 PDF；一般生名額與科別）,請以各校當年度公告為準,,電機、資訊、電機空調、室內空間設計、家具設計、化工等工業與設計技術課程。,各科以技能實作、專業實習與專題為主；官網可見電機相關原廠認證與技能競賽成果，網站未標示全校統一專題題目。,官網交通資訊提供「本校位址」「火車站」「林厝交流道」與國道路線地圖；首頁未標示固定公車班次。,官網以地圖方式提供員林火車站與校址位置；網站未標示固定接駁班次或步行時間。,校方有學生宿舍與住宿生相關公告；實際申請與床位依當學年度公告。,Google Maps（校園周邊餐飲、便利商店、醫療、車站／站牌）：https://www.google.com/maps/search/?api=1&query=510002%20%E5%BD%B0%E5%8C%96%E7%B8%A3%E5%93%A1%E6%9E%97%E5%B8%82%E8%82%B2%E8%8B%B1%E8%B7%AF103%E8%99%9F；學校官網：https://www.csvs.chc.edu.tw/,https://www.csvs.chc.edu.tw/,https://www.csvs.chc.edu.tw/,https://www.google.com/maps/search/?api=1&query=510002%20%E5%BD%B0%E5%8C%96%E7%B8%A3%E5%93%A1%E6%9E%97%E5%B8%82%E8%82%B2%E8%8B%B1%E8%B7%AF103%E8%99%9F,https://www.csvs.chc.edu.tw/,https://www.csvs.chc.edu.tw/,https://www.csvs.chc.edu.tw/
彰化區,,070410,國立員林高級家事商業職業學校,公立,彰化區免試入學日間部,高職,男女校,彰化縣,員林市,51045 彰化縣員林市中正路56號,https://www.ylhcvs.chc.edu.tw/,,商業經營科:50(不限)；國際貿易科:79(不限)；應用英語科:52(不限)；家政科:23(不限)；服裝科:29(不限)；幼兒保育科:24(不限),257,257,115學年度彰化區免試入學核定招生名額（使用者提供 PDF；一般生名額與科別）,請以各校當年度公告為準,,家政、幼兒保育、服裝、商業經營、國際貿易、應用英語等家政、商管與語文技術課程。,各科以家政／幼保／服裝／商業專業實習與實作為主；網站未標示全校統一專題題目。,官網「地理位置」頁只列國道一號、國道三號與台一線的自駕到校動線，未標示固定大眾運輸班次。,網站未標示固定學生專車、接駁班次或步行時間。,學校官網未標示115學年度校內學生宿舍申請資訊。,Google Maps（校園周邊餐飲、便利商店、醫療、車站／站牌）：https://www.google.com/maps/search/?api=1&query=51045%20%E5%BD%B0%E5%8C%96%E7%B8%A3%E5%93%A1%E6%9E%97%E5%B8%82%E4%B8%AD%E6%AD%A3%E8%B7%AF56%E8%99%9F；學校官網：https://www.ylhcvs.chc.edu.tw/,https://www.ylhcvs.chc.edu.tw/home?cid=1714,https://www.ylhcvs.chc.edu.tw/,https://www.google.com/maps/search/?api=1&query=51045%20%E5%BD%B0%E5%8C%96%E7%B8%A3%E5%93%A1%E6%9E%97%E5%B8%82%E4%B8%AD%E6%AD%A3%E8%B7%AF56%E8%99%9F,https://www.ylhcvs.chc.edu.tw/home,https://www.ylhcvs.chc.edu.tw/home,https://www.ylhcvs.chc.edu.tw/home
彰化區,,070415,國立北斗高級家事商業職業學校,公立,彰化區免試入學日間部,高職,男女校,彰化縣,北斗鎮,521 彰化縣北斗鎮大道里學府路50號,https://www.pthc.chc.edu.tw/,,商業經營科:86(不限)；國際貿易科:29(不限)；資料處理科:29(不限)；廣告設計科:77(不限)；餐飲管理科:22(不限)；美容科:50(不限),293,293,115學年度彰化區免試入學核定招生名額（使用者提供 PDF；一般生名額與科別）,請以各校當年度公告為準,,商業經營、國際貿易、資料處理、廣告設計、餐飲管理、美容等商管、資訊、設計與餐旅美容技術課程。,各科以商業／資訊／設計／餐飲／美容專業實習與專題製作為主；網站未標示全校統一專題題目。,官網學生園地設「學生通勤資訊」與「學生專車」，115學年度專車頁公布路線、站點與時刻；官網未標示固定公車到校路線。,學生專車通勤依校方115學年度路線與時刻表；網站未標示其他固定通勤班次。,學校官網未標示115學年度校內學生宿舍申請資訊。,Google Maps（校園周邊餐飲、便利商店、醫療、車站／站牌）：https://www.google.com/maps/search/?api=1&query=521%20%E5%BD%B0%E5%8C%96%E7%B8%A3%E5%8C%97%E6%96%97%E9%8E%AE%E5%A4%A7%E9%81%93%E9%87%8C%E5%AD%B8%E5%BA%9C%E8%B7%AF50%E8%99%9F；學校官網：https://www.pthc.chc.edu.tw/,https://www.pthc.chc.edu.tw/ischool/widget/main_menu/show.php?cid=202,https://www.pthc.chc.edu.tw/,https://www.google.com/maps/search/?api=1&query=521%20%E5%BD%B0%E5%8C%96%E7%B8%A3%E5%8C%97%E6%96%97%E9%8E%AE%E5%A4%A7%E9%81%93%E9%87%8C%E5%AD%B8%E5%BA%9C%E8%B7%AF50%E8%99%9F,https://www.pthc.chc.edu.tw/,https://www.pthc.chc.edu.tw/,https://www.pthc.chc.edu.tw/
彰化區,,070B16,國立鹿港高級中學進修部,公立,彰化區免試入學進修部,進修部,男女校,彰化縣,鹿港鎮,505 彰化縣鹿港鎮東石里中山路661號,https://www.lksh.chc.edu.tw/,,商業經營科(夜間班):28(不限),28,28,115學年度彰化區免試入學核定招生名額（使用者提供 PDF；一般生名額與科別）,請以各校當年度公告為準,,普通科與汽車、商業經營、國際貿易、水產養殖等技術型科別並行，兼具普通高中與技職方向。,汽車科官網列有專題實作與專業維修實習；商業類可見經濟專題研究；進修部課程亦有專題製作。,官網設「地理交通」與學生專車資訊入口；官網首頁未標示固定公車班次。 進修部官網未標示日間部學生專車是否適用夜間班。,進修部官網未標示夜間專用交通班次；不可將日間部學生專車視為進修部可搭乘。,進修部官網未標示進修部學生住宿申請資格。,Google Maps（校園周邊餐飲、便利商店、醫療、車站／站牌）：https://www.google.com/maps/search/?api=1&query=505%20%E5%BD%B0%E5%8C%96%E7%B8%A3%E9%B9%BF%E6%B8%AF%E9%8E%AE%E6%9D%B1%E7%9F%B3%E9%87%8C%E4%B8%AD%E5%B1%B1%E8%B7%AF661%E8%99%9F；學校官網：https://www.lksh.chc.edu.tw/,https://www.lksh.chc.edu.tw/,https://www.lksh.chc.edu.tw/,https://www.google.com/maps/search/?api=1&query=505%20%E5%BD%B0%E5%8C%96%E7%B8%A3%E9%B9%BF%E6%B8%AF%E9%8E%AE%E6%9D%B1%E7%9F%B3%E9%87%8C%E4%B8%AD%E5%B1%B1%E8%B7%AF661%E8%99%9F,https://www.lksh.chc.edu.tw/p/412-1005-1470.php?Lang=zh-tw,https://www.lksh.chc.edu.tw/,https://www.lksh.chc.edu.tw/p/412-1005-453.php
彰化區,,070C01,國立彰化師範大學附屬高級工業職業學校進修部,公立,彰化區免試入學進修部,進修部,男女校,彰化縣,彰化市,500 彰化縣彰化市工校街1號,https://www.sivs.chc.edu.tw/,,機械科(夜間班):38(不限)；汽車科(夜間班):38(不限)；資訊科(夜間班):38(不限)；電機科(夜間班):38(不限)；製圖科(夜間班):38(不限),190,190,115學年度彰化區免試入學核定招生名額（使用者提供 PDF；一般生名額與科別）,請以各校當年度公告為準,,機械、鑄造、汽車、資訊、電子、控制、電機、建築、機電、製圖、機械木模等工業技術課程。,各科以工場實習、機電控制、電子電路、製造／設計與專題實作為核心；控制科可見PLC、智慧家庭、機器人等專題導向實作。,官方交通資料列明：臺鐵彰化站可搭彰化客運／臺中客運101路，在「和調里」或「原民館」下車後步行約10分鐘到校。 進修部官網未標示日間部學生專車是否適用夜間班。,進修部官網未標示夜間專用交通班次；不可將日間部學生專車視為進修部可搭乘。,進修部官網未標示進修部學生住宿申請資格。,Google Maps（校園周邊餐飲、便利商店、醫療、車站／站牌）：https://www.google.com/maps/search/?api=1&query=500%20%E5%BD%B0%E5%8C%96%E7%B8%A3%E5%BD%B0%E5%8C%96%E5%B8%82%E5%B7%A5%E6%A0%A1%E8%A1%971%E8%99%9F；學校官網：https://www.sivs.chc.edu.tw/,https://www.sivs.chc.edu.tw/ezfiles/0/1000/attach/94/pta_27909_4573997_47327.pdf,https://www.sivs.chc.edu.tw/,https://www.google.com/maps/search/?api=1&query=500%20%E5%BD%B0%E5%8C%96%E7%B8%A3%E5%BD%B0%E5%8C%96%E5%B8%82%E5%B7%A5%E6%A0%A1%E8%A1%971%E8%99%9F,https://www.sivs.chc.edu.tw/,https://www.sivs.chc.edu.tw/,https://www.sivs.chc.edu.tw/ezfiles/0/1000/img/17/467795997.pdf
彰化區,,070C02,國立永靖高級工業職業學校進修部,公立,彰化區免試入學進修部,進修部,男女校,彰化縣,永靖鄉,51247 彰化縣永靖鄉永坡路101號,https://www.yjvs.chc.edu.tw/,,資訊科(夜間班):38(不限),38,38,115學年度彰化區免試入學核定招生名額（使用者提供 PDF；一般生名額與科別）,請以各校當年度公告為準,,機械、資訊、電機、建築、化工、製圖、室內空間設計等工業技術課程。,以各科專業實習與技能實作為主；網站未標示全校統一專題題目。,學校官網首頁未標示具體大眾運輸路線或固定學生專車班次。 進修部官網未標示日間部學生專車是否適用夜間班。,進修部官網未標示夜間專用交通班次；不可將日間部學生專車視為進修部可搭乘。,進修部官網未標示進修部學生住宿申請資格。,Google Maps（校園周邊餐飲、便利商店、醫療、車站／站牌）：https://www.google.com/maps/search/?api=1&query=51247%20%E5%BD%B0%E5%8C%96%E7%B8%A3%E6%B0%B8%E9%9D%96%E9%84%89%E6%B0%B8%E5%9D%A1%E8%B7%AF101%E8%99%9F；學校官網：https://www.yjvs.chc.edu.tw/,https://www.yjvs.chc.edu.tw/,https://www.yjvs.chc.edu.tw/,https://www.google.com/maps/search/?api=1&query=51247%20%E5%BD%B0%E5%8C%96%E7%B8%A3%E6%B0%B8%E9%9D%96%E9%84%89%E6%B0%B8%E5%9D%A1%E8%B7%AF101%E8%99%9F,https://www.yjvs.chc.edu.tw/,https://www.yjvs.chc.edu.tw/,https://www.yjvs.chc.edu.tw/
彰化區,,070C03,國立二林高級工商職業學校進修部,公立,彰化區免試入學進修部,進修部,男女校,彰化縣,二林鎮,526021 彰化縣二林鎮豐田里斗苑路四段500號,https://www.elvs.chc.edu.tw/,,商業經營科(夜間班):23(不限)；資料處理科(夜間班):23(不限),46,46,115學年度彰化區免試入學核定招生名額（使用者提供 PDF；一般生名額與科別）,請以各校當年度公告為準,,機械、電子、電機、建築、室內空間設計、商業經營與資料處理等工商技術課程。,各科以專業實習、工場／商業實務與專題製作為主；網站未標示全校統一專題題目。,進修部官方簡章明載無學生專車；進修部夜間上、放學交通須自行安排。,進修部不提供學生專車；官網未標示夜間固定公車班次。,進修部官方簡章明載無宿舍。,Google Maps（校園周邊餐飲、便利商店、醫療、車站／站牌）：https://www.google.com/maps/search/?api=1&query=526021%20%E5%BD%B0%E5%8C%96%E7%B8%A3%E4%BA%8C%E6%9E%97%E9%8E%AE%E8%B1%90%E7%94%B0%E9%87%8C%E6%96%97%E8%8B%91%E8%B7%AF%E5%9B%9B%E6%AE%B5500%E8%99%9F；學校官網：https://www.elvs.chc.edu.tw/,https://www.elvs.chc.edu.tw/,https://www.elvs.chc.edu.tw/,https://www.google.com/maps/search/?api=1&query=526021%20%E5%BD%B0%E5%8C%96%E7%B8%A3%E4%BA%8C%E6%9E%97%E9%8E%AE%E8%B1%90%E7%94%B0%E9%87%8C%E6%96%97%E8%8B%91%E8%B7%AF%E5%9B%9B%E6%AE%B5500%E8%99%9F,https://www.elvs.chc.edu.tw/home,https://www.elvs.chc.edu.tw/home,https://www.elvs.chc.edu.tw/home
彰化區,,070C05,國立秀水高級工業職業學校進修部,公立,彰化區免試入學進修部,進修部,男女校,彰化縣,秀水鄉,504 彰化縣秀水鄉中山路364號,https://www.ssivs.chc.edu.tw/,,機械科(夜間班):23(不限)；電機科(夜間班):23(不限)；製圖科(夜間班):23(不限)；室內空間設計科(夜間班):23(不限),92,92,115學年度彰化區免試入學核定招生名額（使用者提供 PDF；一般生名額與科別）,請以各校當年度公告為準,,機械、電機、建築、製圖、室內空間設計等工業設計與工程技術課程。,電機科官網列有專題製作、電工機械、電子電路、工業配電、機電整合、單晶片控制、PLC等實習內容；其他科依各科專業實習規劃。,官網有學生專車相關公告；首頁未標示固定公車到校路線。 進修部官網未標示日間部學生專車是否適用夜間班。,進修部官網未標示夜間專用交通班次；不可將日間部學生專車視為進修部可搭乘。,進修部官網未標示進修部學生住宿申請資格。,Google Maps（校園周邊餐飲、便利商店、醫療、車站／站牌）：https://www.google.com/maps/search/?api=1&query=504%20%E5%BD%B0%E5%8C%96%E7%B8%A3%E7%A7%80%E6%B0%B4%E9%84%89%E4%B8%AD%E5%B1%B1%E8%B7%AF364%E8%99%9F；學校官網：https://www.ssivs.chc.edu.tw/,https://www.ssivs.chc.edu.tw/,https://www.ssivs.chc.edu.tw/,https://www.google.com/maps/search/?api=1&query=504%20%E5%BD%B0%E5%8C%96%E7%B8%A3%E7%A7%80%E6%B0%B4%E9%84%89%E4%B8%AD%E5%B1%B1%E8%B7%AF364%E8%99%9F,https://www.ssivs.chc.edu.tw/,https://www.ssivs.chc.edu.tw/,https://www.ssivs.chc.edu.tw/ischool/widget/main_menu/show.php?cid=2300
彰化區,,070C06,國立彰化高級商業職業學校進修部,公立,彰化區免試入學進修部,進修部,男女校,彰化縣,彰化市,500 彰化縣彰化市南郭路一段326號,https://www.chsc.chc.edu.tw/,,商業經營科(夜間班):35(不限)；資料處理科(夜間班):31(不限),66,66,115學年度彰化區免試入學核定招生名額（使用者提供 PDF；一般生名額與科別）,請以各校當年度公告為準,,綜合高中及商業經營、國際貿易、資料處理、廣告設計、應用英語等商管、資訊、設計與語文方向。,商業類課程可見會計實習、行銷實務、AI實務、國貿、電子商務與專題實作等內容。,官網交通資訊列明：搭高鐵、臺鐵或客運者先到彰化火車站，再搭彰化客運「彰化－保警」路線到校。 進修部官網未標示日間部學生專車是否適用夜間班。,進修部官網未標示夜間專用交通班次；不可將日間部學生專車視為進修部可搭乘。,進修部官網未標示進修部學生住宿申請資格。,Google Maps（校園周邊餐飲、便利商店、醫療、車站／站牌）：https://www.google.com/maps/search/?api=1&query=500%20%E5%BD%B0%E5%8C%96%E7%B8%A3%E5%BD%B0%E5%8C%96%E5%B8%82%E5%8D%97%E9%83%AD%E8%B7%AF%E4%B8%80%E6%AE%B5326%E8%99%9F；學校官網：https://www.chsc.chc.edu.tw/,https://www.chsc.chc.edu.tw/home?cid=802,https://www.chsc.chc.edu.tw/,https://www.google.com/maps/search/?api=1&query=500%20%E5%BD%B0%E5%8C%96%E7%B8%A3%E5%BD%B0%E5%8C%96%E5%B8%82%E5%8D%97%E9%83%AD%E8%B7%AF%E4%B8%80%E6%AE%B5326%E8%99%9F,https://www.chsc.chc.edu.tw/home?cid=802,https://www.chsc.chc.edu.tw/,https://www.chsc.chc.edu.tw/ischool/publish_page/25/?cid=662
彰化區,,070C08,國立員林高級農工職業學校進修部,公立,彰化區免試入學進修部,進修部,男女校,彰化縣,員林市,510 彰化縣員林市員水路二段313號,https://www.ylvs.chc.edu.tw/,,園藝科(產特)(夜間班):35(不限),35,35,115學年度彰化區免試入學核定招生名額（使用者提供 PDF；一般生名額與科別）,請以各校當年度公告為準,,農場經營、園藝、食品加工、畜產保健、機械、建築、生物產業機電、電子商務等農業與工業／商業跨域技術課程。,各科以農業實作、食品加工、機械／建築／機電實習與專題製作為主；網站未標示全校統一專題題目。,官網新生資訊設有交通車業務；首頁未標示固定公車到校路線。 進修部官網未標示日間部學生專車是否適用夜間班。,進修部官網未標示夜間專用交通班次；不可將日間部學生專車視為進修部可搭乘。,進修部官網未標示進修部學生住宿申請資格。,Google Maps（校園周邊餐飲、便利商店、醫療、車站／站牌）：https://www.google.com/maps/search/?api=1&query=510%20%E5%BD%B0%E5%8C%96%E7%B8%A3%E5%93%A1%E6%9E%97%E5%B8%82%E5%93%A1%E6%B0%B4%E8%B7%AF%E4%BA%8C%E6%AE%B5313%E8%99%9F；學校官網：https://www.ylvs.chc.edu.tw/,https://www.ylvs.chc.edu.tw/,https://www.ylvs.chc.edu.tw/,https://www.google.com/maps/search/?api=1&query=510%20%E5%BD%B0%E5%8C%96%E7%B8%A3%E5%93%A1%E6%9E%97%E5%B8%82%E5%93%A1%E6%B0%B4%E8%B7%AF%E4%BA%8C%E6%AE%B5313%E8%99%9F,https://www.ylvs.chc.edu.tw/,https://www.ylvs.chc.edu.tw/,https://www.ylvs.chc.edu.tw/
彰化區,,070C09,國立員林崇實高級工業職業學校進修部,公立,彰化區免試入學進修部,進修部,男女校,彰化縣,員林市,510002 彰化縣員林市育英路103號,https://www.csvs.chc.edu.tw/,,電機科(夜間班):35(不限)；室內空間設計科(夜間班):36(不限),71,71,115學年度彰化區免試入學核定招生名額（使用者提供 PDF；一般生名額與科別）,請以各校當年度公告為準,,電機、資訊、電機空調、室內空間設計、家具設計、化工等工業與設計技術課程。,各科以技能實作、專業實習與專題為主；官網可見電機相關原廠認證與技能競賽成果，網站未標示全校統一專題題目。,官網交通資訊提供「本校位址」「火車站」「林厝交流道」與國道路線地圖；首頁未標示固定公車班次。 進修部官網未標示日間部學生專車是否適用夜間班。,進修部官網未標示夜間專用交通班次；不可將日間部學生專車視為進修部可搭乘。,進修部官網未標示進修部學生住宿申請資格。,Google Maps（校園周邊餐飲、便利商店、醫療、車站／站牌）：https://www.google.com/maps/search/?api=1&query=510002%20%E5%BD%B0%E5%8C%96%E7%B8%A3%E5%93%A1%E6%9E%97%E5%B8%82%E8%82%B2%E8%8B%B1%E8%B7%AF103%E8%99%9F；學校官網：https://www.csvs.chc.edu.tw/,https://www.csvs.chc.edu.tw/,https://www.csvs.chc.edu.tw/,https://www.google.com/maps/search/?api=1&query=510002%20%E5%BD%B0%E5%8C%96%E7%B8%A3%E5%93%A1%E6%9E%97%E5%B8%82%E8%82%B2%E8%8B%B1%E8%B7%AF103%E8%99%9F,https://www.csvs.chc.edu.tw/,https://www.csvs.chc.edu.tw/,https://www.csvs.chc.edu.tw/
彰化區,,070C15,國立北斗高級家事商業職業學校進修部,公立,彰化區免試入學進修部,進修部,男女校,彰化縣,北斗鎮,521 彰化縣北斗鎮大道里學府路50號,https://www.pthc.chc.edu.tw/,,照顧服務科(產特)(夜間班):10(不限),10,10,115學年度彰化區免試入學核定招生名額（使用者提供 PDF；一般生名額與科別）,請以各校當年度公告為準,,商業經營、國際貿易、資料處理、廣告設計、餐飲管理、美容等商管、資訊、設計與餐旅美容技術課程。,各科以商業／資訊／設計／餐飲／美容專業實習與專題製作為主；網站未標示全校統一專題題目。,官網學生園地設「學生通勤資訊」與「學生專車」，115學年度專車頁公布路線、站點與時刻；官網未標示固定公車到校路線。 進修部官網未標示日間部學生專車是否適用夜間班。,進修部官網未標示夜間專用交通班次；不可將日間部學生專車視為進修部可搭乘。,進修部官網未標示進修部學生住宿申請資格。,Google Maps（校園周邊餐飲、便利商店、醫療、車站／站牌）：https://www.google.com/maps/search/?api=1&query=521%20%E5%BD%B0%E5%8C%96%E7%B8%A3%E5%8C%97%E6%96%97%E9%8E%AE%E5%A4%A7%E9%81%93%E9%87%8C%E5%AD%B8%E5%BA%9C%E8%B7%AF50%E8%99%9F；學校官網：https://www.pthc.chc.edu.tw/,https://www.pthc.chc.edu.tw/ischool/widget/main_menu/show.php?cid=202,https://www.pthc.chc.edu.tw/,https://www.google.com/maps/search/?api=1&query=521%20%E5%BD%B0%E5%8C%96%E7%B8%A3%E5%8C%97%E6%96%97%E9%8E%AE%E5%A4%A7%E9%81%93%E9%87%8C%E5%AD%B8%E5%BA%9C%E8%B7%AF50%E8%99%9F,https://www.pthc.chc.edu.tw/,https://www.pthc.chc.edu.tw/,https://www.pthc.chc.edu.tw/
彰化區,,070F01,國立和美實驗學校,公立,彰化區免試入學日間部,高中,男女校,彰化縣,和美鎮,508 彰化縣和美鎮鹿和路六段115號,https://www.nhes.edu.tw/,,普通科:78(不限),78,78,115學年度彰化區免試入學核定招生名額（使用者提供 PDF；一般生名額與科別）,請以各校當年度公告為準,,普通科課程；學校同時具特殊教育與融合教育特色，課程安排依校方課程計畫與學生支持需求辦理。,網站未標示普通科固定職業實習或全校統一專題內容。,官網交通資訊列明：搭彰化客運6902或6904至「和美公所」下車，再步行約6分鐘到校。,固定大眾運輸方式為6902／6904至和美公所，再步行約6分鐘。,校方設有住宿服務與學生宿舍管理；入住依學生需求、資格與校方公告辦理。,Google Maps（校園周邊餐飲、便利商店、醫療、車站／站牌）：https://www.google.com/maps/search/?api=1&query=508%20%E5%BD%B0%E5%8C%96%E7%B8%A3%E5%92%8C%E7%BE%8E%E9%8E%AE%E9%B9%BF%E5%92%8C%E8%B7%AF%E5%85%AD%E6%AE%B5115%E8%99%9F；學校官網：https://www.nhes.edu.tw/,https://www.nhes.edu.tw/p/412-1011-1532.php,https://www.nhes.edu.tw/,https://www.google.com/maps/search/?api=1&query=508%20%E5%BD%B0%E5%8C%96%E7%B8%A3%E5%92%8C%E7%BE%8E%E9%8E%AE%E9%B9%BF%E5%92%8C%E8%B7%AF%E5%85%AD%E6%AE%B5115%E8%99%9F,https://www.nhes.edu.tw/p/412-1011-1532.php,https://www.nhes.edu.tw/,https://www.nhes.edu.tw/
彰化區,,071311,彰化縣私立精誠高級中學,私立,彰化區免試入學日間部,高中,男女校,彰化縣,彰化市,50055 彰化縣彰化市林森路200號,https://www.cchs.chc.edu.tw/,,普通科:218(不限),218,218,115學年度彰化區免試入學核定招生名額（使用者提供 PDF；一般生名額與科別）,請以各校當年度公告為準,,普通高中學術課程，搭配多元選修、自主學習與校內特色學習。,不設固定職業實習；官網可見自主學習、競賽與獨立研究類成果，網站未標示全校統一專題題目。,官網交通指引列明：高鐵轉臺鐵至彰化站或直接搭臺鐵至彰化站後，可由後站使用公共自行車前往學校；另有學生交通車。,固定轉乘節點為臺鐵彰化站後站；學生交通車站點依校方當學年度公告。,學校官網未標示115學年度已開放申請的校內學生宿舍資訊。,Google Maps（校園周邊餐飲、便利商店、醫療、車站／站牌）：https://www.google.com/maps/search/?api=1&query=50055%20%E5%BD%B0%E5%8C%96%E7%B8%A3%E5%BD%B0%E5%8C%96%E5%B8%82%E6%9E%97%E6%A3%AE%E8%B7%AF200%E8%99%9F；學校官網：https://www.cchs.chc.edu.tw/,https://rpage.cchs.chc.edu.tw/p/412-1000-95.php?Lang=zh-tw,https://www.cchs.chc.edu.tw/,https://www.google.com/maps/search/?api=1&query=50055%20%E5%BD%B0%E5%8C%96%E7%B8%A3%E5%BD%B0%E5%8C%96%E5%B8%82%E6%9E%97%E6%A3%AE%E8%B7%AF200%E8%99%9F,https://rpage.cchs.chc.edu.tw/p/412-1000-95.php?Lang=zh-tw,https://www.cchs.chc.edu.tw/,https://www.cchs.chc.edu.tw/
彰化區,,071317,彰化縣私立文興高級中學,私立,彰化區免試入學日間部,高中,男女校,彰化縣,田中鎮,520 彰化縣田中鎮員集路三段93號,https://www.hshs.chc.edu.tw/,,綜合高中:92(不限),92,92,115學年度彰化區免試入學核定招生名額（使用者提供 PDF；一般生名額與科別）,請以各校當年度公告為準,,綜合高中課程，依課程計畫進行學術與專門學程選課／分流，並設自主學習系統。,網站可見小論文與獨立研究成果；綜高實習／專題內容依學程課程計畫，網站未標示全校統一專題題目。,官網設「交通路線」及「校車資訊」專區，115學年度校車頁公布校車資訊；官網首頁未列固定公車班次。,校車站點與時間由校方校車專區公告；網站未標示其他固定通勤班次或步行時間。,學校官網未標示115學年度校內學生宿舍申請資訊。,Google Maps（校園周邊餐飲、便利商店、醫療、車站／站牌）：https://www.google.com/maps/search/?api=1&query=520%20%E5%BD%B0%E5%8C%96%E7%B8%A3%E7%94%B0%E4%B8%AD%E9%8E%AE%E5%93%A1%E9%9B%86%E8%B7%AF%E4%B8%89%E6%AE%B593%E8%99%9F；學校官網：https://www.hshs.chc.edu.tw/,https://www.hshs.chc.edu.tw/p/412-1000-162.php?Lang=zh-tw,https://www.hshs.chc.edu.tw/,https://www.google.com/maps/search/?api=1&query=520%20%E5%BD%B0%E5%8C%96%E7%B8%A3%E7%94%B0%E4%B8%AD%E9%8E%AE%E5%93%A1%E9%9B%86%E8%B7%AF%E4%B8%89%E6%AE%B593%E8%99%9F,https://www.hshs.chc.edu.tw/,https://www.hshs.chc.edu.tw/,https://www.hshs.chc.edu.tw/
彰化區,,071318,彰化縣私立正德高級中學,私立,彰化區免試入學日間部,高中,男女校,彰化縣,彰化市,500 彰化縣彰化市彰水路145號,https://www.zdhs.chc.edu.tw/,,普通科:128(不限)；應用英語科:43(不限)；應用日語科:38(不限),209,209,115學年度彰化區免試入學核定招生名額（使用者提供 PDF；一般生名額與科別）,請以各校當年度公告為準,,普通科、應用英語、應用日語等一般學術與應用外語方向；課程計畫依學制與科別安排。,應用外語科以語言實務與專業課程為主；網站未標示全校統一實習或專題題目。,官網「正德在哪裡」頁提供校址、地圖與校車路線圖；頁面未標示固定公車班次。,校車依校方路線圖與當期公告；網站未標示其他固定通勤班次。,學校官網未標示115學年度校內學生宿舍申請資訊。,Google Maps（校園周邊餐飲、便利商店、醫療、車站／站牌）：https://www.google.com/maps/search/?api=1&query=500%20%E5%BD%B0%E5%8C%96%E7%B8%A3%E5%BD%B0%E5%8C%96%E5%B8%82%E5%BD%B0%E6%B0%B4%E8%B7%AF145%E8%99%9F；學校官網：https://www.zdhs.chc.edu.tw/,https://www.zdhs.chc.edu.tw/files/11-1000-884.php?Lang=zh-tw,https://www.zdhs.chc.edu.tw/,https://www.google.com/maps/search/?api=1&query=500%20%E5%BD%B0%E5%8C%96%E7%B8%A3%E5%BD%B0%E5%8C%96%E5%B8%82%E5%BD%B0%E6%B0%B4%E8%B7%AF145%E8%99%9F,https://www.zdhs.chc.edu.tw/files/11-1000-884.php?Lang=zh-tw,https://www.zdhs.chc.edu.tw/files/40-1000-93-1.php?Lang=zh-tw,https://www.zdhs.chc.edu.tw/
彰化區,,071414,彰化縣私立達德高級商工職業學校,私立,彰化區免試入學日間部,高職,男女校,彰化縣,田中鎮,520 彰化縣田中鎮中南路二段277號,https://www.tdvs.chc.edu.tw/,,汽車科:32(不限)；電機科:40(不限)；資料處理科:41(不限)；餐飲管理科:157(不限)；幼兒保育科:37(不限)；美容科:78(不限),385,385,115學年度彰化區免試入學核定招生名額（使用者提供 PDF；一般生名額與科別）,請以各校當年度公告為準,,汽車、電機、資料處理、餐飲管理、幼兒保育、美容等工業、資訊、餐旅與家政服務技術課程。,各科以汽車／電機工場實習、資訊實作、餐飲、幼保與美容技能實習為主；網站未標示全校統一專題題目。,官網115學年度學生專車專區公布校車路線與站別；官網未標示固定公車到校班次。,學生專車通勤依校方115學年度路線與站別；網站未標示其他固定通勤班次。,學校官網未標示115學年度校內學生宿舍申請資訊。,Google Maps（校園周邊餐飲、便利商店、醫療、車站／站牌）：https://www.google.com/maps/search/?api=1&query=520%20%E5%BD%B0%E5%8C%96%E7%B8%A3%E7%94%B0%E4%B8%AD%E9%8E%AE%E4%B8%AD%E5%8D%97%E8%B7%AF%E4%BA%8C%E6%AE%B5277%E8%99%9F；學校官網：https://www.tdvs.chc.edu.tw/,https://www.tdvs.chc.edu.tw/www/dwc021/,https://www.tdvs.chc.edu.tw/,https://www.google.com/maps/search/?api=1&query=520%20%E5%BD%B0%E5%8C%96%E7%B8%A3%E7%94%B0%E4%B8%AD%E9%8E%AE%E4%B8%AD%E5%8D%97%E8%B7%AF%E4%BA%8C%E6%AE%B5277%E8%99%9F,https://www.tdvs.chc.edu.tw/,https://www.tdvs.chc.edu.tw/,https://www.tdvs.chc.edu.tw/
彰化區,,074308,彰化縣立彰化藝術高級中學,公立,彰化區免試入學日間部,高中,男女校,彰化縣,彰化市,500 彰化縣彰化市卦山路13號,https://chash.chc.edu.tw/,,普通科:114(不限),114,114,115學年度彰化區免試入學核定招生名額（使用者提供 PDF；一般生名額與科別）,請以各校當年度公告為準,,普通高中課程，並具音樂、美術、舞蹈等藝術才能與藝術特色課程。,藝術課程以作品創作、展演與舞台實作等成果型學習為主；普通科不設固定職業實習。,官網交通資訊指出：彰化火車站前彰化客運總站有上學直達公車，放學有校門口至彰化客運總站班次；校方明載目前無自有或租賃校車。,固定大眾運輸以彰化客運總站與校門口直達班次為主；校方沒有自有或租賃校車。,校方115招生資料列有學生宿舍；床位與申請依當學年度公告。,Google Maps（校園周邊餐飲、便利商店、醫療、車站／站牌）：https://www.google.com/maps/search/?api=1&query=500%20%E5%BD%B0%E5%8C%96%E7%B8%A3%E5%BD%B0%E5%8C%96%E5%B8%82%E5%8D%A6%E5%B1%B1%E8%B7%AF13%E8%99%9F；學校官網：https://chash.chc.edu.tw/,https://chash.chc.edu.tw/contents/32/show,https://chash.chc.edu.tw/,https://www.google.com/maps/search/?api=1&query=500%20%E5%BD%B0%E5%8C%96%E7%B8%A3%E5%BD%B0%E5%8C%96%E5%B8%82%E5%8D%A6%E5%B1%B1%E8%B7%AF13%E8%99%9F,https://chash.chc.edu.tw/,https://chash.chc.edu.tw/,https://chash.chc.edu.tw/
彰化區,,074313,彰化縣立二林高級中學,公立,彰化區免試入學日間部,高中,男女校,彰化縣,二林鎮,52652 彰化縣二林鎮中西里二城路6號,https://www.elsh.chc.edu.tw/,,普通科:63(不限),63,63,115學年度彰化區免試入學核定招生名額（使用者提供 PDF；一般生名額與科別）,請以各校當年度公告為準,,普通高中學術課程，搭配多元選修、彈性學習與自主學習。,不設固定職業實習；專題／自主學習依高中課程計畫，網站未標示全校統一專題題目。,學校官網首頁未標示具體大眾運輸路線或固定學生專車班次。,網站未標示固定通勤班次或步行時間。,學校官網未標示115學年度校內學生宿舍申請資訊。,Google Maps（校園周邊餐飲、便利商店、醫療、車站／站牌）：https://www.google.com/maps/search/?api=1&query=52652%20%E5%BD%B0%E5%8C%96%E7%B8%A3%E4%BA%8C%E6%9E%97%E9%8E%AE%E4%B8%AD%E8%A5%BF%E9%87%8C%E4%BA%8C%E5%9F%8E%E8%B7%AF6%E8%99%9F；學校官網：https://www.elsh.chc.edu.tw/,https://elsh.chc.edu.tw/,https://elsh.chc.edu.tw/,https://www.google.com/maps/search/?api=1&query=52652%20%E5%BD%B0%E5%8C%96%E7%B8%A3%E4%BA%8C%E6%9E%97%E9%8E%AE%E4%B8%AD%E8%A5%BF%E9%87%8C%E4%BA%8C%E5%9F%8E%E8%B7%AF6%E8%99%9F,https://elsh.chc.edu.tw/,https://elsh.chc.edu.tw/,https://elsh.chc.edu.tw/
彰化區,,074323,彰化縣立和美高級中學,公立,彰化區免試入學日間部,高中,男女校,彰化縣,和美鎮,508 彰化縣和美鎮西園路31號,https://www.hmjh.chc.edu.tw/,,普通科:90(不限),90,90,115學年度彰化區免試入學核定招生名額（使用者提供 PDF；一般生名額與科別）,請以各校當年度公告為準,,普通高中學術課程，並有體育等特色學習資源；其他課程依高中課程計畫。,不設固定職業實習；網站未標示全校統一專題內容。,學校官網首頁未標示具體大眾運輸路線或固定學生專車班次。,網站未標示固定通勤班次或步行時間。,學校官網未標示115學年度校內學生宿舍申請資訊。,Google Maps（校園周邊餐飲、便利商店、醫療、車站／站牌）：https://www.google.com/maps/search/?api=1&query=508%20%E5%BD%B0%E5%8C%96%E7%B8%A3%E5%92%8C%E7%BE%8E%E9%8E%AE%E8%A5%BF%E5%9C%92%E8%B7%AF31%E8%99%9F；學校官網：https://www.hmjh.chc.edu.tw/,https://hmjh.chc.edu.tw/,https://hmjh.chc.edu.tw/,https://www.google.com/maps/search/?api=1&query=508%20%E5%BD%B0%E5%8C%96%E7%B8%A3%E5%92%8C%E7%BE%8E%E9%8E%AE%E8%A5%BF%E5%9C%92%E8%B7%AF31%E8%99%9F,https://hmjh.chc.edu.tw/,https://hmjh.chc.edu.tw/,https://hmjh.chc.edu.tw/
彰化區,,074328,彰化縣立田中高級中學,公立,彰化區免試入學日間部,高中,男女校,彰化縣,田中鎮,520 彰化縣田中鎮文化街23號,https://tcjh.chc.edu.tw/,,普通科:87(不限),87,87,115學年度彰化區免試入學核定招生名額（使用者提供 PDF；一般生名額與科別）,請以各校當年度公告為準,,普通高中學術課程，搭配校訂選修、多元選修與彈性／自主學習。,不設固定職業實習；網站未標示全校統一專題內容。,學校官網首頁未標示具體大眾運輸路線或固定學生專車班次。,網站未標示固定通勤班次或步行時間。,學校官網未標示115學年度校內學生宿舍申請資訊。,Google Maps（校園周邊餐飲、便利商店、醫療、車站／站牌）：https://www.google.com/maps/search/?api=1&query=520%20%E5%BD%B0%E5%8C%96%E7%B8%A3%E7%94%B0%E4%B8%AD%E9%8E%AE%E6%96%87%E5%8C%96%E8%A1%9723%E8%99%9F；學校官網：https://tcjh.chc.edu.tw/,https://tcjh.chc.edu.tw/,https://tcjh.chc.edu.tw/,https://www.google.com/maps/search/?api=1&query=520%20%E5%BD%B0%E5%8C%96%E7%B8%A3%E7%94%B0%E4%B8%AD%E9%8E%AE%E6%96%87%E5%8C%96%E8%A1%9723%E8%99%9F,https://tcjh.chc.edu.tw/,https://tcjh.chc.edu.tw/,https://tcjh.chc.edu.tw/
彰化區,,074339,彰化縣立成功高級中學,公立,彰化區免試入學日間部,高中,男女校,彰化縣,溪湖鎮,514 彰化縣溪湖鎮福德路310號,https://cksh.chc.edu.tw/,,普通科:81(不限),81,81,115學年度彰化區免試入學核定招生名額（使用者提供 PDF；一般生名額與科別）,請以各校當年度公告為準,,普通高中學術課程，搭配多元選修、彈性學習與自主學習。,不設固定職業實習；專題／自主學習依高中課程計畫，網站未標示全校統一專題題目。,官網交通公告明載本校無專屬校車；與員林客運合作，部分公車路線延駛至成功高中，員林專車則限學生搭乘。,固定校方交通資訊為員林客運部分路線延駛到校；學校無專屬校車。,學校官網未標示115學年度校內學生宿舍申請資訊。,Google Maps（校園周邊餐飲、便利商店、醫療、車站／站牌）：https://www.google.com/maps/search/?api=1&query=514%20%E5%BD%B0%E5%8C%96%E7%B8%A3%E6%BA%AA%E6%B9%96%E9%8E%AE%E7%A6%8F%E5%BE%B7%E8%B7%AF310%E8%99%9F；學校官網：https://cksh.chc.edu.tw/,https://cksh.chc.edu.tw/posts/10090,https://cksh.chc.edu.tw/,https://www.google.com/maps/search/?api=1&query=514%20%E5%BD%B0%E5%8C%96%E7%B8%A3%E6%BA%AA%E6%B9%96%E9%8E%AE%E7%A6%8F%E5%BE%B7%E8%B7%AF310%E8%99%9F,https://cksh.chc.edu.tw/departments/3/show,https://cksh.chc.edu.tw/,https://cksh.chc.edu.tw/
彰化區,,080302,國立南投高級中學,公立,彰化區免試入學日間部,高中,男女校,南投縣,南投市,540 南投縣南投市建國路137號,https://www.ntsh.ntct.edu.tw/,,電子科:1(不限)；建築科:1(不限)；電腦機械製圖科:1(不限),3,3,115學年度彰化區免試入學核定招生名額（使用者提供 PDF；一般生名額與科別）,請以各校當年度公告為準,,普通高中與技術型課程並行；本表招生涉及電子、建築、電腦機械製圖等工業技術方向。,技術型科別以電子、建築、製圖等專業實習與專題實作為主；普通科不設固定職業實習。,官網交通資訊頁列自駕到校動線與校園地圖；該頁未標示固定大眾運輸路線。,網站未標示固定大眾運輸班次或步行時間。,校方設有男、女生宿舍並有住宿相關公告；申請與床位依當學年度公告。,Google Maps（校園周邊餐飲、便利商店、醫療、車站／站牌）：https://www.google.com/maps/search/?api=1&query=540%20%E5%8D%97%E6%8A%95%E7%B8%A3%E5%8D%97%E6%8A%95%E5%B8%82%E5%BB%BA%E5%9C%8B%E8%B7%AF137%E8%99%9F；學校官網：https://www.ntsh.ntct.edu.tw/,https://www.ntsh.ntct.edu.tw/home?cid=1289,https://www.ntsh.ntct.edu.tw/,https://www.google.com/maps/search/?api=1&query=540%20%E5%8D%97%E6%8A%95%E7%B8%A3%E5%8D%97%E6%8A%95%E5%B8%82%E5%BB%BA%E5%9C%8B%E8%B7%AF137%E8%99%9F,https://www.ntsh.ntct.edu.tw/home?cid=1289,https://www.ntsh.ntct.edu.tw/,https://www.ntsh.ntct.edu.tw/
彰化區,,080305,國立中興高級中學,公立,彰化區免試入學日間部,高中,男女校,南投縣,南投市,54044 南投縣南投市中興新村中學路2號,https://www.chsh.ntct.edu.tw/,,普通科:3(不限),3,3,115學年度彰化區免試入學核定招生名額（使用者提供 PDF；一般生名額與科別）,請以各校當年度公告為準,,普通高中學術課程，搭配多元選修、彈性學習與自主學習。,不設固定職業實習；專題與探究成果依課程、自主學習與競賽活動辦理，網站未標示全校統一專題題目。,官網交通資訊列出國光客運、彰化客運／豐原客運、總達／全航與員林客運等路線，可在「中學路站」下車。,固定公車下車站為「中學路站」；各客運路線依官網交通資訊頁。,校方設有男、女生宿舍並公布宿舍管理與住宿申請資訊。,Google Maps（校園周邊餐飲、便利商店、醫療、車站／站牌）：https://www.google.com/maps/search/?api=1&query=54044%20%E5%8D%97%E6%8A%95%E7%B8%A3%E5%8D%97%E6%8A%95%E5%B8%82%E4%B8%AD%E8%88%88%E6%96%B0%E6%9D%91%E4%B8%AD%E5%AD%B8%E8%B7%AF2%E8%99%9F；學校官網：https://www.chsh.ntct.edu.tw/,https://www.chsh.ntct.edu.tw/ischool/publish_page/0/?cid=1256,https://www.chsh.ntct.edu.tw/ischool/publish_page/22/?cid=5898,https://www.google.com/maps/search/?api=1&query=54044%20%E5%8D%97%E6%8A%95%E7%B8%A3%E5%8D%97%E6%8A%95%E5%B8%82%E4%B8%AD%E8%88%88%E6%96%B0%E6%9D%91%E4%B8%AD%E5%AD%B8%E8%B7%AF2%E8%99%9F,https://www.chsh.ntct.edu.tw/ischool/publish_page/0/?cid=1256,https://www.chsh.ntct.edu.tw/,https://www.chsh.ntct.edu.tw/
彰化區,,080307,國立竹山高級中學,公立,彰化區免試入學日間部,高中,男女校,南投縣,竹山鎮,557 南投縣竹山鎮下橫街253號,https://www.cshs.ntct.edu.tw/,,綜合高中:2(不限)；商業經營科:2(不限)；國際貿易科:3(不限)；資料處理科:1(不限)；廣告設計科:1(不限)；多媒體設計科:1(不限),10,10,115學年度彰化區免試入學核定招生名額（使用者提供 PDF；一般生名額與科別）,請以各校當年度公告為準,,綜合高中與商業經營、國際貿易、資料處理、廣告設計、多媒體設計等商管、資訊與設計方向。,商管／設計科別以專業實習與專題製作為主；綜合高中依學程安排，網站未標示全校統一專題題目。,官網115學年度公告學生交通專車時刻與搭乘名冊；官網首頁未標示固定公車到校路線。,學生交通專車通勤依校方115學年度時刻與名冊；網站未標示其他固定通勤班次。,校方設有男、女生宿舍，官網宿舍專區公布住宿管理資訊。,Google Maps（校園周邊餐飲、便利商店、醫療、車站／站牌）：https://www.google.com/maps/search/?api=1&query=557%20%E5%8D%97%E6%8A%95%E7%B8%A3%E7%AB%B9%E5%B1%B1%E9%8E%AE%E4%B8%8B%E6%A9%AB%E8%A1%97253%E8%99%9F；學校官網：https://www.cshs.ntct.edu.tw/,https://www.cshs.ntct.edu.tw/,https://www.cshs.ntct.edu.tw/ischool/publish_page/4/?cid=2330,https://www.google.com/maps/search/?api=1&query=557%20%E5%8D%97%E6%8A%95%E7%B8%A3%E7%AB%B9%E5%B1%B1%E9%8E%AE%E4%B8%8B%E6%A9%AB%E8%A1%97253%E8%99%9F,https://www.cshs.ntct.edu.tw/ischool/publish_page/102/?cid=2734,https://www.cshs.ntct.edu.tw/,https://www.cshs.ntct.edu.tw/
彰化區,,080404,國立南投高級商業職業學校,公立,彰化區免試入學日間部,高職,男女校,南投縣,南投市,540 南投縣南投市三興里彰南路一段993號,https://www.pntcv.ntct.edu.tw/,,商業經營科:2(不限)；會計事務科:1(不限)；資料處理科:2(不限)；廣告設計科:1(不限)；觀光事業科:1(不限)；餐飲管理科:1(不限)；電子商務科:1(不限)；應用英語科:1(不限),10,10,115學年度彰化區免試入學核定招生名額（使用者提供 PDF；一般生名額與科別）,請以各校當年度公告為準,,商業經營、會計事務、資料處理、廣告設計、觀光、餐飲、電子商務、應用英語等商管、數位、設計與餐旅語文方向。,各科以商業／會計／資訊／設計／觀光餐飲實務與專題製作為主；網站未標示全校統一專題題目。,官網提供「班車路線及通車諮詢」資訊；該頁未標示固定公車班次。,學生班車路線依校方通車資訊；網站未標示其他固定通勤班次。,校方設有學生宿舍，官網同頁提供學生宿舍住宿與校外租屋諮詢資訊。,Google Maps（校園周邊餐飲、便利商店、醫療、車站／站牌）：https://www.google.com/maps/search/?api=1&query=540%20%E5%8D%97%E6%8A%95%E7%B8%A3%E5%8D%97%E6%8A%95%E5%B8%82%E4%B8%89%E8%88%88%E9%87%8C%E5%BD%B0%E5%8D%97%E8%B7%AF%E4%B8%80%E6%AE%B5993%E8%99%9F；學校官網：https://www.pntcv.ntct.edu.tw/,https://www.pntcv.ntct.edu.tw/home?cid=5916,https://www.pntcv.ntct.edu.tw/home?cid=5916,https://www.google.com/maps/search/?api=1&query=540%20%E5%8D%97%E6%8A%95%E7%B8%A3%E5%8D%97%E6%8A%95%E5%B8%82%E4%B8%89%E8%88%88%E9%87%8C%E5%BD%B0%E5%8D%97%E8%B7%AF%E4%B8%80%E6%AE%B5993%E8%99%9F,https://www.pntcv.ntct.edu.tw/home,https://www.pntcv.ntct.edu.tw/,https://www.pntcv.ntct.edu.tw/
彰化區,,080406,國立草屯高級商工職業學校,公立,彰化區免試入學日間部,高職,男女校,南投縣,草屯鎮,542015 南投縣草屯鎮新庄里20鄰芬草路二段736號,https://www.ttvs.ntct.edu.tw/,,機械科:4(不限)；配管科(產特):2(不限)；商業經營科:4(不限)；會計事務科:1(不限)；資料處理科:1(不限)；應用英語科:2(不限),14,14,115學年度彰化區免試入學核定招生名額（使用者提供 PDF；一般生名額與科別）,請以各校當年度公告為準,,機械、配管、商業經營、會計事務、資料處理、應用英語等工業與商業技術課程。,各科以機械／配管工場實習、商業資訊實務與專題製作為主；網站未標示全校統一專題題目。,官網設交通資訊及學生專車相關資訊；首頁未標示固定公車到校班次。,學生專車站點與時間依校方公告；網站未標示其他固定通勤班次或步行時間。,校方設有學生宿舍，官網宿舍管理要點列有住宿申請規範。,Google Maps（校園周邊餐飲、便利商店、醫療、車站／站牌）：https://www.google.com/maps/search/?api=1&query=542015%20%E5%8D%97%E6%8A%95%E7%B8%A3%E8%8D%89%E5%B1%AF%E9%8E%AE%E6%96%B0%E5%BA%84%E9%87%8C20%E9%84%B0%E8%8A%AC%E8%8D%89%E8%B7%AF%E4%BA%8C%E6%AE%B5736%E8%99%9F；學校官網：https://www.ttvs.ntct.edu.tw/,https://www.ttvs.ntct.edu.tw/,https://www.ttvs.ntct.edu.tw/resource/openfid.php?id=7759,https://www.google.com/maps/search/?api=1&query=542015%20%E5%8D%97%E6%8A%95%E7%B8%A3%E8%8D%89%E5%B1%AF%E9%8E%AE%E6%96%B0%E5%BA%84%E9%87%8C20%E9%84%B0%E8%8A%AC%E8%8D%89%E8%B7%AF%E4%BA%8C%E6%AE%B5736%E8%99%9F,https://www.ttvs.ntct.edu.tw/home?cid=722,https://www.ttvs.ntct.edu.tw/,https://www.ttvs.ntct.edu.tw/
彰化區,,080C06,國立草屯高級商工職業學校進修部,公立,彰化區免試入學進修部,進修部,男女校,南投縣,草屯鎮,542015 南投縣草屯鎮新庄里20鄰芬草路二段736號,https://www.ttvs.ntct.edu.tw/,,機械科(夜間班):5(不限)；商業經營科(夜間班):5(不限)；資料處理科(夜間班):5(不限),15,15,115學年度彰化區免試入學核定招生名額（使用者提供 PDF；一般生名額與科別）,請以各校當年度公告為準,,機械、配管、商業經營、會計事務、資料處理、應用英語等工業與商業技術課程。,各科以機械／配管工場實習、商業資訊實務與專題製作為主；網站未標示全校統一專題題目。,官網設交通資訊及學生專車相關資訊；首頁未標示固定公車到校班次。 進修部官網未標示日間部學生專車是否適用夜間班。,進修部官網未標示夜間專用交通班次；不可將日間部學生專車視為進修部可搭乘。,進修部官網未標示進修部學生住宿申請資格。,Google Maps（校園周邊餐飲、便利商店、醫療、車站／站牌）：https://www.google.com/maps/search/?api=1&query=542015%20%E5%8D%97%E6%8A%95%E7%B8%A3%E8%8D%89%E5%B1%AF%E9%8E%AE%E6%96%B0%E5%BA%84%E9%87%8C20%E9%84%B0%E8%8A%AC%E8%8D%89%E8%B7%AF%E4%BA%8C%E6%AE%B5736%E8%99%9F；學校官網：https://www.ttvs.ntct.edu.tw/,https://www.ttvs.ntct.edu.tw/,https://www.ttvs.ntct.edu.tw/resource/openfid.php?id=7759,https://www.google.com/maps/search/?api=1&query=542015%20%E5%8D%97%E6%8A%95%E7%B8%A3%E8%8D%89%E5%B1%AF%E9%8E%AE%E6%96%B0%E5%BA%84%E9%87%8C20%E9%84%B0%E8%8A%AC%E8%8D%89%E8%B7%AF%E4%BA%8C%E6%AE%B5736%E8%99%9F,https://www.ttvs.ntct.edu.tw/home?cid=722,https://www.ttvs.ntct.edu.tw/,https://www.ttvs.ntct.edu.tw/
彰化區,,081311,南投縣私立五育高中,私立,彰化區免試入學日間部,高中,男女校,南投縣,南投市,540 南投縣南投市樂利路200號,https://www.wu-yu.ntct.edu.tw/,,美容科:5(不限)；照顧服務科(產特):5(不限)；多媒體動畫科:5(不限),15,15,115學年度彰化區免試入學核定招生名額（使用者提供 PDF；一般生名額與科別）,請以各校當年度公告為準,,美容、照顧服務、多媒體動畫等生活服務、照護與數位創作技術課程。,照顧服務科與醫療機構有合作銜接；各科以美容、照護與多媒體專業實習／實作為主，網站未標示全校統一專題題目。,學校官網首頁僅提供校址，未標示具體大眾運輸路線或115學年度固定學生專車班次。,網站未標示固定通勤班次或步行時間。,校方設有學生宿舍管理規範；住宿申請與費用依當學年度公告。,Google Maps（校園周邊餐飲、便利商店、醫療、車站／站牌）：https://www.google.com/maps/search/?api=1&query=540%20%E5%8D%97%E6%8A%95%E7%B8%A3%E5%8D%97%E6%8A%95%E5%B8%82%E6%A8%82%E5%88%A9%E8%B7%AF200%E8%99%9F；學校官網：https://www.wu-yu.ntct.edu.tw/,https://www.wu-yu.ntct.edu.tw/,https://www.wu-yu.ntct.edu.tw/zh-hant/node/195,https://www.google.com/maps/search/?api=1&query=540%20%E5%8D%97%E6%8A%95%E7%B8%A3%E5%8D%97%E6%8A%95%E5%B8%82%E6%A8%82%E5%88%A9%E8%B7%AF200%E8%99%9F,https://www.wu-yu.ntct.edu.tw/,https://www.wu-yu.ntct.edu.tw/,https://www.wu-yu.ntct.edu.tw/
彰化區,,081313,私立弘明實驗高中,私立,彰化區免試入學日間部,高中,男女校,南投縣,名間鄉,551 南投縣名間鄉東湖村大老巷102號,https://sites.google.com/hmhs.ntct.edu.tw/web2025,,普通科:2(不限),2,2,115學年度彰化區免試入學核定招生名額（使用者提供 PDF；一般生名額與科別）,請以各校當年度公告為準,,普通高中課程，官網可見115學年度高中部課程計畫，並具人文經典阅读與品格教育特色。,不設固定職業實習；網站未標示全校統一專題內容。,官網提供交通路線圖與交通車資訊入口；首頁未列固定站點、班次或公車路線。,網站未標示固定通勤班次或步行時間。,學校官網未標示115學年度校內學生宿舍申請資訊。,Google Maps（校園周邊餐飲、便利商店、醫療、車站／站牌）：https://www.google.com/maps/search/?api=1&query=551%20%E5%8D%97%E6%8A%95%E7%B8%A3%E5%90%8D%E9%96%93%E9%84%89%E6%9D%B1%E6%B9%96%E6%9D%91%E5%A4%A7%E8%80%81%E5%B7%B7102%E8%99%9F；學校官網：https://sites.google.com/hmhs.ntct.edu.tw/web2025,https://sites.google.com/hmhs.ntct.edu.tw/web2025,https://sites.google.com/hmhs.ntct.edu.tw/web2025,https://www.google.com/maps/search/?api=1&query=551%20%E5%8D%97%E6%8A%95%E7%B8%A3%E5%90%8D%E9%96%93%E9%84%89%E6%9D%B1%E6%B9%96%E6%9D%91%E5%A4%A7%E8%80%81%E5%B7%B7102%E8%99%9F,https://sites.google.com/hmhs.ntct.edu.tw/web2025,https://sites.google.com/hmhs.ntct.edu.tw/web2025,https://sites.google.com/hmhs.ntct.edu.tw/web2025
彰化區,,081409,同德學校財團法人南投縣同德高級中等學校,私立,彰化區免試入學日間部,高中,男女校,南投縣,草屯鎮,542 南投縣草屯鎮中正路培英巷8號,https://www.tdvs.ntct.edu.tw/,,普通科:6(不限)；餐飲管理科:4(不限)；烘焙科:2(不限),12,12,115學年度彰化區免試入學核定招生名額（使用者提供 PDF；一般生名額與科別）,請以各校當年度公告為準,,普通科與餐飲管理、烘焙等一般學術與餐旅技術課程並行。,餐飲／烘焙以廚藝、烘焙實習與實務技能為主；普通科不設固定職業實習，網站未標示全校統一專題題目。,官網學生專車專區公布學生專車路線與站別；官網未標示固定公車到校班次。,學生專車通勤依校方最新路線與站別公告；網站未標示其他固定通勤班次。,校方明確設有學生宿舍並公告住宿申請與管理資訊。,Google Maps（校園周邊餐飲、便利商店、醫療、車站／站牌）：https://www.google.com/maps/search/?api=1&query=542%20%E5%8D%97%E6%8A%95%E7%B8%A3%E8%8D%89%E5%B1%AF%E9%8E%AE%E4%B8%AD%E6%AD%A3%E8%B7%AF%E5%9F%B9%E8%8B%B1%E5%B7%B78%E8%99%9F；學校官網：https://www.tdvs.ntct.edu.tw/,https://www.tdvs.ntct.edu.tw/list/209,https://www.tdvs.ntct.edu.tw/list/30/4915,https://www.google.com/maps/search/?api=1&query=542%20%E5%8D%97%E6%8A%95%E7%B8%A3%E8%8D%89%E5%B1%AF%E9%8E%AE%E4%B8%AD%E6%AD%A3%E8%B7%AF%E5%9F%B9%E8%8B%B1%E5%B7%B78%E8%99%9F,https://www.tdvs.ntct.edu.tw/,https://www.tdvs.ntct.edu.tw/,https://www.tdvs.ntct.edu.tw/
彰化區,,084309,南投縣立旭光高級中學,公立,彰化區免試入學日間部,高中,男女校,南投縣,草屯鎮,542 南投縣草屯鎮中正路568-23號,https://ischool.skjhs.ntct.edu.tw/,,普通科:8(不限),8,8,115學年度彰化區免試入學核定招生名額（使用者提供 PDF；一般生名額與科別）,請以各校當年度公告為準,,普通高中學術課程，搭配高中年度課程計畫、多元選修與彈性／自主學習。,不設固定職業實習；網站未標示全校統一專題內容。,學校官網未標示具體大眾運輸路線或固定學生專車班次。,網站未標示固定通勤班次或步行時間。,學校官網未標示115學年度校內學生宿舍申請資訊。,Google Maps（校園周邊餐飲、便利商店、醫療、車站／站牌）：https://www.google.com/maps/search/?api=1&query=542%20%E5%8D%97%E6%8A%95%E7%B8%A3%E8%8D%89%E5%B1%AF%E9%8E%AE%E4%B8%AD%E6%AD%A3%E8%B7%AF568-23%E8%99%9F；學校官網：https://ischool.skjhs.ntct.edu.tw/,https://ischool.skjhs.ntct.edu.tw/,https://ischool.skjhs.ntct.edu.tw/,https://www.google.com/maps/search/?api=1&query=542%20%E5%8D%97%E6%8A%95%E7%B8%A3%E8%8D%89%E5%B1%AF%E9%8E%AE%E4%B8%AD%E6%AD%A3%E8%B7%AF568-23%E8%99%9F,https://ischool.skjhs.ntct.edu.tw/,https://ischool.skjhs.ntct.edu.tw/,https://ischool.skjhs.ntct.edu.tw/
彰化區,,090402,國立西螺高級農工職業學校,公立,彰化區免試入學日間部,綜高,男女校,雲林縣,西螺鎮,648001 雲林縣西螺鎮大同路4號,https://www.hlvs.ylc.edu.tw/,,綜合高中:5(不限)；食品加工科:1(不限)；畜產保健科(產特):1(不限)；機械科:1(不限)；汽車科:1(不限)；電子科:1(不限)；電機科:1(不限)；化工科:1(不限)；生物產業機電科:1(不限),13,13,115學年度彰化區免試入學核定招生名額（使用者提供 PDF；一般生名額與科別）,請以各校當年度公告為準,,綜合高中與食品加工、畜產保健、機械、汽車、電子、電機、化工、生物產業機電等農工技術方向。,官網首頁可見專題實作及創意競賽、農工科技藝競賽等成果；各科以專業實習、技能競賽與專題實作為主。,官網115學年度公告多條學生專車路線；學校官方招生資料另列臺西客運／日統客運可在「西螺農工站」下車。,學生專車依115學年度路線表；一般客運可在「西螺農工站」下車。,學校官網未標示115學年度一般學生宿舍申請資訊。,Google Maps（校園周邊餐飲、便利商店、醫療、車站／站牌）：https://www.google.com/maps/search/?api=1&query=648001%20%E9%9B%B2%E6%9E%97%E7%B8%A3%E8%A5%BF%E8%9E%BA%E9%8E%AE%E5%A4%A7%E5%90%8C%E8%B7%AF4%E8%99%9F；學校官網：https://www.hlvs.ylc.edu.tw/,https://www.hlvs.ylc.edu.tw/,https://www.hlvs.ylc.edu.tw/,https://www.google.com/maps/search/?api=1&query=648001%20%E9%9B%B2%E6%9E%97%E7%B8%A3%E8%A5%BF%E8%9E%BA%E9%8E%AE%E5%A4%A7%E5%90%8C%E8%B7%AF4%E8%99%9F,https://www.hlvs.ylc.edu.tw/,https://www.hlvs.ylc.edu.tw/,https://www.hlvs.ylc.edu.tw/
彰化區,,090C02,國立西螺高級農工職業學校進修部,公立,彰化區免試入學進修部,進修部,男女校,雲林縣,西螺鎮,648001 雲林縣西螺鎮大同路4號,https://www.hlvs.ylc.edu.tw/,,電機科(夜間班):2(不限),2,2,115學年度彰化區免試入學核定招生名額（使用者提供 PDF；一般生名額與科別）,請以各校當年度公告為準,,綜合高中與食品加工、畜產保健、機械、汽車、電子、電機、化工、生物產業機電等農工技術方向。,官網首頁可見專題實作及創意競賽、農工科技藝競賽等成果；各科以專業實習、技能競賽與專題實作為主。,官網115學年度公告多條學生專車路線；學校官方招生資料另列臺西客運／日統客運可在「西螺農工站」下車。 進修部官網未標示日間部學生專車是否適用夜間班。,進修部官網未標示夜間專用交通班次；不可將日間部學生專車視為進修部可搭乘。,進修部官網未標示進修部學生住宿申請資格。,Google Maps（校園周邊餐飲、便利商店、醫療、車站／站牌）：https://www.google.com/maps/search/?api=1&query=648001%20%E9%9B%B2%E6%9E%97%E7%B8%A3%E8%A5%BF%E8%9E%BA%E9%8E%AE%E5%A4%A7%E5%90%8C%E8%B7%AF4%E8%99%9F；學校官網：https://www.hlvs.ylc.edu.tw/,https://www.hlvs.ylc.edu.tw/,https://www.hlvs.ylc.edu.tw/,https://www.google.com/maps/search/?api=1&query=648001%20%E9%9B%B2%E6%9E%97%E7%B8%A3%E8%A5%BF%E8%9E%BA%E9%8E%AE%E5%A4%A7%E5%90%8C%E8%B7%AF4%E8%99%9F,https://www.hlvs.ylc.edu.tw/,https://www.hlvs.ylc.edu.tw/,https://www.hlvs.ylc.edu.tw/
彰化區,,091318,義峰學校財團法人雲林縣義峰高級中學,私立,彰化區免試入學日間部,高中,男女校,雲林縣,林內鄉,643 雲林縣林內鄉烏麻村長源201號,https://www.yfsh.ylc.edu.tw/,,餐飲管理科:3(不限)；照顧服務科:3(不限)；多媒體動畫科:3(不限),9,9,115學年度彰化區免試入學核定招生名額（使用者提供 PDF；一般生名額與科別）,請以各校當年度公告為準,,餐飲管理、照顧服務、多媒體動畫等餐旅、照護與數位創作技術課程；官網課程計畫另可見照顧服務建教合作與實用技能課程。,照顧服務科可見建教合作；餐飲與多媒體等科以專業實習／實作為主，網站未標示全校統一專題題目。,學校官網未標示具體大眾運輸路線或115學年度固定學生專車班次。,網站未標示固定通勤班次或步行時間。,學校官網未標示115學年度校內學生宿舍申請資訊。,Google Maps（校園周邊餐飲、便利商店、醫療、車站／站牌）：https://www.google.com/maps/search/?api=1&query=643%20%E9%9B%B2%E6%9E%97%E7%B8%A3%E6%9E%97%E5%85%A7%E9%84%89%E7%83%8F%E9%BA%BB%E6%9D%91%E9%95%B7%E6%BA%90201%E8%99%9F；學校官網：https://www.yfsh.ylc.edu.tw/,https://www.yfsh.ylc.edu.tw/,https://www.yfsh.ylc.edu.tw/,https://www.google.com/maps/search/?api=1&query=643%20%E9%9B%B2%E6%9E%97%E7%B8%A3%E6%9E%97%E5%85%A7%E9%84%89%E7%83%8F%E9%BA%BB%E6%9D%91%E9%95%B7%E6%BA%90201%E8%99%9F,https://www.yfsh.ylc.edu.tw/ischool/publish_page/0/?cid=132,https://www.yfsh.ylc.edu.tw/ischool/publish_page/0/?cid=40,https://www.yfsh.ylc.edu.tw/ischool/publish_page/0/?cid=40
雲林區,,090305,國立斗六高中,公立,雲林區學校名錄,高中,男女校,雲林縣,斗六市,640 雲林縣斗六市民生路224號,https://www.tlsh.ylc.edu.tw/,(05)5322039,普通科(日)；美術班(日)；體育班(日)；數理資優班(日),,,教育部統計處《高級中等學校概況統計》114學年度校別資料；115學年度實際招生名額待該區免試入學委員會公告端點恢復後再寫入。,美術班、體育班、數理資優班；115學年度另有數理實驗班、語文實驗班，實際成班依校方公告。,,美術班、體育班、數理資優班；115學年度另有數理實驗班、語文實驗班，實際成班依校方公告。,不設技職類固定實習；以探究與實作、自主學習及學習歷程成果為主。網站未標示115學年度全校統一專題題目。,115學年度新生專區將「通車月票」列為生輔組業務；學校官網未標示115-1固定學生專車完整站點表。,固定通勤站點與時間網站未標示；Google地圖欄已依官方校址建立查詢入口。,校方115學年度新生住宿須知已公告；以路程偏遠及交通不便優先，宿舍四人一寢，實際核准依校方名單。,https://www.google.com/maps/search/?api=1&query=640+%E9%9B%B2%E6%9E%97%E7%B8%A3%E6%96%97%E5%85%AD%E5%B8%82%E6%B0%91%E7%94%9F%E8%B7%AF224%E8%99%9F; https://www.tlsh.ylc.edu.tw/,https://www.tlsh.ylc.edu.tw/affairs/aca-affairs/tlsh2/recruit/,https://www.tlsh.ylc.edu.tw/2026/06/23/64403/,https://www.google.com/maps/search/?api=1&query=640+%E9%9B%B2%E6%9E%97%E7%B8%A3%E6%96%97%E5%85%AD%E5%B8%82%E6%B0%91%E7%94%9F%E8%B7%AF224%E8%99%9F,https://www.tlsh.ylc.edu.tw/,https://www.tlsh.ylc.edu.tw/category/new-post/recruit/,https://www.tlsh.ylc.edu.tw/category/new-post/recruit/
雲林區,,090306,國立北港高中,公立,雲林區學校名錄,綜高,男女校,雲林縣,北港鎮,651005 雲林縣北港鎮成功路26號,https://www.pksh.ylc.edu.tw/,(05)7821411,普通科(日)；體育班(日)；商業經營科(日)；國際貿易科(日)；資料處理科(日)；應用英語科(日),,,教育部統計處《高級中等學校概況統計》114學年度校別資料；115學年度實際招生名額待該區免試入學委員會公告端點恢復後再寫入。,普通科與商業經營、國際貿易、資料處理、應用英語等專業科並行；115學年度有數理實驗班。,,普通科與商業經營、國際貿易、資料處理、應用英語等專業科並行；115學年度有數理實驗班。,普通／學術方向以探究與自主學習為主，專業方向另安排實習實作與專題製作；實際內容依各科及115學年度課程計畫。,115學年度新生報到需填「交通工具調查表（含專車）」；校方另設學生宿舍與專車專區。,115學年度完整專車時刻表網站未標示；搭乘資格與站點依校方最新公告。,校方設學生宿舍；宿舍管理要點已於115年7月更新，115-1可依新生宿舍Q&A與校方規定申請。,https://www.google.com/maps/search/?api=1&query=651005+%E9%9B%B2%E6%9E%97%E7%B8%A3%E5%8C%97%E6%B8%AF%E9%8E%AE%E6%88%90%E5%8A%9F%E8%B7%AF26%E8%99%9F; https://www.pksh.ylc.edu.tw/,https://sites.google.com/pksh.ylc.edu.tw/115,https://www.pksh.ylc.edu.tw/home?cid=4018,https://www.google.com/maps/search/?api=1&query=651005+%E9%9B%B2%E6%9E%97%E7%B8%A3%E5%8C%97%E6%B8%AF%E9%8E%AE%E6%88%90%E5%8A%9F%E8%B7%AF26%E8%99%9F,https://www.pksh.ylc.edu.tw/,https://www.pksh.ylc.edu.tw/ischool/widget/main_menu/show.php?cid=3032,https://www.pksh.ylc.edu.tw/ischool/widget/main_menu/show.php?cid=3032
雲林區,,090315,國立虎尾高中,公立,雲林區學校名錄,高中,男女校,雲林縣,虎尾鎮,632302 雲林縣虎尾鎮光復路222號,https://www.hwsh.ylc.edu.tw/,(05)6322121,普通科(日)；體育班(日)；數理資優班(日),,,教育部統計處《高級中等學校概況統計》114學年度校別資料；115學年度實際招生名額待該區免試入學委員會公告端點恢復後再寫入。,體育班、數理資優班；實際招生與安置依115學年度公告。,,體育班、數理資優班；實際招生與安置依115學年度公告。,不設技職類固定實習；以探究與實作、自主學習及學習歷程成果為主。網站未標示115學年度全校統一專題題目。,學校官網未標示115學年度固定學生專車或完整大眾運輸到校路線。,固定通勤站點、班次與步行時間網站未標示；本表不自行補寫路線。,學校官網未標示115學年度校內學生宿舍申請資訊。,https://www.google.com/maps/search/?api=1&query=632302+%E9%9B%B2%E6%9E%97%E7%B8%A3%E8%99%8E%E5%B0%BE%E9%8E%AE%E5%85%89%E5%BE%A9%E8%B7%AF222%E8%99%9F; https://www.hwsh.ylc.edu.tw/,https://www.hwsh.ylc.edu.tw/,https://www.hwsh.ylc.edu.tw/,https://www.google.com/maps/search/?api=1&query=632302+%E9%9B%B2%E6%9E%97%E7%B8%A3%E8%99%8E%E5%B0%BE%E9%8E%AE%E5%85%89%E5%BE%A9%E8%B7%AF222%E8%99%9F,https://www.hwsh.ylc.edu.tw/,https://www.hwsh.ylc.edu.tw/home?cid=477,https://www.hwsh.ylc.edu.tw/home?cid=477
雲林區,,090401,國立虎尾農工,公立,雲林區學校名錄,高職,男女校,雲林縣,虎尾鎮,632 雲林縣虎尾鎮博愛路65號,https://www.hwaivs.ylc.edu.tw/,(05)6322767,食品加工科(日)；畜產保健科(日)；機械科(日)；電機科(日)；建築科(日)；生物產業機電科(日)；電腦機械製圖科(日)；商業經營科(日)；門市服務科(日)；農業技術科(日)；烘焙食品科(日)；電機修護科(日)；營造技術科(日)；電腦繪圖科(日),,,教育部統計處《高級中等學校概況統計》114學年度校別資料；115學年度實際招生名額待該區免試入學委員會公告端點恢復後再寫入。,食品、畜保、機械、電機、建築、生機、製圖、商業等專業群科及實用技能學程。,,食品、畜保、機械、電機、建築、生機、製圖、商業等專業群科及實用技能學程。,各專業科依115學年度技術型與實用技能課程計畫辦理專業實習、技能訓練與專題實作。,115年新生訓練與全校返校日校方公布學生專車票價及路線表，並由臺西客運辦理登記。,115-1正式上課期間完整固定專車時刻表以校方後續公告為準；本表不沿用活動日臨時時刻。,學校官網未標示115學年度校內學生宿舍申請資訊。,https://www.google.com/maps/search/?api=1&query=632+%E9%9B%B2%E6%9E%97%E7%B8%A3%E8%99%8E%E5%B0%BE%E9%8E%AE%E5%8D%9A%E6%84%9B%E8%B7%AF65%E8%99%9F; https://www.hwaivs.ylc.edu.tw/,https://www.hwaivs.ylc.edu.tw/2026/07/07/115%E5%B9%B4%E6%96%B0%E7%94%9F%E8%A8%93%E7%B7%B4%E5%B0%88%E8%BB%8A%E7%A5%A8%E5%83%B9%E5%8F%8A%E8%B7%AF%E7%B7%9A%E8%A1%A8%E5%90%AB%E7%AB%99%E5%88%A5%EF%BC%8C-%E8%AB%8B%E5%AE%B6%E9%95%B7%E5%8F%8A/,https://www.hwaivs.ylc.edu.tw/,https://www.google.com/maps/search/?api=1&query=632+%E9%9B%B2%E6%9E%97%E7%B8%A3%E8%99%8E%E5%B0%BE%E9%8E%AE%E5%8D%9A%E6%84%9B%E8%B7%AF65%E8%99%9F,https://www.hwaivs.ylc.edu.tw/,https://www.hwaivs.ylc.edu.tw/,https://www.hwaivs.ylc.edu.tw/
雲林區,,090402,國立西螺農工,公立,雲林區學校名錄,綜高,男女校,雲林縣,西螺鎮,648 雲林縣西螺鎮大同路4號,https://www.hlvs.ylc.edu.tw/,(05)5862024,食品加工科(日)；食品加工科(夜)；畜產保健科(日)；機械科(日)；汽車科(日)；電子科(日)；電機科(日)；電機科(夜)；化工科(日)；生物產業機電科(日)；電腦機械製圖科(夜)；微電腦修護科(日)；電腦繪圖科(日)；機械加工科(日)；商用資訊科(日),,,教育部統計處《高級中等學校概況統計》114學年度校別資料；115學年度實際招生名額待該區免試入學委員會公告端點恢復後再寫入。,綜合高中與食品、畜保、機械、汽車、電子、電機、化工、生機、商用資訊等專業方向並行。,,綜合高中與食品、畜保、機械、汽車、電子、電機、化工、生機、商用資訊等專業方向並行。,專業群科依課程辦理實習與專題製作；115專題實作及創意競賽決賽已有機械群科獲獎成果，另有多群科技藝競賽。,115學年度開學後學生專車分甲1元發客運、甲2成吉客運及海線乙區臺西客運等路線，校方已公告各站點與時間。,學生依115學年度各專車路線表候車，校方要求提早5分鐘到站。,學校官網未標示115學年度校內學生宿舍申請資訊。,https://www.google.com/maps/search/?api=1&query=648+%E9%9B%B2%E6%9E%97%E7%B8%A3%E8%A5%BF%E8%9E%BA%E9%8E%AE%E5%A4%A7%E5%90%8C%E8%B7%AF4%E8%99%9F; https://www.hlvs.ylc.edu.tw/,https://www.hlvs.ylc.edu.tw/?p=64861,https://www.hlvs.ylc.edu.tw/,https://www.google.com/maps/search/?api=1&query=648+%E9%9B%B2%E6%9E%97%E7%B8%A3%E8%A5%BF%E8%9E%BA%E9%8E%AE%E5%A4%A7%E5%90%8C%E8%B7%AF4%E8%99%9F,https://www.hlvs.ylc.edu.tw/,https://www.hlvs.ylc.edu.tw/?page_id=1391,https://www.hlvs.ylc.edu.tw/?page_id=1391
雲林區,,090403,國立斗六家商,公立,雲林區學校名錄,高職,男女校,雲林縣,斗六市,640 雲林縣斗六市成功路120號,https://www.tlhc.ylc.edu.tw/,(05)5322147,商業經營科(夜)；國際貿易科(日)；資料處理科(日)；廣告設計科(日)；應用英語科(日)；幼兒保育科(日),,,教育部統計處《高級中等學校概況統計》114學年度校別資料；115學年度實際招生名額待該區免試入學委員會公告端點恢復後再寫入。,國貿、資料處理、廣告設計、應用英語、幼兒保育等家商專業科；另設進修部商業經營科。,,國貿、資料處理、廣告設計、應用英語、幼兒保育等家商專業科；另設進修部商業經營科。,各專業科依115學年度課程計畫辦理實習實作、技能訓練與專題製作；未有全校統一題目時以各科／實習處公告為準。,115學年度新生始業輔導公告明列臺西客運學生專車9月份車資，確認校方有學生專車通勤安排。,完整115-1學生專車站點表網站未標示；搭乘與月票依校方生輔／臺西客運公告。,學校官網未標示115學年度校內學生宿舍申請資訊。,https://www.google.com/maps/search/?api=1&query=640+%E9%9B%B2%E6%9E%97%E7%B8%A3%E6%96%97%E5%85%AD%E5%B8%82%E6%88%90%E5%8A%9F%E8%B7%AF120%E8%99%9F; https://www.tlhc.ylc.edu.tw/,https://www.tlhc.ylc.edu.tw/ischool/publish_page/5/?cid=2363,https://www.tlhc.ylc.edu.tw/,https://www.google.com/maps/search/?api=1&query=640+%E9%9B%B2%E6%9E%97%E7%B8%A3%E6%96%97%E5%85%AD%E5%B8%82%E6%88%90%E5%8A%9F%E8%B7%AF120%E8%99%9F,https://www.tlhc.ylc.edu.tw/,https://www.tlhc.ylc.edu.tw/,https://www.tlhc.ylc.edu.tw/
雲林區,,090404,國立北港農工,公立,雲林區學校名錄,高職,男女校,雲林縣,北港鎮,651 雲林縣北港鎮太平路80號,https://www.pkvs.ylc.edu.tw/,(05)7832246,農場經營科(日)；農業機械科(日)；畜產保健科(日)；機械科(日)；資訊科(日)；電機科(日)；化工科(日)；餐飲服務科(日)；微電腦修護科(日),,,教育部統計處《高級中等學校概況統計》114學年度校別資料；115學年度實際招生名額待該區免試入學委員會公告端點恢復後再寫入。,農場經營、農業機械、畜產保健、機械、資訊、電機、化工等專業科及實用技能學程。,,農場經營、農業機械、畜產保健、機械、資訊、電機、化工等專業科及實用技能學程。,各專業科依115學年度一般專業類科與實用技能學程課程計畫辦理實習、實作與專題。,學校官網未標示115學年度固定學生專車完整路線或固定大眾運輸到校班次。,固定通勤站點、班次與步行時間網站未標示；本表不自行補寫路線。,學校官網未標示115學年度校內學生宿舍申請資訊。,https://www.google.com/maps/search/?api=1&query=651+%E9%9B%B2%E6%9E%97%E7%B8%A3%E5%8C%97%E6%B8%AF%E9%8E%AE%E5%A4%AA%E5%B9%B3%E8%B7%AF80%E8%99%9F; https://www.pkvs.ylc.edu.tw/,https://www.pkvs.ylc.edu.tw/,https://www.pkvs.ylc.edu.tw/,https://www.google.com/maps/search/?api=1&query=651+%E9%9B%B2%E6%9E%97%E7%B8%A3%E5%8C%97%E6%B8%AF%E9%8E%AE%E5%A4%AA%E5%B9%B3%E8%B7%AF80%E8%99%9F,https://www.pkvs.ylc.edu.tw/,https://www.pkvs.ylc.edu.tw/ischool/publish_page/13/?cid=391,https://www.pkvs.ylc.edu.tw/ischool/publish_page/13/?cid=391
雲林區,,090413,國立土庫商工,公立,雲林區學校名錄,高職,男女校,雲林縣,土庫鎮,633 雲林縣土庫鎮中央路2號,https://www.tkvs.ylc.edu.tw/,(05)6622538,建築科(日)；美工科(日)；商業經營科(日)；會計事務科(日)；資料處理科(日)；廣告設計科(日)；營造技術科(日)；商業事務科(日)；商用資訊科(日),,,教育部統計處《高級中等學校概況統計》114學年度校別資料；115學年度實際招生名額待該區免試入學委員會公告端點恢復後再寫入。,建築、美工、商經、會計、資料處理、廣告設計等專業科及實用技能學程；115學年度另有人工智慧與資通安全實驗課程計畫。,,建築、美工、商經、會計、資料處理、廣告設計等專業科及實用技能學程；115學年度另有人工智慧與資通安全實驗課程計畫。,依115學年度課程計畫辦理建築、設計、商管、資訊等專業實作；另有人工智慧與資通安全實驗課程。,115學年度校方已公告開學學生專車山線、海線路線時刻表。,校方要求各站提早10分鐘候車；北港、西庄、馬光、褒忠、東明國中等站依115學年度指定路線搭乘。,學校官網未標示115學年度校內學生宿舍申請資訊。,https://www.google.com/maps/search/?api=1&query=633+%E9%9B%B2%E6%9E%97%E7%B8%A3%E5%9C%9F%E5%BA%AB%E9%8E%AE%E4%B8%AD%E5%A4%AE%E8%B7%AF2%E8%99%9F; https://www.tkvs.ylc.edu.tw/,https://www.tkvs.ylc.edu.tw/index.php?id=24914&index=2&lang=cht&option=module&task=pageinfo,https://www.tkvs.ylc.edu.tw/,https://www.google.com/maps/search/?api=1&query=633+%E9%9B%B2%E6%9E%97%E7%B8%A3%E5%9C%9F%E5%BA%AB%E9%8E%AE%E4%B8%AD%E5%A4%AE%E8%B7%AF2%E8%99%9F,https://www.tkvs.ylc.edu.tw/,https://www.tkvs.ylc.edu.tw/index.php?id=308&option=module&task=showlist,https://www.tkvs.ylc.edu.tw/index.php?id=308&option=module&task=showlist
雲林區,,091307,私立永年高中,私立,雲林區學校名錄,高中,男女校,雲林縣,土庫鎮,633 雲林縣土庫鎮建國路13號,https://www.ynhs.ylc.edu.tw/,05-6622540,普通科(日),,,教育部統計處《高級中等學校概況統計》114學年度校別資料；115學年度實際招生名額待該區免試入學委員會公告端點恢復後再寫入。,普通高中；115學年度數理實驗班正式招生，並推動閱讀、英文素養與探究實作特色課程。,,普通高中；115學年度數理實驗班正式招生，並推動閱讀、英文素養與探究實作特色課程。,不設技職類固定實習；以探究與實作、自主學習及學習歷程成果為主。網站未標示115學年度全校統一專題題目。,校方設校車路線專區，115學年度暑期輔導已公告校車路線時刻表；高一新生資訊亦明列校車時間表另行公告。,學生校車依校方當期路線表搭乘；固定站點與時間以115學年度最新公告為準。,校方設男、女生宿舍；115學年度高一新生資訊明列暑輔前一日可入住，實際床位與規定依校方住宿公告。,https://www.google.com/maps/search/?api=1&query=633+%E9%9B%B2%E6%9E%97%E7%B8%A3%E5%9C%9F%E5%BA%AB%E9%8E%AE%E5%BB%BA%E5%9C%8B%E8%B7%AF13%E8%99%9F; https://www.ynhs.ylc.edu.tw/,https://www.ynhs.ylc.edu.tw/,https://www.ynhs.ylc.edu.tw/news/6/5348,https://www.google.com/maps/search/?api=1&query=633+%E9%9B%B2%E6%9E%97%E7%B8%A3%E5%9C%9F%E5%BA%AB%E9%8E%AE%E5%BB%BA%E5%9C%8B%E8%B7%AF13%E8%99%9F,https://www.ynhs.ylc.edu.tw/,https://www.ynhs.ylc.edu.tw/,https://www.ynhs.ylc.edu.tw/
雲林區,,091308,私立正心高中,私立,雲林區學校名錄,高中,男女校,雲林縣,斗六市,雲林縣斗六市正心路1號,https://www.shsh.ylc.edu.tw/,(05)5512502,普通科(日),,,教育部統計處《高級中等學校概況統計》114學年度校別資料；115學年度實際招生名額待該區免試入學委員會公告端點恢復後再寫入。,普通高中；115學年度設數理實驗班，另有校本特色與多元學習活動。,,普通高中；115學年度設數理實驗班，另有校本特色與多元學習活動。,不設技職類固定實習；以探究與實作、自主學習及學習歷程成果為主。網站未標示115學年度全校統一專題題目。,校方115學年度已公布交通車時刻表與期初交通車乘車調查。,學生交通車依115學年度最新時刻表及乘車登記搭乘。,校方設學生宿舍；115-1已有住宿生返宿公告，實際床位、申請與管理依校方住宿公告。,https://www.google.com/maps/search/?api=1&query=%E9%9B%B2%E6%9E%97%E7%B8%A3%E6%96%97%E5%85%AD%E5%B8%82%E6%AD%A3%E5%BF%83%E8%B7%AF1%E8%99%9F; https://www.shsh.ylc.edu.tw/,https://www.shsh.ylc.edu.tw/,https://www.shsh.ylc.edu.tw/guide/,https://www.google.com/maps/search/?api=1&query=%E9%9B%B2%E6%9E%97%E7%B8%A3%E6%96%97%E5%85%AD%E5%B8%82%E6%AD%A3%E5%BF%83%E8%B7%AF1%E8%99%9F,https://www.shsh.ylc.edu.tw/,https://www.shsh.ylc.edu.tw/guide/,https://www.shsh.ylc.edu.tw/guide/
雲林區,,091311,私立文生高中,私立,雲林區學校名錄,高中,男女校,雲林縣,四湖鄉,雲林縣四湖鄉中正路509號,https://www.svsh.ylc.edu.tw/xoops/,(05)7872024,普通科(日),,,教育部統計處《高級中等學校概況統計》114學年度校別資料；115學年度實際招生名額待該區免試入學委員會公告端點恢復後再寫入。,普通高中；天主教學校教育特色，實際特色班別依115學年度校方公告。,,普通高中；天主教學校教育特色，實際特色班別依115學年度校方公告。,不設技職類固定實習；以探究與實作、自主學習及學習歷程成果為主。網站未標示115學年度全校統一專題題目。,校方115年7月辦理學生交通車委外招標，確認有交通車服務。,115學年度完整固定站點與時刻表網站未標示。,學校官網未標示115學年度校內學生宿舍申請資訊。,https://www.google.com/maps/search/?api=1&query=%E9%9B%B2%E6%9E%97%E7%B8%A3%E5%9B%9B%E6%B9%96%E9%84%89%E4%B8%AD%E6%AD%A3%E8%B7%AF509%E8%99%9F; https://www.svsh.ylc.edu.tw/xoops/,https://www.svsh.ylc.edu.tw/xoops/,https://www.svsh.ylc.edu.tw/xoops/,https://www.google.com/maps/search/?api=1&query=%E9%9B%B2%E6%9E%97%E7%B8%A3%E5%9B%9B%E6%B9%96%E9%84%89%E4%B8%AD%E6%AD%A3%E8%B7%AF509%E8%99%9F,https://www.svsh.ylc.edu.tw/xoops/,https://www.svsh.ylc.edu.tw/xoops/,https://www.svsh.ylc.edu.tw/xoops/
雲林區,,091312,私立巨人高中,私立,雲林區學校名錄,綜高,男女校,雲林縣,北港鎮,雲林縣北港鎮大同路647號,https://www.tssh.ylc.edu.tw/,05-7835937,,,,教育部統計處《高級中等學校概況統計》114學年度校別資料；115學年度實際招生名額待該區免試入學委員會公告端點恢復後再寫入。,綜合高中藥學護理學程為主要特色，升學方向聚焦藥學、護理及醫護相關科系。,,綜合高中藥學護理學程為主要特色，升學方向聚焦藥學、護理及醫護相關科系。,以藥學護理學程之生物、健康與護理等專業升學課程與實作學習為特色；網站未標示115學年度全校統一專題題目。,官網設「交通位置」頁；網站未標示115學年度固定學生專車完整路線。,固定通勤班次與時間網站未標示；本表不自行補寫路線。,學校官網未標示115學年度校內學生宿舍申請資訊。,https://www.google.com/maps/search/?api=1&query=%E9%9B%B2%E6%9E%97%E7%B8%A3%E5%8C%97%E6%B8%AF%E9%8E%AE%E5%A4%A7%E5%90%8C%E8%B7%AF647%E8%99%9F; https://www.tssh.ylc.edu.tw/,https://www.tssh.ylc.edu.tw/,https://www.tssh.ylc.edu.tw/,https://www.google.com/maps/search/?api=1&query=%E9%9B%B2%E6%9E%97%E7%B8%A3%E5%8C%97%E6%B8%AF%E9%8E%AE%E5%A4%A7%E5%90%8C%E8%B7%AF647%E8%99%9F,https://www.tssh.ylc.edu.tw/,https://www.tssh.ylc.edu.tw/show_cores.aspx?getId=3D5ADCBDA52F6275,https://www.tssh.ylc.edu.tw/show_cores.aspx?getId=3D5ADCBDA52F6275
雲林區,,091316,私立揚子高中,私立,雲林區學校名錄,高中,男女校,雲林縣,虎尾鎮,632 雲林縣虎尾鎮林森路二段541號,https://www.ytjh.ylc.edu.tw/,05-6330181,普通科(日),,,教育部統計處《高級中等學校概況統計》114學年度校別資料；115學年度實際招生名額待該區免試入學委員會公告端點恢復後再寫入。,普通高中；數理實驗班與一般普通科課程並行。,,普通高中；數理實驗班與一般普通科課程並行。,不設技職類固定實習；以探究與實作、自主學習及學習歷程成果為主。網站未標示115學年度全校統一專題題目。,官網設「地理位置／交通資訊」入口；網站未標示115學年度固定學生專車完整站點表。,固定通勤班次與時間網站未標示；本表不自行補寫路線。,校方官網設「住管組」及「住宿資訊／專業住宿管理」入口，可確認有住宿管理制度；115學年度床位與申請細節網站未標示。,https://www.google.com/maps/search/?api=1&query=632+%E9%9B%B2%E6%9E%97%E7%B8%A3%E8%99%8E%E5%B0%BE%E9%8E%AE%E6%9E%97%E6%A3%AE%E8%B7%AF%E4%BA%8C%E6%AE%B5541%E8%99%9F; https://www.ytjh.ylc.edu.tw/,https://www.ytjh.ylc.edu.tw/,https://www.ytjh.ylc.edu.tw/,https://www.google.com/maps/search/?api=1&query=632+%E9%9B%B2%E6%9E%97%E7%B8%A3%E8%99%8E%E5%B0%BE%E9%8E%AE%E6%9E%97%E6%A3%AE%E8%B7%AF%E4%BA%8C%E6%AE%B5541%E8%99%9F,https://www.ytjh.ylc.edu.tw/,https://www.ytjh.ylc.edu.tw/administration/9/130,https://www.ytjh.ylc.edu.tw/administration/9/130
雲林區,,091318,財團法人義峰高中,私立,雲林區學校名錄,高職,男女校,雲林縣,林內鄉,643 雲林縣林內鄉烏麻村長源201號,https://www.yfsh.ylc.edu.tw/,05-5800099,餐飲管理科(日)；電子商務科(日)；照顧服務科(日)；多媒體動畫科(日)；農園藝整理服務科(日)；餐飲技術科(日)；美容造型科(日),,,教育部統計處《高級中等學校概況統計》114學年度校別資料；115學年度實際招生名額待該區免試入學委員會公告端點恢復後再寫入。,餐飲、電子商務、照顧服務、多媒體動畫、農園藝整理服務、美容造型等技職特色。,,餐飲、電子商務、照顧服務、多媒體動畫、農園藝整理服務、美容造型等技職特色。,餐旅、多媒體動畫、電子商務、時尚造型、照顧服務等科依115學年度課程計畫辦理專業實習、建教或專題成果。,官網設「交通位置」入口；網站未標示115學年度固定學生專車完整路線。,固定通勤班次與時間網站未標示；本表不自行補寫路線。,學校官網未標示115學年度校內學生宿舍申請資訊。,https://www.google.com/maps/search/?api=1&query=643+%E9%9B%B2%E6%9E%97%E7%B8%A3%E6%9E%97%E5%85%A7%E9%84%89%E7%83%8F%E9%BA%BB%E6%9D%91%E9%95%B7%E6%BA%90201%E8%99%9F; https://www.yfsh.ylc.edu.tw/,https://www.yfsh.ylc.edu.tw/,https://www.yfsh.ylc.edu.tw/,https://www.google.com/maps/search/?api=1&query=643+%E9%9B%B2%E6%9E%97%E7%B8%A3%E6%9E%97%E5%85%A7%E9%84%89%E7%83%8F%E9%BA%BB%E6%9D%91%E9%95%B7%E6%BA%90201%E8%99%9F,https://www.yfsh.ylc.edu.tw/,https://www.yfsh.ylc.edu.tw/ischool/publish_page/0/?cid=40,https://www.yfsh.ylc.edu.tw/ischool/publish_page/0/?cid=40
雲林區,,091319,福智高中,私立,雲林區學校名錄,高中,男女校,雲林縣,古坑鄉,雲林縣古坑鄉麻園村平和23號,https://www.bwjh.ylc.edu.tw/,(05)5828223,普通科(日),,,教育部統計處《高級中等學校概況統計》114學年度校別資料；115學年度實際招生名額待該區免試入學委員會公告端點恢復後再寫入。,住宿型普通高中，重視德育、生命教育、人文素養與一般高中升學課程。,,住宿型普通高中，重視德育、生命教育、人文素養與一般高中升學課程。,不設技職類固定實習；以探究與實作、自主學習及學習歷程成果為主。網站未標示115學年度全校統一專題題目。,學校官網未標示115學年度固定學生專車或完整大眾運輸到校路線。,固定通勤站點與時間網站未標示；本表不自行補寫路線。,福智高中為住宿型學校，官網另公布學生宿舍管理要點；住宿安排依校方規定。,https://www.google.com/maps/search/?api=1&query=%E9%9B%B2%E6%9E%97%E7%B8%A3%E5%8F%A4%E5%9D%91%E9%84%89%E9%BA%BB%E5%9C%92%E6%9D%91%E5%B9%B3%E5%92%8C23%E8%99%9F; https://www.bwjh.ylc.edu.tw/,https://www.bwjh.ylc.edu.tw/,https://www.bwjh.ylc.edu.tw/a01/,https://www.google.com/maps/search/?api=1&query=%E9%9B%B2%E6%9E%97%E7%B8%A3%E5%8F%A4%E5%9D%91%E9%84%89%E9%BA%BB%E5%9C%92%E6%9D%91%E5%B9%B3%E5%92%8C23%E8%99%9F,https://www.bwjh.ylc.edu.tw/,https://www.bwjh.ylc.edu.tw/,https://www.bwjh.ylc.edu.tw/
雲林區,,091320,雲林縣維多利亞實驗高中,私立,雲林區學校名錄,高中,男女校,雲林縣,斗六市,640 雲林縣斗六市鎮南路1110號,https://www.victoria.ylc.edu.tw/,(05)5378899,普通科(日),,,教育部統計處《高級中等學校概況統計》114學年度校別資料；115學年度實際招生名額待該區免試入學委員會公告端點恢復後再寫入。,雙語實驗教育高中；課程具國際化與雙語學習特色，詳細高中課程依校方及官方課程計畫。,,雙語實驗教育高中；課程具國際化與雙語學習特色，詳細高中課程依校方及官方課程計畫。,不設技職類固定實習；以雙語／國際課程之探究、專題、發表與學習成果為主，實際內容依校方課程計畫。,學校官網未標示115學年度固定學生專車完整路線。,固定通勤站點與時間網站未標示；本表不自行補寫路線。,校方公布學生宿舍輔導及管理辦法，可確認設有住宿制度；實際115學年度床位與申請依校方公告。,https://www.google.com/maps/search/?api=1&query=640+%E9%9B%B2%E6%9E%97%E7%B8%A3%E6%96%97%E5%85%AD%E5%B8%82%E9%8E%AE%E5%8D%97%E8%B7%AF1110%E8%99%9F; https://www.victoria.ylc.edu.tw/,https://www.victoria.ylc.edu.tw/,https://sites.google.com/a/victoria.ylc.edu.tw/senior/%E5%AD%B8%E7%94%9F%E5%B0%88%E5%8D%80/%E5%AD%B8%E7%94%9F%E8%BE%A6%E6%B3%95%E8%A6%8F%E7%AB%A0,https://www.google.com/maps/search/?api=1&query=640+%E9%9B%B2%E6%9E%97%E7%B8%A3%E6%96%97%E5%85%AD%E5%B8%82%E9%8E%AE%E5%8D%97%E8%B7%AF1110%E8%99%9F,https://www.victoria.ylc.edu.tw/,https://www.victoria.ylc.edu.tw/,https://www.victoria.ylc.edu.tw/
雲林區,,091410,私立大成商工,私立,雲林區學校名錄,高職,男女校,雲林縣,虎尾鎮,632 雲林縣虎尾鎮成平街21號,http://web.tcvhs.ylc.edu.tw/web/welcome.html,(05)6322534,汽車科(日)；餐飲管理科(日)；餐飲管理科(夜)；汽車修護科(日)；水電技術科(日)；餐飲技術科(日)；多媒體技術科(日)；美髮技術科(日),,,教育部統計處《高級中等學校概況統計》114學年度校別資料；115學年度實際招生名額待該區免試入學委員會公告端點恢復後再寫入。,汽車、餐飲管理及實用技能方向；另有進修部餐飲管理科。,,汽車、餐飲管理及實用技能方向；另有進修部餐飲管理科。,各專業科依115學年度課程計畫辦理實習實作、技能訓練與專題製作；未有全校統一題目時以各科／實習處公告為準。,學校官網未標示115學年度固定學生專車完整路線。,固定通勤站點與時間網站未標示；本表不自行補寫路線。,學校官網未標示115學年度校內學生宿舍申請資訊。,https://www.google.com/maps/search/?api=1&query=632+%E9%9B%B2%E6%9E%97%E7%B8%A3%E8%99%8E%E5%B0%BE%E9%8E%AE%E6%88%90%E5%B9%B3%E8%A1%9721%E8%99%9F; http://web.tcvhs.ylc.edu.tw/web/welcome.html,http://web.tcvhs.ylc.edu.tw/web/welcome.html,http://web.tcvhs.ylc.edu.tw/web/welcome.html,https://www.google.com/maps/search/?api=1&query=632+%E9%9B%B2%E6%9E%97%E7%B8%A3%E8%99%8E%E5%B0%BE%E9%8E%AE%E6%88%90%E5%B9%B3%E8%A1%9721%E8%99%9F,http://web.tcvhs.ylc.edu.tw/web/welcome.html,http://web.tcvhs.ylc.edu.tw/web/welcome.html,http://web.tcvhs.ylc.edu.tw/web/welcome.html
雲林區,,091414,私立大德工商,私立,雲林區學校名錄,高職,男女校,雲林縣,斗南鎮,630 雲林縣斗南鎮大同路400號,https://www.ddvs.ylc.edu.tw/,(05)5970977,汽車科(日)；資訊科(日)；資料處理科(夜)；餐飲管理科(日)；電子商務科(日)；餐飲服務科(日)；水電技術科(日),,,教育部統計處《高級中等學校概況統計》114學年度校別資料；115學年度實際招生名額待該區免試入學委員會公告端點恢復後再寫入。,汽車、資訊、餐飲管理、電子商務等技職課程，並設進修部及實用技能學程。,,汽車、資訊、餐飲管理、電子商務等技職課程，並設進修部及實用技能學程。,各專業科依115學年度課程計畫辦理實習實作、技能訓練與專題製作；未有全校統一題目時以各科／實習處公告為準。,校方交通資訊明列備有二十餘部校車，雲林縣及各鄉鎮設有定點供學生上下學。,實際115學年度站點與時間依校方當期交通公告；網站交通頁未公開全部時刻。,學校官網未標示115學年度校內學生宿舍申請資訊。,https://www.google.com/maps/search/?api=1&query=630+%E9%9B%B2%E6%9E%97%E7%B8%A3%E6%96%97%E5%8D%97%E9%8E%AE%E5%A4%A7%E5%90%8C%E8%B7%AF400%E8%99%9F; https://www.ddvs.ylc.edu.tw/,https://www.ddvs.ylc.edu.tw/ischool/publish_page/0/?cid=661,https://www.ddvs.ylc.edu.tw/,https://www.google.com/maps/search/?api=1&query=630+%E9%9B%B2%E6%9E%97%E7%B8%A3%E6%96%97%E5%8D%97%E9%8E%AE%E5%A4%A7%E5%90%8C%E8%B7%AF400%E8%99%9F,https://www.ddvs.ylc.edu.tw/,https://www.ddvs.ylc.edu.tw/home?cid=687,https://www.ddvs.ylc.edu.tw/home?cid=687
雲林區,,094301,雲林縣立斗南高中,公立,雲林區學校名錄,高中,男女校,雲林縣,斗南鎮,雲林縣斗南鎮西歧里中山路212號,https://dnsh.ylc.edu.tw/Default.aspx,05-5972059,普通科(日)；體育班(日),,,教育部統計處《高級中等學校概況統計》114學年度校別資料；115學年度實際招生名額待該區免試入學委員會公告端點恢復後再寫入。,普通高中；另有雙語實驗班、科技數理實驗班及體育菁英班等校本特色。,,普通高中；另有雙語實驗班、科技數理實驗班及體育菁英班等校本特色。,不設技職類固定實習；以探究與實作、自主學習及學習歷程成果為主。網站未標示115學年度全校統一專題題目。,115學年度校方已公告交通車路線票價表；暑輔另有臺西客運與泰川客運專車／班車路線。,115-1固定路線與票價依校方8月公布資料；暑輔時刻不直接視為開學後時刻。,學校官網未標示115學年度校內學生宿舍申請資訊。,https://www.google.com/maps/search/?api=1&query=%E9%9B%B2%E6%9E%97%E7%B8%A3%E6%96%97%E5%8D%97%E9%8E%AE%E8%A5%BF%E6%AD%A7%E9%87%8C%E4%B8%AD%E5%B1%B1%E8%B7%AF212%E8%99%9F; https://dnsh.ylc.edu.tw/Default.aspx,https://dnsh.ylc.edu.tw/Default.aspx,https://dnsh.ylc.edu.tw/Default.aspx,https://www.google.com/maps/search/?api=1&query=%E9%9B%B2%E6%9E%97%E7%B8%A3%E6%96%97%E5%8D%97%E9%8E%AE%E8%A5%BF%E6%AD%A7%E9%87%8C%E4%B8%AD%E5%B1%B1%E8%B7%AF212%E8%99%9F,https://dnsh.ylc.edu.tw/Default.aspx,https://dnsh.ylc.edu.tw/Highschoolcurriculumplan.htm,https://dnsh.ylc.edu.tw/Highschoolcurriculumplan.htm
雲林區,,094307,雲林縣立麥寮高中,公立,雲林區學校名錄,高中,男女校,雲林縣,麥寮鄉,63850 雲林縣麥寮鄉中興路310號,https://mljh.ylc.edu.tw/,05-6932050,普通科(日)；體育班(日),,,教育部統計處《高級中等學校概況統計》114學年度校別資料；115學年度實際招生名額待該區免試入學委員會公告端點恢復後再寫入。,普通高中；以一般高中課程、多元選修、自主學習及校本特色活動為主。,,普通高中；以一般高中課程、多元選修、自主學習及校本特色活動為主。,不設技職類固定實習；以探究與實作、自主學習及學習歷程成果為主。網站未標示115學年度全校統一專題題目。,115學年度第1學期校方已公告鄉內與鄉外交通車時刻表，8月28日返校日及8月31日開學日起可搭乘。,搭乘學生需依校方115-1調查表登記，並依各鄉內／鄉外路線時刻表候車。,校方設學生宿舍，官網115學年度仍有宿舍生活輔導人員甄選，校內分機資料亦列學生宿舍與宿舍管理員。,https://www.google.com/maps/search/?api=1&query=63850+%E9%9B%B2%E6%9E%97%E7%B8%A3%E9%BA%A5%E5%AF%AE%E9%84%89%E4%B8%AD%E8%88%88%E8%B7%AF310%E8%99%9F; https://mljh.ylc.edu.tw/,https://mljh.ylc.edu.tw/News_Content.aspx?n=106128&s=390139&sms=55597,https://mljh.ylc.edu.tw/cp.aspx?n=108815,https://www.google.com/maps/search/?api=1&query=63850+%E9%9B%B2%E6%9E%97%E7%B8%A3%E9%BA%A5%E5%AF%AE%E9%84%89%E4%B8%AD%E8%88%88%E8%B7%AF310%E8%99%9F,https://mljh.ylc.edu.tw/,https://mljh.ylc.edu.tw/cl.aspx?Create=1&n=110144,https://mljh.ylc.edu.tw/cl.aspx?Create=1&n=110144
雲林區,,094308,雲林縣立古坑華德福實驗高級中學,公立,雲林區學校名錄,高中,男女校,雲林縣,古坑鄉,雲林縣古坑鄉崁腳村南昌6-27號,https://gwehs.ylc.edu.tw/,05-6341003,普通科(日),,,教育部統計處《高級中等學校概況統計》114學年度校別資料；115學年度實際招生名額待該區免試入學委員會公告端點恢復後再寫入。,華德福實驗教育，以主題課程、藝術、手作、戶外挑戰、戲劇與生活實踐為核心。,,華德福實驗教育，以主題課程、藝術、手作、戶外挑戰、戲劇與生活實踐為核心。,以華德福主題學習、藝術／手作、戶外週、戲劇公演與生活實踐作為主要實作與成果形式。,校方首頁直接提供學校交通位置及交通車路線時間表。,學生交通車依校方目前公布路線時間表搭乘；網站未以文字列出全部站點。,學校官網未標示115學年度校內學生宿舍申請資訊。,https://www.google.com/maps/search/?api=1&query=%E9%9B%B2%E6%9E%97%E7%B8%A3%E5%8F%A4%E5%9D%91%E9%84%89%E5%B4%81%E8%85%B3%E6%9D%91%E5%8D%97%E6%98%8C6-27%E8%99%9F; https://gwehs.ylc.edu.tw/,https://gwehs.ylc.edu.tw/,https://gwehs.ylc.edu.tw/,https://www.google.com/maps/search/?api=1&query=%E9%9B%B2%E6%9E%97%E7%B8%A3%E5%8F%A4%E5%9D%91%E9%84%89%E5%B4%81%E8%85%B3%E6%9D%91%E5%8D%97%E6%98%8C6-27%E8%99%9F,https://gwehs.ylc.edu.tw/,https://gwehs.ylc.edu.tw/,https://gwehs.ylc.edu.tw/
雲林區,,094326,雲林縣立蔦松藝術高中,公立,雲林區學校名錄,高中,男女校,雲林縣,水林鄉,652002 雲林縣水林鄉松北村一之一號,https://nsjh.ylc.edu.tw/,05-7841801,普通科(日),,,教育部統計處《高級中等學校概況統計》114學年度校別資料；115學年度實際招生名額待該區免試入學委員會公告端點恢復後再寫入。,藝術單科型高中，重點為舞蹈、美術、傳統藝術等專業藝術學習與展演。,,藝術單科型高中，重點為舞蹈、美術、傳統藝術等專業藝術學習與展演。,以舞蹈、美術、音樂／傳統藝術之術科訓練、作品製作與公開展演為主要實作成果。,校方交通資訊明列自駕可由台61西濱快速道路水井出口轉雲150鄉道，約7分鐘到校。,網站未標示115學年度固定學生專車或固定大眾運輸班次。,校方目前有3棟學生宿舍：4人套房120床、6人雅房144床、6人雅房100床，合計364床；實際入住資格依校方規定。,https://www.google.com/maps/search/?api=1&query=652002+%E9%9B%B2%E6%9E%97%E7%B8%A3%E6%B0%B4%E6%9E%97%E9%84%89%E6%9D%BE%E5%8C%97%E6%9D%91%E4%B8%80%E4%B9%8B%E4%B8%80%E8%99%9F; https://nsjh.ylc.edu.tw/,https://nsjh.ylc.edu.tw/News_Content.aspx?n=100161&s=168326,https://nsjh.ylc.edu.tw/cp.aspx?n=99688,https://www.google.com/maps/search/?api=1&query=652002+%E9%9B%B2%E6%9E%97%E7%B8%A3%E6%B0%B4%E6%9E%97%E9%84%89%E6%9D%BE%E5%8C%97%E6%9D%91%E4%B8%80%E4%B9%8B%E4%B8%80%E8%99%9F,https://nsjh.ylc.edu.tw/,https://nsjh.ylc.edu.tw/,https://nsjh.ylc.edu.tw/
嘉義區,,100301,國立東石高中,公立,嘉義區學校名錄,綜高,男女校,嘉義縣,朴子市,613013 嘉義縣朴子市大鄉里253號,https://www.tssh.cyc.edu.tw/,(05)3794180,普通科:30；機械科:11；汽車科:3；電機科:60；食品加工科:12,116,116,115學年度嘉義區免試入學招生名額（使用者提供 PDF；本區日間部一般生名額）,普通科與機械、汽車、電機、食品加工等專業群科並行；設自造實驗室，並有產攜／建教合作與技藝競賽成果。,,普通科與機械、汽車、電機、食品加工等專業群科並行；設自造實驗室，並有產攜／建教合作與技藝競賽成果。,專業群科依課程辦理機械、汽車、電機、食品等實習實作與技藝競賽；普通科以探究、自主學習與學習成果為主。網站未標示115學年度全校統一專題題目。,115學年度第1學期校方已公告學生專車搭乘時間與路線。,搭乘學生專車者依115-1校方公告之站點、時間與名冊辦理；網站未公開所有學生一致的固定通勤時間。,學校官網未標示115學年度校內學生宿舍申請資訊。,https://www.google.com/maps/search/?api=1&query=%E5%9C%8B%E7%AB%8B%E6%9D%B1%E7%9F%B3%E9%AB%98%E4%B8%AD+613013+%E5%98%89%E7%BE%A9%E7%B8%A3%E6%9C%B4%E5%AD%90%E5%B8%82%E5%A4%A7%E9%84%89%E9%87%8C253%E8%99%9F; https://www.tssh.cyc.edu.tw/,https://www.tssh.cyc.edu.tw/,https://www.tssh.cyc.edu.tw/,https://www.google.com/maps/search/?api=1&query=%E5%9C%8B%E7%AB%8B%E6%9D%B1%E7%9F%B3%E9%AB%98%E4%B8%AD+613013+%E5%98%89%E7%BE%A9%E7%B8%A3%E6%9C%B4%E5%AD%90%E5%B8%82%E5%A4%A7%E9%84%89%E9%87%8C253%E8%99%9F,https://www.tssh.cyc.edu.tw/,https://www.tssh.cyc.edu.tw/,https://www.tssh.cyc.edu.tw/
嘉義區,,100302,國立新港藝術高中,公立,嘉義區學校名錄,高中,男女校,嘉義縣,新港鄉,616009 嘉義縣新港鄉宮後村藝高路1號,https://www.sgash.cyc.edu.tw/,(05)3747060,普通科:90,90,90,115學年度嘉義區免試入學招生名額（使用者提供 PDF；本區日間部一般生名額）,普通型高中；115學年度招生專區明列STEAM雙語實驗班、數位音樂科技實驗班，並結合藝術、科技與國際教育。,,普通型高中；115學年度招生專區明列STEAM雙語實驗班、數位音樂科技實驗班，並結合藝術、科技與國際教育。,不設技職類固定實習；以STEAM、數位音樂科技、AI、自走車、藝術創作與自主學習成果為主要實作形式。,115學年度校車免費搭乘，校方公布新港－朴子太保、新港－溪口梅山、新港－嘉義西區水上、新港－民雄嘉義東區、新港－北港四湖等路線。,各站點依校方115學年度免費校車路線表搭乘，實際發車時間以校方最新公告為準。,校方設男女學生宿舍；學生手冊所附宿舍管理要點已於114年6月修正，115學年度實際床位與申請時程依校方當年度公告。,https://www.google.com/maps/search/?api=1&query=%E5%9C%8B%E7%AB%8B%E6%96%B0%E6%B8%AF%E8%97%9D%E8%A1%93%E9%AB%98%E4%B8%AD+616009+%E5%98%89%E7%BE%A9%E7%B8%A3%E6%96%B0%E6%B8%AF%E9%84%89%E5%AE%AE%E5%BE%8C%E6%9D%91%E8%97%9D%E9%AB%98%E8%B7%AF1%E8%99%9F; https://www.sgash.cyc.edu.tw/,https://www.sgash.cyc.edu.tw/ischool/widget/main_menu/show.php?cid=1416,https://www.sgash.cyc.edu.tw/ischool/public/resource_view/openfid.php?id=2803,https://www.google.com/maps/search/?api=1&query=%E5%9C%8B%E7%AB%8B%E6%96%B0%E6%B8%AF%E8%97%9D%E8%A1%93%E9%AB%98%E4%B8%AD+616009+%E5%98%89%E7%BE%A9%E7%B8%A3%E6%96%B0%E6%B8%AF%E9%84%89%E5%AE%AE%E5%BE%8C%E6%9D%91%E8%97%9D%E9%AB%98%E8%B7%AF1%E8%99%9F,https://www.sgash.cyc.edu.tw/,https://www.sgash.cyc.edu.tw/home?cid=1282,https://www.sgash.cyc.edu.tw/home?cid=1282
嘉義區,,100303,國立嘉科實驗高中,公立,嘉義區學校名錄,高中,男女校,嘉義市,西區,600023 嘉義市西區新民路580號,https://www.nehs.cyc.edu.tw/,(05)2868899,普通科:75；機械科:21,96,96,115學年度嘉義區免試入學招生名額（使用者提供 PDF；本區日間部一般生名額）；原檔科系欄含「機械科」，與現行官網高中部普通型課程資訊不一致，本次未據此判定學制。,園區實驗高中，強調科技、雙語／國際化、跨域探究與永續教育；115學年度已有高中部選課輔導手冊。,,園區實驗高中，強調科技、雙語／國際化、跨域探究與永續教育；115學年度已有高中部選課輔導手冊。,不設技職類固定實習；以科技、跨域探究、雙語／國際課程與自主學習成果為主。網站未標示115學年度全校統一專題題目。,高中部115學年度招生與報到使用嘉義市西區新民路580號新民校區；官網未標示115-1固定學生專車完整路線。,固定通勤班次與站點網站未標示；Google地圖欄以高中部新民校區建立查詢。,學校官網未標示115學年度高中部校內學生宿舍申請資訊。,https://www.google.com/maps/search/?api=1&query=%E5%9C%8B%E7%AB%8B%E5%98%89%E7%A7%91%E5%AF%A6%E9%A9%97%E9%AB%98%E4%B8%AD+600023+%E5%98%89%E7%BE%A9%E5%B8%82%E8%A5%BF%E5%8D%80%E6%96%B0%E6%B0%91%E8%B7%AF580%E8%99%9F; https://www.nehs.cyc.edu.tw/,https://chiayi.ugm.one/modules/nnkieh_enroll/index.php?sn=9,https://www.nehs.cyc.edu.tw/,https://www.google.com/maps/search/?api=1&query=%E5%9C%8B%E7%AB%8B%E5%98%89%E7%A7%91%E5%AF%A6%E9%A9%97%E9%AB%98%E4%B8%AD+600023+%E5%98%89%E7%BE%A9%E5%B8%82%E8%A5%BF%E5%8D%80%E6%96%B0%E6%B0%91%E8%B7%AF580%E8%99%9F,https://www.nehs.cyc.edu.tw/,https://sites.google.com/nehs.cyc.edu.tw/nehscycnewcourse/%E8%AA%B2%E7%A8%8B%E8%AB%AE%E8%A9%A2,https://sites.google.com/nehs.cyc.edu.tw/nehscycnewcourse/%E8%AA%B2%E7%A8%8B%E8%AB%AE%E8%A9%A2
嘉義區,,100402,國立民雄農工,公立,嘉義區學校名錄,高職,男女校,嘉義縣,民雄鄉,621013 嘉義縣民雄鄉文隆村81號,https://www.mhvs.cyc.edu.tw/,(05)2267120,汽車科:21；電機科:21；園藝科:10；食品加工科:21,73,73,115學年度嘉義區免試入學招生名額（使用者提供 PDF；本區日間部一般生名額）,汽車、電機、園藝、食品加工等專業科；115學年度持續辦理專題實作、技能競賽與專業實習。,,汽車、電機、園藝、食品加工等專業科；115學年度持續辦理專題實作、技能競賽與專業實習。,各專業科依課程辦理實習、技能訓練、專題實作與創意競賽；115年官網仍有全國專題實作與創意競賽指導成果。,115學年度校方已開放學生專車申請並公布各站搭車位置參考；開學後會依實際搭車人數調整車次。,校方要求依公告路線提前5分鐘候車；115專車招標／路線仍可能依實際搭乘人數調整，以生輔組最新公告為準。,學校官網未標示115學年度校內學生宿舍申請資訊。,https://www.google.com/maps/search/?api=1&query=%E5%9C%8B%E7%AB%8B%E6%B0%91%E9%9B%84%E8%BE%B2%E5%B7%A5+621013+%E5%98%89%E7%BE%A9%E7%B8%A3%E6%B0%91%E9%9B%84%E9%84%89%E6%96%87%E9%9A%86%E6%9D%9181%E8%99%9F; https://www.mhvs.cyc.edu.tw/,https://www.mhvs.cyc.edu.tw/modules/tadnews/page.php?ncsn=392&nsn=8370,https://www.mhvs.cyc.edu.tw/,https://www.google.com/maps/search/?api=1&query=%E5%9C%8B%E7%AB%8B%E6%B0%91%E9%9B%84%E8%BE%B2%E5%B7%A5+621013+%E5%98%89%E7%BE%A9%E7%B8%A3%E6%B0%91%E9%9B%84%E9%84%89%E6%96%87%E9%9A%86%E6%9D%9181%E8%99%9F,https://www.mhvs.cyc.edu.tw/,https://www.mhvs.cyc.edu.tw/,https://www.mhvs.cyc.edu.tw/
嘉義區,,101303,私立同濟高中,私立,嘉義區學校名錄,高中,男女校,嘉義縣,大林鎮,嘉義縣大林鎮中興路二段303號,http://www.tjsh.cyc.edu.tw/,(05)2652248,普通科(日)；普通科(夜),,,115學年度嘉義區免試入學招生名額（使用者提供 PDF；本區日間部一般生名額）；簡章本區日間部招生名額表未列此校，未填入推測名額；該校已停辦，115學年度招生、課程、交通與住宿資料不適用。,學校已於2025年停辦；115學年度無現行招生、課程或校務服務。,,學校已於2025年停辦；115學年度無現行招生、課程或校務服務。,學校已停辦，115學年度不適用實習／專題課程。,學校已停辦，115學年度無現行到校交通服務。,115學年度不適用學生通勤資訊。,學校已停辦，115學年度不適用住宿申請。,https://www.google.com/maps/search/?api=1&query=%E7%A7%81%E7%AB%8B%E5%90%8C%E6%BF%9F%E9%AB%98%E4%B8%AD+%E5%98%89%E7%BE%A9%E7%B8%A3%E5%A4%A7%E6%9E%97%E9%8E%AE%E4%B8%AD%E8%88%88%E8%B7%AF%E4%BA%8C%E6%AE%B5303%E8%99%9F; http://www.tjsh.cyc.edu.tw/,https://schbase.cyc.edu.tw/schbase/pub/sch_dsp.php?sch_id=101303,https://schbase.cyc.edu.tw/schbase/pub/sch_dsp.php?sch_id=101303,https://www.google.com/maps/search/?api=1&query=%E7%A7%81%E7%AB%8B%E5%90%8C%E6%BF%9F%E9%AB%98%E4%B8%AD+%E5%98%89%E7%BE%A9%E7%B8%A3%E5%A4%A7%E6%9E%97%E9%8E%AE%E4%B8%AD%E8%88%88%E8%B7%AF%E4%BA%8C%E6%AE%B5303%E8%99%9F,http://www.tjsh.cyc.edu.tw/,https://schbase.cyc.edu.tw/schbase/pub/sch_dsp.php?sch_id=101303,https://schbase.cyc.edu.tw/schbase/pub/sch_dsp.php?sch_id=101303
嘉義區,,101304,私立協同高中,私立,嘉義區學校名錄,高中,男女校,嘉義縣,民雄鄉,嘉義縣民雄鄉建國路二段31號,https://www.cmsh.cyc.edu.tw/,(05)2213045,普通科:104,104,104,115學年度嘉義區免試入學招生名額（使用者提供 PDF；本區日間部一般生名額）,普通型高中及完全中學體系；115學年度課程依校方與嘉義縣課程平台公開計畫辦理。,,普通型高中及完全中學體系；115學年度課程依校方與嘉義縣課程平台公開計畫辦理。,不設技職類固定實習；以探究實作、自主學習與高中課程成果為主。網站未標示115學年度全校統一專題題目。,學校官網／115學年度公開資料未標示完整固定學生專車或大眾運輸到校路線。,網站未標示固定通勤站點與時間；Google地圖欄已依官方校址建立查詢入口。,學校官網未標示115學年度校內學生宿舍申請資訊。,https://www.google.com/maps/search/?api=1&query=%E7%A7%81%E7%AB%8B%E5%8D%94%E5%90%8C%E9%AB%98%E4%B8%AD+%E5%98%89%E7%BE%A9%E7%B8%A3%E6%B0%91%E9%9B%84%E9%84%89%E5%BB%BA%E5%9C%8B%E8%B7%AF%E4%BA%8C%E6%AE%B531%E8%99%9F; https://www.cmsh.cyc.edu.tw/,https://www.cmsh.cyc.edu.tw/,https://www.cmsh.cyc.edu.tw/,https://www.google.com/maps/search/?api=1&query=%E7%A7%81%E7%AB%8B%E5%8D%94%E5%90%8C%E9%AB%98%E4%B8%AD+%E5%98%89%E7%BE%A9%E7%B8%A3%E6%B0%91%E9%9B%84%E9%84%89%E5%BB%BA%E5%9C%8B%E8%B7%AF%E4%BA%8C%E6%AE%B531%E8%99%9F,https://www.cmsh.cyc.edu.tw/,https://course.cyc.edu.tw/course/pub/cou_dsp.php?sch_id=101304,https://course.cyc.edu.tw/course/pub/cou_dsp.php?sch_id=101304
嘉義區,,101406,私立萬能工商,私立,嘉義區學校名錄,高職,男女校,嘉義縣,水上鄉,608 嘉義縣水上鄉萬能路1號,https://www.wnvs.cyc.edu.tw/zh-hant/,(05)2687777,資訊科(日)；餐飲管理科(日)；烘焙科(日)；汽車修護科(日)；水電技術科(日)；餐飲技術科(日)；多媒體技術科(日),,,115學年度嘉義區免試入學招生名額（使用者提供 PDF；本區日間部一般生名額）；簡章本區日間部招生名額表未列此校，未填入推測名額,資訊、餐飲／烘焙、汽修、水電、多媒體等技職方向；重視實作、證照、專題與建教合作，另有僑生專班。,,資訊、餐飲／烘焙、汽修、水電、多媒體等技職方向；重視實作、證照、專題與建教合作，另有僑生專班。,資訊科等專業科明列硬體、程式、網頁、APP、網路、AI與專題製作；其他科別亦以實作、證照、競賽及建教合作為主。,官網有住宿、交通與生活支援說明，但未公開115學年度一般生固定學生專車完整站點表。,一般生固定通勤班次與時間網站未標示；實際交通安排應依校方正式通知。,官網國際處提供境外學生住宿與生活支援說明；一般生115學年度校內住宿申請資格與床位網站未標示。,https://www.google.com/maps/search/?api=1&query=%E7%A7%81%E7%AB%8B%E8%90%AC%E8%83%BD%E5%B7%A5%E5%95%86+608+%E5%98%89%E7%BE%A9%E7%B8%A3%E6%B0%B4%E4%B8%8A%E9%84%89%E8%90%AC%E8%83%BD%E8%B7%AF1%E8%99%9F; https://www.wnvs.cyc.edu.tw/zh-hant/,https://www.wnvs.cyc.edu.tw/zh-hant/departments/international/,https://www.wnvs.cyc.edu.tw/zh-hant/departments/international/,https://www.google.com/maps/search/?api=1&query=%E7%A7%81%E7%AB%8B%E8%90%AC%E8%83%BD%E5%B7%A5%E5%95%86+608+%E5%98%89%E7%BE%A9%E7%B8%A3%E6%B0%B4%E4%B8%8A%E9%84%89%E8%90%AC%E8%83%BD%E8%B7%AF1%E8%99%9F,https://www.wnvs.cyc.edu.tw/zh-hant/,https://www.wnvs.cyc.edu.tw/zh-hant/,https://www.wnvs.cyc.edu.tw/zh-hant/
嘉義區,,104319,嘉義縣立竹崎高中,公立,嘉義區學校名錄,高中,男女校,嘉義縣,竹崎鄉,604008 嘉義縣竹崎鄉文化路23號,https://www.ccjh.cyc.edu.tw/,(05)2611006,普通科:50,50,50,115學年度嘉義區免試入學招生名額（使用者提供 PDF；本區日間部一般生名額）,普通型高中；高中招生網設特色班級、學生通學與住宿專區，並持續辦理科展、國樂／樂旗等多元學習。,,普通型高中；高中招生網設特色班級、學生通學與住宿專區，並持續辦理科展、國樂／樂旗等多元學習。,不設技職類固定實習；以探究、自主學習、科展、藝文及課程成果為主。網站未標示115學年度全校統一專題題目。,115學年度學生交通車已開放登記；校方通學專區说明学生交通车共9条，另可搭嘉义县公车梅山经竹崎、松脚、溪心寮等路线到校。,高中生交通車依115學年度登記與編排搭乘；公車班次依嘉義縣公車當日營運資訊。,校方設學生宿舍，新宿舍113學年度啟用；高中招生網明列宿舍生活資訊，實際115學年度床位依校方安排。,https://www.google.com/maps/search/?api=1&query=%E5%98%89%E7%BE%A9%E7%B8%A3%E7%AB%8B%E7%AB%B9%E5%B4%8E%E9%AB%98%E4%B8%AD+604008+%E5%98%89%E7%BE%A9%E7%B8%A3%E7%AB%B9%E5%B4%8E%E9%84%89%E6%96%87%E5%8C%96%E8%B7%AF23%E8%99%9F; https://www.ccjh.cyc.edu.tw/,https://sites.google.com/ccjh.cyc.edu.tw/bus/home,https://sites.google.com/ccjh.cyc.edu.tw/high/%E5%AE%BF%E8%88%8D%E7%94%9F%E6%B4%BB%E8%B3%87%E8%A8%8A,https://www.google.com/maps/search/?api=1&query=%E5%98%89%E7%BE%A9%E7%B8%A3%E7%AB%8B%E7%AB%B9%E5%B4%8E%E9%AB%98%E4%B8%AD+604008+%E5%98%89%E7%BE%A9%E7%B8%A3%E7%AB%B9%E5%B4%8E%E9%84%89%E6%96%87%E5%8C%96%E8%B7%AF23%E8%99%9F,https://www.ccjh.cyc.edu.tw/,https://www.ccjh.cyc.edu.tw/p/406-1000-466%2Cr21.php,https://www.ccjh.cyc.edu.tw/p/406-1000-466%2Cr21.php
嘉義區,,104326,嘉義縣立永慶高中,公立,嘉義區學校名錄,高中,男女校,嘉義縣,太保市,61248 嘉義縣太保市信義二路1號,https://www.ycsh.cyc.edu.tw/,(05)3627226,普通科:56,56,56,115學年度嘉義區免試入學招生名額（使用者提供 PDF；本區日間部一般生名額）,普通型高中；115課程包含AI特色科技班、學術資優班、體育班及校本課程，並推動雙語與國際教育。,,普通型高中；115課程包含AI特色科技班、學術資優班、體育班及校本課程，並推動雙語與國際教育。,不設技職類固定實習；AI特色科技班含程式設計、人工智慧概論與人工智慧專題，資優課程另含多類專題研究。,高鐵嘉義站可搭BRT至嘉義縣政府站後步行；嘉義火車站可至轉運站搭往朴子、布袋方向客運於縣政府站下車後步行。,校方交通指南列BRT約30分鐘一班、嘉義轉運站往朴子／布袋方向約20–30分鐘一班；實際班次以營運單位為準。,校園規劃明列學生宿舍，並有宿舍管理員負責住宿事務；115學年度實際床位與申請依校方公告。,https://www.google.com/maps/search/?api=1&query=%E5%98%89%E7%BE%A9%E7%B8%A3%E7%AB%8B%E6%B0%B8%E6%85%B6%E9%AB%98%E4%B8%AD+61248+%E5%98%89%E7%BE%A9%E7%B8%A3%E5%A4%AA%E4%BF%9D%E5%B8%82%E4%BF%A1%E7%BE%A9%E4%BA%8C%E8%B7%AF1%E8%99%9F; https://www.ycsh.cyc.edu.tw/,https://www.ycsh.cyc.edu.tw/modules/tadnews/page.php?nsn=103,https://www.ycsh.cyc.edu.tw/modules/tadnews/index.php?nsn=205,https://www.google.com/maps/search/?api=1&query=%E5%98%89%E7%BE%A9%E7%B8%A3%E7%AB%8B%E6%B0%B8%E6%85%B6%E9%AB%98%E4%B8%AD+61248+%E5%98%89%E7%BE%A9%E7%B8%A3%E5%A4%AA%E4%BF%9D%E5%B8%82%E4%BF%A1%E7%BE%A9%E4%BA%8C%E8%B7%AF1%E8%99%9F,https://www.ycsh.cyc.edu.tw/,https://www.ycsh.cyc.edu.tw/modules/tadnews/page.php?nsn=977,https://www.ycsh.cyc.edu.tw/modules/tadnews/page.php?nsn=977
嘉義區,,200302,國立嘉義女中,公立,嘉義區學校名錄,高中,女校,嘉義市,西區,嘉義市西區垂楊路243號,https://www.cygsh.cy.edu.tw/,(05)2254603,普通科(男):16；普通科(女):454,470,470,115學年度嘉義區免試入學招生名額（使用者提供 PDF；本區日間部一般生名額）；原檔科系/性別招生欄含異常項目，本次學制與男女校依學校現行官網判定。,115學年度設人文社會科學資優班、數理資優班、AI電資實驗班、醫藥科技實驗班。,,115學年度設人文社會科學資優班、數理資優班、AI電資實驗班、醫藥科技實驗班。,不設技職類固定實習；以探究與實作、自主學習、AI電資／醫藥科技實驗及資優研究成果為主。,校方設「交通及位置」頁並整理公車與客運資訊；學校位於嘉義市西區垂楊路243號。,固定通勤時間依實際公車／客運班次；網站未標示115學年度固定學生專車。,學校官網未標示115學年度校內學生宿舍申請資訊。,https://www.google.com/maps/search/?api=1&query=%E5%9C%8B%E7%AB%8B%E5%98%89%E7%BE%A9%E5%A5%B3%E4%B8%AD+%E5%98%89%E7%BE%A9%E5%B8%82%E8%A5%BF%E5%8D%80%E5%9E%82%E6%A5%8A%E8%B7%AF243%E8%99%9F; https://www.cygsh.cy.edu.tw/,https://www.cygsh.cy.edu.tw/p/412-1013-1724.php,https://www.cygsh.cy.edu.tw/,https://www.google.com/maps/search/?api=1&query=%E5%9C%8B%E7%AB%8B%E5%98%89%E7%BE%A9%E5%A5%B3%E4%B8%AD+%E5%98%89%E7%BE%A9%E5%B8%82%E8%A5%BF%E5%8D%80%E5%9E%82%E6%A5%8A%E8%B7%AF243%E8%99%9F,https://www.cygsh.cy.edu.tw/,https://www.cygsh.cy.edu.tw/,https://www.cygsh.cy.edu.tw/
嘉義區,,200303,國立嘉義高中,公立,嘉義區學校名錄,高中,男校,嘉義市,東區,600044 嘉義市東區大雅路二段738號,https://www.cysh.cy.edu.tw/,(05)2762804,普通科(男):516；普通科(女):15；普通科:128；商業經營科:30；國際貿易科:30；資料處理科:30,749,749,115學年度嘉義區免試入學招生名額（使用者提供 PDF；本區日間部一般生名額）；原檔科系欄混入職業類科資訊，本次學制依嘉義高中現行普通型高中與特色班資訊判定。,普通型高中；115學年度設科學班、數理／語文資優、雙語實驗、半導體實驗及藝才等特色課程。,,普通型高中；115學年度設科學班、數理／語文資優、雙語實驗、半導體實驗及藝才等特色課程。,不設技職類固定實習；以科學班實驗研究、探究實作、專題／自主學習及科展成果為主。,115學年度新生專區已提供通學公車與客運路線指南；校方另有正式交通位置圖與自駕路線。,公共運輸請依115新生通學公車／客運指南；固定通勤時間依實際出發地與班次。,校方設「陽明學苑」學生住宿制度；115學年度新生專區已公告高一新生住宿相關資訊。,https://www.google.com/maps/search/?api=1&query=%E5%9C%8B%E7%AB%8B%E5%98%89%E7%BE%A9%E9%AB%98%E4%B8%AD+600044+%E5%98%89%E7%BE%A9%E5%B8%82%E6%9D%B1%E5%8D%80%E5%A4%A7%E9%9B%85%E8%B7%AF%E4%BA%8C%E6%AE%B5738%E8%99%9F; https://www.cysh.cy.edu.tw/,https://www.cysh.cy.edu.tw/p/403-1008-168-1.php?Lang=zh-tw,https://www.cysh.cy.edu.tw/p/403-1008-168-1.php?Lang=zh-tw,https://www.google.com/maps/search/?api=1&query=%E5%9C%8B%E7%AB%8B%E5%98%89%E7%BE%A9%E9%AB%98%E4%B8%AD+600044+%E5%98%89%E7%BE%A9%E5%B8%82%E6%9D%B1%E5%8D%80%E5%A4%A7%E9%9B%85%E8%B7%AF%E4%BA%8C%E6%AE%B5738%E8%99%9F,https://www.cysh.cy.edu.tw/,https://www.cysh.cy.edu.tw/p/412-1008-1056.php,https://www.cysh.cy.edu.tw/p/412-1008-1056.php
嘉義區,,200401,國立華南高商,公立,嘉義區學校名錄,綜高,男女校,嘉義市,東區,600012 嘉義市東區光彩街69號,https://www.hnvs.cy.edu.tw/,(05)2787140,電子商務科:30；航運管理科:30；應用英語科:30；應用日語科:30；美工科:30；廣告設計科:30；觀光事業科:30,210,210,115學年度嘉義區免試入學招生名額（使用者提供 PDF；本區日間部一般生名額）,普通科與電子商務、航運管理、應用英語／日語、美工、廣告設計、觀光等專業方向並行。,,普通科與電子商務、航運管理、應用英語／日語、美工、廣告設計、觀光等專業方向並行。,商管、外語、設計、觀光等專業方向依課程辦理實習實作、專題與技能訓練；實際題目依各科115學年度課程計畫。,學校官網未標示115學年度固定學生專車完整路線；校址位於嘉義市東區光彩街69號。,固定通勤站點與時間網站未標示；Google地圖欄已依官方校址建立查詢入口。,學校官網未標示115學年度校內學生宿舍申請資訊。,https://www.google.com/maps/search/?api=1&query=%E5%9C%8B%E7%AB%8B%E8%8F%AF%E5%8D%97%E9%AB%98%E5%95%86+600012+%E5%98%89%E7%BE%A9%E5%B8%82%E6%9D%B1%E5%8D%80%E5%85%89%E5%BD%A9%E8%A1%9769%E8%99%9F; https://www.hnvs.cy.edu.tw/,https://www.hnvs.cy.edu.tw/,https://www.hnvs.cy.edu.tw/,https://www.google.com/maps/search/?api=1&query=%E5%9C%8B%E7%AB%8B%E8%8F%AF%E5%8D%97%E9%AB%98%E5%95%86+600012+%E5%98%89%E7%BE%A9%E5%B8%82%E6%9D%B1%E5%8D%80%E5%85%89%E5%BD%A9%E8%A1%9769%E8%99%9F,https://www.hnvs.cy.edu.tw/,https://www.hnvs.cy.edu.tw/sub/content/index.asp?Parser=1%2C6%2C317%2C217%2C313,https://www.hnvs.cy.edu.tw/sub/content/index.asp?Parser=1%2C6%2C317%2C217%2C313
嘉義區,,200405,國立嘉義高工,公立,嘉義區學校名錄,綜高,男女校,嘉義市,東區,嘉義市東區彌陀路174號,https://www.cyivs.cy.edu.tw/,(05)2763060,綜合高中:95；機械科:59；製圖科:29；汽車科:43；電子科:59；電機科:59；電機空調科:29；化工科:59；建築科:29；普通科:128,589,589,115學年度嘉義區免試入學招生名額（使用者提供 PDF；本區日間部一般生名額）,綜合高中、普通科與機械、製圖、汽車、電子、電機、空調、化工、建築等工業群科並行。,,綜合高中、普通科與機械、製圖、汽車、電子、電機、空調、化工、建築等工業群科並行。,工業群科依課程辦理機械加工、製圖、汽車、電機電子、化工、建築等專業實習及專題實作；普通／綜高另有自主學習。,115學年度高一新生訓練校方有專車搭乘公告；正式學期固定大眾運輸／學生專車完整站點表網站未標示。,新生訓練專車屬活動交通；日常通勤班次應依校方後續公告與即時大眾運輸。,校方115-1已公布高一新生及高二高三學生宿舍申請、住宿須知與核准住宿名單。,https://www.google.com/maps/search/?api=1&query=%E5%9C%8B%E7%AB%8B%E5%98%89%E7%BE%A9%E9%AB%98%E5%B7%A5+%E5%98%89%E7%BE%A9%E5%B8%82%E6%9D%B1%E5%8D%80%E5%BD%8C%E9%99%80%E8%B7%AF174%E8%99%9F; https://www.cyivs.cy.edu.tw/,https://www.cyivs.cy.edu.tw/,https://www.cyivs.cy.edu.tw/student-affairs/22819/115%E5%AD%B8%E5%B9%B4%E5%BA%A6%E7%AC%AC1%E5%AD%B8%E6%9C%9F%E5%AD%B8%E7%94%9F%E5%AE%BF%E8%88%8D%E3%80%90%E4%BD%8F%E5%AE%BF%E7%94%B3%E8%AB%8B%E6%9B%B8%E6%9A%A8%E5%AE%B6%E9%95%B7%E8%81%AF%E7%B9%AB/,https://www.google.com/maps/search/?api=1&query=%E5%9C%8B%E7%AB%8B%E5%98%89%E7%BE%A9%E9%AB%98%E5%B7%A5+%E5%98%89%E7%BE%A9%E5%B8%82%E6%9D%B1%E5%8D%80%E5%BD%8C%E9%99%80%E8%B7%AF174%E8%99%9F,https://www.cyivs.cy.edu.tw/,https://www.cyivs.cy.edu.tw/,https://www.cyivs.cy.edu.tw/
嘉義區,,200406,國立嘉義高商,公立,嘉義區學校名錄,綜高,男女校,嘉義市,東區,600 嘉義市東區中山路7號,https://www.cyvs.cy.edu.tw/,(05)2782421,商業經營科:60；國際貿易科:90；資料處理科:60；應用英語科:25；廣告設計科:60,295,295,115學年度嘉義區免試入學招生名額（使用者提供 PDF；本區日間部一般生名額）,普通型與技術型課程並行；商業經營、國際貿易、資料處理、應用英語、廣告設計等商管與外語設計方向。,,普通型與技術型課程並行；商業經營、國際貿易、資料處理、應用英語、廣告設計等商管與外語設計方向。,商管、外語與設計群科依115學年度技術型課程辦理專業實習、專題與技能訓練；普通型課程以探究與自主學習為主。,由嘉義火車站可搭中山幹線（綠線）至「嘉義高商（嘉義公園）」站；高鐵嘉義站可搭7211 BRT至嘉義公園站。,公共運輸以中山幹線與高鐵BRT為校方明列方式；實際班次依嘉義市公車／BRT即時資訊。,校方新生資訊明確說明本校無學生宿舍；遠道學生如有租屋需求可洽教官室。,https://www.google.com/maps/search/?api=1&query=%E5%9C%8B%E7%AB%8B%E5%98%89%E7%BE%A9%E9%AB%98%E5%95%86+600+%E5%98%89%E7%BE%A9%E5%B8%82%E6%9D%B1%E5%8D%80%E4%B8%AD%E5%B1%B1%E8%B7%AF7%E8%99%9F; https://www.cyvs.cy.edu.tw/,https://www.cyvs.cy.edu.tw/home?cid=657,https://www.cyvs.cy.edu.tw/home?cid=4876,https://www.google.com/maps/search/?api=1&query=%E5%9C%8B%E7%AB%8B%E5%98%89%E7%BE%A9%E9%AB%98%E5%95%86+600+%E5%98%89%E7%BE%A9%E5%B8%82%E6%9D%B1%E5%8D%80%E4%B8%AD%E5%B1%B1%E8%B7%AF7%E8%99%9F,https://www.cyvs.cy.edu.tw/,https://www.cyvs.cy.edu.tw/ischool/publish_page/194/?cid=4623,https://www.cyvs.cy.edu.tw/ischool/publish_page/194/?cid=4623
嘉義區,,200407,國立嘉義家職,公立,嘉義區學校名錄,高職,男女校,嘉義市,東區,600035 嘉義市東區體育路7號,https://www.cyhvs.cy.edu.tw/,(05)2259640,食品科:60；幼兒保育科:40；流行服飾科:12；時尚造型科:44；餐飲管理科:60,216,216,115學年度嘉義區免試入學招生名額（使用者提供 PDF；本區日間部一般生名額）,食品、幼兒保育、流行服飾、時尚造型、餐飲管理等家政與餐旅專業群科。,,食品、幼兒保育、流行服飾、時尚造型、餐飲管理等家政與餐旅專業群科。,食品、幼保、服飾、時尚造型與餐飲等科依課程辦理專業實習、技能訓練、作品製作與專題；實際內容依各科公告。,高鐵嘉義站可搭BRT至民族國小停車場站後步行約10分鐘；嘉義火車站至校車程約14分鐘，官網另列國道自駕路線。,高鐵BRT與臺鐵嘉義站為主要公共運輸節點；步行與車程依校方交通位置頁。,學校官網未標示115學年度校內學生宿舍申請資訊；官網另提供教育部賃居服務網連結。,https://www.google.com/maps/search/?api=1&query=%E5%9C%8B%E7%AB%8B%E5%98%89%E7%BE%A9%E5%AE%B6%E8%81%B7+600035+%E5%98%89%E7%BE%A9%E5%B8%82%E6%9D%B1%E5%8D%80%E9%AB%94%E8%82%B2%E8%B7%AF7%E8%99%9F; https://www.cyhvs.cy.edu.tw/,https://www.cyhvs.cy.edu.tw/home?cid=2151,https://www.cyhvs.cy.edu.tw/home?cid=2231,https://www.google.com/maps/search/?api=1&query=%E5%9C%8B%E7%AB%8B%E5%98%89%E7%BE%A9%E5%AE%B6%E8%81%B7+600035+%E5%98%89%E7%BE%A9%E5%B8%82%E6%9D%B1%E5%8D%80%E9%AB%94%E8%82%B2%E8%B7%AF7%E8%99%9F,https://www.cyhvs.cy.edu.tw/,https://www.cyhvs.cy.edu.tw/,https://www.cyhvs.cy.edu.tw/
嘉義區,,201304,私立興華高中,私立,嘉義區學校名錄,綜高,男女校,嘉義市,東區,嘉義市東區林森東路239號,https://www.hhsh.cy.edu.tw/,(05)2764317,普通科:55；資料處理科:21,76,76,115學年度嘉義區免試入學招生名額（使用者提供 PDF；本區日間部一般生名額）,普通高中與資料處理等技術型課程並行；官網設普通高中課程與群科課程規劃。,,普通高中與資料處理等技術型課程並行；官網設普通高中課程與群科課程規劃。,資料處理等群科依技術型課程辦理實習實作；普通科以探究、自主學習與學習成果為主。網站未標示115學年度全校統一專題題目。,校方曾公告114-2平日、夜自修與周六校車時刻；115學年度完整校車路線網站目前未標示。,115學年度固定站點與時間應以校方最新校車公告為準，不直接沿用114學年度時刻。,學校官網未標示115學年度校內學生宿舍申請資訊。,https://www.google.com/maps/search/?api=1&query=%E7%A7%81%E7%AB%8B%E8%88%88%E8%8F%AF%E9%AB%98%E4%B8%AD+%E5%98%89%E7%BE%A9%E5%B8%82%E6%9D%B1%E5%8D%80%E6%9E%97%E6%A3%AE%E6%9D%B1%E8%B7%AF239%E8%99%9F; https://www.hhsh.cy.edu.tw/,https://www.hhsh.cy.edu.tw/,https://www.hhsh.cy.edu.tw/,https://www.google.com/maps/search/?api=1&query=%E7%A7%81%E7%AB%8B%E8%88%88%E8%8F%AF%E9%AB%98%E4%B8%AD+%E5%98%89%E7%BE%A9%E5%B8%82%E6%9D%B1%E5%8D%80%E6%9E%97%E6%A3%AE%E6%9D%B1%E8%B7%AF239%E8%99%9F,https://www.hhsh.cy.edu.tw/,https://www.hhsh.cy.edu.tw/,https://www.hhsh.cy.edu.tw/
嘉義區,,201310,私立嘉華高中,私立,嘉義區學校名錄,高中,男女校,嘉義市,東區,嘉義市東區民權東路45號,https://www.chsh.cy.edu.tw/,(05)2761716,普通科:44,44,44,115學年度嘉義區免試入學招生名額（使用者提供 PDF；本區日間部一般生名額）,普通型高中；115學年度有高中課程計畫、多元選修、自主學習，並持續辦理AI、STEAM與資訊科技活動。,,普通型高中；115學年度有高中課程計畫、多元選修、自主學習，並持續辦理AI、STEAM與資訊科技活動。,不設技職類固定實習；以多元選修、自主學習、AI／STEAM與資訊科技創作活動為主要實作形式。,校方115學年度首頁已公布「115校車路線」。,學生校車依115學年度校方路線表搭乘；固定站點與發車時間以校方最新公告為準。,官網提供賃居生服務網；115學年度校內學生宿舍申請資訊網站未標示。,https://www.google.com/maps/search/?api=1&query=%E7%A7%81%E7%AB%8B%E5%98%89%E8%8F%AF%E9%AB%98%E4%B8%AD+%E5%98%89%E7%BE%A9%E5%B8%82%E6%9D%B1%E5%8D%80%E6%B0%91%E6%AC%8A%E6%9D%B1%E8%B7%AF45%E8%99%9F; https://www.chsh.cy.edu.tw/,https://www.chsh.cy.edu.tw/,https://www.chsh.cy.edu.tw/,https://www.google.com/maps/search/?api=1&query=%E7%A7%81%E7%AB%8B%E5%98%89%E8%8F%AF%E9%AB%98%E4%B8%AD+%E5%98%89%E7%BE%A9%E5%B8%82%E6%9D%B1%E5%8D%80%E6%B0%91%E6%AC%8A%E6%9D%B1%E8%B7%AF45%E8%99%9F,https://www.chsh.cy.edu.tw/,https://www.chsh.cy.edu.tw/,https://www.chsh.cy.edu.tw/
嘉義區,,201312,私立輔仁高中,私立,嘉義區學校名錄,高中,男女校,嘉義市,東區,600 嘉義市東區吳鳳南路270號,https://rpage.fjsh.cy.edu.tw/,(05)2281001,普通科:121,121,121,115學年度嘉義區免試入學招生名額（使用者提供 PDF；本區日間部一般生名額）,普通型高中；115學年度持續辦理高中課業、選課與自主學習相關課程。,,普通型高中；115學年度持續辦理高中課業、選課與自主學習相關課程。,不設技職類固定實習；以探究實作、自主學習與高中課程成果為主。網站未標示115學年度全校統一專題題目。,校方已公布115學年度第1學期校車路線表，另有夜間培訓／自主學習校車路線。,學生依115-1校車路線與班次搭乘；夜間活動另依校方指定路線。,學校官網未標示115學年度校內學生宿舍申請資訊。,https://www.google.com/maps/search/?api=1&query=%E7%A7%81%E7%AB%8B%E8%BC%94%E4%BB%81%E9%AB%98%E4%B8%AD+600+%E5%98%89%E7%BE%A9%E5%B8%82%E6%9D%B1%E5%8D%80%E5%90%B3%E9%B3%B3%E5%8D%97%E8%B7%AF270%E8%99%9F; https://rpage.fjsh.cy.edu.tw/,https://rpage.fjsh.cy.edu.tw/p/403-1000-38-1.php?Lang=zh-tw,https://rpage.fjsh.cy.edu.tw/,https://www.google.com/maps/search/?api=1&query=%E7%A7%81%E7%AB%8B%E8%BC%94%E4%BB%81%E9%AB%98%E4%B8%AD+600+%E5%98%89%E7%BE%A9%E5%B8%82%E6%9D%B1%E5%8D%80%E5%90%B3%E9%B3%B3%E5%8D%97%E8%B7%AF270%E8%99%9F,https://rpage.fjsh.cy.edu.tw/,https://rpage.fjsh.cy.edu.tw/,https://rpage.fjsh.cy.edu.tw/
嘉義區,,201313,私立宏仁高中,私立,嘉義區學校名錄,高中,男女校,嘉義市,東區,嘉義市東區忠孝路667號,https://www.hjgs.cy.edu.tw/,(05)2322802,普通科:15,15,15,115學年度嘉義區免試入學招生名額（使用者提供 PDF；本區日間部一般生名額）,普通型高中；115學年度課程計畫已公告，另有AI樂高機器人、自然探究、雙語與生態綠生活等特色活動。,,普通型高中；115學年度課程計畫已公告，另有AI樂高機器人、自然探究、雙語與生態綠生活等特色活動。,不設技職類固定實習；以自然探究、AI樂高機器人、風力發電實驗、生態綠生活與自主學習成果為主。,臺鐵可至嘉北車站下車後往北步行約1公里；嘉義客運可於「宏仁女中」站下車。,鐵路通勤以嘉北站為主要節點，步行距離依校方交通位置頁；客運班次依營運單位。,學校官網未標示115學年度校內學生宿舍申請資訊。,https://www.google.com/maps/search/?api=1&query=%E7%A7%81%E7%AB%8B%E5%AE%8F%E4%BB%81%E9%AB%98%E4%B8%AD+%E5%98%89%E7%BE%A9%E5%B8%82%E6%9D%B1%E5%8D%80%E5%BF%A0%E5%AD%9D%E8%B7%AF667%E8%99%9F; https://www.hjgs.cy.edu.tw/,https://www.hjgs.cy.edu.tw/item.aspx?getId=FB4892DDAF736388&nID=6102839F3F21BC4B,https://www.hjgs.cy.edu.tw/,https://www.google.com/maps/search/?api=1&query=%E7%A7%81%E7%AB%8B%E5%AE%8F%E4%BB%81%E9%AB%98%E4%B8%AD+%E5%98%89%E7%BE%A9%E5%B8%82%E6%9D%B1%E5%8D%80%E5%BF%A0%E5%AD%9D%E8%B7%AF667%E8%99%9F,https://www.hjgs.cy.edu.tw/,https://www.hjgs.cy.edu.tw/index.aspx,https://www.hjgs.cy.edu.tw/index.aspx
嘉義區,,201314,私立立仁高中,私立,嘉義區學校名錄,綜高,男女校,嘉義市,東區,600 嘉義市東區立仁路235號,https://www.ligvs.cy.edu.tw/,(05)2226420,綜合高中:64；資訊科:24；資料處理科:24,112,112,115學年度嘉義區免試入學招生名額（使用者提供 PDF；本區日間部一般生名額）,綜合高中，課程規劃包含學術自然、學術社會、應用日語、資訊應用、商業服務、幼兒保育等學程。,,綜合高中，課程規劃包含學術自然、學術社會、應用日語、資訊應用、商業服務、幼兒保育等學程。,綜合高中依資訊應用、商業服務、幼保等專門學程安排實作與專題；學術學程以探究與自主學習為主。,學校官網未標示115學年度固定學生專車完整路線。,固定通勤站點與時間網站未標示；Google地圖欄已依官方校址建立查詢入口。,學校官網未標示115學年度校內學生宿舍申請資訊。,https://www.google.com/maps/search/?api=1&query=%E7%A7%81%E7%AB%8B%E7%AB%8B%E4%BB%81%E9%AB%98%E4%B8%AD+600+%E5%98%89%E7%BE%A9%E5%B8%82%E6%9D%B1%E5%8D%80%E7%AB%8B%E4%BB%81%E8%B7%AF235%E8%99%9F; https://www.ligvs.cy.edu.tw/,https://www.ligvs.cy.edu.tw/,https://www.ligvs.cy.edu.tw/,https://www.google.com/maps/search/?api=1&query=%E7%A7%81%E7%AB%8B%E7%AB%8B%E4%BB%81%E9%AB%98%E4%B8%AD+600+%E5%98%89%E7%BE%A9%E5%B8%82%E6%9D%B1%E5%8D%80%E7%AB%8B%E4%BB%81%E8%B7%AF235%E8%99%9F,https://www.ligvs.cy.edu.tw/,https://www.ligvs.cy.edu.tw/,https://www.ligvs.cy.edu.tw/
嘉義區,,201408,私立東吳工家,私立,嘉義區學校名錄,高職,男女校,嘉義市,東區,600 嘉義市東區宣信街252號,https://www.dwvs.cy.edu.tw/,(05)2246161,幼兒保育科:24；時尚造型科:19；觀光事業科:43；餐飲管理科:39；表演藝術科:24,149,149,115學年度嘉義區免試入學招生名額（使用者提供 PDF；本區日間部一般生名額）,餐飲、汽車、表演藝術、幼保、資訊、美容、資料處理、多媒體、觀光、時尚、烘焙、水電等技職課程，另有實用技能與建教班。,,餐飲、汽車、表演藝術、幼保、資訊、美容、資料處理、多媒體、觀光、時尚、烘焙、水電等技職課程，另有實用技能與建教班。,各專業科依課程辦理實習實作、技能檢定、作品製作與建教合作；115學年度亦有建教合作班招生。,學校官網未標示115學年度固定學生專車完整路線。,固定通勤站點與時間網站未標示；Google地圖欄已依官方校址建立查詢入口。,學校官網未標示115學年度一般生校內學生宿舍申請資訊。,https://www.google.com/maps/search/?api=1&query=%E7%A7%81%E7%AB%8B%E6%9D%B1%E5%90%B3%E5%B7%A5%E5%AE%B6+600+%E5%98%89%E7%BE%A9%E5%B8%82%E6%9D%B1%E5%8D%80%E5%AE%A3%E4%BF%A1%E8%A1%97252%E8%99%9F; https://www.dwvs.cy.edu.tw/,https://www.dwvs.cy.edu.tw/,https://www.dwvs.cy.edu.tw/,https://www.google.com/maps/search/?api=1&query=%E7%A7%81%E7%AB%8B%E6%9D%B1%E5%90%B3%E5%B7%A5%E5%AE%B6+600+%E5%98%89%E7%BE%A9%E5%B8%82%E6%9D%B1%E5%8D%80%E5%AE%A3%E4%BF%A1%E8%A1%97252%E8%99%9F,https://www.dwvs.cy.edu.tw/,https://www.dwvs.cy.edu.tw/,https://www.dwvs.cy.edu.tw/
臺南區,,100301,國立東石高級中學,公立,臺南區免試入學日間部,綜高,男女校,嘉義縣,朴子市,613013 嘉義縣朴子市大鄉里253號,https://www.tssh.cyc.edu.tw/,(05)3794180,普通科:5(不限)；食品加工科:3(不限)；機械科:4(不限)；汽車科:1(不限),13,13,115學年度臺南區免試入學招生名額（使用者提供 PDF；一般生名額與科別）,普通科與機械、汽車、電機、食品加工等專業群科並行；設自造實驗室，並有產攜／建教合作與技藝競賽成果。,,普通科與機械、汽車、電機、食品加工等專業群科並行；設自造實驗室，並有產攜／建教合作與技藝競賽成果。,專業群科依課程辦理機械、汽車、電機、食品等實習實作與技藝競賽；普通科以探究、自主學習與學習成果為主。網站未標示115學年度全校統一專題題目。,115學年度第1學期校方已公告學生專車搭乘時間與路線。,搭乘學生專車者依115-1校方公告之站點、時間與名冊辦理；網站未公開所有學生一致的固定通勤時間。,學校官網未標示115學年度校內學生宿舍申請資訊。,https://www.google.com/maps/search/?api=1&query=%E5%9C%8B%E7%AB%8B%E6%9D%B1%E7%9F%B3%E9%AB%98%E7%B4%9A%E4%B8%AD%E5%AD%B8+613013+%E5%98%89%E7%BE%A9%E7%B8%A3%E6%9C%B4%E5%AD%90%E5%B8%82%E5%A4%A7%E9%84%89%E9%87%8C253%E8%99%9F; https://www.tssh.cyc.edu.tw/,https://www.tssh.cyc.edu.tw/,https://www.tssh.cyc.edu.tw/,https://www.google.com/maps/search/?api=1&query=%E5%9C%8B%E7%AB%8B%E6%9D%B1%E7%9F%B3%E9%AB%98%E7%B4%9A%E4%B8%AD%E5%AD%B8+613013+%E5%98%89%E7%BE%A9%E7%B8%A3%E6%9C%B4%E5%AD%90%E5%B8%82%E5%A4%A7%E9%84%89%E9%87%8C253%E8%99%9F,https://www.tssh.cyc.edu.tw/,https://www.tssh.cyc.edu.tw/,https://www.tssh.cyc.edu.tw/
臺南區,,100B01,國立東石高級中學進修部,公立,臺南區免試入學進修部,進修部,男女校,嘉義縣,朴子市,613013 嘉義縣朴子市大鄉里253號,https://www.tssh.cyc.edu.tw/,(05)3794180,食品科(夜間班):4(不限),4,4,115學年度臺南區免試入學招生名額（使用者提供 PDF；一般生名額與科別）,進修部主要招生方向為食品科；實際課程與特色依115學年度進修部公告。,,進修部課程依115學年度進修部課程計畫辦理，招生方向包含食品科。,依進修部招生科別安排專業實作；網站未標示115學年度進修部全校統一專題題目，實際內容以進修部及各科公告為準。,進修部官網未標示115學年度夜間固定學生專車或完整大眾運輸銜接班次；本表不直接沿用日間部學生專車。,進修部夜間通勤站點、班次與末班車銜接資訊網站未標示。,進修部官網未標示進修部學生是否具校內宿舍申請資格；本表不直接套用日間部住宿規定。,https://www.google.com/maps/search/?api=1&query=%E5%9C%8B%E7%AB%8B%E6%9D%B1%E7%9F%B3%E9%AB%98%E7%B4%9A%E4%B8%AD%E5%AD%B8%E9%80%B2%E4%BF%AE%E9%83%A8+613013+%E5%98%89%E7%BE%A9%E7%B8%A3%E6%9C%B4%E5%AD%90%E5%B8%82%E5%A4%A7%E9%84%89%E9%87%8C253%E8%99%9F; https://www.tssh.cyc.edu.tw/,https://www.tssh.cyc.edu.tw/,https://www.tssh.cyc.edu.tw/,https://www.google.com/maps/search/?api=1&query=%E5%9C%8B%E7%AB%8B%E6%9D%B1%E7%9F%B3%E9%AB%98%E7%B4%9A%E4%B8%AD%E5%AD%B8%E9%80%B2%E4%BF%AE%E9%83%A8+613013+%E5%98%89%E7%BE%A9%E7%B8%A3%E6%9C%B4%E5%AD%90%E5%B8%82%E5%A4%A7%E9%84%89%E9%87%8C253%E8%99%9F,https://www.tssh.cyc.edu.tw/,https://www.tssh.cyc.edu.tw/,https://www.tssh.cyc.edu.tw/
臺南區,,110302,國立新豐高級中學,公立,臺南區免試入學日間部,綜高,男女校,臺南市,歸仁區,711 臺南市歸仁區中正北路一段148號,https://www.sfsh.tn.edu.tw/home,06-2304082,綜合高中:328(不限),328,328,115學年度臺南區免試入學招生名額（使用者提供 PDF；一般生名額與科別）,普通／綜合高中與專業方向並行，主要招生方向包含綜合高中；實際分流依115學年度校方公告。,,普通／學術課程與專業群科並行，招生方向包含綜合高中；實際分流與選修依115學年度課程計畫。,普通／學術方向以探究與自主學習為主，專業群科另安排實習實作與專題製作；實際內容依各科及115學年度課程計畫。,學校官網未標示115學年度完整固定大眾運輸到校路線或固定學生專車班次。,網站未標示所有學生一致的固定通勤時間；Google地圖欄已依官方校址建立查詢入口。,學校官網未標示115學年度校內學生宿舍申請資訊。,https://www.google.com/maps/search/?api=1&query=%E5%9C%8B%E7%AB%8B%E6%96%B0%E8%B1%90%E9%AB%98%E7%B4%9A%E4%B8%AD%E5%AD%B8+711+%E8%87%BA%E5%8D%97%E5%B8%82%E6%AD%B8%E4%BB%81%E5%8D%80%E4%B8%AD%E6%AD%A3%E5%8C%97%E8%B7%AF%E4%B8%80%E6%AE%B5148%E8%99%9F; https://www.sfsh.tn.edu.tw/home,https://www.sfsh.tn.edu.tw/home,https://www.sfsh.tn.edu.tw/home,https://www.google.com/maps/search/?api=1&query=%E5%9C%8B%E7%AB%8B%E6%96%B0%E8%B1%90%E9%AB%98%E7%B4%9A%E4%B8%AD%E5%AD%B8+711+%E8%87%BA%E5%8D%97%E5%B8%82%E6%AD%B8%E4%BB%81%E5%8D%80%E4%B8%AD%E6%AD%A3%E5%8C%97%E8%B7%AF%E4%B8%80%E6%AE%B5148%E8%99%9F,https://www.sfsh.tn.edu.tw/home,https://www.sfsh.tn.edu.tw/home,https://www.sfsh.tn.edu.tw/home
臺南區,,110308,國立臺南大學附屬高級中學,公立,臺南區免試入學日間部,綜高,男女校,臺南市,永康區,710 臺南市永康區中山南路948號,https://www.tntcsh.tn.edu.tw/,06-2338501,普通科:131(不限)；綜合高中:356(不限),487,487,115學年度臺南區免試入學招生名額（使用者提供 PDF；一般生名額與科別）,普通／綜合高中與專業方向並行，主要招生方向包含普通科、綜合高中；實際分流依115學年度校方公告。,,普通／學術課程與專業群科並行，招生方向包含普通科、綜合高中；實際分流與選修依115學年度課程計畫。,普通／學術方向以探究與自主學習為主，專業群科另安排實習實作與專題製作；實際內容依各科及115學年度課程計畫。,校方交通資訊列出臺南火車站可轉乘綠幹線、紅10至「臺南大學附中」站；學生專車另涵蓋安平、海尾、茄萣、土城、文化中心、關廟、歸仁等方向。,大眾運輸以臺南火車站轉綠幹線／紅10為主要校方明列方式；學生專車站點與時間依115學年度校方公告。,學校官網未標示115學年度校內學生宿舍申請資訊。,https://www.google.com/maps/search/?api=1&query=%E5%9C%8B%E7%AB%8B%E8%87%BA%E5%8D%97%E5%A4%A7%E5%AD%B8%E9%99%84%E5%B1%AC%E9%AB%98%E7%B4%9A%E4%B8%AD%E5%AD%B8+710+%E8%87%BA%E5%8D%97%E5%B8%82%E6%B0%B8%E5%BA%B7%E5%8D%80%E4%B8%AD%E5%B1%B1%E5%8D%97%E8%B7%AF948%E8%99%9F; https://www.tntcsh.tn.edu.tw/,https://www.tntcsh.tn.edu.tw/,https://www.tntcsh.tn.edu.tw/,https://www.google.com/maps/search/?api=1&query=%E5%9C%8B%E7%AB%8B%E8%87%BA%E5%8D%97%E5%A4%A7%E5%AD%B8%E9%99%84%E5%B1%AC%E9%AB%98%E7%B4%9A%E4%B8%AD%E5%AD%B8+710+%E8%87%BA%E5%8D%97%E5%B8%82%E6%B0%B8%E5%BA%B7%E5%8D%80%E4%B8%AD%E5%B1%B1%E5%8D%97%E8%B7%AF948%E8%99%9F,https://www.tntcsh.tn.edu.tw/,https://www.tntcsh.tn.edu.tw/,https://www.tntcsh.tn.edu.tw/
臺南區,,110311,國立北門高級中學,公立,臺南區免試入學日間部,高中,男女校,臺南市,佳里區,722 臺南市佳里區六安里269號,https://www.bmsh.tn.edu.tw/,06-7222150,普通科:297(不限),297,297,115學年度臺南區免試入學招生名額（使用者提供 PDF；一般生名額與科別）,普通型高中；特色班、實驗班與資優／藝才班依115學年度校方公告。,,普通型高中課程，以部定必修、加深加廣、多元選修、彈性學習與自主學習為主；校本與特色課程依115學年度課程計畫。,不設技職類固定實習；以探究與實作、自主學習及學習歷程成果為主。網站未標示115學年度全校統一專題題目。,學校官網未標示115學年度完整固定大眾運輸到校路線或固定學生專車班次。,網站未標示所有學生一致的固定通勤時間；Google地圖欄已依官方校址建立查詢入口。,學校官網未標示115學年度校內學生宿舍申請資訊。,https://www.google.com/maps/search/?api=1&query=%E5%9C%8B%E7%AB%8B%E5%8C%97%E9%96%80%E9%AB%98%E7%B4%9A%E4%B8%AD%E5%AD%B8+722+%E8%87%BA%E5%8D%97%E5%B8%82%E4%BD%B3%E9%87%8C%E5%8D%80%E5%85%AD%E5%AE%89%E9%87%8C269%E8%99%9F; https://www.bmsh.tn.edu.tw/,https://www.bmsh.tn.edu.tw/,https://www.bmsh.tn.edu.tw/,https://www.google.com/maps/search/?api=1&query=%E5%9C%8B%E7%AB%8B%E5%8C%97%E9%96%80%E9%AB%98%E7%B4%9A%E4%B8%AD%E5%AD%B8+722+%E8%87%BA%E5%8D%97%E5%B8%82%E4%BD%B3%E9%87%8C%E5%8D%80%E5%85%AD%E5%AE%89%E9%87%8C269%E8%99%9F,https://www.bmsh.tn.edu.tw/,https://www.bmsh.tn.edu.tw/,https://www.bmsh.tn.edu.tw/
臺南區,,110312,國立新營高級中學,公立,臺南區免試入學日間部,綜高,男女校,臺南市,新營區,730 臺南市新營區民權路101號,https://www.hysh.tn.edu.tw/home,06-6562274,普通科:155(不限)；商業經營科:63(不限)；資料處理科:31(不限)；電子商務科:31(不限)；應用英語科:32(不限),312,312,115學年度臺南區免試入學招生名額（使用者提供 PDF；一般生名額與科別）,普通／綜合高中與專業方向並行，主要招生方向包含普通科、商業經營科、資料處理科、電子商務科、應用英語科；實際分流依115學年度校方公告。,,普通／學術課程與專業群科並行，招生方向包含普通科、商業經營科、資料處理科、電子商務科、應用英語科；實際分流與選修依115學年度課程計畫。,普通／學術方向以探究與自主學習為主，專業群科另安排實習實作與專題製作；實際內容依各科及115學年度課程計畫。,學校官網未標示115學年度完整固定大眾運輸到校路線或固定學生專車班次。,網站未標示所有學生一致的固定通勤時間；Google地圖欄已依官方校址建立查詢入口。,學校官網未標示115學年度校內學生宿舍申請資訊。,https://www.google.com/maps/search/?api=1&query=%E5%9C%8B%E7%AB%8B%E6%96%B0%E7%87%9F%E9%AB%98%E7%B4%9A%E4%B8%AD%E5%AD%B8+730+%E8%87%BA%E5%8D%97%E5%B8%82%E6%96%B0%E7%87%9F%E5%8D%80%E6%B0%91%E6%AC%8A%E8%B7%AF101%E8%99%9F; https://www.hysh.tn.edu.tw/home,https://www.hysh.tn.edu.tw/home,https://www.hysh.tn.edu.tw/home,https://www.google.com/maps/search/?api=1&query=%E5%9C%8B%E7%AB%8B%E6%96%B0%E7%87%9F%E9%AB%98%E7%B4%9A%E4%B8%AD%E5%AD%B8+730+%E8%87%BA%E5%8D%97%E5%B8%82%E6%96%B0%E7%87%9F%E5%8D%80%E6%B0%91%E6%AC%8A%E8%B7%AF101%E8%99%9F,https://www.hysh.tn.edu.tw/home,https://www.hysh.tn.edu.tw/home,https://www.hysh.tn.edu.tw/home
臺南區,,110314,國立後壁高級中學,公立,臺南區免試入學日間部,綜高,男女校,臺南市,後壁區,731 臺南市後壁區嘉苳里下茄苳132號,https://www.hpsh.tn.edu.tw/home,06-6871031,普通科:42(不限)；資訊科:24(不限)；電機科:20(不限)；建築科:22(不限)；美工科:48(不限)；室內空間設計科:12(不限)；廣告設計科:18(不限)；多媒體設計科:9(不限),195,195,115學年度臺南區免試入學招生名額（使用者提供 PDF；一般生名額與科別）,普通科與資訊、電機、建築、美工、室內空間設計、廣告設計等專業方向並行；校方提供總體課程綱要及選課輔導手冊。,,普通科與資訊、電機、建築、美工、室內空間設計、廣告設計等專業方向並行；校方提供總體課程綱要及選課輔導手冊。,專業群科依課程辦理資訊、電機、建築、設計等實習實作與專題；普通科以探究、自主學習及學習成果為主。,校方官網明列提供免費學生專車，路線與站點依115學年度校方最新公告。,學生可依校方免費專車路線通勤；固定站點與發車時間以當學年度公告為準。,校方官網明列提供免費學生住宿；115學年度實際申請、床位及管理規定依校方最新公告。,https://www.google.com/maps/search/?api=1&query=%E5%9C%8B%E7%AB%8B%E5%BE%8C%E5%A3%81%E9%AB%98%E7%B4%9A%E4%B8%AD%E5%AD%B8+731+%E8%87%BA%E5%8D%97%E5%B8%82%E5%BE%8C%E5%A3%81%E5%8D%80%E5%98%89%E8%8B%B3%E9%87%8C%E4%B8%8B%E8%8C%84%E8%8B%B3132%E8%99%9F; https://www.hpsh.tn.edu.tw/home,https://www.hpsh.tn.edu.tw/home,https://www.hpsh.tn.edu.tw/home,https://www.google.com/maps/search/?api=1&query=%E5%9C%8B%E7%AB%8B%E5%BE%8C%E5%A3%81%E9%AB%98%E7%B4%9A%E4%B8%AD%E5%AD%B8+731+%E8%87%BA%E5%8D%97%E5%B8%82%E5%BE%8C%E5%A3%81%E5%8D%80%E5%98%89%E8%8B%B3%E9%87%8C%E4%B8%8B%E8%8C%84%E8%8B%B3132%E8%99%9F,https://www.hpsh.tn.edu.tw/home,https://www.hpsh.tn.edu.tw/home,https://www.hpsh.tn.edu.tw/home
臺南區,,110315,國立善化高級中學,公立,臺南區免試入學日間部,高中,男女校,臺南市,善化區,741 臺南市善化區大成路195號,https://www.shsh.tn.edu.tw/,06-5837312,普通科:252(不限),252,252,115學年度臺南區免試入學招生名額（使用者提供 PDF；一般生名額與科別）,普通型高中；特色班、實驗班與資優／藝才班依115學年度校方公告。,,普通型高中課程，以部定必修、加深加廣、多元選修、彈性學習與自主學習為主；校本與特色課程依115學年度課程計畫。,不設技職類固定實習；以探究與實作、自主學習及學習歷程成果為主。網站未標示115學年度全校統一專題題目。,學校官網未標示115學年度完整固定大眾運輸到校路線或固定學生專車班次。,網站未標示所有學生一致的固定通勤時間；Google地圖欄已依官方校址建立查詢入口。,學校官網未標示115學年度校內學生宿舍申請資訊。,https://www.google.com/maps/search/?api=1&query=%E5%9C%8B%E7%AB%8B%E5%96%84%E5%8C%96%E9%AB%98%E7%B4%9A%E4%B8%AD%E5%AD%B8+741+%E8%87%BA%E5%8D%97%E5%B8%82%E5%96%84%E5%8C%96%E5%8D%80%E5%A4%A7%E6%88%90%E8%B7%AF195%E8%99%9F; https://www.shsh.tn.edu.tw/,https://www.shsh.tn.edu.tw/,https://www.shsh.tn.edu.tw/,https://www.google.com/maps/search/?api=1&query=%E5%9C%8B%E7%AB%8B%E5%96%84%E5%8C%96%E9%AB%98%E7%B4%9A%E4%B8%AD%E5%AD%B8+741+%E8%87%BA%E5%8D%97%E5%B8%82%E5%96%84%E5%8C%96%E5%8D%80%E5%A4%A7%E6%88%90%E8%B7%AF195%E8%99%9F,https://www.shsh.tn.edu.tw/,https://www.shsh.tn.edu.tw/,https://www.shsh.tn.edu.tw/
臺南區,,110317,國立新化高級中學,公立,臺南區免試入學日間部,高中,男女校,臺南市,新化區,712005 臺南市新化區忠孝路2號,https://www.hhsh.tn.edu.tw/,06-5982065,普通科:394(不限),394,394,115學年度臺南區免試入學招生名額（使用者提供 PDF；一般生名額與科別）,普通型高中；特色班、實驗班與資優／藝才班依115學年度校方公告。,,普通型高中課程，以部定必修、加深加廣、多元選修、彈性學習與自主學習為主；校本與特色課程依115學年度課程計畫。,不設技職類固定實習；以探究與實作、自主學習及學習歷程成果為主。網站未標示115學年度全校統一專題題目。,學校官網未標示115學年度完整固定大眾運輸到校路線或固定學生專車班次。,網站未標示所有學生一致的固定通勤時間；Google地圖欄已依官方校址建立查詢入口。,學校官網未標示115學年度校內學生宿舍申請資訊。,https://www.google.com/maps/search/?api=1&query=%E5%9C%8B%E7%AB%8B%E6%96%B0%E5%8C%96%E9%AB%98%E7%B4%9A%E4%B8%AD%E5%AD%B8+712005+%E8%87%BA%E5%8D%97%E5%B8%82%E6%96%B0%E5%8C%96%E5%8D%80%E5%BF%A0%E5%AD%9D%E8%B7%AF2%E8%99%9F; https://www.hhsh.tn.edu.tw/,https://www.hhsh.tn.edu.tw/,https://www.hhsh.tn.edu.tw/,https://www.google.com/maps/search/?api=1&query=%E5%9C%8B%E7%AB%8B%E6%96%B0%E5%8C%96%E9%AB%98%E7%B4%9A%E4%B8%AD%E5%AD%B8+712005+%E8%87%BA%E5%8D%97%E5%B8%82%E6%96%B0%E5%8C%96%E5%8D%80%E5%BF%A0%E5%AD%9D%E8%B7%AF2%E8%99%9F,https://www.hhsh.tn.edu.tw/,https://www.hhsh.tn.edu.tw/,https://www.hhsh.tn.edu.tw/
臺南區,,110328,國立南科國際實驗高級中學,公立,臺南區免試入學日間部,高中,男女校,臺南市,新市區,744094 臺南市新市區西拉雅大道888巷1號,https://www.nnkieh.tn.edu.tw/,06-5052916,普通科:52(不限),52,52,115學年度臺南區免試入學招生名額（使用者提供 PDF；一般生名額與科別）,園區實驗高中，重視科技、雙語／國際教育、跨域探究及校本課程。,,園區實驗高中，重視科技、雙語／國際教育、跨域探究及校本課程。,不設技職類固定實習；以探究與實作、自主學習及學習歷程成果為主。網站未標示115學年度全校統一專題題目。,學校官網未標示115學年度完整固定大眾運輸到校路線或固定學生專車班次。,網站未標示所有學生一致的固定通勤時間；Google地圖欄已依官方校址建立查詢入口。,學校官網未標示115學年度校內學生宿舍申請資訊。,https://www.google.com/maps/search/?api=1&query=%E5%9C%8B%E7%AB%8B%E5%8D%97%E7%A7%91%E5%9C%8B%E9%9A%9B%E5%AF%A6%E9%A9%97%E9%AB%98%E7%B4%9A%E4%B8%AD%E5%AD%B8+744094+%E8%87%BA%E5%8D%97%E5%B8%82%E6%96%B0%E5%B8%82%E5%8D%80%E8%A5%BF%E6%8B%89%E9%9B%85%E5%A4%A7%E9%81%93888%E5%B7%B71%E8%99%9F; https://www.nnkieh.tn.edu.tw/,https://www.nnkieh.tn.edu.tw/,https://www.nnkieh.tn.edu.tw/,https://www.google.com/maps/search/?api=1&query=%E5%9C%8B%E7%AB%8B%E5%8D%97%E7%A7%91%E5%9C%8B%E9%9A%9B%E5%AF%A6%E9%A9%97%E9%AB%98%E7%B4%9A%E4%B8%AD%E5%AD%B8+744094+%E8%87%BA%E5%8D%97%E5%B8%82%E6%96%B0%E5%B8%82%E5%8D%80%E8%A5%BF%E6%8B%89%E9%9B%85%E5%A4%A7%E9%81%93888%E5%B7%B71%E8%99%9F,https://www.nnkieh.tn.edu.tw/,https://www.nnkieh.tn.edu.tw/,https://www.nnkieh.tn.edu.tw/
臺南區,,110401,國立新化高級工業職業學校,公立,臺南區免試入學日間部,高職,男女校,臺南市,新化區,712 臺南市新化區信義路54號,https://www.hhvs.tn.edu.tw/,06-5903994,機械科:33(不限)；資訊科:33(不限)；電子科:31(不限)；電機科:32(不限)；建築科:32(不限)；化工科:33(不限)；製圖科:33(不限)；資料處理科:32(不限),259,259,115學年度臺南區免試入學招生名額（使用者提供 PDF；一般生名額與科別）,以機械科、資訊科、電子科、電機科、建築科、化工科、製圖科、資料處理科等專業群科為主；特色班與實用技能／建教課程依115學年度校方公告。,,技術型高中主要專業方向包含機械科、資訊科、電子科、電機科、建築科、化工科、製圖科、資料處理科；依各科115學年度課程計畫安排專業科目、實習實作與校訂選修。,各專業科依115學年度課程計畫辦理實習實作、技能訓練與專題製作；未設全校統一題目時以各科／實習處公告為準。,校方115學年度有學生專車路線；大台南公車可搭綠幹線、綠16、綠17、綠1至綠4到新化轉運站，或綠14至「新化高工站」。,由新化轉運站步行至校約13分鐘；學生專車路線與發車時間依115學年度校方最新公告。,學校官網未標示115學年度校內學生宿舍申請資訊。,https://www.google.com/maps/search/?api=1&query=%E5%9C%8B%E7%AB%8B%E6%96%B0%E5%8C%96%E9%AB%98%E7%B4%9A%E5%B7%A5%E6%A5%AD%E8%81%B7%E6%A5%AD%E5%AD%B8%E6%A0%A1+712+%E8%87%BA%E5%8D%97%E5%B8%82%E6%96%B0%E5%8C%96%E5%8D%80%E4%BF%A1%E7%BE%A9%E8%B7%AF54%E8%99%9F; https://www.hhvs.tn.edu.tw/,https://www.hhvs.tn.edu.tw/,https://www.hhvs.tn.edu.tw/,https://www.google.com/maps/search/?api=1&query=%E5%9C%8B%E7%AB%8B%E6%96%B0%E5%8C%96%E9%AB%98%E7%B4%9A%E5%B7%A5%E6%A5%AD%E8%81%B7%E6%A5%AD%E5%AD%B8%E6%A0%A1+712+%E8%87%BA%E5%8D%97%E5%B8%82%E6%96%B0%E5%8C%96%E5%8D%80%E4%BF%A1%E7%BE%A9%E8%B7%AF54%E8%99%9F,https://www.hhvs.tn.edu.tw/,https://www.hhvs.tn.edu.tw/,https://www.hhvs.tn.edu.tw/
臺南區,,110403,國立白河高級商工職業學校,公立,臺南區免試入學日間部,高職,男女校,臺南市,白河區,732 臺南市白河區新興路528號,https://www.phvs.tn.edu.tw/,06-6852054,機械科:23(不限)；汽車科:13(不限)；資訊科:18(不限)；電機科:20(不限)；土木科:17(不限)；商業經營科:18(不限)；資料處理科:22(不限),131,131,115學年度臺南區免試入學招生名額（使用者提供 PDF；一般生名額與科別）,以機械科、汽車科、資訊科、電機科、土木科、商業經營科、資料處理科等專業群科為主；特色班與實用技能／建教課程依115學年度校方公告。,,技術型高中主要專業方向包含機械科、汽車科、資訊科、電機科、土木科、商業經營科、資料處理科；依各科115學年度課程計畫安排專業科目、實習實作與校訂選修。,各專業科依115學年度課程計畫辦理實習實作、技能訓練與專題製作；未設全校統一題目時以各科／實習處公告為準。,學校官網未標示115學年度完整固定大眾運輸到校路線或固定學生專車班次。,網站未標示所有學生一致的固定通勤時間；Google地圖欄已依官方校址建立查詢入口。,學校官網未標示115學年度校內學生宿舍申請資訊。,https://www.google.com/maps/search/?api=1&query=%E5%9C%8B%E7%AB%8B%E7%99%BD%E6%B2%B3%E9%AB%98%E7%B4%9A%E5%95%86%E5%B7%A5%E8%81%B7%E6%A5%AD%E5%AD%B8%E6%A0%A1+732+%E8%87%BA%E5%8D%97%E5%B8%82%E7%99%BD%E6%B2%B3%E5%8D%80%E6%96%B0%E8%88%88%E8%B7%AF528%E8%99%9F; https://www.phvs.tn.edu.tw/,https://www.phvs.tn.edu.tw/,https://www.phvs.tn.edu.tw/,https://www.google.com/maps/search/?api=1&query=%E5%9C%8B%E7%AB%8B%E7%99%BD%E6%B2%B3%E9%AB%98%E7%B4%9A%E5%95%86%E5%B7%A5%E8%81%B7%E6%A5%AD%E5%AD%B8%E6%A0%A1+732+%E8%87%BA%E5%8D%97%E5%B8%82%E7%99%BD%E6%B2%B3%E5%8D%80%E6%96%B0%E8%88%88%E8%B7%AF528%E8%99%9F,https://www.phvs.tn.edu.tw/,https://www.phvs.tn.edu.tw/,https://www.phvs.tn.edu.tw/
臺南區,,110404,國立北門高級農工職業學校,公立,臺南區免試入學日間部,高職,男女校,臺南市,佳里區,722 臺南市佳里區六安里117號,https://www.pmai.tn.edu.tw/,06-7260148,食品加工科:32(不限)；造園科:21(不限)；畜產保健科:18(不限)；機械科:54(不限)；電子科:54(不限)；電機科:52(不限)；土木科:41(不限)；電腦機械製圖科:29(不限)；電子商務科:20(不限),321,321,115學年度臺南區免試入學招生名額（使用者提供 PDF；一般生名額與科別）,以食品加工科、造園科、畜產保健科、機械科、電子科、電機科、土木科、電腦機械製圖科等專業群科為主；特色班與實用技能／建教課程依115學年度校方公告。,,技術型高中主要專業方向包含食品加工科、造園科、畜產保健科、機械科、電子科、電機科、土木科、電腦機械製圖科、電子商務科；依各科115學年度課程計畫安排專業科目、實習實作與校訂選修。,各專業科依115學年度課程計畫辦理實習實作、技能訓練與專題製作；未設全校統一題目時以各科／實習處公告為準。,校方115學年度已更新學生專車站點；另可由臺南火車站／興南客運相關路線至「北門農工」站。,學生專車依115學年度校方最新路線表；一般公車班次依大台南公車即時資訊。,學校官網未標示115學年度校內學生宿舍申請資訊。,https://www.google.com/maps/search/?api=1&query=%E5%9C%8B%E7%AB%8B%E5%8C%97%E9%96%80%E9%AB%98%E7%B4%9A%E8%BE%B2%E5%B7%A5%E8%81%B7%E6%A5%AD%E5%AD%B8%E6%A0%A1+722+%E8%87%BA%E5%8D%97%E5%B8%82%E4%BD%B3%E9%87%8C%E5%8D%80%E5%85%AD%E5%AE%89%E9%87%8C117%E8%99%9F; https://www.pmai.tn.edu.tw/,https://www.pmai.tn.edu.tw/,https://www.pmai.tn.edu.tw/,https://www.google.com/maps/search/?api=1&query=%E5%9C%8B%E7%AB%8B%E5%8C%97%E9%96%80%E9%AB%98%E7%B4%9A%E8%BE%B2%E5%B7%A5%E8%81%B7%E6%A5%AD%E5%AD%B8%E6%A0%A1+722+%E8%87%BA%E5%8D%97%E5%B8%82%E4%BD%B3%E9%87%8C%E5%8D%80%E5%85%AD%E5%AE%89%E9%87%8C117%E8%99%9F,https://www.pmai.tn.edu.tw/,https://www.pmai.tn.edu.tw/,https://www.pmai.tn.edu.tw/
臺南區,,110405,國立曾文高級家事商業職業學校,公立,臺南區免試入學日間部,高職,男女校,臺南市,麻豆區,721 臺南市麻豆區和平路9號,https://www.twvs.tn.edu.tw/,06-5722079,商業經營科:64(不限)；資料處理科:33(不限)；廣告設計科:32(不限)；餐飲管理科:26(不限)；電子商務科:32(不限)；幼兒保育科:32(不限),219,219,115學年度臺南區免試入學招生名額（使用者提供 PDF；一般生名額與科別）,以商業經營科、資料處理科、廣告設計科、餐飲管理科、電子商務科、幼兒保育科等專業群科為主；特色班與實用技能／建教課程依115學年度校方公告。,,技術型高中主要專業方向包含商業經營科、資料處理科、廣告設計科、餐飲管理科、電子商務科、幼兒保育科；依各科115學年度課程計畫安排專業科目、實習實作與校訂選修。,各專業科依115學年度課程計畫辦理實習實作、技能訓練與專題製作；未設全校統一題目時以各科／實習處公告為準。,學校官網未標示115學年度完整固定大眾運輸到校路線或固定學生專車班次。,網站未標示所有學生一致的固定通勤時間；Google地圖欄已依官方校址建立查詢入口。,學校官網未標示115學年度校內學生宿舍申請資訊。,https://www.google.com/maps/search/?api=1&query=%E5%9C%8B%E7%AB%8B%E6%9B%BE%E6%96%87%E9%AB%98%E7%B4%9A%E5%AE%B6%E4%BA%8B%E5%95%86%E6%A5%AD%E8%81%B7%E6%A5%AD%E5%AD%B8%E6%A0%A1+721+%E8%87%BA%E5%8D%97%E5%B8%82%E9%BA%BB%E8%B1%86%E5%8D%80%E5%92%8C%E5%B9%B3%E8%B7%AF9%E8%99%9F; https://www.twvs.tn.edu.tw/,https://www.twvs.tn.edu.tw/,https://www.twvs.tn.edu.tw/,https://www.google.com/maps/search/?api=1&query=%E5%9C%8B%E7%AB%8B%E6%9B%BE%E6%96%87%E9%AB%98%E7%B4%9A%E5%AE%B6%E4%BA%8B%E5%95%86%E6%A5%AD%E8%81%B7%E6%A5%AD%E5%AD%B8%E6%A0%A1+721+%E8%87%BA%E5%8D%97%E5%B8%82%E9%BA%BB%E8%B1%86%E5%8D%80%E5%92%8C%E5%B9%B3%E8%B7%AF9%E8%99%9F,https://www.twvs.tn.edu.tw/,https://www.twvs.tn.edu.tw/,https://www.twvs.tn.edu.tw/
臺南區,,110406,國立新營高級工業職業學校,公立,臺南區免試入學日間部,高職,男女校,臺南市,新營區,730 臺南市新營區中正路68號,https://www.hyivs.tn.edu.tw/,06-6322377,機械科:20(不限)；資訊科:41(不限)；電機科:37(不限)；模具科:26(不限)；製圖科:44(不限)；餐飲管理科:22(不限),190,190,115學年度臺南區免試入學招生名額（使用者提供 PDF；一般生名額與科別）,以機械科、資訊科、電機科、模具科、製圖科、餐飲管理科等專業群科為主；特色班與實用技能／建教課程依115學年度校方公告。,,技術型高中主要專業方向包含機械科、資訊科、電機科、模具科、製圖科、餐飲管理科；依各科115學年度課程計畫安排專業科目、實習實作與校訂選修。,各專業科依115學年度課程計畫辦理實習實作、技能訓練與專題製作；未設全校統一題目時以各科／實習處公告為準。,學校官網未標示115學年度完整固定大眾運輸到校路線或固定學生專車班次。,網站未標示所有學生一致的固定通勤時間；Google地圖欄已依官方校址建立查詢入口。,學校官網未標示115學年度校內學生宿舍申請資訊。,https://www.google.com/maps/search/?api=1&query=%E5%9C%8B%E7%AB%8B%E6%96%B0%E7%87%9F%E9%AB%98%E7%B4%9A%E5%B7%A5%E6%A5%AD%E8%81%B7%E6%A5%AD%E5%AD%B8%E6%A0%A1+730+%E8%87%BA%E5%8D%97%E5%B8%82%E6%96%B0%E7%87%9F%E5%8D%80%E4%B8%AD%E6%AD%A3%E8%B7%AF68%E8%99%9F; https://www.hyivs.tn.edu.tw/,https://www.hyivs.tn.edu.tw/,https://www.hyivs.tn.edu.tw/,https://www.google.com/maps/search/?api=1&query=%E5%9C%8B%E7%AB%8B%E6%96%B0%E7%87%9F%E9%AB%98%E7%B4%9A%E5%B7%A5%E6%A5%AD%E8%81%B7%E6%A5%AD%E5%AD%B8%E6%A0%A1+730+%E8%87%BA%E5%8D%97%E5%B8%82%E6%96%B0%E7%87%9F%E5%8D%80%E4%B8%AD%E6%AD%A3%E8%B7%AF68%E8%99%9F,https://www.hyivs.tn.edu.tw/,https://www.hyivs.tn.edu.tw/,https://www.hyivs.tn.edu.tw/
臺南區,,110407,國立玉井高級工商職業學校,公立,臺南區免試入學日間部,綜高,男女校,臺南市,玉井區,714003 臺南市玉井區中山路1-1號,https://www.ycvs.tn.edu.tw/,06-5741101,普通科:31(不限)；食品加工科:20(不限)；電子科:29(不限)；電機科:27(不限)；資料處理科:29(不限)；廣告設計科:30(不限)；餐飲管理科:25(不限),191,191,115學年度臺南區免試入學招生名額（使用者提供 PDF；一般生名額與科別）,普通／綜合高中與專業方向並行，主要招生方向包含普通科、食品加工科、電子科、電機科、資料處理科、廣告設計科、餐飲管理科；實際分流依115學年度校方公告。,,普通／學術課程與專業群科並行，招生方向包含普通科、食品加工科、電子科、電機科、資料處理科、廣告設計科、餐飲管理科；實際分流與選修依115學年度課程計畫。,專業群科依課程辦理實習與專題製作；115年校方仍有專題實作及創意競賽成果。,校方115年8月31日已公告學生專車路線時刻表。,學生專車依115學年度最新路線與時刻搭乘；網站未標示所有學生一致的固定通勤時間。,學校官網未標示115學年度校內學生宿舍申請資訊。,https://www.google.com/maps/search/?api=1&query=%E5%9C%8B%E7%AB%8B%E7%8E%89%E4%BA%95%E9%AB%98%E7%B4%9A%E5%B7%A5%E5%95%86%E8%81%B7%E6%A5%AD%E5%AD%B8%E6%A0%A1+714003+%E8%87%BA%E5%8D%97%E5%B8%82%E7%8E%89%E4%BA%95%E5%8D%80%E4%B8%AD%E5%B1%B1%E8%B7%AF1-1%E8%99%9F; https://www.ycvs.tn.edu.tw/,https://www.ycvs.tn.edu.tw/,https://www.ycvs.tn.edu.tw/,https://www.google.com/maps/search/?api=1&query=%E5%9C%8B%E7%AB%8B%E7%8E%89%E4%BA%95%E9%AB%98%E7%B4%9A%E5%B7%A5%E5%95%86%E8%81%B7%E6%A5%AD%E5%AD%B8%E6%A0%A1+714003+%E8%87%BA%E5%8D%97%E5%B8%82%E7%8E%89%E4%BA%95%E5%8D%80%E4%B8%AD%E5%B1%B1%E8%B7%AF1-1%E8%99%9F,https://www.ycvs.tn.edu.tw/,https://www.ycvs.tn.edu.tw/,https://www.ycvs.tn.edu.tw/
臺南區,,110409,國立成功大學附屬臺南工業高級中等學校,公立,臺南區免試入學日間部,高職,男女校,臺南市,永康區,710 臺南市永康區中山南路193號,https://www.ptivs.tn.edu.tw/,06-2322131,機械科:91(不限)；鑄造科:32(不限)；汽車科:30(不限)；板金科:41(不限)；資訊科:61(不限)；電子科:60(不限)；電機科:61(不限)；建築科:30(不限)；化工科:63(不限)；製圖科:61(不限)；土木科:32(不限)；飛機修護科:31(不限),593,593,115學年度臺南區免試入學招生名額（使用者提供 PDF；一般生名額與科別）,以機械科、鑄造科、汽車科、板金科、資訊科、電子科、電機科、建築科等專業群科為主；特色班與實用技能／建教課程依115學年度校方公告。,,技術型高中主要專業方向包含機械科、鑄造科、汽車科、板金科、資訊科、電子科、電機科、建築科、化工科、製圖科等；依各科115學年度課程計畫安排專業科目、實習實作與校訂選修。,各專業科依115學年度課程計畫辦理實習實作、技能訓練與專題製作；未設全校統一題目時以各科／實習處公告為準。,學校官網未標示115學年度完整固定大眾運輸到校路線或固定學生專車班次。,網站未標示所有學生一致的固定通勤時間；Google地圖欄已依官方校址建立查詢入口。,學校官網未標示115學年度校內學生宿舍申請資訊。,https://www.google.com/maps/search/?api=1&query=%E5%9C%8B%E7%AB%8B%E6%88%90%E5%8A%9F%E5%A4%A7%E5%AD%B8%E9%99%84%E5%B1%AC%E8%87%BA%E5%8D%97%E5%B7%A5%E6%A5%AD%E9%AB%98%E7%B4%9A%E4%B8%AD%E7%AD%89%E5%AD%B8%E6%A0%A1+710+%E8%87%BA%E5%8D%97%E5%B8%82%E6%B0%B8%E5%BA%B7%E5%8D%80%E4%B8%AD%E5%B1%B1%E5%8D%97%E8%B7%AF193%E8%99%9F; https://www.ptivs.tn.edu.tw/,https://www.ptivs.tn.edu.tw/,https://www.ptivs.tn.edu.tw/,https://www.google.com/maps/search/?api=1&query=%E5%9C%8B%E7%AB%8B%E6%88%90%E5%8A%9F%E5%A4%A7%E5%AD%B8%E9%99%84%E5%B1%AC%E8%87%BA%E5%8D%97%E5%B7%A5%E6%A5%AD%E9%AB%98%E7%B4%9A%E4%B8%AD%E7%AD%89%E5%AD%B8%E6%A0%A1+710+%E8%87%BA%E5%8D%97%E5%B8%82%E6%B0%B8%E5%BA%B7%E5%8D%80%E4%B8%AD%E5%B1%B1%E5%8D%97%E8%B7%AF193%E8%99%9F,https://www.ptivs.tn.edu.tw/,https://www.ptivs.tn.edu.tw/,https://www.ptivs.tn.edu.tw/
臺南區,,110410,國立曾文高級農工職業學校,公立,臺南區免試入學日間部,綜高,男女校,臺南市,麻豆區,721 臺南市麻豆區南勢1號,https://www.twivs.tn.edu.tw/home,06-5721137,普通科:33(不限)；園藝科:29(不限)；食品加工科:49(不限)；畜產保健科:32(不限)；機械科:46(不限)；汽車科:26(不限)；電子科:32(不限)；電機科:22(不限)；化工科:32(不限)；電腦機械製圖科:32(不限),333,333,115學年度臺南區免試入學招生名額（使用者提供 PDF；一般生名額與科別）,普通／綜合高中與專業方向並行，主要招生方向包含普通科、園藝科、食品加工科、畜產保健科、機械科、汽車科、電子科、電機科；實際分流依115學年度校方公告。,,普通／學術課程與專業群科並行，招生方向包含普通科、園藝科、食品加工科、畜產保健科、機械科、汽車科、電子科、電機科、化工科、電腦機械製圖科；實際分流與選修依115學年度課程計畫。,普通／學術方向以探究與自主學習為主，專業群科另安排實習實作與專題製作；實際內容依各科及115學年度課程計畫。,學校官網未標示115學年度完整固定大眾運輸到校路線或固定學生專車班次。,網站未標示所有學生一致的固定通勤時間；Google地圖欄已依官方校址建立查詢入口。,學校官網未標示115學年度校內學生宿舍申請資訊。,https://www.google.com/maps/search/?api=1&query=%E5%9C%8B%E7%AB%8B%E6%9B%BE%E6%96%87%E9%AB%98%E7%B4%9A%E8%BE%B2%E5%B7%A5%E8%81%B7%E6%A5%AD%E5%AD%B8%E6%A0%A1+721+%E8%87%BA%E5%8D%97%E5%B8%82%E9%BA%BB%E8%B1%86%E5%8D%80%E5%8D%97%E5%8B%A21%E8%99%9F; https://www.twivs.tn.edu.tw/home,https://www.twivs.tn.edu.tw/home,https://www.twivs.tn.edu.tw/home,https://www.google.com/maps/search/?api=1&query=%E5%9C%8B%E7%AB%8B%E6%9B%BE%E6%96%87%E9%AB%98%E7%B4%9A%E8%BE%B2%E5%B7%A5%E8%81%B7%E6%A5%AD%E5%AD%B8%E6%A0%A1+721+%E8%87%BA%E5%8D%97%E5%B8%82%E9%BA%BB%E8%B1%86%E5%8D%80%E5%8D%97%E5%8B%A21%E8%99%9F,https://www.twivs.tn.edu.tw/home,https://www.twivs.tn.edu.tw/home,https://www.twivs.tn.edu.tw/home
臺南區,,110B02,國立新豐高級中學進修部,公立,臺南區免試入學進修部,進修部,男女校,臺南市,歸仁區,711 臺南市歸仁區中正北路一段148號,https://www.sfsh.tn.edu.tw/home,06-2304082,商業經營科(夜間班):18(不限)；照顧服務科(夜間班):18(不限),36,36,115學年度臺南區免試入學招生名額（使用者提供 PDF；一般生名額與科別）,進修部主要招生方向為商業經營科、照顧服務科；實際課程與特色依115學年度進修部公告。,,進修部課程依115學年度進修部課程計畫辦理，招生方向包含商業經營科、照顧服務科。,依進修部招生科別安排專業實作；網站未標示115學年度進修部全校統一專題題目，實際內容以進修部及各科公告為準。,進修部官網未標示115學年度夜間固定學生專車或完整大眾運輸銜接班次；本表不直接沿用日間部學生專車。,進修部夜間通勤站點、班次與末班車銜接資訊網站未標示。,進修部官網未標示進修部學生是否具校內宿舍申請資格；本表不直接套用日間部住宿規定。,https://www.google.com/maps/search/?api=1&query=%E5%9C%8B%E7%AB%8B%E6%96%B0%E8%B1%90%E9%AB%98%E7%B4%9A%E4%B8%AD%E5%AD%B8%E9%80%B2%E4%BF%AE%E9%83%A8+711+%E8%87%BA%E5%8D%97%E5%B8%82%E6%AD%B8%E4%BB%81%E5%8D%80%E4%B8%AD%E6%AD%A3%E5%8C%97%E8%B7%AF%E4%B8%80%E6%AE%B5148%E8%99%9F; https://www.sfsh.tn.edu.tw/home,https://www.sfsh.tn.edu.tw/home,https://www.sfsh.tn.edu.tw/home,https://www.google.com/maps/search/?api=1&query=%E5%9C%8B%E7%AB%8B%E6%96%B0%E8%B1%90%E9%AB%98%E7%B4%9A%E4%B8%AD%E5%AD%B8%E9%80%B2%E4%BF%AE%E9%83%A8+711+%E8%87%BA%E5%8D%97%E5%B8%82%E6%AD%B8%E4%BB%81%E5%8D%80%E4%B8%AD%E6%AD%A3%E5%8C%97%E8%B7%AF%E4%B8%80%E6%AE%B5148%E8%99%9F,https://www.sfsh.tn.edu.tw/home,https://www.sfsh.tn.edu.tw/home,https://www.sfsh.tn.edu.tw/home
臺南區,,110C01,國立新化高級工業職業學校進修部,公立,臺南區免試入學進修部,進修部,男女校,臺南市,新化區,712 臺南市新化區信義路54號,https://www.hhvs.tn.edu.tw/,06-5903994,電子科(夜間班):20(不限),20,20,115學年度臺南區免試入學招生名額（使用者提供 PDF；一般生名額與科別）,進修部主要招生方向為電子科；實際課程與特色依115學年度進修部公告。,,進修部課程依115學年度進修部課程計畫辦理，招生方向包含電子科。,依進修部招生科別安排專業實作；網站未標示115學年度進修部全校統一專題題目，實際內容以進修部及各科公告為準。,進修部官網未標示115學年度夜間固定學生專車或完整大眾運輸銜接班次；本表不直接沿用日間部學生專車。,進修部夜間通勤站點、班次與末班車銜接資訊網站未標示。,進修部官網未標示進修部學生是否具校內宿舍申請資格；本表不直接套用日間部住宿規定。,https://www.google.com/maps/search/?api=1&query=%E5%9C%8B%E7%AB%8B%E6%96%B0%E5%8C%96%E9%AB%98%E7%B4%9A%E5%B7%A5%E6%A5%AD%E8%81%B7%E6%A5%AD%E5%AD%B8%E6%A0%A1%E9%80%B2%E4%BF%AE%E9%83%A8+712+%E8%87%BA%E5%8D%97%E5%B8%82%E6%96%B0%E5%8C%96%E5%8D%80%E4%BF%A1%E7%BE%A9%E8%B7%AF54%E8%99%9F; https://www.hhvs.tn.edu.tw/,https://www.hhvs.tn.edu.tw/,https://www.hhvs.tn.edu.tw/,https://www.google.com/maps/search/?api=1&query=%E5%9C%8B%E7%AB%8B%E6%96%B0%E5%8C%96%E9%AB%98%E7%B4%9A%E5%B7%A5%E6%A5%AD%E8%81%B7%E6%A5%AD%E5%AD%B8%E6%A0%A1%E9%80%B2%E4%BF%AE%E9%83%A8+712+%E8%87%BA%E5%8D%97%E5%B8%82%E6%96%B0%E5%8C%96%E5%8D%80%E4%BF%A1%E7%BE%A9%E8%B7%AF54%E8%99%9F,https://www.hhvs.tn.edu.tw/,https://www.hhvs.tn.edu.tw/,https://www.hhvs.tn.edu.tw/
臺南區,,110C04,國立北門高級農工職業學校進修部,公立,臺南區免試入學進修部,進修部,男女校,臺南市,佳里區,722 臺南市佳里區六安里117號,https://www.pmai.tn.edu.tw/,06-7260148,資料處理科(夜間班):14(不限),14,14,115學年度臺南區免試入學招生名額（使用者提供 PDF；一般生名額與科別）,進修部主要招生方向為資料處理科；實際課程與特色依115學年度進修部公告。,,進修部課程依115學年度進修部課程計畫辦理，招生方向包含資料處理科。,依進修部招生科別安排專業實作；網站未標示115學年度進修部全校統一專題題目，實際內容以進修部及各科公告為準。,進修部官網未標示115學年度夜間固定學生專車或完整大眾運輸銜接班次；本表不直接沿用日間部學生專車。,進修部夜間通勤站點、班次與末班車銜接資訊網站未標示。,進修部官網未標示進修部學生是否具校內宿舍申請資格；本表不直接套用日間部住宿規定。,https://www.google.com/maps/search/?api=1&query=%E5%9C%8B%E7%AB%8B%E5%8C%97%E9%96%80%E9%AB%98%E7%B4%9A%E8%BE%B2%E5%B7%A5%E8%81%B7%E6%A5%AD%E5%AD%B8%E6%A0%A1%E9%80%B2%E4%BF%AE%E9%83%A8+722+%E8%87%BA%E5%8D%97%E5%B8%82%E4%BD%B3%E9%87%8C%E5%8D%80%E5%85%AD%E5%AE%89%E9%87%8C117%E8%99%9F; https://www.pmai.tn.edu.tw/,https://www.pmai.tn.edu.tw/,https://www.pmai.tn.edu.tw/,https://www.google.com/maps/search/?api=1&query=%E5%9C%8B%E7%AB%8B%E5%8C%97%E9%96%80%E9%AB%98%E7%B4%9A%E8%BE%B2%E5%B7%A5%E8%81%B7%E6%A5%AD%E5%AD%B8%E6%A0%A1%E9%80%B2%E4%BF%AE%E9%83%A8+722+%E8%87%BA%E5%8D%97%E5%B8%82%E4%BD%B3%E9%87%8C%E5%8D%80%E5%85%AD%E5%AE%89%E9%87%8C117%E8%99%9F,https://www.pmai.tn.edu.tw/,https://www.pmai.tn.edu.tw/,https://www.pmai.tn.edu.tw/
臺南區,,110C06,國立新營高級工業職業學校進修部,公立,臺南區免試入學進修部,進修部,男女校,臺南市,新營區,730 臺南市新營區中正路68號,https://www.hyivs.tn.edu.tw/,06-6322377,餐飲管理科(夜間班):17(不限),17,17,115學年度臺南區免試入學招生名額（使用者提供 PDF；一般生名額與科別）,進修部主要招生方向為餐飲管理科；實際課程與特色依115學年度進修部公告。,,進修部課程依115學年度進修部課程計畫辦理，招生方向包含餐飲管理科。,依進修部招生科別安排專業實作；網站未標示115學年度進修部全校統一專題題目，實際內容以進修部及各科公告為準。,進修部官網未標示115學年度夜間固定學生專車或完整大眾運輸銜接班次；本表不直接沿用日間部學生專車。,進修部夜間通勤站點、班次與末班車銜接資訊網站未標示。,進修部官網未標示進修部學生是否具校內宿舍申請資格；本表不直接套用日間部住宿規定。,https://www.google.com/maps/search/?api=1&query=%E5%9C%8B%E7%AB%8B%E6%96%B0%E7%87%9F%E9%AB%98%E7%B4%9A%E5%B7%A5%E6%A5%AD%E8%81%B7%E6%A5%AD%E5%AD%B8%E6%A0%A1%E9%80%B2%E4%BF%AE%E9%83%A8+730+%E8%87%BA%E5%8D%97%E5%B8%82%E6%96%B0%E7%87%9F%E5%8D%80%E4%B8%AD%E6%AD%A3%E8%B7%AF68%E8%99%9F; https://www.hyivs.tn.edu.tw/,https://www.hyivs.tn.edu.tw/,https://www.hyivs.tn.edu.tw/,https://www.google.com/maps/search/?api=1&query=%E5%9C%8B%E7%AB%8B%E6%96%B0%E7%87%9F%E9%AB%98%E7%B4%9A%E5%B7%A5%E6%A5%AD%E8%81%B7%E6%A5%AD%E5%AD%B8%E6%A0%A1%E9%80%B2%E4%BF%AE%E9%83%A8+730+%E8%87%BA%E5%8D%97%E5%B8%82%E6%96%B0%E7%87%9F%E5%8D%80%E4%B8%AD%E6%AD%A3%E8%B7%AF68%E8%99%9F,https://www.hyivs.tn.edu.tw/,https://www.hyivs.tn.edu.tw/,https://www.hyivs.tn.edu.tw/
臺南區,,110C09,國立成功大學附屬臺南工業高級中等學校進修部,公立,臺南區免試入學進修部,進修部,男女校,臺南市,永康區,710 臺南市永康區中山南路193號,https://www.ptivs.tn.edu.tw/,06-2322131,機械科(夜間班):22(不限)；資訊科(夜間班):22(不限)；電子科(夜間班):22(不限)；電機科(夜間班):21(不限)；建築科(夜間班):22(不限)；機電科(夜間班):22(不限)；室內空間設計科(夜間班):22(不限)；電腦機械製圖科(夜間班):22(不限),175,175,115學年度臺南區免試入學招生名額（使用者提供 PDF；一般生名額與科別）,進修部主要招生方向為機械科、資訊科、電子科、電機科、建築科、機電科、室內空間設計科、電腦機械製圖科；實際課程與特色依115學年度進修部公告。,,進修部課程依115學年度進修部課程計畫辦理，招生方向包含機械科、資訊科、電子科、電機科、建築科、機電科、室內空間設計科、電腦機械製圖科。,依進修部招生科別安排專業實作；網站未標示115學年度進修部全校統一專題題目，實際內容以進修部及各科公告為準。,進修部官網未標示115學年度夜間固定學生專車或完整大眾運輸銜接班次；本表不直接沿用日間部學生專車。,進修部夜間通勤站點、班次與末班車銜接資訊網站未標示。,進修部官網未標示進修部學生是否具校內宿舍申請資格；本表不直接套用日間部住宿規定。,https://www.google.com/maps/search/?api=1&query=%E5%9C%8B%E7%AB%8B%E6%88%90%E5%8A%9F%E5%A4%A7%E5%AD%B8%E9%99%84%E5%B1%AC%E8%87%BA%E5%8D%97%E5%B7%A5%E6%A5%AD%E9%AB%98%E7%B4%9A%E4%B8%AD%E7%AD%89%E5%AD%B8%E6%A0%A1%E9%80%B2%E4%BF%AE%E9%83%A8+710+%E8%87%BA%E5%8D%97%E5%B8%82%E6%B0%B8%E5%BA%B7%E5%8D%80%E4%B8%AD%E5%B1%B1%E5%8D%97%E8%B7%AF193%E8%99%9F; https://www.ptivs.tn.edu.tw/,https://www.ptivs.tn.edu.tw/,https://www.ptivs.tn.edu.tw/,https://www.google.com/maps/search/?api=1&query=%E5%9C%8B%E7%AB%8B%E6%88%90%E5%8A%9F%E5%A4%A7%E5%AD%B8%E9%99%84%E5%B1%AC%E8%87%BA%E5%8D%97%E5%B7%A5%E6%A5%AD%E9%AB%98%E7%B4%9A%E4%B8%AD%E7%AD%89%E5%AD%B8%E6%A0%A1%E9%80%B2%E4%BF%AE%E9%83%A8+710+%E8%87%BA%E5%8D%97%E5%B8%82%E6%B0%B8%E5%BA%B7%E5%8D%80%E4%B8%AD%E5%B1%B1%E5%8D%97%E8%B7%AF193%E8%99%9F,https://www.ptivs.tn.edu.tw/,https://www.ptivs.tn.edu.tw/,https://www.ptivs.tn.edu.tw/
臺南區,,111313,臺南市私立南光高級中學,私立,臺南區免試入學日間部,高中,男女校,臺南市,新營區,730 臺南市新營區中興路62號,https://www.nkhs.tn.edu.tw/,06-6335408,普通科:128(不限),128,128,115學年度臺南區免試入學招生名額（使用者提供 PDF；一般生名額與科別）,普通型高中；特色班、實驗班與資優／藝才班依115學年度校方公告。,,普通型高中課程，以部定必修、加深加廣、多元選修、彈性學習與自主學習為主；校本與特色課程依115學年度課程計畫。,不設技職類固定實習；以探究與實作、自主學習及學習歷程成果為主。網站未標示115學年度全校統一專題題目。,校方交通資料可由臺鐵新營站轉乘；新營站至校搭車約5分鐘，亦可利用新營市區客運後步行到校。,臺鐵以新營站為主要節點；實際客運班次與步行時間依校方交通頁及營運單位。,學校官網未標示115學年度校內學生宿舍申請資訊。,https://www.google.com/maps/search/?api=1&query=%E8%87%BA%E5%8D%97%E5%B8%82%E7%A7%81%E7%AB%8B%E5%8D%97%E5%85%89%E9%AB%98%E7%B4%9A%E4%B8%AD%E5%AD%B8+730+%E8%87%BA%E5%8D%97%E5%B8%82%E6%96%B0%E7%87%9F%E5%8D%80%E4%B8%AD%E8%88%88%E8%B7%AF62%E8%99%9F; https://www.nkhs.tn.edu.tw/,https://www.nkhs.tn.edu.tw/,https://www.nkhs.tn.edu.tw/,https://www.google.com/maps/search/?api=1&query=%E8%87%BA%E5%8D%97%E5%B8%82%E7%A7%81%E7%AB%8B%E5%8D%97%E5%85%89%E9%AB%98%E7%B4%9A%E4%B8%AD%E5%AD%B8+730+%E8%87%BA%E5%8D%97%E5%B8%82%E6%96%B0%E7%87%9F%E5%8D%80%E4%B8%AD%E8%88%88%E8%B7%AF62%E8%99%9F,https://www.nkhs.tn.edu.tw/,https://www.nkhs.tn.edu.tw/,https://www.nkhs.tn.edu.tw/
臺南區,,111320,臺南市私立港明高級中學,私立,臺南區免試入學日間部,高中,男女校,臺南市,西港區,723 臺南市西港區慶安路229號,https://www.kmsh.tn.edu.tw/km107/index.php,06-7952025,普通科:258(不限),258,258,115學年度臺南區免試入學招生名額（使用者提供 PDF；一般生名額與科別）,普通型高中；特色班、實驗班與資優／藝才班依115學年度校方公告。,,普通型高中課程，以部定必修、加深加廣、多元選修、彈性學習與自主學習為主；校本與特色課程依115學年度課程計畫。,不設技職類固定實習；以探究與實作、自主學習及學習歷程成果為主。網站未標示115學年度全校統一專題題目。,校方交通頁列大台南公車藍幹線可至「西港」站，下車後距學校約1公里。,公車通勤可利用藍幹線至西港站；後續步行距離依校方交通頁。,學校官網未標示115學年度校內學生宿舍申請資訊。,https://www.google.com/maps/search/?api=1&query=%E8%87%BA%E5%8D%97%E5%B8%82%E7%A7%81%E7%AB%8B%E6%B8%AF%E6%98%8E%E9%AB%98%E7%B4%9A%E4%B8%AD%E5%AD%B8+723+%E8%87%BA%E5%8D%97%E5%B8%82%E8%A5%BF%E6%B8%AF%E5%8D%80%E6%85%B6%E5%AE%89%E8%B7%AF229%E8%99%9F; https://www.kmsh.tn.edu.tw/km107/index.php,https://www.kmsh.tn.edu.tw/km107/index.php,https://www.kmsh.tn.edu.tw/km107/index.php,https://www.google.com/maps/search/?api=1&query=%E8%87%BA%E5%8D%97%E5%B8%82%E7%A7%81%E7%AB%8B%E6%B8%AF%E6%98%8E%E9%AB%98%E7%B4%9A%E4%B8%AD%E5%AD%B8+723+%E8%87%BA%E5%8D%97%E5%B8%82%E8%A5%BF%E6%B8%AF%E5%8D%80%E6%85%B6%E5%AE%89%E8%B7%AF229%E8%99%9F,https://www.kmsh.tn.edu.tw/km107/index.php,https://www.kmsh.tn.edu.tw/km107/index.php,https://www.kmsh.tn.edu.tw/km107/index.php
臺南區,,111321,中信金國際學校財團法人臺南市私立中信國際高級中等學校,私立,臺南區免試入學日間部,高中,男女校,臺南市,新營區,730 臺南市新營區大同路86號,https://ctbchs.tn.edu.tw/,06-6352201,普通科:84(不限),84,84,115學年度臺南區免試入學招生名額（使用者提供 PDF；一般生名額與科別）,普通型高中；特色班、實驗班與資優／藝才班依115學年度校方公告。,,普通型高中課程，以部定必修、加深加廣、多元選修、彈性學習與自主學習為主；校本與特色課程依115學年度課程計畫。,不設技職類固定實習；以探究與實作、自主學習及學習歷程成果為主。網站未標示115學年度全校統一專題題目。,學校官網未標示115學年度完整固定大眾運輸到校路線或固定學生專車班次。,網站未標示所有學生一致的固定通勤時間；Google地圖欄已依官方校址建立查詢入口。,學校官網未標示115學年度校內學生宿舍申請資訊。,https://www.google.com/maps/search/?api=1&query=%E4%B8%AD%E4%BF%A1%E9%87%91%E5%9C%8B%E9%9A%9B%E5%AD%B8%E6%A0%A1%E8%B2%A1%E5%9C%98%E6%B3%95%E4%BA%BA%E8%87%BA%E5%8D%97%E5%B8%82%E7%A7%81%E7%AB%8B%E4%B8%AD%E4%BF%A1%E5%9C%8B%E9%9A%9B%E9%AB%98%E7%B4%9A%E4%B8%AD%E7%AD%89%E5%AD%B8%E6%A0%A1+730+%E8%87%BA%E5%8D%97%E5%B8%82%E6%96%B0%E7%87%9F%E5%8D%80%E5%A4%A7%E5%90%8C%E8%B7%AF86%E8%99%9F; https://ctbchs.tn.edu.tw/,https://ctbchs.tn.edu.tw/,https://ctbchs.tn.edu.tw/,https://www.google.com/maps/search/?api=1&query=%E4%B8%AD%E4%BF%A1%E9%87%91%E5%9C%8B%E9%9A%9B%E5%AD%B8%E6%A0%A1%E8%B2%A1%E5%9C%98%E6%B3%95%E4%BA%BA%E8%87%BA%E5%8D%97%E5%B8%82%E7%A7%81%E7%AB%8B%E4%B8%AD%E4%BF%A1%E5%9C%8B%E9%9A%9B%E9%AB%98%E7%B4%9A%E4%B8%AD%E7%AD%89%E5%AD%B8%E6%A0%A1+730+%E8%87%BA%E5%8D%97%E5%B8%82%E6%96%B0%E7%87%9F%E5%8D%80%E5%A4%A7%E5%90%8C%E8%B7%AF86%E8%99%9F,https://ctbchs.tn.edu.tw/,https://ctbchs.tn.edu.tw/,https://ctbchs.tn.edu.tw/
臺南區,,111322,臺南市私立明達高級中學,私立,臺南區免試入學日間部,高中,男女校,臺南市,鹽水區,737 臺南市鹽水區忠孝路73號,https://www.mdsh.tn.edu.tw/,06-6521178,普通科:49(不限),49,49,115學年度臺南區免試入學招生名額（使用者提供 PDF；一般生名額與科別）,普通型高中；特色班、實驗班與資優／藝才班依115學年度校方公告。,,普通型高中課程，以部定必修、加深加廣、多元選修、彈性學習與自主學習為主；校本與特色課程依115學年度課程計畫。,不設技職類固定實習；以探究與實作、自主學習及學習歷程成果為主。網站未標示115學年度全校統一專題題目。,學校官網未標示115學年度完整固定大眾運輸到校路線或固定學生專車班次。,網站未標示所有學生一致的固定通勤時間；Google地圖欄已依官方校址建立查詢入口。,學校官網未標示115學年度校內學生宿舍申請資訊。,https://www.google.com/maps/search/?api=1&query=%E8%87%BA%E5%8D%97%E5%B8%82%E7%A7%81%E7%AB%8B%E6%98%8E%E9%81%94%E9%AB%98%E7%B4%9A%E4%B8%AD%E5%AD%B8+737+%E8%87%BA%E5%8D%97%E5%B8%82%E9%B9%BD%E6%B0%B4%E5%8D%80%E5%BF%A0%E5%AD%9D%E8%B7%AF73%E8%99%9F; https://www.mdsh.tn.edu.tw/,https://www.mdsh.tn.edu.tw/,https://www.mdsh.tn.edu.tw/,https://www.google.com/maps/search/?api=1&query=%E8%87%BA%E5%8D%97%E5%B8%82%E7%A7%81%E7%AB%8B%E6%98%8E%E9%81%94%E9%AB%98%E7%B4%9A%E4%B8%AD%E5%AD%B8+737+%E8%87%BA%E5%8D%97%E5%B8%82%E9%B9%BD%E6%B0%B4%E5%8D%80%E5%BF%A0%E5%AD%9D%E8%B7%AF73%E8%99%9F,https://www.mdsh.tn.edu.tw/,https://www.mdsh.tn.edu.tw/,https://www.mdsh.tn.edu.tw/
臺南區,,111323,方濟會學校財團法人臺南市黎明高級中學,私立,臺南區免試入學日間部,高中,男女校,臺南市,麻豆區,721 臺南市麻豆區井東里磚子井141號,https://www.lmsh.tn.edu.tw/,06-5717123,普通科:151(不限),151,151,115學年度臺南區免試入學招生名額（使用者提供 PDF；一般生名額與科別）,普通型高中；特色班、實驗班與資優／藝才班依115學年度校方公告。,,普通型高中課程，以部定必修、加深加廣、多元選修、彈性學習與自主學習為主；校本與特色課程依115學年度課程計畫。,不設技職類固定實習；以探究與實作、自主學習及學習歷程成果為主。網站未標示115學年度全校統一專題題目。,學校官網未標示115學年度完整固定大眾運輸到校路線或固定學生專車班次。,網站未標示所有學生一致的固定通勤時間；Google地圖欄已依官方校址建立查詢入口。,學校官網未標示115學年度校內學生宿舍申請資訊。,https://www.google.com/maps/search/?api=1&query=%E6%96%B9%E6%BF%9F%E6%9C%83%E5%AD%B8%E6%A0%A1%E8%B2%A1%E5%9C%98%E6%B3%95%E4%BA%BA%E8%87%BA%E5%8D%97%E5%B8%82%E9%BB%8E%E6%98%8E%E9%AB%98%E7%B4%9A%E4%B8%AD%E5%AD%B8+721+%E8%87%BA%E5%8D%97%E5%B8%82%E9%BA%BB%E8%B1%86%E5%8D%80%E4%BA%95%E6%9D%B1%E9%87%8C%E7%A3%9A%E5%AD%90%E4%BA%95141%E8%99%9F; https://www.lmsh.tn.edu.tw/,https://www.lmsh.tn.edu.tw/,https://www.lmsh.tn.edu.tw/,https://www.google.com/maps/search/?api=1&query=%E6%96%B9%E6%BF%9F%E6%9C%83%E5%AD%B8%E6%A0%A1%E8%B2%A1%E5%9C%98%E6%B3%95%E4%BA%BA%E8%87%BA%E5%8D%97%E5%B8%82%E9%BB%8E%E6%98%8E%E9%AB%98%E7%B4%9A%E4%B8%AD%E5%AD%B8+721+%E8%87%BA%E5%8D%97%E5%B8%82%E9%BA%BB%E8%B1%86%E5%8D%80%E4%BA%95%E6%9D%B1%E9%87%8C%E7%A3%9A%E5%AD%90%E4%BA%95141%E8%99%9F,https://www.lmsh.tn.edu.tw/,https://www.lmsh.tn.edu.tw/,https://www.lmsh.tn.edu.tw/
臺南區,,111427,臺南市私立育德工業家事職業學校,私立,臺南區免試入學日間部,高職,男女校,臺南市,新營區,730 臺南市新營區健康路211號,https://sites.google.com/ytvs.tn.edu.tw/2024html,06-6563275,汽車科:22(不限)；餐飲管理科:15(不限)；時尚造型科:16(不限),53,53,115學年度臺南區免試入學招生名額（使用者提供 PDF；一般生名額與科別）,以汽車科、餐飲管理科、時尚造型科等專業群科為主；特色班與實用技能／建教課程依115學年度校方公告。,,技術型高中主要專業方向包含汽車科、餐飲管理科、時尚造型科；依各科115學年度課程計畫安排專業科目、實習實作與校訂選修。,各專業科依115學年度課程計畫辦理實習實作、技能訓練與專題製作；未設全校統一題目時以各科／實習處公告為準。,學校官網未標示115學年度完整固定大眾運輸到校路線或固定學生專車班次。,網站未標示所有學生一致的固定通勤時間；Google地圖欄已依官方校址建立查詢入口。,學校官網未標示115學年度校內學生宿舍申請資訊。,https://www.google.com/maps/search/?api=1&query=%E8%87%BA%E5%8D%97%E5%B8%82%E7%A7%81%E7%AB%8B%E8%82%B2%E5%BE%B7%E5%B7%A5%E6%A5%AD%E5%AE%B6%E4%BA%8B%E8%81%B7%E6%A5%AD%E5%AD%B8%E6%A0%A1+730+%E8%87%BA%E5%8D%97%E5%B8%82%E6%96%B0%E7%87%9F%E5%8D%80%E5%81%A5%E5%BA%B7%E8%B7%AF211%E8%99%9F; https://sites.google.com/ytvs.tn.edu.tw/2024html,https://sites.google.com/ytvs.tn.edu.tw/2024html,https://sites.google.com/ytvs.tn.edu.tw/2024html,https://www.google.com/maps/search/?api=1&query=%E8%87%BA%E5%8D%97%E5%B8%82%E7%A7%81%E7%AB%8B%E8%82%B2%E5%BE%B7%E5%B7%A5%E6%A5%AD%E5%AE%B6%E4%BA%8B%E8%81%B7%E6%A5%AD%E5%AD%B8%E6%A0%A1+730+%E8%87%BA%E5%8D%97%E5%B8%82%E6%96%B0%E7%87%9F%E5%8D%80%E5%81%A5%E5%BA%B7%E8%B7%AF211%E8%99%9F,https://sites.google.com/ytvs.tn.edu.tw/2024html,https://sites.google.com/ytvs.tn.edu.tw/2024html,https://sites.google.com/ytvs.tn.edu.tw/2024html
臺南區,,111C27,臺南市私立育德工業家事職業學校進修部,私立,臺南區免試入學進修部,進修部,男女校,臺南市,新營區,730 臺南市新營區健康路211號,https://sites.google.com/ytvs.tn.edu.tw/2024html,06-6563275,餐飲管理科(夜間班):10(不限),10,10,115學年度臺南區免試入學招生名額（使用者提供 PDF；一般生名額與科別）,進修部主要招生方向為餐飲管理科；實際課程與特色依115學年度進修部公告。,,進修部課程依115學年度進修部課程計畫辦理，招生方向包含餐飲管理科。,依進修部招生科別安排專業實作；網站未標示115學年度進修部全校統一專題題目，實際內容以進修部及各科公告為準。,進修部官網未標示115學年度夜間固定學生專車或完整大眾運輸銜接班次；本表不直接沿用日間部學生專車。,進修部夜間通勤站點、班次與末班車銜接資訊網站未標示。,進修部官網未標示進修部學生是否具校內宿舍申請資格；本表不直接套用日間部住宿規定。,https://www.google.com/maps/search/?api=1&query=%E8%87%BA%E5%8D%97%E5%B8%82%E7%A7%81%E7%AB%8B%E8%82%B2%E5%BE%B7%E5%B7%A5%E6%A5%AD%E5%AE%B6%E4%BA%8B%E8%81%B7%E6%A5%AD%E5%AD%B8%E6%A0%A1%E9%80%B2%E4%BF%AE%E9%83%A8+730+%E8%87%BA%E5%8D%97%E5%B8%82%E6%96%B0%E7%87%9F%E5%8D%80%E5%81%A5%E5%BA%B7%E8%B7%AF211%E8%99%9F; https://sites.google.com/ytvs.tn.edu.tw/2024html,https://sites.google.com/ytvs.tn.edu.tw/2024html,https://sites.google.com/ytvs.tn.edu.tw/2024html,https://www.google.com/maps/search/?api=1&query=%E8%87%BA%E5%8D%97%E5%B8%82%E7%A7%81%E7%AB%8B%E8%82%B2%E5%BE%B7%E5%B7%A5%E6%A5%AD%E5%AE%B6%E4%BA%8B%E8%81%B7%E6%A5%AD%E5%AD%B8%E6%A0%A1%E9%80%B2%E4%BF%AE%E9%83%A8+730+%E8%87%BA%E5%8D%97%E5%B8%82%E6%96%B0%E7%87%9F%E5%8D%80%E5%81%A5%E5%BA%B7%E8%B7%AF211%E8%99%9F,https://sites.google.com/ytvs.tn.edu.tw/2024html,https://sites.google.com/ytvs.tn.edu.tw/2024html,https://sites.google.com/ytvs.tn.edu.tw/2024html
臺南區,,114306,臺南市立大灣高級中學,公立,臺南區免試入學日間部,高中,男女校,臺南市,永康區,710 臺南市永康區文賢街68巷1號,https://www.dwhs.tn.edu.tw/,06-2714223,普通科:153(不限),153,153,115學年度臺南區免試入學招生名額（使用者提供 PDF；一般生名額與科別）,普通型高中；特色班、實驗班與資優／藝才班依115學年度校方公告。,,普通型高中課程，以部定必修、加深加廣、多元選修、彈性學習與自主學習為主；校本與特色課程依115學年度課程計畫。,不設技職類固定實習；以探究與實作、自主學習及學習歷程成果為主。網站未標示115學年度全校統一專題題目。,115學年度第1學期校方有A、B線學生專車及返校／開學日交通公告。,學生專車依115-1校方A、B路線、搭乘名單與時間表辦理。,學校官網未標示115學年度校內學生宿舍申請資訊。,https://www.google.com/maps/search/?api=1&query=%E8%87%BA%E5%8D%97%E5%B8%82%E7%AB%8B%E5%A4%A7%E7%81%A3%E9%AB%98%E7%B4%9A%E4%B8%AD%E5%AD%B8+710+%E8%87%BA%E5%8D%97%E5%B8%82%E6%B0%B8%E5%BA%B7%E5%8D%80%E6%96%87%E8%B3%A2%E8%A1%9768%E5%B7%B71%E8%99%9F; https://www.dwhs.tn.edu.tw/,https://www.dwhs.tn.edu.tw/,https://www.dwhs.tn.edu.tw/,https://www.google.com/maps/search/?api=1&query=%E8%87%BA%E5%8D%97%E5%B8%82%E7%AB%8B%E5%A4%A7%E7%81%A3%E9%AB%98%E7%B4%9A%E4%B8%AD%E5%AD%B8+710+%E8%87%BA%E5%8D%97%E5%B8%82%E6%B0%B8%E5%BA%B7%E5%8D%80%E6%96%87%E8%B3%A2%E8%A1%9768%E5%B7%B71%E8%99%9F,https://www.dwhs.tn.edu.tw/,https://www.dwhs.tn.edu.tw/,https://www.dwhs.tn.edu.tw/
臺南區,,114307,臺南市立永仁高級中學,公立,臺南區免試入學日間部,高中,男女校,臺南市,永康區,710 臺南市永康區忠孝路74號,https://www.yrhs.tn.edu.tw/,06-3115538,普通科:114(不限),114,114,115學年度臺南區免試入學招生名額（使用者提供 PDF；一般生名額與科別）,普通型高中；特色班、實驗班與資優／藝才班依115學年度校方公告。,,普通型高中課程，以部定必修、加深加廣、多元選修、彈性學習與自主學習為主；校本與特色課程依115學年度課程計畫。,不設技職類固定實習；以探究與實作、自主學習及學習歷程成果為主。網站未標示115學年度全校統一專題題目。,學校官網未標示115學年度完整固定大眾運輸到校路線或固定學生專車班次。,網站未標示所有學生一致的固定通勤時間；Google地圖欄已依官方校址建立查詢入口。,學校官網未標示115學年度校內學生宿舍申請資訊。,https://www.google.com/maps/search/?api=1&query=%E8%87%BA%E5%8D%97%E5%B8%82%E7%AB%8B%E6%B0%B8%E4%BB%81%E9%AB%98%E7%B4%9A%E4%B8%AD%E5%AD%B8+710+%E8%87%BA%E5%8D%97%E5%B8%82%E6%B0%B8%E5%BA%B7%E5%8D%80%E5%BF%A0%E5%AD%9D%E8%B7%AF74%E8%99%9F; https://www.yrhs.tn.edu.tw/,https://www.yrhs.tn.edu.tw/,https://www.yrhs.tn.edu.tw/,https://www.google.com/maps/search/?api=1&query=%E8%87%BA%E5%8D%97%E5%B8%82%E7%AB%8B%E6%B0%B8%E4%BB%81%E9%AB%98%E7%B4%9A%E4%B8%AD%E5%AD%B8+710+%E8%87%BA%E5%8D%97%E5%B8%82%E6%B0%B8%E5%BA%B7%E5%8D%80%E5%BF%A0%E5%AD%9D%E8%B7%AF74%E8%99%9F,https://www.yrhs.tn.edu.tw/,https://www.yrhs.tn.edu.tw/,https://www.yrhs.tn.edu.tw/
臺南區,,114344,臺南市立沙崙國際高級中等學校,公立,臺南區免試入學日間部,高中,男女校,臺南市,歸仁區,711 臺南市歸仁區武東里歸仁六路2號,https://www.slsh.tn.edu.tw/,06-3032062,普通科:86(不限),86,86,115學年度臺南區免試入學招生名額（使用者提供 PDF；一般生名額與科別）,K-12國際實驗教育取向，強調AI、科技、永續、國際教育與跨域實作。,,K-12國際實驗教育取向，強調AI、科技、永續、國際教育與跨域實作。,不設技職類固定實習；以AI、機器人、科技實作、跨域探究與自主學習成果為主要實作形式。,115學年度新生資訊提供學生公車建議通勤時間表；校址位於歸仁區歸仁六路2號。,通勤班次依校方115學年度建議表及大台南公車即時資訊。,學校官網未標示115學年度校內學生宿舍申請資訊。,https://www.google.com/maps/search/?api=1&query=%E8%87%BA%E5%8D%97%E5%B8%82%E7%AB%8B%E6%B2%99%E5%B4%99%E5%9C%8B%E9%9A%9B%E9%AB%98%E7%B4%9A%E4%B8%AD%E7%AD%89%E5%AD%B8%E6%A0%A1+711+%E8%87%BA%E5%8D%97%E5%B8%82%E6%AD%B8%E4%BB%81%E5%8D%80%E6%AD%A6%E6%9D%B1%E9%87%8C%E6%AD%B8%E4%BB%81%E5%85%AD%E8%B7%AF2%E8%99%9F; https://www.slsh.tn.edu.tw/,https://www.slsh.tn.edu.tw/,https://www.slsh.tn.edu.tw/,https://www.google.com/maps/search/?api=1&query=%E8%87%BA%E5%8D%97%E5%B8%82%E7%AB%8B%E6%B2%99%E5%B4%99%E5%9C%8B%E9%9A%9B%E9%AB%98%E7%B4%9A%E4%B8%AD%E7%AD%89%E5%AD%B8%E6%A0%A1+711+%E8%87%BA%E5%8D%97%E5%B8%82%E6%AD%B8%E4%BB%81%E5%8D%80%E6%AD%A6%E6%9D%B1%E9%87%8C%E6%AD%B8%E4%BB%81%E5%85%AD%E8%B7%AF2%E8%99%9F,https://www.slsh.tn.edu.tw/,https://www.slsh.tn.edu.tw/,https://www.slsh.tn.edu.tw/
臺南區,,120304,國立岡山高級中學,公立,臺南區免試入學日間部,高中,男女校,高雄市,岡山區,高雄市岡山區公園路52號,https://www.kssh.khc.edu.tw/,(07)6212033,普通科:10(不限),10,10,115學年度臺南區免試入學招生名額（使用者提供 PDF；一般生名額與科別）,請以各校當年度公告為準,,普通型高中課程，以部定必修、加深加廣、多元選修、彈性學習與自主學習為主；另有體育班等特色班別。,不設技職類固定實習；以探究與實作、自主學習及學習歷程成果為主。網站未標示115學年度全校統一專題題目。,學校官網未標示115學年度完整固定大眾運輸到校路線或固定學生專車班次。,網站未標示所有學生一致的固定通勤時間；請依官方校址與即時大眾運輸班次查詢。,學校官網未標示115學年度校內學生宿舍申請資訊。,https://www.google.com/maps/search/?api=1&query=%E5%9C%8B%E7%AB%8B%E5%B2%A1%E5%B1%B1%E9%AB%98%E7%B4%9A%E4%B8%AD%E5%AD%B8+%E9%AB%98%E9%9B%84%E5%B8%82%E5%B2%A1%E5%B1%B1%E5%8D%80%E5%85%AC%E5%9C%92%E8%B7%AF52%E8%99%9F; https://www.kssh.khc.edu.tw/,https://www.kssh.khc.edu.tw/,https://www.kssh.khc.edu.tw/,https://www.google.com/maps/search/?api=1&query=%E5%9C%8B%E7%AB%8B%E5%B2%A1%E5%B1%B1%E9%AB%98%E7%B4%9A%E4%B8%AD%E5%AD%B8+%E9%AB%98%E9%9B%84%E5%B8%82%E5%B2%A1%E5%B1%B1%E5%8D%80%E5%85%AC%E5%9C%92%E8%B7%AF52%E8%99%9F,https://www.kssh.khc.edu.tw/,https://www.kssh.khc.edu.tw/p/412-1001-613.php,https://www.kssh.khc.edu.tw/p/412-1001-613.php
臺南區,,120311,國立旗美高級中學,公立,臺南區免試入學日間部,綜高,男女校,高雄市,旗山區,高雄市旗山區東平里樹人路21號,https://www.cmsh.khc.edu.tw/,(07)6612502,普通科:10(不限)；家政群不分科:4(不限)；多媒體設計科:2(不限),16,16,115學年度臺南區免試入學招生名額（使用者提供 PDF；一般生名額與科別）,請以各校當年度公告為準,,普通／學術課程與專業群科並行，招生／專業方向包含普通科、多媒體設計科、家政科、幼兒保育科；實際分流依115學年度校方課程計畫。,專業群科依各科課程辦理實習實作、技能訓練與專題製作；網站未標示115學年度全校統一專題題目時，以各科／實習處公告為準。,校方學校簡介明列學生專車可服務高雄、楠梓、鳳山、里港、美濃等方向；一般公車可至旗山南站或旗尾站後步行到校。,通勤可使用校方學生專車，或搭乘客運至旗山南站／旗尾站後步行；實際班次依當期客運與校方公告。,校方學校簡介明確列有設備完善的男女學生宿舍及住宿生晚自習；115學年度床位與申請依校方當年度公告。,https://www.google.com/maps/search/?api=1&query=%E5%9C%8B%E7%AB%8B%E6%97%97%E7%BE%8E%E9%AB%98%E7%B4%9A%E4%B8%AD%E5%AD%B8+%E9%AB%98%E9%9B%84%E5%B8%82%E6%97%97%E5%B1%B1%E5%8D%80%E6%9D%B1%E5%B9%B3%E9%87%8C%E6%A8%B9%E4%BA%BA%E8%B7%AF21%E8%99%9F; https://www.cmsh.khc.edu.tw/,https://www.cmsh.khc.edu.tw/home?cid=424,https://www.cmsh.khc.edu.tw/home?cid=424,https://www.google.com/maps/search/?api=1&query=%E5%9C%8B%E7%AB%8B%E6%97%97%E7%BE%8E%E9%AB%98%E7%B4%9A%E4%B8%AD%E5%AD%B8+%E9%AB%98%E9%9B%84%E5%B8%82%E6%97%97%E5%B1%B1%E5%8D%80%E6%9D%B1%E5%B9%B3%E9%87%8C%E6%A8%B9%E4%BA%BA%E8%B7%AF21%E8%99%9F,https://www.cmsh.khc.edu.tw/,https://www.cmsh.khc.edu.tw/ischool/publish_page/37/?cid=3073,https://www.cmsh.khc.edu.tw/ischool/publish_page/37/?cid=3073
臺南區,,120401,國立旗山高級農工職業學校,公立,臺南區免試入學日間部,高職,男女校,高雄市,旗山區,高雄市旗山區旗甲路一段195號,https://www.csvs.khc.edu.tw/home,(07)6612501,農場經營科:2(不限)；園藝科:2(不限)；畜產保健科:2(不限)；機械科:2(不限)；汽車科:2(不限)；電機科:2(不限)；生物產業機電科:2(不限)；家政科:2(不限),16,16,115學年度臺南區免試入學招生名額（使用者提供 PDF；一般生名額與科別）,請以各校當年度公告為準,,技術型高中，主要專業方向包含農場經營科、園藝科、食品加工科、畜產保健科、機械科、汽車科、電機科、生物產業機電科、家政科、綜合職能科等；依各科課程計畫安排專業科目與實習實作。,各農工與家政專業科依課程辦理專業實習、實作與技能訓練；校方實習處並持續公告技藝與實習活動。,學校官網未標示115學年度完整固定大眾運輸到校路線或固定學生專車班次。,網站未標示所有學生一致的固定通勤時間；請依官方校址與即時大眾運輸班次查詢。,學校官網未標示115學年度校內學生宿舍申請資訊。,https://www.google.com/maps/search/?api=1&query=%E5%9C%8B%E7%AB%8B%E6%97%97%E5%B1%B1%E9%AB%98%E7%B4%9A%E8%BE%B2%E5%B7%A5%E8%81%B7%E6%A5%AD%E5%AD%B8%E6%A0%A1+%E9%AB%98%E9%9B%84%E5%B8%82%E6%97%97%E5%B1%B1%E5%8D%80%E6%97%97%E7%94%B2%E8%B7%AF%E4%B8%80%E6%AE%B5195%E8%99%9F; https://www.csvs.khc.edu.tw/home,https://www.csvs.khc.edu.tw/home,https://www.csvs.khc.edu.tw/home,https://www.google.com/maps/search/?api=1&query=%E5%9C%8B%E7%AB%8B%E6%97%97%E5%B1%B1%E9%AB%98%E7%B4%9A%E8%BE%B2%E5%B7%A5%E8%81%B7%E6%A5%AD%E5%AD%B8%E6%A0%A1+%E9%AB%98%E9%9B%84%E5%B8%82%E6%97%97%E5%B1%B1%E5%8D%80%E6%97%97%E7%94%B2%E8%B7%AF%E4%B8%80%E6%AE%B5195%E8%99%9F,https://www.csvs.khc.edu.tw/home,https://www.csvs.khc.edu.tw/home,https://www.csvs.khc.edu.tw/home
臺南區,,120402,國立岡山高級農工職業學校,公立,臺南區免試入學日間部,高職,男女校,高雄市,岡山區,高雄市岡山區壽天里岡山路533號,https://www.ksvs.khc.edu.tw/index.php,(07)6217129,園藝科:1(不限)；食品加工科:1(不限)；機械科:1(不限)；汽車科:2(不限)；資訊科:1(不限)；電子科:1(不限)；電機科:1(不限)；建築科:1(不限)；化工科:1(不限)；室內空間設計科:1(不限),11,11,115學年度臺南區免試入學招生名額（使用者提供 PDF；一般生名額與科別）,請以各校當年度公告為準,,技術型高中，主要專業方向包含園藝科、食品加工科、機械科、汽車科、資訊科、電子科、電機科、建築科、化工科、室內空間設計科等；依各科課程計畫安排專業科目與實習實作。,專業群科依各科課程辦理實習實作、技能訓練與專題製作；網站未標示115學年度全校統一專題題目時，以各科／實習處公告為準。,學校官網未標示115學年度完整固定大眾運輸到校路線或固定學生專車班次。,網站未標示所有學生一致的固定通勤時間；請依官方校址與即時大眾運輸班次查詢。,學校官網未標示115學年度校內學生宿舍申請資訊。,https://www.google.com/maps/search/?api=1&query=%E5%9C%8B%E7%AB%8B%E5%B2%A1%E5%B1%B1%E9%AB%98%E7%B4%9A%E8%BE%B2%E5%B7%A5%E8%81%B7%E6%A5%AD%E5%AD%B8%E6%A0%A1+%E9%AB%98%E9%9B%84%E5%B8%82%E5%B2%A1%E5%B1%B1%E5%8D%80%E5%A3%BD%E5%A4%A9%E9%87%8C%E5%B2%A1%E5%B1%B1%E8%B7%AF533%E8%99%9F; https://www.ksvs.khc.edu.tw/index.php,https://www.ksvs.khc.edu.tw/index.php,https://www.ksvs.khc.edu.tw/index.php,https://www.google.com/maps/search/?api=1&query=%E5%9C%8B%E7%AB%8B%E5%B2%A1%E5%B1%B1%E9%AB%98%E7%B4%9A%E8%BE%B2%E5%B7%A5%E8%81%B7%E6%A5%AD%E5%AD%B8%E6%A0%A1+%E9%AB%98%E9%9B%84%E5%B8%82%E5%B2%A1%E5%B1%B1%E5%8D%80%E5%A3%BD%E5%A4%A9%E9%87%8C%E5%B2%A1%E5%B1%B1%E8%B7%AF533%E8%99%9F,https://www.ksvs.khc.edu.tw/index.php,https://www.ksvs.khc.edu.tw/index.php,https://www.ksvs.khc.edu.tw/index.php
臺南區,,121415,華德學校財團法人高雄市華德高級工業家事職業學校,私立,臺南區免試入學日間部,高職,男女校,高雄市,茄萣區,高雄市茄萣區濱海路四段66號,https://www.hdvs.kh.edu.tw/,(07)6921212,資訊科:23(不限)；飛機修護科:24(不限)；餐飲管理科:24(不限)；時尚造型科:23(不限)；烘焙科:24(不限),118,118,115學年度臺南區免試入學招生名額（使用者提供 PDF；一般生名額與科別）,請以各校當年度公告為準,,技術型高中，主要專業方向包含汽車科、資訊科、飛機修護科、餐飲管理科、烘焙科、餐飲技術科；依各科課程計畫安排專業科目與實習實作。,專業群科依各科課程辦理實習實作、技能訓練與專題製作；網站未標示115學年度全校統一專題題目時，以各科／實習處公告為準。,學校官網未標示115學年度完整固定大眾運輸到校路線或固定學生專車班次。,網站未標示所有學生一致的固定通勤時間；請依官方校址與即時大眾運輸班次查詢。,學校官網未標示115學年度校內學生宿舍申請資訊。,https://www.google.com/maps/search/?api=1&query=%E8%8F%AF%E5%BE%B7%E5%AD%B8%E6%A0%A1%E8%B2%A1%E5%9C%98%E6%B3%95%E4%BA%BA%E9%AB%98%E9%9B%84%E5%B8%82%E8%8F%AF%E5%BE%B7%E9%AB%98%E7%B4%9A%E5%B7%A5%E6%A5%AD%E5%AE%B6%E4%BA%8B%E8%81%B7%E6%A5%AD%E5%AD%B8%E6%A0%A1+%E9%AB%98%E9%9B%84%E5%B8%82%E8%8C%84%E8%90%A3%E5%8D%80%E6%BF%B1%E6%B5%B7%E8%B7%AF%E5%9B%9B%E6%AE%B566%E8%99%9F; https://www.hdvs.kh.edu.tw/,https://www.hdvs.kh.edu.tw/,https://www.hdvs.kh.edu.tw/,https://www.google.com/maps/search/?api=1&query=%E8%8F%AF%E5%BE%B7%E5%AD%B8%E6%A0%A1%E8%B2%A1%E5%9C%98%E6%B3%95%E4%BA%BA%E9%AB%98%E9%9B%84%E5%B8%82%E8%8F%AF%E5%BE%B7%E9%AB%98%E7%B4%9A%E5%B7%A5%E6%A5%AD%E5%AE%B6%E4%BA%8B%E8%81%B7%E6%A5%AD%E5%AD%B8%E6%A0%A1+%E9%AB%98%E9%9B%84%E5%B8%82%E8%8C%84%E8%90%A3%E5%8D%80%E6%BF%B1%E6%B5%B7%E8%B7%AF%E5%9B%9B%E6%AE%B566%E8%99%9F,https://www.hdvs.kh.edu.tw/,https://www.hdvs.kh.edu.tw/,https://www.hdvs.kh.edu.tw/
臺南區,,124322,高雄市立路竹高級中學,公立,臺南區免試入學日間部,高中,男女校,高雄市,路竹區,高雄市路竹區中華路292號,https://www.lchs.kh.edu.tw/,(07)6963008,普通科:20(不限),20,20,115學年度臺南區免試入學招生名額（使用者提供 PDF；一般生名額與科別）,請以各校當年度公告為準,,普通型高中課程，以部定必修、加深加廣、多元選修、彈性學習與自主學習為主；另有體育班等特色班別。,不設技職類固定實習；以探究與實作、自主學習及學習歷程成果為主。網站未標示115學年度全校統一專題題目。,學校官網未標示115學年度完整固定大眾運輸到校路線或固定學生專車班次。,網站未標示所有學生一致的固定通勤時間；請依官方校址與即時大眾運輸班次查詢。,學校官網未標示115學年度校內學生宿舍申請資訊。,https://www.google.com/maps/search/?api=1&query=%E9%AB%98%E9%9B%84%E5%B8%82%E7%AB%8B%E8%B7%AF%E7%AB%B9%E9%AB%98%E7%B4%9A%E4%B8%AD%E5%AD%B8+%E9%AB%98%E9%9B%84%E5%B8%82%E8%B7%AF%E7%AB%B9%E5%8D%80%E4%B8%AD%E8%8F%AF%E8%B7%AF292%E8%99%9F; https://www.lchs.kh.edu.tw/,https://www.lchs.kh.edu.tw/,https://www.lchs.kh.edu.tw/,https://www.google.com/maps/search/?api=1&query=%E9%AB%98%E9%9B%84%E5%B8%82%E7%AB%8B%E8%B7%AF%E7%AB%B9%E9%AB%98%E7%B4%9A%E4%B8%AD%E5%AD%B8+%E9%AB%98%E9%9B%84%E5%B8%82%E8%B7%AF%E7%AB%B9%E5%8D%80%E4%B8%AD%E8%8F%AF%E8%B7%AF292%E8%99%9F,https://www.lchs.kh.edu.tw/,https://www.lchs.kh.edu.tw/,https://www.lchs.kh.edu.tw/
臺南區,,200302,國立嘉義女子高級中學,公立,臺南區免試入學日間部,高中,女校,嘉義市,西區,嘉義市西區垂楊路243號,https://www.cygsh.cy.edu.tw/,(05)2254603,普通科:2(女生),2,2,115學年度臺南區免試入學招生名額（使用者提供 PDF；一般生名額與科別）,115學年度設人文社會科學資優班、數理資優班、AI電資實驗班、醫藥科技實驗班。,,115學年度設人文社會科學資優班、數理資優班、AI電資實驗班、醫藥科技實驗班。,不設技職類固定實習；以探究與實作、自主學習、AI電資／醫藥科技實驗及資優研究成果為主。,校方設「交通及位置」頁並整理公車與客運資訊；學校位於嘉義市西區垂楊路243號。,固定通勤時間依實際公車／客運班次；網站未標示115學年度固定學生專車。,學校官網未標示115學年度校內學生宿舍申請資訊。,https://www.google.com/maps/search/?api=1&query=%E5%9C%8B%E7%AB%8B%E5%98%89%E7%BE%A9%E5%A5%B3%E5%AD%90%E9%AB%98%E7%B4%9A%E4%B8%AD%E5%AD%B8+%E5%98%89%E7%BE%A9%E5%B8%82%E8%A5%BF%E5%8D%80%E5%9E%82%E6%A5%8A%E8%B7%AF243%E8%99%9F; https://www.cygsh.cy.edu.tw/,https://www.cygsh.cy.edu.tw/p/412-1013-1724.php,https://www.cygsh.cy.edu.tw/,https://www.google.com/maps/search/?api=1&query=%E5%9C%8B%E7%AB%8B%E5%98%89%E7%BE%A9%E5%A5%B3%E5%AD%90%E9%AB%98%E7%B4%9A%E4%B8%AD%E5%AD%B8+%E5%98%89%E7%BE%A9%E5%B8%82%E8%A5%BF%E5%8D%80%E5%9E%82%E6%A5%8A%E8%B7%AF243%E8%99%9F,https://www.cygsh.cy.edu.tw/,https://www.cygsh.cy.edu.tw/,https://www.cygsh.cy.edu.tw/
臺南區,,200303,國立嘉義高級中學,公立,臺南區免試入學日間部,高中,男校,嘉義市,東區,600044 嘉義市東區大雅路二段738號,https://www.cysh.cy.edu.tw/,(05)2762804,普通科:5(男生),5,5,115學年度臺南區免試入學招生名額（使用者提供 PDF；一般生名額與科別）,普通型高中；115學年度設科學班、數理／語文資優、雙語實驗、半導體實驗及藝才等特色課程。,,普通型高中；115學年度設科學班、數理／語文資優、雙語實驗、半導體實驗及藝才等特色課程。,不設技職類固定實習；以科學班實驗研究、探究實作、專題／自主學習及科展成果為主。,115學年度新生專區已提供通學公車與客運路線指南；校方另有正式交通位置圖與自駕路線。,公共運輸請依115新生通學公車／客運指南；固定通勤時間依實際出發地與班次。,校方設「陽明學苑」學生住宿制度；115學年度新生專區已公告高一新生住宿相關資訊。,https://www.google.com/maps/search/?api=1&query=%E5%9C%8B%E7%AB%8B%E5%98%89%E7%BE%A9%E9%AB%98%E7%B4%9A%E4%B8%AD%E5%AD%B8+600044+%E5%98%89%E7%BE%A9%E5%B8%82%E6%9D%B1%E5%8D%80%E5%A4%A7%E9%9B%85%E8%B7%AF%E4%BA%8C%E6%AE%B5738%E8%99%9F; https://www.cysh.cy.edu.tw/,https://www.cysh.cy.edu.tw/p/403-1008-168-1.php?Lang=zh-tw,https://www.cysh.cy.edu.tw/p/403-1008-168-1.php?Lang=zh-tw,https://www.google.com/maps/search/?api=1&query=%E5%9C%8B%E7%AB%8B%E5%98%89%E7%BE%A9%E9%AB%98%E7%B4%9A%E4%B8%AD%E5%AD%B8+600044+%E5%98%89%E7%BE%A9%E5%B8%82%E6%9D%B1%E5%8D%80%E5%A4%A7%E9%9B%85%E8%B7%AF%E4%BA%8C%E6%AE%B5738%E8%99%9F,https://www.cysh.cy.edu.tw/,https://www.cysh.cy.edu.tw/p/412-1008-1056.php,https://www.cysh.cy.edu.tw/p/412-1008-1056.php
臺南區,,200405,國立嘉義高級工業職業學校,公立,臺南區免試入學日間部,綜高,男女校,嘉義市,東區,嘉義市東區彌陀路174號,https://www.cyivs.cy.edu.tw/,(05)2763060,綜合高中:1(不限)；機械科:1(不限)；汽車科:1(不限)；電子科:1(不限)；電機科:1(不限)；建築科:1(不限)；化工科:1(不限)；電機空調科:1(不限)；製圖科:1(不限)；室內空間設計科:1(不限),10,10,115學年度臺南區免試入學招生名額（使用者提供 PDF；一般生名額與科別）,綜合高中、普通科與機械、製圖、汽車、電子、電機、空調、化工、建築等工業群科並行。,,綜合高中、普通科與機械、製圖、汽車、電子、電機、空調、化工、建築等工業群科並行。,工業群科依課程辦理機械加工、製圖、汽車、電機電子、化工、建築等專業實習及專題實作；普通／綜高另有自主學習。,115學年度高一新生訓練校方有專車搭乘公告；正式學期固定大眾運輸／學生專車完整站點表網站未標示。,新生訓練專車屬活動交通；日常通勤班次應依校方後續公告與即時大眾運輸。,校方115-1已公布高一新生及高二高三學生宿舍申請、住宿須知與核准住宿名單。,https://www.google.com/maps/search/?api=1&query=%E5%9C%8B%E7%AB%8B%E5%98%89%E7%BE%A9%E9%AB%98%E7%B4%9A%E5%B7%A5%E6%A5%AD%E8%81%B7%E6%A5%AD%E5%AD%B8%E6%A0%A1+%E5%98%89%E7%BE%A9%E5%B8%82%E6%9D%B1%E5%8D%80%E5%BD%8C%E9%99%80%E8%B7%AF174%E8%99%9F; https://www.cyivs.cy.edu.tw/,https://www.cyivs.cy.edu.tw/,https://www.cyivs.cy.edu.tw/student-affairs/22819/115%E5%AD%B8%E5%B9%B4%E5%BA%A6%E7%AC%AC1%E5%AD%B8%E6%9C%9F%E5%AD%B8%E7%94%9F%E5%AE%BF%E8%88%8D%E3%80%90%E4%BD%8F%E5%AE%BF%E7%94%B3%E8%AB%8B%E6%9B%B8%E6%9A%A8%E5%AE%B6%E9%95%B7%E8%81%AF%E7%B9%AB/,https://www.google.com/maps/search/?api=1&query=%E5%9C%8B%E7%AB%8B%E5%98%89%E7%BE%A9%E9%AB%98%E7%B4%9A%E5%B7%A5%E6%A5%AD%E8%81%B7%E6%A5%AD%E5%AD%B8%E6%A0%A1+%E5%98%89%E7%BE%A9%E5%B8%82%E6%9D%B1%E5%8D%80%E5%BD%8C%E9%99%80%E8%B7%AF174%E8%99%9F,https://www.cyivs.cy.edu.tw/,https://www.cyivs.cy.edu.tw/,https://www.cyivs.cy.edu.tw/
臺南區,,200C05,國立嘉義高級工業職業學校進修部,公立,臺南區免試入學進修部,進修部,男女校,嘉義市,東區,嘉義市東區彌陀路174號,https://www.cyivs.cy.edu.tw/,(05)2763060,電子科(夜間班):3(不限)；電機科(夜間班):3(不限)；機電科(夜間班):3(不限)；室內空間設計科(夜間班):3(不限)；電腦機械製圖科(夜間班):3(不限),15,15,115學年度臺南區免試入學招生名額（使用者提供 PDF；一般生名額與科別）,進修部主要招生方向為電子科、電機科、機電科、室內空間設計科、電腦機械製圖科；實際課程與特色依115學年度進修部公告。,,進修部課程依115學年度進修部課程計畫辦理，招生方向包含電子科、電機科、機電科、室內空間設計科、電腦機械製圖科。,依進修部招生科別安排專業實作；網站未標示115學年度進修部全校統一專題題目，實際內容以進修部及各科公告為準。,進修部官網未標示115學年度夜間固定學生專車或完整大眾運輸銜接班次；本表不直接沿用日間部學生專車。,進修部夜間通勤站點、班次與末班車銜接資訊網站未標示。,進修部官網未標示進修部學生是否具校內宿舍申請資格；本表不直接套用日間部住宿規定。,https://www.google.com/maps/search/?api=1&query=%E5%9C%8B%E7%AB%8B%E5%98%89%E7%BE%A9%E9%AB%98%E7%B4%9A%E5%B7%A5%E6%A5%AD%E8%81%B7%E6%A5%AD%E5%AD%B8%E6%A0%A1%E9%80%B2%E4%BF%AE%E9%83%A8+%E5%98%89%E7%BE%A9%E5%B8%82%E6%9D%B1%E5%8D%80%E5%BD%8C%E9%99%80%E8%B7%AF174%E8%99%9F; https://www.cyivs.cy.edu.tw/,https://www.cyivs.cy.edu.tw/,https://www.cyivs.cy.edu.tw/,https://www.google.com/maps/search/?api=1&query=%E5%9C%8B%E7%AB%8B%E5%98%89%E7%BE%A9%E9%AB%98%E7%B4%9A%E5%B7%A5%E6%A5%AD%E8%81%B7%E6%A5%AD%E5%AD%B8%E6%A0%A1%E9%80%B2%E4%BF%AE%E9%83%A8+%E5%98%89%E7%BE%A9%E5%B8%82%E6%9D%B1%E5%8D%80%E5%BD%8C%E9%99%80%E8%B7%AF174%E8%99%9F,https://www.cyivs.cy.edu.tw/,https://www.cyivs.cy.edu.tw/,https://www.cyivs.cy.edu.tw/
臺南區,,201304,嘉義市私立興華高級中學,私立,臺南區免試入學日間部,綜高,男女校,嘉義市,東區,嘉義市東區林森東路239號,https://www.hhsh.cy.edu.tw/,(05)2764317,普通科:2(不限)；餐旅群不分科:4(不限),6,6,115學年度臺南區免試入學招生名額（使用者提供 PDF；一般生名額與科別）,普通高中與資料處理等技術型課程並行；官網設普通高中課程與群科課程規劃。,,普通高中與資料處理等技術型課程並行；官網設普通高中課程與群科課程規劃。,資料處理等群科依技術型課程辦理實習實作；普通科以探究、自主學習與學習成果為主。網站未標示115學年度全校統一專題題目。,校方曾公告114-2平日、夜自修與周六校車時刻；115學年度完整校車路線網站目前未標示。,115學年度固定站點與時間應以校方最新校車公告為準，不直接沿用114學年度時刻。,學校官網未標示115學年度校內學生宿舍申請資訊。,https://www.google.com/maps/search/?api=1&query=%E5%98%89%E7%BE%A9%E5%B8%82%E7%A7%81%E7%AB%8B%E8%88%88%E8%8F%AF%E9%AB%98%E7%B4%9A%E4%B8%AD%E5%AD%B8+%E5%98%89%E7%BE%A9%E5%B8%82%E6%9D%B1%E5%8D%80%E6%9E%97%E6%A3%AE%E6%9D%B1%E8%B7%AF239%E8%99%9F; https://www.hhsh.cy.edu.tw/,https://www.hhsh.cy.edu.tw/,https://www.hhsh.cy.edu.tw/,https://www.google.com/maps/search/?api=1&query=%E5%98%89%E7%BE%A9%E5%B8%82%E7%A7%81%E7%AB%8B%E8%88%88%E8%8F%AF%E9%AB%98%E7%B4%9A%E4%B8%AD%E5%AD%B8+%E5%98%89%E7%BE%A9%E5%B8%82%E6%9D%B1%E5%8D%80%E6%9E%97%E6%A3%AE%E6%9D%B1%E8%B7%AF239%E8%99%9F,https://www.hhsh.cy.edu.tw/,https://www.hhsh.cy.edu.tw/,https://www.hhsh.cy.edu.tw/
臺南區,,201312,嘉義市私立輔仁高級中學,私立,臺南區免試入學日間部,高中,男女校,嘉義市,東區,600 嘉義市東區吳鳳南路270號,https://rpage.fjsh.cy.edu.tw/,(05)2281001,普通科:10(不限),10,10,115學年度臺南區免試入學招生名額（使用者提供 PDF；一般生名額與科別）,普通型高中；115學年度持續辦理高中課業、選課與自主學習相關課程。,,普通型高中；115學年度持續辦理高中課業、選課與自主學習相關課程。,不設技職類固定實習；以探究實作、自主學習與高中課程成果為主。網站未標示115學年度全校統一專題題目。,校方已公布115學年度第1學期校車路線表，另有夜間培訓／自主學習校車路線。,學生依115-1校車路線與班次搭乘；夜間活動另依校方指定路線。,學校官網未標示115學年度校內學生宿舍申請資訊。,https://www.google.com/maps/search/?api=1&query=%E5%98%89%E7%BE%A9%E5%B8%82%E7%A7%81%E7%AB%8B%E8%BC%94%E4%BB%81%E9%AB%98%E7%B4%9A%E4%B8%AD%E5%AD%B8+600+%E5%98%89%E7%BE%A9%E5%B8%82%E6%9D%B1%E5%8D%80%E5%90%B3%E9%B3%B3%E5%8D%97%E8%B7%AF270%E8%99%9F; https://rpage.fjsh.cy.edu.tw/,https://rpage.fjsh.cy.edu.tw/p/403-1000-38-1.php?Lang=zh-tw,https://rpage.fjsh.cy.edu.tw/,https://www.google.com/maps/search/?api=1&query=%E5%98%89%E7%BE%A9%E5%B8%82%E7%A7%81%E7%AB%8B%E8%BC%94%E4%BB%81%E9%AB%98%E7%B4%9A%E4%B8%AD%E5%AD%B8+600+%E5%98%89%E7%BE%A9%E5%B8%82%E6%9D%B1%E5%8D%80%E5%90%B3%E9%B3%B3%E5%8D%97%E8%B7%AF270%E8%99%9F,https://rpage.fjsh.cy.edu.tw/,https://rpage.fjsh.cy.edu.tw/,https://rpage.fjsh.cy.edu.tw/
臺南區,,201314,嘉義市私立立仁高級中學,私立,臺南區免試入學日間部,綜高,男女校,嘉義市,東區,600 嘉義市東區立仁路235號,https://www.ligvs.cy.edu.tw/,(05)2226420,綜合高中:5(不限),5,5,115學年度臺南區免試入學招生名額（使用者提供 PDF；一般生名額與科別）,綜合高中，課程規劃包含學術自然、學術社會、應用日語、資訊應用、商業服務、幼兒保育等學程。,,綜合高中，課程規劃包含學術自然、學術社會、應用日語、資訊應用、商業服務、幼兒保育等學程。,綜合高中依資訊應用、商業服務、幼保等專門學程安排實作與專題；學術學程以探究與自主學習為主。,學校官網未標示115學年度固定學生專車完整路線。,固定通勤站點與時間網站未標示；Google地圖欄已依官方校址建立查詢入口。,學校官網未標示115學年度校內學生宿舍申請資訊。,https://www.google.com/maps/search/?api=1&query=%E5%98%89%E7%BE%A9%E5%B8%82%E7%A7%81%E7%AB%8B%E7%AB%8B%E4%BB%81%E9%AB%98%E7%B4%9A%E4%B8%AD%E5%AD%B8+600+%E5%98%89%E7%BE%A9%E5%B8%82%E6%9D%B1%E5%8D%80%E7%AB%8B%E4%BB%81%E8%B7%AF235%E8%99%9F; https://www.ligvs.cy.edu.tw/,https://www.ligvs.cy.edu.tw/,https://www.ligvs.cy.edu.tw/,https://www.google.com/maps/search/?api=1&query=%E5%98%89%E7%BE%A9%E5%B8%82%E7%A7%81%E7%AB%8B%E7%AB%8B%E4%BB%81%E9%AB%98%E7%B4%9A%E4%B8%AD%E5%AD%B8+600+%E5%98%89%E7%BE%A9%E5%B8%82%E6%9D%B1%E5%8D%80%E7%AB%8B%E4%BB%81%E8%B7%AF235%E8%99%9F,https://www.ligvs.cy.edu.tw/,https://www.ligvs.cy.edu.tw/,https://www.ligvs.cy.edu.tw/
臺南區,,201408,嘉義市私立東吳高級工業家事職業學校,私立,臺南區免試入學日間部,高職,男女校,嘉義市,東區,600 嘉義市東區宣信街252號,https://www.dwvs.cy.edu.tw/,(05)2246161,資訊科:2(不限)；資料處理科:2(不限)；餐飲管理科:4(不限)；幼兒保育科:2(不限)；時尚造型科:2(不限)；表演藝術科:2(不限),14,14,115學年度臺南區免試入學招生名額（使用者提供 PDF；一般生名額與科別）,餐飲、汽車、表演藝術、幼保、資訊、美容、資料處理、多媒體、觀光、時尚、烘焙、水電等技職課程，另有實用技能與建教班。,,餐飲、汽車、表演藝術、幼保、資訊、美容、資料處理、多媒體、觀光、時尚、烘焙、水電等技職課程，另有實用技能與建教班。,各專業科依課程辦理實習實作、技能檢定、作品製作與建教合作；115學年度亦有建教合作班招生。,學校官網未標示115學年度固定學生專車完整路線。,固定通勤站點與時間網站未標示；Google地圖欄已依官方校址建立查詢入口。,學校官網未標示115學年度一般生校內學生宿舍申請資訊。,https://www.google.com/maps/search/?api=1&query=%E5%98%89%E7%BE%A9%E5%B8%82%E7%A7%81%E7%AB%8B%E6%9D%B1%E5%90%B3%E9%AB%98%E7%B4%9A%E5%B7%A5%E6%A5%AD%E5%AE%B6%E4%BA%8B%E8%81%B7%E6%A5%AD%E5%AD%B8%E6%A0%A1+600+%E5%98%89%E7%BE%A9%E5%B8%82%E6%9D%B1%E5%8D%80%E5%AE%A3%E4%BF%A1%E8%A1%97252%E8%99%9F; https://www.dwvs.cy.edu.tw/,https://www.dwvs.cy.edu.tw/,https://www.dwvs.cy.edu.tw/,https://www.google.com/maps/search/?api=1&query=%E5%98%89%E7%BE%A9%E5%B8%82%E7%A7%81%E7%AB%8B%E6%9D%B1%E5%90%B3%E9%AB%98%E7%B4%9A%E5%B7%A5%E6%A5%AD%E5%AE%B6%E4%BA%8B%E8%81%B7%E6%A5%AD%E5%AD%B8%E6%A0%A1+600+%E5%98%89%E7%BE%A9%E5%B8%82%E6%9D%B1%E5%8D%80%E5%AE%A3%E4%BF%A1%E8%A1%97252%E8%99%9F,https://www.dwvs.cy.edu.tw/,https://www.dwvs.cy.edu.tw/,https://www.dwvs.cy.edu.tw/
臺南區,,201C08,嘉義市私立東吳高級工業家事職業學校進修部,私立,臺南區免試入學進修部,進修部,男女校,嘉義市,東區,600 嘉義市東區宣信街252號,https://www.dwvs.cy.edu.tw/,(05)2246161,餐飲管理科(夜間班):1(不限),1,1,115學年度臺南區免試入學招生名額（使用者提供 PDF；一般生名額與科別）,進修部主要招生方向為餐飲管理科；實際課程與特色依115學年度進修部公告。,,進修部課程依115學年度進修部課程計畫辦理，招生方向包含餐飲管理科。,依進修部招生科別安排專業實作；網站未標示115學年度進修部全校統一專題題目，實際內容以進修部及各科公告為準。,進修部官網未標示115學年度夜間固定學生專車或完整大眾運輸銜接班次；本表不直接沿用日間部學生專車。,進修部夜間通勤站點、班次與末班車銜接資訊網站未標示。,進修部官網未標示進修部學生是否具校內宿舍申請資格；本表不直接套用日間部住宿規定。,https://www.google.com/maps/search/?api=1&query=%E5%98%89%E7%BE%A9%E5%B8%82%E7%A7%81%E7%AB%8B%E6%9D%B1%E5%90%B3%E9%AB%98%E7%B4%9A%E5%B7%A5%E6%A5%AD%E5%AE%B6%E4%BA%8B%E8%81%B7%E6%A5%AD%E5%AD%B8%E6%A0%A1%E9%80%B2%E4%BF%AE%E9%83%A8+600+%E5%98%89%E7%BE%A9%E5%B8%82%E6%9D%B1%E5%8D%80%E5%AE%A3%E4%BF%A1%E8%A1%97252%E8%99%9F; https://www.dwvs.cy.edu.tw/,https://www.dwvs.cy.edu.tw/,https://www.dwvs.cy.edu.tw/,https://www.google.com/maps/search/?api=1&query=%E5%98%89%E7%BE%A9%E5%B8%82%E7%A7%81%E7%AB%8B%E6%9D%B1%E5%90%B3%E9%AB%98%E7%B4%9A%E5%B7%A5%E6%A5%AD%E5%AE%B6%E4%BA%8B%E8%81%B7%E6%A5%AD%E5%AD%B8%E6%A0%A1%E9%80%B2%E4%BF%AE%E9%83%A8+600+%E5%98%89%E7%BE%A9%E5%B8%82%E6%9D%B1%E5%8D%80%E5%AE%A3%E4%BF%A1%E8%A1%97252%E8%99%9F,https://www.dwvs.cy.edu.tw/,https://www.dwvs.cy.edu.tw/,https://www.dwvs.cy.edu.tw/
臺南區,,210303,國立臺南第二高級中學,公立,臺南區免試入學日間部,高中,男女校,臺南市,北區,704 臺南市北區北門路二段125號,https://www.tnssh.tn.edu.tw/,06-2514526,普通科:569(不限),569,569,115學年度臺南區免試入學招生名額（使用者提供 PDF；一般生名額與科別）,普通型高中；特色班、實驗班與資優／藝才班依115學年度校方公告。,,普通型高中課程，以部定必修、加深加廣、多元選修、彈性學習與自主學習為主；校本與特色課程依115學年度課程計畫。,不設技職類固定實習；以探究與實作、自主學習及學習歷程成果為主。網站未標示115學年度全校統一專題題目。,校方交通頁明列：綠幹線至「臺南二中」站後步行約3分鐘；藍幹線至「公園北路口」後步行約5分鐘；臺南火車站前站步行約10分鐘。,臺鐵以臺南站為主要節點；公車可用綠幹線或藍幹線，步行時間依校方交通頁。,學校官網未標示115學年度校內學生宿舍申請資訊。,https://www.google.com/maps/search/?api=1&query=%E5%9C%8B%E7%AB%8B%E8%87%BA%E5%8D%97%E7%AC%AC%E4%BA%8C%E9%AB%98%E7%B4%9A%E4%B8%AD%E5%AD%B8+704+%E8%87%BA%E5%8D%97%E5%B8%82%E5%8C%97%E5%8D%80%E5%8C%97%E9%96%80%E8%B7%AF%E4%BA%8C%E6%AE%B5125%E8%99%9F; https://www.tnssh.tn.edu.tw/,https://www.tnssh.tn.edu.tw/,https://www.tnssh.tn.edu.tw/,https://www.google.com/maps/search/?api=1&query=%E5%9C%8B%E7%AB%8B%E8%87%BA%E5%8D%97%E7%AC%AC%E4%BA%8C%E9%AB%98%E7%B4%9A%E4%B8%AD%E5%AD%B8+704+%E8%87%BA%E5%8D%97%E5%B8%82%E5%8C%97%E5%8D%80%E5%8C%97%E9%96%80%E8%B7%AF%E4%BA%8C%E6%AE%B5125%E8%99%9F,https://www.tnssh.tn.edu.tw/,https://www.tnssh.tn.edu.tw/,https://www.tnssh.tn.edu.tw/
臺南區,,210305,國立臺南第一高級中學,公立,臺南區免試入學日間部,高中,男校,臺南市,東區,701 臺南市東區民族路一段1號,https://www.tnfsh.tn.edu.tw/,06-2371206,普通科:572(男生),572,572,115學年度臺南區免試入學招生名額（使用者提供 PDF；一般生名額與科別）,普通型高中；特色班、實驗班與資優／藝才班依115學年度校方公告。,,普通型高中課程，以部定必修、加深加廣、多元選修、彈性學習與自主學習為主；校本與特色課程依115學年度課程計畫。,不設技職類固定實習；以探究與實作、自主學習及學習歷程成果為主。網站未標示115學年度全校統一專題題目。,學校官網未標示115學年度完整固定大眾運輸到校路線或固定學生專車班次。,網站未標示所有學生一致的固定通勤時間；Google地圖欄已依官方校址建立查詢入口。,學校官網未標示115學年度校內學生宿舍申請資訊。,https://www.google.com/maps/search/?api=1&query=%E5%9C%8B%E7%AB%8B%E8%87%BA%E5%8D%97%E7%AC%AC%E4%B8%80%E9%AB%98%E7%B4%9A%E4%B8%AD%E5%AD%B8+701+%E8%87%BA%E5%8D%97%E5%B8%82%E6%9D%B1%E5%8D%80%E6%B0%91%E6%97%8F%E8%B7%AF%E4%B8%80%E6%AE%B51%E8%99%9F; https://www.tnfsh.tn.edu.tw/,https://www.tnfsh.tn.edu.tw/,https://www.tnfsh.tn.edu.tw/,https://www.google.com/maps/search/?api=1&query=%E5%9C%8B%E7%AB%8B%E8%87%BA%E5%8D%97%E7%AC%AC%E4%B8%80%E9%AB%98%E7%B4%9A%E4%B8%AD%E5%AD%B8+701+%E8%87%BA%E5%8D%97%E5%B8%82%E6%9D%B1%E5%8D%80%E6%B0%91%E6%97%8F%E8%B7%AF%E4%B8%80%E6%AE%B51%E8%99%9F,https://www.tnfsh.tn.edu.tw/,https://www.tnfsh.tn.edu.tw/,https://www.tnfsh.tn.edu.tw/
臺南區,,210306,國立臺南女子高級中學,公立,臺南區免試入學日間部,高中,女校,臺南市,中西區,700011 臺南市中西區大埔街97號,https://www.tngs.tn.edu.tw/,06-2131928,普通科:570(女生),570,570,115學年度臺南區免試入學招生名額（使用者提供 PDF；一般生名額與科別）,普通型高中；特色班、實驗班與資優／藝才班依115學年度校方公告。,,普通型高中課程，以部定必修、加深加廣、多元選修、彈性學習與自主學習為主；校本與特色課程依115學年度課程計畫。,不設技職類固定實習；以探究與實作、自主學習及學習歷程成果為主。網站未標示115學年度全校統一專題題目。,學校官網未標示115學年度完整固定大眾運輸到校路線或固定學生專車班次。,網站未標示所有學生一致的固定通勤時間；Google地圖欄已依官方校址建立查詢入口。,學校官網未標示115學年度校內學生宿舍申請資訊。,https://www.google.com/maps/search/?api=1&query=%E5%9C%8B%E7%AB%8B%E8%87%BA%E5%8D%97%E5%A5%B3%E5%AD%90%E9%AB%98%E7%B4%9A%E4%B8%AD%E5%AD%B8+700011+%E8%87%BA%E5%8D%97%E5%B8%82%E4%B8%AD%E8%A5%BF%E5%8D%80%E5%A4%A7%E5%9F%94%E8%A1%9797%E8%99%9F; https://www.tngs.tn.edu.tw/,https://www.tngs.tn.edu.tw/,https://www.tngs.tn.edu.tw/,https://www.google.com/maps/search/?api=1&query=%E5%9C%8B%E7%AB%8B%E8%87%BA%E5%8D%97%E5%A5%B3%E5%AD%90%E9%AB%98%E7%B4%9A%E4%B8%AD%E5%AD%B8+700011+%E8%87%BA%E5%8D%97%E5%B8%82%E4%B8%AD%E8%A5%BF%E5%8D%80%E5%A4%A7%E5%9F%94%E8%A1%9797%E8%99%9F,https://www.tngs.tn.edu.tw/,https://www.tngs.tn.edu.tw/,https://www.tngs.tn.edu.tw/
臺南區,,210309,國立臺南家齊高級中等學校,公立,臺南區免試入學日間部,綜高,男女校,臺南市,中西區,70052 臺南市中西區健康路一段342號,https://www.ccsh.tn.edu.tw/,06-2133265,普通科:109(男生)；普通科:207(女生)；餐飲管理科:28(不限)；流行服飾科:29(不限),373,373,115學年度臺南區免試入學招生名額（使用者提供 PDF；一般生名額與科別）,普通／綜合高中與專業方向並行，主要招生方向包含普通科、餐飲管理科、流行服飾科；實際分流依115學年度校方公告。,,普通／學術課程與專業群科並行，招生方向包含普通科、餐飲管理科、流行服飾科；實際分流與選修依115學年度課程計畫。,普通／學術方向以探究與自主學習為主，專業群科另安排實習實作與專題製作；實際內容依各科及115學年度課程計畫。,學校官網未標示115學年度完整固定大眾運輸到校路線或固定學生專車班次。,網站未標示所有學生一致的固定通勤時間；Google地圖欄已依官方校址建立查詢入口。,學校官網未標示115學年度校內學生宿舍申請資訊。,https://www.google.com/maps/search/?api=1&query=%E5%9C%8B%E7%AB%8B%E8%87%BA%E5%8D%97%E5%AE%B6%E9%BD%8A%E9%AB%98%E7%B4%9A%E4%B8%AD%E7%AD%89%E5%AD%B8%E6%A0%A1+70052+%E8%87%BA%E5%8D%97%E5%B8%82%E4%B8%AD%E8%A5%BF%E5%8D%80%E5%81%A5%E5%BA%B7%E8%B7%AF%E4%B8%80%E6%AE%B5342%E8%99%9F; https://www.ccsh.tn.edu.tw/,https://www.ccsh.tn.edu.tw/,https://www.ccsh.tn.edu.tw/,https://www.google.com/maps/search/?api=1&query=%E5%9C%8B%E7%AB%8B%E8%87%BA%E5%8D%97%E5%AE%B6%E9%BD%8A%E9%AB%98%E7%B4%9A%E4%B8%AD%E7%AD%89%E5%AD%B8%E6%A0%A1+70052+%E8%87%BA%E5%8D%97%E5%B8%82%E4%B8%AD%E8%A5%BF%E5%8D%80%E5%81%A5%E5%BA%B7%E8%B7%AF%E4%B8%80%E6%AE%B5342%E8%99%9F,https://www.ccsh.tn.edu.tw/,https://www.ccsh.tn.edu.tw/,https://www.ccsh.tn.edu.tw/
臺南區,,210408,國立臺南高級商業職業學校,公立,臺南區免試入學日間部,高職,男女校,臺南市,南區,702 臺南市南區健康路一段327號,https://www.tncvs.tn.edu.tw/,06-2617123,商業經營科:91(不限)；國際貿易科:95(不限)；會計事務科:32(不限)；資料處理科:61(不限)；廣告設計科:31(不限)；觀光事業科:28(不限)；應用英語科:32(不限),370,370,115學年度臺南區免試入學招生名額（使用者提供 PDF；一般生名額與科別）,以商業經營科、國際貿易科、會計事務科、資料處理科、廣告設計科、觀光事業科、應用英語科等專業群科為主；特色班與實用技能／建教課程依115學年度校方公告。,,技術型高中主要專業方向包含商業經營科、國際貿易科、會計事務科、資料處理科、廣告設計科、觀光事業科、應用英語科；依各科115學年度課程計畫安排專業科目、實習實作與校訂選修。,各專業科依115學年度課程計畫辦理實習實作、技能訓練與專題製作；未設全校統一題目時以各科／實習處公告為準。,學校官網未標示115學年度完整固定大眾運輸到校路線或固定學生專車班次。,網站未標示所有學生一致的固定通勤時間；Google地圖欄已依官方校址建立查詢入口。,學校官網未標示115學年度校內學生宿舍申請資訊。,https://www.google.com/maps/search/?api=1&query=%E5%9C%8B%E7%AB%8B%E8%87%BA%E5%8D%97%E9%AB%98%E7%B4%9A%E5%95%86%E6%A5%AD%E8%81%B7%E6%A5%AD%E5%AD%B8%E6%A0%A1+702+%E8%87%BA%E5%8D%97%E5%B8%82%E5%8D%97%E5%8D%80%E5%81%A5%E5%BA%B7%E8%B7%AF%E4%B8%80%E6%AE%B5327%E8%99%9F; https://www.tncvs.tn.edu.tw/,https://www.tncvs.tn.edu.tw/,https://www.tncvs.tn.edu.tw/,https://www.google.com/maps/search/?api=1&query=%E5%9C%8B%E7%AB%8B%E8%87%BA%E5%8D%97%E9%AB%98%E7%B4%9A%E5%95%86%E6%A5%AD%E8%81%B7%E6%A5%AD%E5%AD%B8%E6%A0%A1+702+%E8%87%BA%E5%8D%97%E5%B8%82%E5%8D%97%E5%8D%80%E5%81%A5%E5%BA%B7%E8%B7%AF%E4%B8%80%E6%AE%B5327%E8%99%9F,https://www.tncvs.tn.edu.tw/,https://www.tncvs.tn.edu.tw/,https://www.tncvs.tn.edu.tw/
臺南區,,210416,國立臺南高級海事水產職業學校,公立,臺南區免試入學日間部,高職,男女校,臺南市,安平區,708 臺南市安平區世平路1號,https://www.tnvs.tn.edu.tw/,06-3910772,電子科:30(不限)；機電科:32(不限)；商業經營科:32(不限)；電子商務科:17(不限)；輪機科:30(不限)；水產養殖科:16(不限)；水產食品科:30(不限),187,187,115學年度臺南區免試入學招生名額（使用者提供 PDF；一般生名額與科別）,以電子科、機電科、商業經營科、電子商務科、輪機科、水產養殖科、水產食品科等專業群科為主；特色班與實用技能／建教課程依115學年度校方公告。,,技術型高中主要專業方向包含電子科、機電科、商業經營科、電子商務科、輪機科、水產養殖科、水產食品科；依各科115學年度課程計畫安排專業科目、實習實作與校訂選修。,各專業科依115學年度課程計畫辦理實習實作、技能訓練與專題製作；未設全校統一題目時以各科／實習處公告為準。,校方已公告115學年度學生專車路線，包含安南、茄萣／灣裡、歸仁／仁德等方向。,學生專車自115年8月起依校方公告路線與站點搭乘；發車時間以115學年度最新公告為準。,校方115-1已公告學生宿舍申請；外縣市與距校較遠學生依規定申請，床位有限並依校方審核。,https://www.google.com/maps/search/?api=1&query=%E5%9C%8B%E7%AB%8B%E8%87%BA%E5%8D%97%E9%AB%98%E7%B4%9A%E6%B5%B7%E4%BA%8B%E6%B0%B4%E7%94%A2%E8%81%B7%E6%A5%AD%E5%AD%B8%E6%A0%A1+708+%E8%87%BA%E5%8D%97%E5%B8%82%E5%AE%89%E5%B9%B3%E5%8D%80%E4%B8%96%E5%B9%B3%E8%B7%AF1%E8%99%9F; https://www.tnvs.tn.edu.tw/,https://www.tnvs.tn.edu.tw/2026/06/115%E5%AD%B8%E5%B9%B4%E5%BA%A6%E5%AD%B8%E7%94%9F%E5%B0%88%E8%BB%8A%E8%B7%AF%E7%B7%9A%E5%8F%8A%E6%90%AD%E4%B9%98%E6%B3%A8%E6%84%8F%E4%BA%8B%E9%A0%85/,https://www.tnvs.tn.edu.tw/2026/07/115-1%E5%AD%B8%E6%9C%9F%E5%AD%B8%E7%94%9F%E5%AE%BF%E8%88%8D%E7%94%B3%E8%AB%8B%E5%85%AC%E5%91%8A/,https://www.google.com/maps/search/?api=1&query=%E5%9C%8B%E7%AB%8B%E8%87%BA%E5%8D%97%E9%AB%98%E7%B4%9A%E6%B5%B7%E4%BA%8B%E6%B0%B4%E7%94%A2%E8%81%B7%E6%A5%AD%E5%AD%B8%E6%A0%A1+708+%E8%87%BA%E5%8D%97%E5%B8%82%E5%AE%89%E5%B9%B3%E5%8D%80%E4%B8%96%E5%B9%B3%E8%B7%AF1%E8%99%9F,https://www.tnvs.tn.edu.tw/,https://www.tnvs.tn.edu.tw/,https://www.tnvs.tn.edu.tw/
臺南區,,210B05,國立臺南第一高級中學進修部,公立,臺南區免試入學進修部,進修部,男女校,臺南市,東區,701 臺南市東區民族路一段1號,https://www.tnfsh.tn.edu.tw/,06-2371206,普通科(夜間班):11(不限),11,11,115學年度臺南區免試入學招生名額（使用者提供 PDF；一般生名額與科別）,進修部主要招生方向為普通科；實際課程與特色依115學年度進修部公告。,,進修部課程依115學年度進修部課程計畫辦理，招生方向包含普通科。,依進修部招生科別安排專業實作；網站未標示115學年度進修部全校統一專題題目，實際內容以進修部及各科公告為準。,進修部官網未標示115學年度夜間固定學生專車或完整大眾運輸銜接班次；本表不直接沿用日間部學生專車。,進修部夜間通勤站點、班次與末班車銜接資訊網站未標示。,進修部官網未標示進修部學生是否具校內宿舍申請資格；本表不直接套用日間部住宿規定。,https://www.google.com/maps/search/?api=1&query=%E5%9C%8B%E7%AB%8B%E8%87%BA%E5%8D%97%E7%AC%AC%E4%B8%80%E9%AB%98%E7%B4%9A%E4%B8%AD%E5%AD%B8%E9%80%B2%E4%BF%AE%E9%83%A8+701+%E8%87%BA%E5%8D%97%E5%B8%82%E6%9D%B1%E5%8D%80%E6%B0%91%E6%97%8F%E8%B7%AF%E4%B8%80%E6%AE%B51%E8%99%9F; https://www.tnfsh.tn.edu.tw/,https://www.tnfsh.tn.edu.tw/,https://www.tnfsh.tn.edu.tw/,https://www.google.com/maps/search/?api=1&query=%E5%9C%8B%E7%AB%8B%E8%87%BA%E5%8D%97%E7%AC%AC%E4%B8%80%E9%AB%98%E7%B4%9A%E4%B8%AD%E5%AD%B8%E9%80%B2%E4%BF%AE%E9%83%A8+701+%E8%87%BA%E5%8D%97%E5%B8%82%E6%9D%B1%E5%8D%80%E6%B0%91%E6%97%8F%E8%B7%AF%E4%B8%80%E6%AE%B51%E8%99%9F,https://www.tnfsh.tn.edu.tw/,https://www.tnfsh.tn.edu.tw/,https://www.tnfsh.tn.edu.tw/
臺南區,,210C08,國立臺南高級商業職業學校進修部,公立,臺南區免試入學進修部,進修部,男女校,臺南市,南區,702 臺南市南區健康路一段327號,https://www.tncvs.tn.edu.tw/,06-2617123,商業經營科(夜間班):28(不限)；資料處理科(夜間班):28(不限)；觀光事業科(夜間班):27(不限)；餐飲管理科(夜間班):26(不限),109,109,115學年度臺南區免試入學招生名額（使用者提供 PDF；一般生名額與科別）,進修部主要招生方向為商業經營科、資料處理科、觀光事業科、餐飲管理科；實際課程與特色依115學年度進修部公告。,,進修部課程依115學年度進修部課程計畫辦理，招生方向包含商業經營科、資料處理科、觀光事業科、餐飲管理科。,依進修部招生科別安排專業實作；網站未標示115學年度進修部全校統一專題題目，實際內容以進修部及各科公告為準。,進修部官網未標示115學年度夜間固定學生專車或完整大眾運輸銜接班次；本表不直接沿用日間部學生專車。,進修部夜間通勤站點、班次與末班車銜接資訊網站未標示。,進修部官網未標示進修部學生是否具校內宿舍申請資格；本表不直接套用日間部住宿規定。,https://www.google.com/maps/search/?api=1&query=%E5%9C%8B%E7%AB%8B%E8%87%BA%E5%8D%97%E9%AB%98%E7%B4%9A%E5%95%86%E6%A5%AD%E8%81%B7%E6%A5%AD%E5%AD%B8%E6%A0%A1%E9%80%B2%E4%BF%AE%E9%83%A8+702+%E8%87%BA%E5%8D%97%E5%B8%82%E5%8D%97%E5%8D%80%E5%81%A5%E5%BA%B7%E8%B7%AF%E4%B8%80%E6%AE%B5327%E8%99%9F; https://www.tncvs.tn.edu.tw/,https://www.tncvs.tn.edu.tw/,https://www.tncvs.tn.edu.tw/,https://www.google.com/maps/search/?api=1&query=%E5%9C%8B%E7%AB%8B%E8%87%BA%E5%8D%97%E9%AB%98%E7%B4%9A%E5%95%86%E6%A5%AD%E8%81%B7%E6%A5%AD%E5%AD%B8%E6%A0%A1%E9%80%B2%E4%BF%AE%E9%83%A8+702+%E8%87%BA%E5%8D%97%E5%B8%82%E5%8D%97%E5%8D%80%E5%81%A5%E5%BA%B7%E8%B7%AF%E4%B8%80%E6%AE%B5327%E8%99%9F,https://www.tncvs.tn.edu.tw/,https://www.tncvs.tn.edu.tw/,https://www.tncvs.tn.edu.tw/
臺南區,,211301,臺南市私立長榮高級中學,私立,臺南區免試入學日間部,綜高,男女校,臺南市,東區,70142 臺南市東區林森路二段79號,https://www.cjshs.tn.edu.tw/,06-2381711,普通科:255(不限)；電機科:81(不限)；廣告設計科:69(不限)；觀光事業科:81(不限)；多媒體設計科:38(不限),524,524,115學年度臺南區免試入學招生名額（使用者提供 PDF；一般生名額與科別）,普通／綜合高中與專業方向並行，主要招生方向包含普通科、電機科、廣告設計科、觀光事業科、多媒體設計科；實際分流依115學年度校方公告。,,普通／學術課程與專業群科並行，招生方向包含普通科、電機科、廣告設計科、觀光事業科、多媒體設計科；實際分流與選修依115學年度課程計畫。,普通／學術方向以探究與自主學習為主，專業群科另安排實習實作與專題製作；實際內容依各科及115學年度課程計畫。,115學年度上學期校方已公告交通車路線；另可由臺南火車站搭6路至「東門國宅」站、3路至「衛生局」站步行約3–5分鐘，或0右至「長榮女中」站後步行。,校車自115年8月31日起依登記路線搭乘；市公車可依校方列出的6、3、0右等路線通勤。,學校官網未標示115學年度校內學生宿舍申請資訊。,https://www.google.com/maps/search/?api=1&query=%E8%87%BA%E5%8D%97%E5%B8%82%E7%A7%81%E7%AB%8B%E9%95%B7%E6%A6%AE%E9%AB%98%E7%B4%9A%E4%B8%AD%E5%AD%B8+70142+%E8%87%BA%E5%8D%97%E5%B8%82%E6%9D%B1%E5%8D%80%E6%9E%97%E6%A3%AE%E8%B7%AF%E4%BA%8C%E6%AE%B579%E8%99%9F; https://www.cjshs.tn.edu.tw/,https://www.cjshs.tn.edu.tw/p/412-1000-807.php?Lang=zh-tw,https://www.cjshs.tn.edu.tw/,https://www.google.com/maps/search/?api=1&query=%E8%87%BA%E5%8D%97%E5%B8%82%E7%A7%81%E7%AB%8B%E9%95%B7%E6%A6%AE%E9%AB%98%E7%B4%9A%E4%B8%AD%E5%AD%B8+70142+%E8%87%BA%E5%8D%97%E5%B8%82%E6%9D%B1%E5%8D%80%E6%9E%97%E6%A3%AE%E8%B7%AF%E4%BA%8C%E6%AE%B579%E8%99%9F,https://www.cjshs.tn.edu.tw/,https://www.cjshs.tn.edu.tw/,https://www.cjshs.tn.edu.tw/
臺南區,,211302,臺南市私立長榮女子高級中學,私立,臺南區免試入學日間部,高職,男女校,臺南市,東區,70143 臺南市東區長榮路二段135號,https://www.ckgsh.tn.edu.tw/,06-2740381,餐飲管理科:33(不限)；美容科:30(不限)；時尚造型科:39(不限),102,102,115學年度臺南區免試入學招生名額（使用者提供 PDF；一般生名額與科別）,技術型高中，115學年度招生科別為美容、時尚造型、餐飲管理；校方自104學年度起已男女兼收。,,技術型高中，115學年度招生科別為美容、時尚造型、餐飲管理；校方自104學年度起已男女兼收。,各專業科依115學年度課程計畫辦理實習實作、技能訓練與專題製作；未設全校統一題目時以各科／實習處公告為準。,115學年度招生資訊明列校車四大方向：關廟／歸仁／仁德、永康／大灣、本淵寮／北區／樺谷、佳里／西港／安定／安南／中州寮；校門口亦有「長榮女中」公車站。,校車依115學年度校方路線公告；一般大眾運輸可利用校門口公車站。,學校官網未標示115學年度校內學生宿舍申請資訊。,https://www.google.com/maps/search/?api=1&query=%E8%87%BA%E5%8D%97%E5%B8%82%E7%A7%81%E7%AB%8B%E9%95%B7%E6%A6%AE%E5%A5%B3%E5%AD%90%E9%AB%98%E7%B4%9A%E4%B8%AD%E5%AD%B8+70143+%E8%87%BA%E5%8D%97%E5%B8%82%E6%9D%B1%E5%8D%80%E9%95%B7%E6%A6%AE%E8%B7%AF%E4%BA%8C%E6%AE%B5135%E8%99%9F; https://www.ckgsh.tn.edu.tw/,https://www.ckgsh.tn.edu.tw/p/404-1000-625.php?Lang=zh-tw,https://www.ckgsh.tn.edu.tw/,https://www.google.com/maps/search/?api=1&query=%E8%87%BA%E5%8D%97%E5%B8%82%E7%A7%81%E7%AB%8B%E9%95%B7%E6%A6%AE%E5%A5%B3%E5%AD%90%E9%AB%98%E7%B4%9A%E4%B8%AD%E5%AD%B8+70143+%E8%87%BA%E5%8D%97%E5%B8%82%E6%9D%B1%E5%8D%80%E9%95%B7%E6%A6%AE%E8%B7%AF%E4%BA%8C%E6%AE%B5135%E8%99%9F,https://www.ckgsh.tn.edu.tw/,https://www.ckgsh.tn.edu.tw/,https://www.ckgsh.tn.edu.tw/
臺南區,,211304,天主教聖功學校財團法人臺南市天主教聖功女子高級中學,私立,臺南區免試入學日間部,高中,女校,臺南市,北區,704 臺南市北區北園街87巷64號,https://www.skgsh.tn.edu.tw/,06-2740126,普通科:163(女生),163,163,115學年度臺南區免試入學招生名額（使用者提供 PDF；一般生名額與科別）,女子普通型高中；115學年度持續辦理多元選修、自主學習與校本特色課程。,,女子普通型高中；115學年度持續辦理多元選修、自主學習與校本特色課程。,不設技職類固定實習；以探究與實作、自主學習及學習歷程成果為主。網站未標示115學年度全校統一專題題目。,學校官網未標示115學年度完整固定大眾運輸到校路線或固定學生專車班次。,網站未標示所有學生一致的固定通勤時間；Google地圖欄已依官方校址建立查詢入口。,學校官網未標示115學年度校內學生宿舍申請資訊。,https://www.google.com/maps/search/?api=1&query=%E5%A4%A9%E4%B8%BB%E6%95%99%E8%81%96%E5%8A%9F%E5%AD%B8%E6%A0%A1%E8%B2%A1%E5%9C%98%E6%B3%95%E4%BA%BA%E8%87%BA%E5%8D%97%E5%B8%82%E5%A4%A9%E4%B8%BB%E6%95%99%E8%81%96%E5%8A%9F%E5%A5%B3%E5%AD%90%E9%AB%98%E7%B4%9A%E4%B8%AD%E5%AD%B8+704+%E8%87%BA%E5%8D%97%E5%B8%82%E5%8C%97%E5%8D%80%E5%8C%97%E5%9C%92%E8%A1%9787%E5%B7%B764%E8%99%9F; https://www.skgsh.tn.edu.tw/,https://www.skgsh.tn.edu.tw/,https://www.skgsh.tn.edu.tw/,https://www.google.com/maps/search/?api=1&query=%E5%A4%A9%E4%B8%BB%E6%95%99%E8%81%96%E5%8A%9F%E5%AD%B8%E6%A0%A1%E8%B2%A1%E5%9C%98%E6%B3%95%E4%BA%BA%E8%87%BA%E5%8D%97%E5%B8%82%E5%A4%A9%E4%B8%BB%E6%95%99%E8%81%96%E5%8A%9F%E5%A5%B3%E5%AD%90%E9%AB%98%E7%B4%9A%E4%B8%AD%E5%AD%B8+704+%E8%87%BA%E5%8D%97%E5%B8%82%E5%8C%97%E5%8D%80%E5%8C%97%E5%9C%92%E8%A1%9787%E5%B7%B764%E8%99%9F,https://www.skgsh.tn.edu.tw/,https://www.skgsh.tn.edu.tw/,https://www.skgsh.tn.edu.tw/
臺南區,,211310,臺南光華學校財團法人臺南市光華高級中學,私立,臺南區免試入學日間部,綜高,男女校,臺南市,東區,701006 臺南市東區勝利路41號,https://www.khgs.tn.edu.tw/,06-2386501,普通科:85(不限)；綜合高中:115(不限)；商業經營科:35(不限)；餐飲管理科:43(不限)；多媒體設計科:41(不限)；幼兒保育科:22(不限)；流行服飾科:25(不限),366,366,115學年度臺南區免試入學招生名額（使用者提供 PDF；一般生名額與科別）,普通／綜合高中與商業、餐飲、多媒體、幼保、流行服飾等專業方向並行；115學年度另有多媒體設計、餐飲、幼保、流服特色招生。,,普通／綜合高中與商業、餐飲、多媒體、幼保、流行服飾等專業方向並行；115學年度另有多媒體設計、餐飲、幼保、流服特色招生。,專業群科依課程辦理多媒體設計、餐飲、幼保、流行服飾等實作與作品製作；普通／綜高另有自主學習與探究成果。,學校官網未標示115學年度完整固定大眾運輸到校路線或固定學生專車班次。,網站未標示所有學生一致的固定通勤時間；Google地圖欄已依官方校址建立查詢入口。,校方現行聯絡資訊明列學生宿舍與宿舍分機，可確認設有學生宿舍；115學年度床位與申請資格依校方當年度公告。,https://www.google.com/maps/search/?api=1&query=%E8%87%BA%E5%8D%97%E5%85%89%E8%8F%AF%E5%AD%B8%E6%A0%A1%E8%B2%A1%E5%9C%98%E6%B3%95%E4%BA%BA%E8%87%BA%E5%8D%97%E5%B8%82%E5%85%89%E8%8F%AF%E9%AB%98%E7%B4%9A%E4%B8%AD%E5%AD%B8+701006+%E8%87%BA%E5%8D%97%E5%B8%82%E6%9D%B1%E5%8D%80%E5%8B%9D%E5%88%A9%E8%B7%AF41%E8%99%9F; https://www.khgs.tn.edu.tw/,https://www.khgs.tn.edu.tw/,https://www.khgs.tn.edu.tw/2019/dept_tel.html,https://www.google.com/maps/search/?api=1&query=%E8%87%BA%E5%8D%97%E5%85%89%E8%8F%AF%E5%AD%B8%E6%A0%A1%E8%B2%A1%E5%9C%98%E6%B3%95%E4%BA%BA%E8%87%BA%E5%8D%97%E5%B8%82%E5%85%89%E8%8F%AF%E9%AB%98%E7%B4%9A%E4%B8%AD%E5%AD%B8+701006+%E8%87%BA%E5%8D%97%E5%B8%82%E6%9D%B1%E5%8D%80%E5%8B%9D%E5%88%A9%E8%B7%AF41%E8%99%9F,https://www.khgs.tn.edu.tw/,https://www.khgs.tn.edu.tw/,https://www.khgs.tn.edu.tw/
臺南區,,211315,臺南市私立瀛海高級中學,私立,臺南區免試入學日間部,高中,男女校,臺南市,安南區,709 臺南市安南區長溪路一段76號,https://www.yhsh.tn.edu.tw/,06-2568582,普通科:172(不限),172,172,115學年度臺南區免試入學招生名額（使用者提供 PDF；一般生名額與科別）,普通型高中；特色班、實驗班與資優／藝才班依115學年度校方公告。,,普通型高中課程，以部定必修、加深加廣、多元選修、彈性學習與自主學習為主；校本與特色課程依115學年度課程計畫。,不設技職類固定實習；以探究與實作、自主學習及學習歷程成果為主。網站未標示115學年度全校統一專題題目。,校方115學年度第1學期已公告學生交通車時刻表。,學生專車依115-1校方最新路線與時刻表搭乘。,學校官網未標示115學年度校內學生宿舍申請資訊。,https://www.google.com/maps/search/?api=1&query=%E8%87%BA%E5%8D%97%E5%B8%82%E7%A7%81%E7%AB%8B%E7%80%9B%E6%B5%B7%E9%AB%98%E7%B4%9A%E4%B8%AD%E5%AD%B8+709+%E8%87%BA%E5%8D%97%E5%B8%82%E5%AE%89%E5%8D%97%E5%8D%80%E9%95%B7%E6%BA%AA%E8%B7%AF%E4%B8%80%E6%AE%B576%E8%99%9F; https://www.yhsh.tn.edu.tw/,https://www.yhsh.tn.edu.tw/,https://www.yhsh.tn.edu.tw/,https://www.google.com/maps/search/?api=1&query=%E8%87%BA%E5%8D%97%E5%B8%82%E7%A7%81%E7%AB%8B%E7%80%9B%E6%B5%B7%E9%AB%98%E7%B4%9A%E4%B8%AD%E5%AD%B8+709+%E8%87%BA%E5%8D%97%E5%B8%82%E5%AE%89%E5%8D%97%E5%8D%80%E9%95%B7%E6%BA%AA%E8%B7%AF%E4%B8%80%E6%AE%B576%E8%99%9F,https://www.yhsh.tn.edu.tw/,https://www.yhsh.tn.edu.tw/,https://www.yhsh.tn.edu.tw/
臺南區,,211317,崑山國際學校財團法人臺南市崑山高級中等學校,私立,臺南區免試入學日間部,高中,男女校,臺南市,北區,704032 臺南市北區開元路444號,https://www.ksis.tn.edu.tw/,06-2364408,普通科:40(不限),40,40,115學年度臺南區免試入學招生名額（使用者提供 PDF；一般生名額與科別）,普通型高中；特色班、實驗班與資優／藝才班依115學年度校方公告。,,普通型高中課程，以部定必修、加深加廣、多元選修、彈性學習與自主學習為主；校本與特色課程依115學年度課程計畫。,不設技職類固定實習；以探究與實作、自主學習及學習歷程成果為主。網站未標示115學年度全校統一專題題目。,學校官網未標示115學年度完整固定大眾運輸到校路線或固定學生專車班次。,網站未標示所有學生一致的固定通勤時間；Google地圖欄已依官方校址建立查詢入口。,學校官網未標示115學年度校內學生宿舍申請資訊。,https://www.google.com/maps/search/?api=1&query=%E5%B4%91%E5%B1%B1%E5%9C%8B%E9%9A%9B%E5%AD%B8%E6%A0%A1%E8%B2%A1%E5%9C%98%E6%B3%95%E4%BA%BA%E8%87%BA%E5%8D%97%E5%B8%82%E5%B4%91%E5%B1%B1%E9%AB%98%E7%B4%9A%E4%B8%AD%E7%AD%89%E5%AD%B8%E6%A0%A1+704032+%E8%87%BA%E5%8D%97%E5%B8%82%E5%8C%97%E5%8D%80%E9%96%8B%E5%85%83%E8%B7%AF444%E8%99%9F; https://www.ksis.tn.edu.tw/,https://www.ksis.tn.edu.tw/,https://www.ksis.tn.edu.tw/,https://www.google.com/maps/search/?api=1&query=%E5%B4%91%E5%B1%B1%E5%9C%8B%E9%9A%9B%E5%AD%B8%E6%A0%A1%E8%B2%A1%E5%9C%98%E6%B3%95%E4%BA%BA%E8%87%BA%E5%8D%97%E5%B8%82%E5%B4%91%E5%B1%B1%E9%AB%98%E7%B4%9A%E4%B8%AD%E7%AD%89%E5%AD%B8%E6%A0%A1+704032+%E8%87%BA%E5%8D%97%E5%B8%82%E5%8C%97%E5%8D%80%E9%96%8B%E5%85%83%E8%B7%AF444%E8%99%9F,https://www.ksis.tn.edu.tw/,https://www.ksis.tn.edu.tw/,https://www.ksis.tn.edu.tw/
臺南區,,211318,臺南市德光高級中學,私立,臺南區免試入學日間部,高中,男女校,臺南市,東區,701 臺南市東區德光街106號,https://www.tkgsh.tn.edu.tw/,06-2894560,普通科:176(不限),176,176,115學年度臺南區免試入學招生名額（使用者提供 PDF；一般生名額與科別）,普通型高中；特色班、實驗班與資優／藝才班依115學年度校方公告。,,普通型高中課程，以部定必修、加深加廣、多元選修、彈性學習與自主學習為主；校本與特色課程依115學年度課程計畫。,不設技職類固定實習；以探究與實作、自主學習及學習歷程成果為主。網站未標示115學年度全校統一專題題目。,學校官網未標示115學年度完整固定大眾運輸到校路線或固定學生專車班次。,網站未標示所有學生一致的固定通勤時間；Google地圖欄已依官方校址建立查詢入口。,學校官網未標示115學年度校內學生宿舍申請資訊。,https://www.google.com/maps/search/?api=1&query=%E8%87%BA%E5%8D%97%E5%B8%82%E5%BE%B7%E5%85%89%E9%AB%98%E7%B4%9A%E4%B8%AD%E5%AD%B8+701+%E8%87%BA%E5%8D%97%E5%B8%82%E6%9D%B1%E5%8D%80%E5%BE%B7%E5%85%89%E8%A1%97106%E8%99%9F; https://www.tkgsh.tn.edu.tw/,https://www.tkgsh.tn.edu.tw/,https://www.tkgsh.tn.edu.tw/,https://www.google.com/maps/search/?api=1&query=%E8%87%BA%E5%8D%97%E5%B8%82%E5%BE%B7%E5%85%89%E9%AB%98%E7%B4%9A%E4%B8%AD%E5%AD%B8+701+%E8%87%BA%E5%8D%97%E5%B8%82%E6%9D%B1%E5%8D%80%E5%BE%B7%E5%85%89%E8%A1%97106%E8%99%9F,https://www.tkgsh.tn.edu.tw/,https://www.tkgsh.tn.edu.tw/,https://www.tkgsh.tn.edu.tw/
臺南區,,211320,慈濟學校財團法人臺南市私立慈濟高級中學,私立,臺南區免試入學日間部,高中,男女校,臺南市,安平區,708 臺南市安平區建平五街111號,https://www.tcsh.tn.edu.tw/,06-2932323,普通科:118(不限),118,118,115學年度臺南區免試入學招生名額（使用者提供 PDF；一般生名額與科別）,普通型高中；特色班、實驗班與資優／藝才班依115學年度校方公告。,,普通型高中課程，以部定必修、加深加廣、多元選修、彈性學習與自主學習為主；校本與特色課程依115學年度課程計畫。,不設技職類固定實習；以探究與實作、自主學習及學習歷程成果為主。網站未標示115學年度全校統一專題題目。,學校官網未標示115學年度完整固定大眾運輸到校路線或固定學生專車班次。,網站未標示所有學生一致的固定通勤時間；Google地圖欄已依官方校址建立查詢入口。,學校官網未標示115學年度校內學生宿舍申請資訊。,https://www.google.com/maps/search/?api=1&query=%E6%85%88%E6%BF%9F%E5%AD%B8%E6%A0%A1%E8%B2%A1%E5%9C%98%E6%B3%95%E4%BA%BA%E8%87%BA%E5%8D%97%E5%B8%82%E7%A7%81%E7%AB%8B%E6%85%88%E6%BF%9F%E9%AB%98%E7%B4%9A%E4%B8%AD%E5%AD%B8+708+%E8%87%BA%E5%8D%97%E5%B8%82%E5%AE%89%E5%B9%B3%E5%8D%80%E5%BB%BA%E5%B9%B3%E4%BA%94%E8%A1%97111%E8%99%9F; https://www.tcsh.tn.edu.tw/,https://www.tcsh.tn.edu.tw/,https://www.tcsh.tn.edu.tw/,https://www.google.com/maps/search/?api=1&query=%E6%85%88%E6%BF%9F%E5%AD%B8%E6%A0%A1%E8%B2%A1%E5%9C%98%E6%B3%95%E4%BA%BA%E8%87%BA%E5%8D%97%E5%B8%82%E7%A7%81%E7%AB%8B%E6%85%88%E6%BF%9F%E9%AB%98%E7%B4%9A%E4%B8%AD%E5%AD%B8+708+%E8%87%BA%E5%8D%97%E5%B8%82%E5%AE%89%E5%B9%B3%E5%8D%80%E5%BB%BA%E5%B9%B3%E4%BA%94%E8%A1%97111%E8%99%9F,https://www.tcsh.tn.edu.tw/,https://www.tcsh.tn.edu.tw/,https://www.tcsh.tn.edu.tw/
臺南區,,211407,臺南市私立南英高級商工職業學校,私立,臺南區免試入學日間部,高職,男女校,臺南市,中西區,700190 臺南市中西區永福路一段149號,https://www.nyvs.tn.edu.tw/,06-2132222,汽車科:19(不限)；電機空調科:35(不限)；餐飲管理科:53(不限)；應用日語科:16(不限)；電影電視科:21(不限)；多媒體動畫科:16(不限),160,160,115學年度臺南區免試入學招生名額（使用者提供 PDF；一般生名額與科別）,以汽車科、電機空調科、餐飲管理科、應用日語科、電影電視科、多媒體動畫科等專業群科為主；特色班與實用技能／建教課程依115學年度校方公告。,,技術型高中主要專業方向包含汽車科、電機空調科、餐飲管理科、應用日語科、電影電視科、多媒體動畫科；依各科115學年度課程計畫安排專業科目、實習實作與校訂選修。,各專業科依115學年度課程計畫辦理實習實作、技能訓練與專題製作；未設全校統一題目時以各科／實習處公告為準。,學校官網未標示115學年度完整固定大眾運輸到校路線或固定學生專車班次。,網站未標示所有學生一致的固定通勤時間；Google地圖欄已依官方校址建立查詢入口。,學校官網未標示115學年度校內學生宿舍申請資訊。,https://www.google.com/maps/search/?api=1&query=%E8%87%BA%E5%8D%97%E5%B8%82%E7%A7%81%E7%AB%8B%E5%8D%97%E8%8B%B1%E9%AB%98%E7%B4%9A%E5%95%86%E5%B7%A5%E8%81%B7%E6%A5%AD%E5%AD%B8%E6%A0%A1+700190+%E8%87%BA%E5%8D%97%E5%B8%82%E4%B8%AD%E8%A5%BF%E5%8D%80%E6%B0%B8%E7%A6%8F%E8%B7%AF%E4%B8%80%E6%AE%B5149%E8%99%9F; https://www.nyvs.tn.edu.tw/,https://www.nyvs.tn.edu.tw/,https://www.nyvs.tn.edu.tw/,https://www.google.com/maps/search/?api=1&query=%E8%87%BA%E5%8D%97%E5%B8%82%E7%A7%81%E7%AB%8B%E5%8D%97%E8%8B%B1%E9%AB%98%E7%B4%9A%E5%95%86%E5%B7%A5%E8%81%B7%E6%A5%AD%E5%AD%B8%E6%A0%A1+700190+%E8%87%BA%E5%8D%97%E5%B8%82%E4%B8%AD%E8%A5%BF%E5%8D%80%E6%B0%B8%E7%A6%8F%E8%B7%AF%E4%B8%80%E6%AE%B5149%E8%99%9F,https://www.nyvs.tn.edu.tw/,https://www.nyvs.tn.edu.tw/,https://www.nyvs.tn.edu.tw/
臺南區,,211412,臺南市亞洲高級餐旅職業學校,私立,臺南區免試入學日間部,高職,男女校,臺南市,南區,702 臺南市南區大成路一段5號,https://www.asvs.tn.edu.tw/,06-2640175,餐飲管理科:75(不限),75,75,115學年度臺南區免試入學招生名額（使用者提供 PDF；一般生名額與科別）,以餐飲管理科等專業群科為主；特色班與實用技能／建教課程依115學年度校方公告。,,技術型高中主要專業方向包含餐飲管理科；依各科115學年度課程計畫安排專業科目、實習實作與校訂選修。,各專業科依115學年度課程計畫辦理實習實作、技能訓練與專題製作；未設全校統一題目時以各科／實習處公告為準。,學校官網未標示115學年度完整固定大眾運輸到校路線或固定學生專車班次。,網站未標示所有學生一致的固定通勤時間；Google地圖欄已依官方校址建立查詢入口。,學校官網未標示115學年度校內學生宿舍申請資訊。,https://www.google.com/maps/search/?api=1&query=%E8%87%BA%E5%8D%97%E5%B8%82%E4%BA%9E%E6%B4%B2%E9%AB%98%E7%B4%9A%E9%A4%90%E6%97%85%E8%81%B7%E6%A5%AD%E5%AD%B8%E6%A0%A1+702+%E8%87%BA%E5%8D%97%E5%B8%82%E5%8D%97%E5%8D%80%E5%A4%A7%E6%88%90%E8%B7%AF%E4%B8%80%E6%AE%B55%E8%99%9F; https://www.asvs.tn.edu.tw/,https://www.asvs.tn.edu.tw/,https://www.asvs.tn.edu.tw/,https://www.google.com/maps/search/?api=1&query=%E8%87%BA%E5%8D%97%E5%B8%82%E4%BA%9E%E6%B4%B2%E9%AB%98%E7%B4%9A%E9%A4%90%E6%97%85%E8%81%B7%E6%A5%AD%E5%AD%B8%E6%A0%A1+702+%E8%87%BA%E5%8D%97%E5%B8%82%E5%8D%97%E5%8D%80%E5%A4%A7%E6%88%90%E8%B7%AF%E4%B8%80%E6%AE%B55%E8%99%9F,https://www.asvs.tn.edu.tw/,https://www.asvs.tn.edu.tw/,https://www.asvs.tn.edu.tw/
臺南區,,211419,臺南市私立慈幼高級工商職業學校,私立,臺南區免試入學日間部,高職,男女校,臺南市,東區,701 臺南市東區裕農路801號,https://www.ssvs.tn.edu.tw/,06-2362106,電機與電子群不分科:75(不限)；汽車科:30(不限)；烘焙科:36(不限),141,141,115學年度臺南區免試入學招生名額（使用者提供 PDF；一般生名額與科別）,以電機與電子群不分科、汽車科、烘焙科等專業群科為主；特色班與實用技能／建教課程依115學年度校方公告。,,技術型高中主要專業方向包含電機與電子群不分科、汽車科、烘焙科；依各科115學年度課程計畫安排專業科目、實習實作與校訂選修。,各專業科依115學年度課程計畫辦理實習實作、技能訓練與專題製作；未設全校統一題目時以各科／實習處公告為準。,學校官網未標示115學年度完整固定大眾運輸到校路線或固定學生專車班次。,網站未標示所有學生一致的固定通勤時間；Google地圖欄已依官方校址建立查詢入口。,學校官網未標示115學年度校內學生宿舍申請資訊。,https://www.google.com/maps/search/?api=1&query=%E8%87%BA%E5%8D%97%E5%B8%82%E7%A7%81%E7%AB%8B%E6%85%88%E5%B9%BC%E9%AB%98%E7%B4%9A%E5%B7%A5%E5%95%86%E8%81%B7%E6%A5%AD%E5%AD%B8%E6%A0%A1+701+%E8%87%BA%E5%8D%97%E5%B8%82%E6%9D%B1%E5%8D%80%E8%A3%95%E8%BE%B2%E8%B7%AF801%E8%99%9F; https://www.ssvs.tn.edu.tw/,https://www.ssvs.tn.edu.tw/,https://www.ssvs.tn.edu.tw/,https://www.google.com/maps/search/?api=1&query=%E8%87%BA%E5%8D%97%E5%B8%82%E7%A7%81%E7%AB%8B%E6%85%88%E5%B9%BC%E9%AB%98%E7%B4%9A%E5%B7%A5%E5%95%86%E8%81%B7%E6%A5%AD%E5%AD%B8%E6%A0%A1+701+%E8%87%BA%E5%8D%97%E5%B8%82%E6%9D%B1%E5%8D%80%E8%A3%95%E8%BE%B2%E8%B7%AF801%E8%99%9F,https://www.ssvs.tn.edu.tw/,https://www.ssvs.tn.edu.tw/,https://www.ssvs.tn.edu.tw/
臺南區,,211B14,臺南市六信高級中學進修部,私立,臺南區免試入學進修部,進修部,男女校,臺南市,南區,702 臺南市南區新都路20號,https://www.lhvs.tn.edu.tw/,06-2619885,資料處理科(夜間班):5(不限)；餐飲管理科(夜間班):5(不限)；照顧服務科(夜間班):5(不限),15,15,115學年度臺南區免試入學招生名額（使用者提供 PDF；一般生名額與科別）,進修部主要招生方向為資料處理科、餐飲管理科、照顧服務科；實際課程與特色依115學年度進修部公告。,,進修部課程依115學年度進修部課程計畫辦理，招生方向包含資料處理科、餐飲管理科、照顧服務科。,依進修部招生科別安排專業實作；網站未標示115學年度進修部全校統一專題題目，實際內容以進修部及各科公告為準。,進修部官網未標示115學年度夜間固定學生專車或完整大眾運輸銜接班次；本表不直接沿用日間部學生專車。,進修部夜間通勤站點、班次與末班車銜接資訊網站未標示。,進修部官網未標示進修部學生是否具校內宿舍申請資格；本表不直接套用日間部住宿規定。,https://www.google.com/maps/search/?api=1&query=%E8%87%BA%E5%8D%97%E5%B8%82%E5%85%AD%E4%BF%A1%E9%AB%98%E7%B4%9A%E4%B8%AD%E5%AD%B8%E9%80%B2%E4%BF%AE%E9%83%A8+702+%E8%87%BA%E5%8D%97%E5%B8%82%E5%8D%97%E5%8D%80%E6%96%B0%E9%83%BD%E8%B7%AF20%E8%99%9F; https://www.lhvs.tn.edu.tw/,https://www.lhvs.tn.edu.tw/,https://www.lhvs.tn.edu.tw/,https://www.google.com/maps/search/?api=1&query=%E8%87%BA%E5%8D%97%E5%B8%82%E5%85%AD%E4%BF%A1%E9%AB%98%E7%B4%9A%E4%B8%AD%E5%AD%B8%E9%80%B2%E4%BF%AE%E9%83%A8+702+%E8%87%BA%E5%8D%97%E5%B8%82%E5%8D%97%E5%8D%80%E6%96%B0%E9%83%BD%E8%B7%AF20%E8%99%9F,https://www.lhvs.tn.edu.tw/,https://www.lhvs.tn.edu.tw/,https://www.lhvs.tn.edu.tw/
臺南區,,211C07,臺南市私立南英高級商工職業學校進修部,私立,臺南區免試入學進修部,進修部,男女校,臺南市,中西區,700190 臺南市中西區永福路一段149號,https://www.nyvs.tn.edu.tw/,06-2132222,汽車科(夜間班):15(不限)；餐飲管理科(夜間班):15(不限),30,30,115學年度臺南區免試入學招生名額（使用者提供 PDF；一般生名額與科別）,進修部主要招生方向為汽車科、餐飲管理科；實際課程與特色依115學年度進修部公告。,,進修部課程依115學年度進修部課程計畫辦理，招生方向包含汽車科、餐飲管理科。,依進修部招生科別安排專業實作；網站未標示115學年度進修部全校統一專題題目，實際內容以進修部及各科公告為準。,進修部官網未標示115學年度夜間固定學生專車或完整大眾運輸銜接班次；本表不直接沿用日間部學生專車。,進修部夜間通勤站點、班次與末班車銜接資訊網站未標示。,進修部官網未標示進修部學生是否具校內宿舍申請資格；本表不直接套用日間部住宿規定。,https://www.google.com/maps/search/?api=1&query=%E8%87%BA%E5%8D%97%E5%B8%82%E7%A7%81%E7%AB%8B%E5%8D%97%E8%8B%B1%E9%AB%98%E7%B4%9A%E5%95%86%E5%B7%A5%E8%81%B7%E6%A5%AD%E5%AD%B8%E6%A0%A1%E9%80%B2%E4%BF%AE%E9%83%A8+700190+%E8%87%BA%E5%8D%97%E5%B8%82%E4%B8%AD%E8%A5%BF%E5%8D%80%E6%B0%B8%E7%A6%8F%E8%B7%AF%E4%B8%80%E6%AE%B5149%E8%99%9F; https://www.nyvs.tn.edu.tw/,https://www.nyvs.tn.edu.tw/,https://www.nyvs.tn.edu.tw/,https://www.google.com/maps/search/?api=1&query=%E8%87%BA%E5%8D%97%E5%B8%82%E7%A7%81%E7%AB%8B%E5%8D%97%E8%8B%B1%E9%AB%98%E7%B4%9A%E5%95%86%E5%B7%A5%E8%81%B7%E6%A5%AD%E5%AD%B8%E6%A0%A1%E9%80%B2%E4%BF%AE%E9%83%A8+700190+%E8%87%BA%E5%8D%97%E5%B8%82%E4%B8%AD%E8%A5%BF%E5%8D%80%E6%B0%B8%E7%A6%8F%E8%B7%AF%E4%B8%80%E6%AE%B5149%E8%99%9F,https://www.nyvs.tn.edu.tw/,https://www.nyvs.tn.edu.tw/,https://www.nyvs.tn.edu.tw/
臺南區,,211C12,臺南市亞洲高級餐旅職業學校進修部,私立,臺南區免試入學進修部,進修部,男女校,臺南市,南區,702 臺南市南區大成路一段5號,https://www.asvs.tn.edu.tw/,06-2640175,烘焙科(夜間班):33(不限),33,33,115學年度臺南區免試入學招生名額（使用者提供 PDF；一般生名額與科別）,進修部主要招生方向為烘焙科；實際課程與特色依115學年度進修部公告。,,進修部課程依115學年度進修部課程計畫辦理，招生方向包含烘焙科。,依進修部招生科別安排專業實作；網站未標示115學年度進修部全校統一專題題目，實際內容以進修部及各科公告為準。,進修部官網未標示115學年度夜間固定學生專車或完整大眾運輸銜接班次；本表不直接沿用日間部學生專車。,進修部夜間通勤站點、班次與末班車銜接資訊網站未標示。,進修部官網未標示進修部學生是否具校內宿舍申請資格；本表不直接套用日間部住宿規定。,https://www.google.com/maps/search/?api=1&query=%E8%87%BA%E5%8D%97%E5%B8%82%E4%BA%9E%E6%B4%B2%E9%AB%98%E7%B4%9A%E9%A4%90%E6%97%85%E8%81%B7%E6%A5%AD%E5%AD%B8%E6%A0%A1%E9%80%B2%E4%BF%AE%E9%83%A8+702+%E8%87%BA%E5%8D%97%E5%B8%82%E5%8D%97%E5%8D%80%E5%A4%A7%E6%88%90%E8%B7%AF%E4%B8%80%E6%AE%B55%E8%99%9F; https://www.asvs.tn.edu.tw/,https://www.asvs.tn.edu.tw/,https://www.asvs.tn.edu.tw/,https://www.google.com/maps/search/?api=1&query=%E8%87%BA%E5%8D%97%E5%B8%82%E4%BA%9E%E6%B4%B2%E9%AB%98%E7%B4%9A%E9%A4%90%E6%97%85%E8%81%B7%E6%A5%AD%E5%AD%B8%E6%A0%A1%E9%80%B2%E4%BF%AE%E9%83%A8+702+%E8%87%BA%E5%8D%97%E5%B8%82%E5%8D%97%E5%8D%80%E5%A4%A7%E6%88%90%E8%B7%AF%E4%B8%80%E6%AE%B55%E8%99%9F,https://www.asvs.tn.edu.tw/,https://www.asvs.tn.edu.tw/,https://www.asvs.tn.edu.tw/
臺南區,,211C19,臺南市私立慈幼高級工商職業學校進修部,私立,臺南區免試入學進修部,進修部,男女校,臺南市,東區,701 臺南市東區裕農路801號,https://www.ssvs.tn.edu.tw/,06-2362106,汽車科(夜間班):19(不限)；資訊科(夜間班):19(不限),38,38,115學年度臺南區免試入學招生名額（使用者提供 PDF；一般生名額與科別）,進修部主要招生方向為汽車科、資訊科；實際課程與特色依115學年度進修部公告。,,進修部課程依115學年度進修部課程計畫辦理，招生方向包含汽車科、資訊科。,依進修部招生科別安排專業實作；網站未標示115學年度進修部全校統一專題題目，實際內容以進修部及各科公告為準。,進修部官網未標示115學年度夜間固定學生專車或完整大眾運輸銜接班次；本表不直接沿用日間部學生專車。,進修部夜間通勤站點、班次與末班車銜接資訊網站未標示。,進修部官網未標示進修部學生是否具校內宿舍申請資格；本表不直接套用日間部住宿規定。,https://www.google.com/maps/search/?api=1&query=%E8%87%BA%E5%8D%97%E5%B8%82%E7%A7%81%E7%AB%8B%E6%85%88%E5%B9%BC%E9%AB%98%E7%B4%9A%E5%B7%A5%E5%95%86%E8%81%B7%E6%A5%AD%E5%AD%B8%E6%A0%A1%E9%80%B2%E4%BF%AE%E9%83%A8+701+%E8%87%BA%E5%8D%97%E5%B8%82%E6%9D%B1%E5%8D%80%E8%A3%95%E8%BE%B2%E8%B7%AF801%E8%99%9F; https://www.ssvs.tn.edu.tw/,https://www.ssvs.tn.edu.tw/,https://www.ssvs.tn.edu.tw/,https://www.google.com/maps/search/?api=1&query=%E8%87%BA%E5%8D%97%E5%B8%82%E7%A7%81%E7%AB%8B%E6%85%88%E5%B9%BC%E9%AB%98%E7%B4%9A%E5%B7%A5%E5%95%86%E8%81%B7%E6%A5%AD%E5%AD%B8%E6%A0%A1%E9%80%B2%E4%BF%AE%E9%83%A8+701+%E8%87%BA%E5%8D%97%E5%B8%82%E6%9D%B1%E5%8D%80%E8%A3%95%E8%BE%B2%E8%B7%AF801%E8%99%9F,https://www.ssvs.tn.edu.tw/,https://www.ssvs.tn.edu.tw/,https://www.ssvs.tn.edu.tw/
臺南區,,213303,臺南市立南寧高級中學,公立,臺南區免試入學日間部,高中,男女校,臺南市,南區,702 臺南市南區萬年路167號,https://www.nnjh.tn.edu.tw/,06-2622458,普通科:77(不限),77,77,115學年度臺南區免試入學招生名額（使用者提供 PDF；一般生名額與科別）,普通型高中；特色班、實驗班與資優／藝才班依115學年度校方公告。,,普通型高中課程，以部定必修、加深加廣、多元選修、彈性學習與自主學習為主；校本與特色課程依115學年度課程計畫。,不設技職類固定實習；以探究與實作、自主學習及學習歷程成果為主。網站未標示115學年度全校統一專題題目。,學校官網未標示115學年度完整固定大眾運輸到校路線或固定學生專車班次。,網站未標示所有學生一致的固定通勤時間；Google地圖欄已依官方校址建立查詢入口。,學校官網未標示115學年度校內學生宿舍申請資訊。,https://www.google.com/maps/search/?api=1&query=%E8%87%BA%E5%8D%97%E5%B8%82%E7%AB%8B%E5%8D%97%E5%AF%A7%E9%AB%98%E7%B4%9A%E4%B8%AD%E5%AD%B8+702+%E8%87%BA%E5%8D%97%E5%B8%82%E5%8D%97%E5%8D%80%E8%90%AC%E5%B9%B4%E8%B7%AF167%E8%99%9F; https://www.nnjh.tn.edu.tw/,https://www.nnjh.tn.edu.tw/,https://www.nnjh.tn.edu.tw/,https://www.google.com/maps/search/?api=1&query=%E8%87%BA%E5%8D%97%E5%B8%82%E7%AB%8B%E5%8D%97%E5%AF%A7%E9%AB%98%E7%B4%9A%E4%B8%AD%E5%AD%B8+702+%E8%87%BA%E5%8D%97%E5%B8%82%E5%8D%97%E5%8D%80%E8%90%AC%E5%B9%B4%E8%B7%AF167%E8%99%9F,https://www.nnjh.tn.edu.tw/,https://www.nnjh.tn.edu.tw/,https://www.nnjh.tn.edu.tw/
臺南區,,213316,臺南市立土城高級中學,公立,臺南區免試入學日間部,高中,男女校,臺南市,安南區,709 臺南市安南區安中路五段265號,https://www.tcjh.tn.edu.tw/,06-2577014,普通科:60(不限),60,60,115學年度臺南區免試入學招生名額（使用者提供 PDF；一般生名額與科別）,普通型高中；特色班、實驗班與資優／藝才班依115學年度校方公告。,,普通型高中課程，以部定必修、加深加廣、多元選修、彈性學習與自主學習為主；校本與特色課程依115學年度課程計畫。,不設技職類固定實習；以探究與實作、自主學習及學習歷程成果為主。網站未標示115學年度全校統一專題題目。,學校官網未標示115學年度完整固定大眾運輸到校路線或固定學生專車班次。,網站未標示所有學生一致的固定通勤時間；Google地圖欄已依官方校址建立查詢入口。,學校官網未標示115學年度校內學生宿舍申請資訊。,https://www.google.com/maps/search/?api=1&query=%E8%87%BA%E5%8D%97%E5%B8%82%E7%AB%8B%E5%9C%9F%E5%9F%8E%E9%AB%98%E7%B4%9A%E4%B8%AD%E5%AD%B8+709+%E8%87%BA%E5%8D%97%E5%B8%82%E5%AE%89%E5%8D%97%E5%8D%80%E5%AE%89%E4%B8%AD%E8%B7%AF%E4%BA%94%E6%AE%B5265%E8%99%9F; https://www.tcjh.tn.edu.tw/,https://www.tcjh.tn.edu.tw/,https://www.tcjh.tn.edu.tw/,https://www.google.com/maps/search/?api=1&query=%E8%87%BA%E5%8D%97%E5%B8%82%E7%AB%8B%E5%9C%9F%E5%9F%8E%E9%AB%98%E7%B4%9A%E4%B8%AD%E5%AD%B8+709+%E8%87%BA%E5%8D%97%E5%B8%82%E5%AE%89%E5%8D%97%E5%8D%80%E5%AE%89%E4%B8%AD%E8%B7%AF%E4%BA%94%E6%AE%B5265%E8%99%9F,https://www.tcjh.tn.edu.tw/,https://www.tcjh.tn.edu.tw/,https://www.tcjh.tn.edu.tw/
高雄區,,120303,國立鳳山高中,公立,高雄區學校名錄,高中,男女校,高雄市,鳳山區,高雄市鳳山區光復路二段130號,https://www.fssh.khc.edu.tw/,(07)7463150,普通科(日)；數理資優班(日),,,教育部統計處《高級中等學校概況統計》114學年度校別資料；115學年度實際招生名額待該區免試入學委員會公告端點恢復後再寫入。,請以各校當年度公告為準,,普通型高中課程，以部定必修、加深加廣、多元選修、彈性學習與自主學習為主；另有數理資優班等特色班別。,不設技職類固定實習；以探究與實作、自主學習及學習歷程成果為主。網站未標示115學年度全校統一專題題目。,115學年度第1學期校方已公告學生交通專車登記與兩條路線；實際停靠站、座位與時間依校方115-1最新公告。,學生專車須依115-1校方登記與座位表搭乘；未登記者不可視為固定可搭乘。,學校官網未標示115學年度校內學生宿舍申請資訊。,https://www.google.com/maps/search/?api=1&query=%E9%AB%98%E9%9B%84%E5%B8%82%E9%B3%B3%E5%B1%B1%E5%8D%80%E5%85%89%E5%BE%A9%E8%B7%AF%E4%BA%8C%E6%AE%B5130%E8%99%9F; https://www.fssh.khc.edu.tw/,https://www.fssh.khc.edu.tw/,https://www.fssh.khc.edu.tw/,https://www.google.com/maps/search/?api=1&query=%E9%AB%98%E9%9B%84%E5%B8%82%E9%B3%B3%E5%B1%B1%E5%8D%80%E5%85%89%E5%BE%A9%E8%B7%AF%E4%BA%8C%E6%AE%B5130%E8%99%9F,https://www.fssh.khc.edu.tw/,https://www.fssh.khc.edu.tw/,https://www.fssh.khc.edu.tw/
高雄區,,120304,國立岡山高中,公立,高雄區學校名錄,高中,男女校,高雄市,岡山區,高雄市岡山區公園路52號,https://www.kssh.khc.edu.tw/,(07)6212033,普通科(日)；體育班(日),,,教育部統計處《高級中等學校概況統計》114學年度校別資料；115學年度實際招生名額待該區免試入學委員會公告端點恢復後再寫入。,請以各校當年度公告為準,,普通型高中課程，以部定必修、加深加廣、多元選修、彈性學習與自主學習為主；另有體育班等特色班別。,不設技職類固定實習；以探究與實作、自主學習及學習歷程成果為主。網站未標示115學年度全校統一專題題目。,學校官網未標示115學年度完整固定大眾運輸到校路線或固定學生專車班次。,網站未標示所有學生一致的固定通勤時間；請依官方校址與即時大眾運輸班次查詢。,學校官網未標示115學年度校內學生宿舍申請資訊。,https://www.google.com/maps/search/?api=1&query=%E9%AB%98%E9%9B%84%E5%B8%82%E5%B2%A1%E5%B1%B1%E5%8D%80%E5%85%AC%E5%9C%92%E8%B7%AF52%E8%99%9F; https://www.kssh.khc.edu.tw/,https://www.kssh.khc.edu.tw/,https://www.kssh.khc.edu.tw/,https://www.google.com/maps/search/?api=1&query=%E9%AB%98%E9%9B%84%E5%B8%82%E5%B2%A1%E5%B1%B1%E5%8D%80%E5%85%AC%E5%9C%92%E8%B7%AF52%E8%99%9F,https://www.kssh.khc.edu.tw/,https://www.kssh.khc.edu.tw/p/412-1001-613.php,https://www.kssh.khc.edu.tw/p/412-1001-613.php
高雄區,,120311,國立旗美高中,公立,高雄區學校名錄,綜高,男女校,高雄市,旗山區,高雄市旗山區東平里樹人路21號,https://www.cmsh.khc.edu.tw/,(07)6612502,普通科(日)；體育班(日)；多媒體設計科(日)；家政科(日)；幼兒保育科(日),,,教育部統計處《高級中等學校概況統計》114學年度校別資料；115學年度實際招生名額待該區免試入學委員會公告端點恢復後再寫入。,請以各校當年度公告為準,,普通／學術課程與專業群科並行，招生／專業方向包含普通科、多媒體設計科、家政科、幼兒保育科；實際分流依115學年度校方課程計畫。,專業群科依各科課程辦理實習實作、技能訓練與專題製作；網站未標示115學年度全校統一專題題目時，以各科／實習處公告為準。,校方學校簡介明列學生專車可服務高雄、楠梓、鳳山、里港、美濃等方向；一般公車可至旗山南站或旗尾站後步行到校。,通勤可使用校方學生專車，或搭乘客運至旗山南站／旗尾站後步行；實際班次依當期客運與校方公告。,校方學校簡介明確列有設備完善的男女學生宿舍及住宿生晚自習；115學年度床位與申請依校方當年度公告。,https://www.google.com/maps/search/?api=1&query=%E9%AB%98%E9%9B%84%E5%B8%82%E6%97%97%E5%B1%B1%E5%8D%80%E6%9D%B1%E5%B9%B3%E9%87%8C%E6%A8%B9%E4%BA%BA%E8%B7%AF21%E8%99%9F; https://www.cmsh.khc.edu.tw/,https://www.cmsh.khc.edu.tw/home?cid=424,https://www.cmsh.khc.edu.tw/home?cid=424,https://www.google.com/maps/search/?api=1&query=%E9%AB%98%E9%9B%84%E5%B8%82%E6%97%97%E5%B1%B1%E5%8D%80%E6%9D%B1%E5%B9%B3%E9%87%8C%E6%A8%B9%E4%BA%BA%E8%B7%AF21%E8%99%9F,https://www.cmsh.khc.edu.tw/,https://www.cmsh.khc.edu.tw/ischool/publish_page/37/?cid=3073,https://www.cmsh.khc.edu.tw/ischool/publish_page/37/?cid=3073
高雄區,,120319,國立鳳新高中,公立,高雄區學校名錄,高中,男女校,高雄市,鳳山區,高雄市鳳山區新富路257號,https://www.fhsh.khc.edu.tw/,(07)7658288,普通科(日)；音樂班(日)；美術班(日),,,教育部統計處《高級中等學校概況統計》114學年度校別資料；115學年度實際招生名額待該區免試入學委員會公告端點恢復後再寫入。,請以各校當年度公告為準,,普通型高中課程，以部定必修、加深加廣、多元選修、彈性學習與自主學習為主；另有音樂班、美術班等特色班別。,不設技職類固定實習；以探究與實作、自主學習及學習歷程成果為主。網站未標示115學年度全校統一專題題目。,學校官網未標示115學年度完整固定大眾運輸到校路線或固定學生專車班次。,網站未標示所有學生一致的固定通勤時間；請依官方校址與即時大眾運輸班次查詢。,學校官網未標示115學年度校內學生宿舍申請資訊。,https://www.google.com/maps/search/?api=1&query=%E9%AB%98%E9%9B%84%E5%B8%82%E9%B3%B3%E5%B1%B1%E5%8D%80%E6%96%B0%E5%AF%8C%E8%B7%AF257%E8%99%9F; https://www.fhsh.khc.edu.tw/,https://www.fhsh.khc.edu.tw/,https://www.fhsh.khc.edu.tw/,https://www.google.com/maps/search/?api=1&query=%E9%AB%98%E9%9B%84%E5%B8%82%E9%B3%B3%E5%B1%B1%E5%8D%80%E6%96%B0%E5%AF%8C%E8%B7%AF257%E8%99%9F,https://www.fhsh.khc.edu.tw/,https://www.fhsh.khc.edu.tw/,https://www.fhsh.khc.edu.tw/
高雄區,,120320,國立高科實驗高中,公立,高雄區學校名錄,高中,男女校,高雄市,楠梓區,高雄市楠梓區盛昌街161號,https://www.nehs.kh.edu.tw/,(07)6120121,,,,教育部統計處《高級中等學校概況統計》114學年度校別資料；115學年度實際招生名額待該區免試入學委員會公告端點恢復後再寫入。,請以各校當年度公告為準,,實驗型普通高中課程，結合科學園區與探究、跨域及實驗教育特色；115學年度詳細課程以校方課程計畫為準。,不設技職類固定實習；以探究與實作、自主學習及學習歷程成果為主。網站未標示115學年度全校統一專題題目。,校方交通資訊頁確認115學年度目前校址為高雄市楠梓區盛昌街161號，並提供Google地圖位置。,網站未標示115學年度固定學生專車或完整固定公車班次。,學校官網未標示115學年度校內學生宿舍申請資訊。,https://www.google.com/maps/search/?api=1&query=%E9%AB%98%E9%9B%84%E5%B8%82%E6%A5%A0%E6%A2%93%E5%8D%80%E7%9B%9B%E6%98%8C%E8%A1%97161%E8%99%9F; https://www.nehs.kh.edu.tw/,https://www.nehs.kh.edu.tw/welcome/about/%E4%BA%A4%E9%80%9A%E8%B3%87%E8%A8%8A/,https://www.nehs.kh.edu.tw/,https://www.google.com/maps/search/?api=1&query=%E9%AB%98%E9%9B%84%E5%B8%82%E6%A5%A0%E6%A2%93%E5%8D%80%E7%9B%9B%E6%98%8C%E8%A1%97161%E8%99%9F,https://www.nehs.kh.edu.tw/,https://www.nehs.kh.edu.tw/,https://www.nehs.kh.edu.tw/
高雄區,,120401,國立旗山農工,公立,高雄區學校名錄,高職,男女校,高雄市,旗山區,高雄市旗山區旗甲路一段195號,https://www.csvs.khc.edu.tw/home,(07)6612501,農場經營科(日)；園藝科(日)；食品加工科(日)；畜產保健科(日)；機械科(日)；汽車科(日)；電機科(日)；生物產業機電科(日)；家政科(日)；綜合職能科(日)；烘焙食品科(日)；機車修護科(日)；餐飲技術科(日),,,教育部統計處《高級中等學校概況統計》114學年度校別資料；115學年度實際招生名額待該區免試入學委員會公告端點恢復後再寫入。,請以各校當年度公告為準,,技術型高中，主要專業方向包含農場經營科、園藝科、食品加工科、畜產保健科、機械科、汽車科、電機科、生物產業機電科、家政科、綜合職能科等；依各科課程計畫安排專業科目與實習實作。,各農工與家政專業科依課程辦理專業實習、實作與技能訓練；校方實習處並持續公告技藝與實習活動。,學校官網未標示115學年度完整固定大眾運輸到校路線或固定學生專車班次。,網站未標示所有學生一致的固定通勤時間；請依官方校址與即時大眾運輸班次查詢。,學校官網未標示115學年度校內學生宿舍申請資訊。,https://www.google.com/maps/search/?api=1&query=%E9%AB%98%E9%9B%84%E5%B8%82%E6%97%97%E5%B1%B1%E5%8D%80%E6%97%97%E7%94%B2%E8%B7%AF%E4%B8%80%E6%AE%B5195%E8%99%9F; https://www.csvs.khc.edu.tw/home,https://www.csvs.khc.edu.tw/home,https://www.csvs.khc.edu.tw/home,https://www.google.com/maps/search/?api=1&query=%E9%AB%98%E9%9B%84%E5%B8%82%E6%97%97%E5%B1%B1%E5%8D%80%E6%97%97%E7%94%B2%E8%B7%AF%E4%B8%80%E6%AE%B5195%E8%99%9F,https://www.csvs.khc.edu.tw/home,https://www.csvs.khc.edu.tw/home,https://www.csvs.khc.edu.tw/home
高雄區,,120402,國立岡山農工,公立,高雄區學校名錄,高職,男女校,高雄市,岡山區,高雄市岡山區壽天里岡山路533號,https://www.ksvs.khc.edu.tw/index.php,(07)6217129,園藝科(日)；食品加工科(日)；食品加工科(夜)；機械科(日)；機械科(夜)；汽車科(日)；汽車科(夜)；資訊科(日)；資訊科(夜)；電子科(日)；電機科(日)；電機科(夜)；建築科(日)；化工科(日)；室內空間設計科(日)；生物產業機電科(日)；家政科(日)；家政科(夜)；綜合職能科(日),,,教育部統計處《高級中等學校概況統計》114學年度校別資料；115學年度實際招生名額待該區免試入學委員會公告端點恢復後再寫入。,請以各校當年度公告為準,,技術型高中，主要專業方向包含園藝科、食品加工科、機械科、汽車科、資訊科、電子科、電機科、建築科、化工科、室內空間設計科等；依各科課程計畫安排專業科目與實習實作。,專業群科依各科課程辦理實習實作、技能訓練與專題製作；網站未標示115學年度全校統一專題題目時，以各科／實習處公告為準。,學校官網未標示115學年度完整固定大眾運輸到校路線或固定學生專車班次。,網站未標示所有學生一致的固定通勤時間；請依官方校址與即時大眾運輸班次查詢。,學校官網未標示115學年度校內學生宿舍申請資訊。,https://www.google.com/maps/search/?api=1&query=%E9%AB%98%E9%9B%84%E5%B8%82%E5%B2%A1%E5%B1%B1%E5%8D%80%E5%A3%BD%E5%A4%A9%E9%87%8C%E5%B2%A1%E5%B1%B1%E8%B7%AF533%E8%99%9F; https://www.ksvs.khc.edu.tw/index.php,https://www.ksvs.khc.edu.tw/index.php,https://www.ksvs.khc.edu.tw/index.php,https://www.google.com/maps/search/?api=1&query=%E9%AB%98%E9%9B%84%E5%B8%82%E5%B2%A1%E5%B1%B1%E5%8D%80%E5%A3%BD%E5%A4%A9%E9%87%8C%E5%B2%A1%E5%B1%B1%E8%B7%AF533%E8%99%9F,https://www.ksvs.khc.edu.tw/index.php,https://www.ksvs.khc.edu.tw/index.php,https://www.ksvs.khc.edu.tw/index.php
高雄區,,120409,國立鳳山商工,公立,高雄區學校名錄,高職,男女校,高雄市,鳳山區,高雄市鳳山區文衡路51號,https://www.fsvs.khc.edu.tw/,(07)7462602,體育班(日)；機械科(日)；室內空間設計科(日)；室內空間設計科(夜)；電腦機械製圖科(日)；家具設計科(日)；商業經營科(日)；商業經營科(夜)；國際貿易科(日)；會計事務科(日)；資料處理科(日)；資料處理科(夜)；觀光事業科(日)；觀光事業科(夜)；餐飲服務科(日),,,教育部統計處《高級中等學校概況統計》114學年度校別資料；115學年度實際招生名額待該區免試入學委員會公告端點恢復後再寫入。,請以各校當年度公告為準,,技術型高中，主要專業方向包含機械科、室內空間設計科、電腦機械製圖科、家具設計科、商業經營科、國際貿易科、會計事務科、資料處理科、觀光事業科、餐飲服務科；依各科課程計畫安排專業科目與實習實作。,各專業群科依課程辦理專業實習、專題製作、設計／商管／餐旅實作，並由實習處及技術教學中心提供相關資源。,學校官網未標示115學年度完整固定大眾運輸到校路線或固定學生專車班次。,網站未標示所有學生一致的固定通勤時間；請依官方校址與即時大眾運輸班次查詢。,學校官網未標示115學年度校內學生宿舍申請資訊。,https://www.google.com/maps/search/?api=1&query=%E9%AB%98%E9%9B%84%E5%B8%82%E9%B3%B3%E5%B1%B1%E5%8D%80%E6%96%87%E8%A1%A1%E8%B7%AF51%E8%99%9F; https://www.fsvs.khc.edu.tw/,https://www.fsvs.khc.edu.tw/,https://www.fsvs.khc.edu.tw/,https://www.google.com/maps/search/?api=1&query=%E9%AB%98%E9%9B%84%E5%B8%82%E9%B3%B3%E5%B1%B1%E5%8D%80%E6%96%87%E8%A1%A1%E8%B7%AF51%E8%99%9F,https://www.fsvs.khc.edu.tw/,https://www.fsvs.khc.edu.tw/,https://www.fsvs.khc.edu.tw/
高雄區,,121302,光禾華德福實驗學校,私立,高雄區學校名錄,高中,男女校,高雄市,前鎮區,高雄市前鎮區德昌路345號,https://waldorf-tw-kh.weebly.com/,(07)7885128,普通科(日),,,教育部統計處《高級中等學校概況統計》114學年度校別資料；115學年度實際招生名額待該區免試入學委員會公告端點恢復後再寫入。,請以各校當年度公告為準,,華德福實驗教育高中課程，以主題課程、藝術、手作與生活實踐為核心，並依校方實驗教育課程規劃辦理。,以華德福主題學習、藝術與手作等實作為主；網站未標示115學年度全校統一專題題目。,學校官網未標示115學年度完整固定大眾運輸到校路線或固定學生專車班次。,網站未標示所有學生一致的固定通勤時間；請依官方校址與即時大眾運輸班次查詢。,學校官網未標示115學年度校內學生宿舍申請資訊。,https://www.google.com/maps/search/?api=1&query=%E9%AB%98%E9%9B%84%E5%B8%82%E5%89%8D%E9%8E%AE%E5%8D%80%E5%BE%B7%E6%98%8C%E8%B7%AF345%E8%99%9F; https://waldorf-tw-kh.weebly.com/,https://waldorf-tw-kh.weebly.com/,https://waldorf-tw-kh.weebly.com/,https://www.google.com/maps/search/?api=1&query=%E9%AB%98%E9%9B%84%E5%B8%82%E5%89%8D%E9%8E%AE%E5%8D%80%E5%BE%B7%E6%98%8C%E8%B7%AF345%E8%99%9F,https://waldorf-tw-kh.weebly.com/,https://waldorf-tw-kh.weebly.com/,https://waldorf-tw-kh.weebly.com/
高雄區,,121306,財團法人新光高中,私立,高雄區學校名錄,高職,男女校,高雄市,大寮區,高雄市大寮區鳳屏一路217號,https://www.sg.sgshedu.tw/,(07)7019888,資訊科(日)；餐飲管理科(日)；餐飲管理科(夜)；美容科(日)；美容科(夜)；寵物經營科(日),,,教育部統計處《高級中等學校概況統計》114學年度校別資料；115學年度實際招生名額待該區免試入學委員會公告端點恢復後再寫入。,請以各校當年度公告為準,,技術型高中，主要專業方向包含資訊科、餐飲管理科、美容科、寵物經營科；依各科課程計畫安排專業科目與實習實作。,專業群科依各科課程辦理實習實作、技能訓練與專題製作；網站未標示115學年度全校統一專題題目時，以各科／實習處公告為準。,學校官網未標示115學年度完整固定大眾運輸到校路線或固定學生專車班次。,網站未標示所有學生一致的固定通勤時間；請依官方校址與即時大眾運輸班次查詢。,學校官網未標示115學年度校內學生宿舍申請資訊。,https://www.google.com/maps/search/?api=1&query=%E9%AB%98%E9%9B%84%E5%B8%82%E5%A4%A7%E5%AF%AE%E5%8D%80%E9%B3%B3%E5%B1%8F%E4%B8%80%E8%B7%AF217%E8%99%9F; https://www.sg.sgshedu.tw/,https://www.sg.sgshedu.tw/,https://www.sg.sgshedu.tw/,https://www.google.com/maps/search/?api=1&query=%E9%AB%98%E9%9B%84%E5%B8%82%E5%A4%A7%E5%AF%AE%E5%8D%80%E9%B3%B3%E5%B1%8F%E4%B8%80%E8%B7%AF217%E8%99%9F,https://www.sg.sgshedu.tw/,https://www.sg.sgshedu.tw/,https://www.sg.sgshedu.tw/
高雄區,,121307,財團法人普門中學,私立,高雄區學校名錄,綜高,男女校,高雄市,大樹區,高雄市大樹區大坑路140之11號,https://www.pmsh.khc.edu.tw/,(07)6562676,普通科(日)；餐飲管理科(日),,,教育部統計處《高級中等學校概況統計》114學年度校別資料；115學年度實際招生名額待該區免試入學委員會公告端點恢復後再寫入。,請以各校當年度公告為準,,普通／學術課程與專業群科並行，招生／專業方向包含普通科、餐飲管理科；實際分流依115學年度校方課程計畫。,專業群科依各科課程辦理實習實作、技能訓練與專題製作；網站未標示115學年度全校統一專題題目時，以各科／實習處公告為準。,115學年度第1學期校方已公告學生交通車路線站點表，包含左營／右昌、後火車站／仁武等方向。,校車站點與時間以115-1校方公布路線表為準，不能沿用舊學期時刻。,校方現行官網可確認設有學生宿舍與住宿生活管理；115學年度床位、資格及費用依當年度校方公告。,https://www.google.com/maps/search/?api=1&query=%E9%AB%98%E9%9B%84%E5%B8%82%E5%A4%A7%E6%A8%B9%E5%8D%80%E5%A4%A7%E5%9D%91%E8%B7%AF140%E4%B9%8B11%E8%99%9F; https://www.pmsh.khc.edu.tw/,https://www.pmsh.khc.edu.tw/news/115%E5%AD%B8%E5%B9%B4%E5%BA%A6%E7%AC%AC%E4%B8%80%E5%AD%B8%E6%9C%9F%E4%BA%A4%E9%80%9A%E8%BB%8A%E8%B7%AF%E7%B7%9A%E7%AB%99%E9%BB%9E%E8%A1%A8/,https://www.pmsh.khc.edu.tw/,https://www.google.com/maps/search/?api=1&query=%E9%AB%98%E9%9B%84%E5%B8%82%E5%A4%A7%E6%A8%B9%E5%8D%80%E5%A4%A7%E5%9D%91%E8%B7%AF140%E4%B9%8B11%E8%99%9F,https://www.pmsh.khc.edu.tw/,https://www.pmsh.khc.edu.tw/,https://www.pmsh.khc.edu.tw/
高雄區,,121318,私立正義高中,私立,高雄區學校名錄,高中,男女校,高雄市,鳳山區,高雄市鳳山區南江街183號,https://web.cysh.khc.edu.tw/zh,(07)7225529,普通科(日),,,教育部統計處《高級中等學校概況統計》114學年度校別資料；115學年度實際招生名額待該區免試入學委員會公告端點恢復後再寫入。,請以各校當年度公告為準,,普通型高中課程，以部定必修、加深加廣、多元選修、彈性學習與自主學習為主。,不設技職類固定實習；以探究與實作、自主學習及學習歷程成果為主。網站未標示115學年度全校統一專題題目。,校方交通資訊頁列市區公車11、25、26、81、82、83、100至瑞豐站，亦列捷運R8三多商圈、R5前鎮高中、O11鳳山西等轉乘資訊及校車方向。,上述為校方交通資訊頁所列到校方式；115學年度固定校車站點與時刻仍應以校方當年度公告為準。,學校官網未標示115學年度校內學生宿舍申請資訊。,https://www.google.com/maps/search/?api=1&query=%E9%AB%98%E9%9B%84%E5%B8%82%E9%B3%B3%E5%B1%B1%E5%8D%80%E5%8D%97%E6%B1%9F%E8%A1%97183%E8%99%9F; https://web.cysh.khc.edu.tw/zh,https://web.cysh.khc.edu.tw/zh/page/1b01b0a8-d4fd-0b77-b675-3a0f53eb7e77,https://web.cysh.khc.edu.tw/zh,https://www.google.com/maps/search/?api=1&query=%E9%AB%98%E9%9B%84%E5%B8%82%E9%B3%B3%E5%B1%B1%E5%8D%80%E5%8D%97%E6%B1%9F%E8%A1%97183%E8%99%9F,https://web.cysh.khc.edu.tw/zh,https://web.cysh.khc.edu.tw/zh,https://web.cysh.khc.edu.tw/zh
高雄區,,121320,私立義大國際高中,私立,高雄區學校名錄,高中,男女校,高雄市,大樹區,高雄市大樹區學城路一段6號,https://www.iis.kh.edu.tw/,(07)6577115,普通科(日),,,教育部統計處《高級中等學校概況統計》114學年度校別資料；115學年度實際招生名額待該區免試入學委員會公告端點恢復後再寫入。,請以各校當年度公告為準,,普通型高中課程，以部定必修、加深加廣、多元選修、彈性學習與自主學習為主。,不設技職類固定實習；以探究與實作、自主學習及學習歷程成果為主。網站未標示115學年度全校統一專題題目。,學校官網未標示115學年度完整固定大眾運輸到校路線或固定學生專車班次。,網站未標示所有學生一致的固定通勤時間；請依官方校址與即時大眾運輸班次查詢。,校方家長資源頁提供交通／住宿相關申請與住宿管理資源，可確認有住宿服務；115學年度實際床位與申請依校方當年度資料。,https://www.google.com/maps/search/?api=1&query=%E9%AB%98%E9%9B%84%E5%B8%82%E5%A4%A7%E6%A8%B9%E5%8D%80%E5%AD%B8%E5%9F%8E%E8%B7%AF%E4%B8%80%E6%AE%B56%E8%99%9F; https://www.iis.kh.edu.tw/,https://www.iis.kh.edu.tw/,https://www.iis.kh.edu.tw/tw/parents/resources,https://www.google.com/maps/search/?api=1&query=%E9%AB%98%E9%9B%84%E5%B8%82%E5%A4%A7%E6%A8%B9%E5%8D%80%E5%AD%B8%E5%9F%8E%E8%B7%AF%E4%B8%80%E6%AE%B56%E8%99%9F,https://www.iis.kh.edu.tw/,https://www.iis.kh.edu.tw/,https://www.iis.kh.edu.tw/
高雄區,,121405,私立中山工商,私立,高雄區學校名錄,綜高,男女校,高雄市,大寮區,高雄市大寮區會社里正氣路79號,https://nsr.csic.khc.edu.tw/index.aspx,(07)7815311,普通科(日)；汽車科(日)；資訊科(日)；電子科(日)；電機科(日)；機電科(日)；商業經營科(日)；資料處理科(日)；觀光事業科(日)；餐飲管理科(日)；多媒體設計科(日)；應用英語科(日)；應用日語科(日)；幼兒保育科(日)；美容科(日)；汽車美容服務科(日)；餐飲服務科(日)；園藝技術科(日)；烘焙食品科(日)；汽車修護科(日)；電機修護科(日)；餐飲技術科(日)；餐飲技術科(夜)；多媒體技術科(日)；美髮技術科(日)；美顏技術科(日),,,教育部統計處《高級中等學校概況統計》114學年度校別資料；115學年度實際招生名額待該區免試入學委員會公告端點恢復後再寫入。,請以各校當年度公告為準,,普通／學術課程與專業群科並行，招生／專業方向包含普通科、汽車科、資訊科、電子科、電機科、機電科、商業經營科、資料處理科、觀光事業科、餐飲管理科等；實際分流依115學年度校方課程計畫。,專業群科依各科課程辦理實習實作、技能訓練與專題製作；網站未標示115學年度全校統一專題題目時，以各科／實習處公告為準。,學校官網未標示115學年度完整固定大眾運輸到校路線或固定學生專車班次。,網站未標示所有學生一致的固定通勤時間；請依官方校址與即時大眾運輸班次查詢。,學校官網未標示115學年度校內學生宿舍申請資訊。,https://www.google.com/maps/search/?api=1&query=%E9%AB%98%E9%9B%84%E5%B8%82%E5%A4%A7%E5%AF%AE%E5%8D%80%E6%9C%83%E7%A4%BE%E9%87%8C%E6%AD%A3%E6%B0%A3%E8%B7%AF79%E8%99%9F; https://nsr.csic.khc.edu.tw/index.aspx,https://nsr.csic.khc.edu.tw/index.aspx,https://nsr.csic.khc.edu.tw/index.aspx,https://www.google.com/maps/search/?api=1&query=%E9%AB%98%E9%9B%84%E5%B8%82%E5%A4%A7%E5%AF%AE%E5%8D%80%E6%9C%83%E7%A4%BE%E9%87%8C%E6%AD%A3%E6%B0%A3%E8%B7%AF79%E8%99%9F,https://nsr.csic.khc.edu.tw/index.aspx,https://nsr.csic.khc.edu.tw/index.aspx,https://nsr.csic.khc.edu.tw/index.aspx
高雄區,,121410,私立旗美商工,私立,高雄區學校名錄,高職,男女校,高雄市,美濃區,高雄市美濃區中興路二段275號,https://www.cm.cmvsedu.tw/,(07)6812152,照顧服務科(夜),,,教育部統計處《高級中等學校概況統計》114學年度校別資料；115學年度實際招生名額待該區免試入學委員會公告端點恢復後再寫入。,請以各校當年度公告為準,,技術型高中，主要專業方向包含照顧服務科；依各科課程計畫安排專業科目與實習實作。,專業群科依各科課程辦理實習實作、技能訓練與專題製作；網站未標示115學年度全校統一專題題目時，以各科／實習處公告為準。,學校官網未標示115學年度完整固定大眾運輸到校路線或固定學生專車班次。,網站未標示所有學生一致的固定通勤時間；請依官方校址與即時大眾運輸班次查詢。,學校官網未標示115學年度校內學生宿舍申請資訊。,https://www.google.com/maps/search/?api=1&query=%E9%AB%98%E9%9B%84%E5%B8%82%E7%BE%8E%E6%BF%83%E5%8D%80%E4%B8%AD%E8%88%88%E8%B7%AF%E4%BA%8C%E6%AE%B5275%E8%99%9F; https://www.cm.cmvsedu.tw/,https://www.cm.cmvsedu.tw/,https://www.cm.cmvsedu.tw/,https://www.google.com/maps/search/?api=1&query=%E9%AB%98%E9%9B%84%E5%B8%82%E7%BE%8E%E6%BF%83%E5%8D%80%E4%B8%AD%E8%88%88%E8%B7%AF%E4%BA%8C%E6%AE%B5275%E8%99%9F,https://www.cm.cmvsedu.tw/,https://www.cm.cmvsedu.tw/,https://www.cm.cmvsedu.tw/
高雄區,,121413,私立高英工商,私立,高雄區學校名錄,高職,男女校,高雄市,大寮區,高雄市大寮區鳳林三路19巷44號,https://kyicvs-new.kyicvs.khc.edu.tw/,(07)7832991,汽車科(日)；汽車科(夜)；資訊科(日)；電機科(日)；廣告設計科(日)；餐飲管理科(日)；餐飲管理科(夜)；美容科(日),,,教育部統計處《高級中等學校概況統計》114學年度校別資料；115學年度實際招生名額待該區免試入學委員會公告端點恢復後再寫入。,請以各校當年度公告為準,,技術型高中，主要專業方向包含汽車科、資訊科、電機科、廣告設計科、餐飲管理科、美容科；依各科課程計畫安排專業科目與實習實作。,專業群科依各科課程辦理實習實作、技能訓練與專題製作；網站未標示115學年度全校統一專題題目時，以各科／實習處公告為準。,學校官網未標示115學年度完整固定大眾運輸到校路線或固定學生專車班次。,網站未標示所有學生一致的固定通勤時間；請依官方校址與即時大眾運輸班次查詢。,學校官網未標示115學年度校內學生宿舍申請資訊。,https://www.google.com/maps/search/?api=1&query=%E9%AB%98%E9%9B%84%E5%B8%82%E5%A4%A7%E5%AF%AE%E5%8D%80%E9%B3%B3%E6%9E%97%E4%B8%89%E8%B7%AF19%E5%B7%B744%E8%99%9F; https://kyicvs-new.kyicvs.khc.edu.tw/,https://kyicvs-new.kyicvs.khc.edu.tw/,https://kyicvs-new.kyicvs.khc.edu.tw/,https://www.google.com/maps/search/?api=1&query=%E9%AB%98%E9%9B%84%E5%B8%82%E5%A4%A7%E5%AF%AE%E5%8D%80%E9%B3%B3%E6%9E%97%E4%B8%89%E8%B7%AF19%E5%B7%B744%E8%99%9F,https://kyicvs-new.kyicvs.khc.edu.tw/,https://kyicvs-new.kyicvs.khc.edu.tw/,https://kyicvs-new.kyicvs.khc.edu.tw/
高雄區,,121415,私立華德工家,私立,高雄區學校名錄,高職,男女校,高雄市,茄萣區,高雄市茄萣區濱海路四段66號,https://www.hdvs.kh.edu.tw/,(07)6921212,汽車科(日)；資訊科(日)；飛機修護科(日)；餐飲管理科(日)；烘焙科(日)；餐飲技術科(日),,,教育部統計處《高級中等學校概況統計》114學年度校別資料；115學年度實際招生名額待該區免試入學委員會公告端點恢復後再寫入。,請以各校當年度公告為準,,技術型高中，主要專業方向包含汽車科、資訊科、飛機修護科、餐飲管理科、烘焙科、餐飲技術科；依各科課程計畫安排專業科目與實習實作。,專業群科依各科課程辦理實習實作、技能訓練與專題製作；網站未標示115學年度全校統一專題題目時，以各科／實習處公告為準。,學校官網未標示115學年度完整固定大眾運輸到校路線或固定學生專車班次。,網站未標示所有學生一致的固定通勤時間；請依官方校址與即時大眾運輸班次查詢。,學校官網未標示115學年度校內學生宿舍申請資訊。,https://www.google.com/maps/search/?api=1&query=%E9%AB%98%E9%9B%84%E5%B8%82%E8%8C%84%E8%90%A3%E5%8D%80%E6%BF%B1%E6%B5%B7%E8%B7%AF%E5%9B%9B%E6%AE%B566%E8%99%9F; https://www.hdvs.kh.edu.tw/,https://www.hdvs.kh.edu.tw/,https://www.hdvs.kh.edu.tw/,https://www.google.com/maps/search/?api=1&query=%E9%AB%98%E9%9B%84%E5%B8%82%E8%8C%84%E8%90%A3%E5%8D%80%E6%BF%B1%E6%B5%B7%E8%B7%AF%E5%9B%9B%E6%AE%B566%E8%99%9F,https://www.hdvs.kh.edu.tw/,https://www.hdvs.kh.edu.tw/,https://www.hdvs.kh.edu.tw/
高雄區,,121417,私立高苑工商,私立,高雄區學校名錄,高職,男女校,高雄市,橋頭區,高雄市橋頭區東林里芋寮路1號,https://www.kyvs.kh.edu.tw/,(07)6111101,汽車科(日)；資訊科(日)；資訊科(夜)；電機科(日)；餐飲管理科(日)；餐飲管理科(夜)；烘焙科(日)；綜合職能科(日)；餐飲技術科(日)；美髮技術科(日),,,教育部統計處《高級中等學校概況統計》114學年度校別資料；115學年度實際招生名額待該區免試入學委員會公告端點恢復後再寫入。,請以各校當年度公告為準,,技術型高中，主要專業方向包含汽車科、資訊科、電機科、餐飲管理科、烘焙科、綜合職能科、餐飲技術科、美髮技術科；依各科課程計畫安排專業科目與實習實作。,專業群科依各科課程辦理實習實作、技能訓練與專題製作；網站未標示115學年度全校統一專題題目時，以各科／實習處公告為準。,校方官網設有校車路線表與學校位置資訊；115學年度實際站點與發車時間依當年度校車公告。,搭校車者應依校方當學期路線表確認站點；網站首頁未標示所有115學年度固定通勤時間。,學校官網未標示115學年度校內學生宿舍申請資訊。,https://www.google.com/maps/search/?api=1&query=%E9%AB%98%E9%9B%84%E5%B8%82%E6%A9%8B%E9%A0%AD%E5%8D%80%E6%9D%B1%E6%9E%97%E9%87%8C%E8%8A%8B%E5%AF%AE%E8%B7%AF1%E8%99%9F; https://www.kyvs.kh.edu.tw/,https://www.kyvs.kh.edu.tw/,https://www.kyvs.kh.edu.tw/,https://www.google.com/maps/search/?api=1&query=%E9%AB%98%E9%9B%84%E5%B8%82%E6%A9%8B%E9%A0%AD%E5%8D%80%E6%9D%B1%E6%9E%97%E9%87%8C%E8%8A%8B%E5%AF%AE%E8%B7%AF1%E8%99%9F,https://www.kyvs.kh.edu.tw/,https://www.kyvs.kh.edu.tw/,https://www.kyvs.kh.edu.tw/
高雄區,,124302,高雄市立文山高中,公立,高雄區學校名錄,高中,男女校,高雄市,鳥松區,高雄市鳥松區大埤路31號,https://www.wsm.kh.edu.tw/,(07)7777272,普通科(日)；體育班(日),,,教育部統計處《高級中等學校概況統計》114學年度校別資料；115學年度實際招生名額待該區免試入學委員會公告端點恢復後再寫入。,請以各校當年度公告為準,,普通型高中課程，另推動雙語／國際教育、產學合作與自主學習等校本特色。,不設技職類固定實習；以探究與實作、自主學習及學習歷程成果為主。網站未標示115學年度全校統一專題題目。,學校官網未標示115學年度完整固定大眾運輸到校路線或固定學生專車班次。,網站未標示所有學生一致的固定通勤時間；請依官方校址與即時大眾運輸班次查詢。,學校官網未標示115學年度校內學生宿舍申請資訊。,https://www.google.com/maps/search/?api=1&query=%E9%AB%98%E9%9B%84%E5%B8%82%E9%B3%A5%E6%9D%BE%E5%8D%80%E5%A4%A7%E5%9F%A4%E8%B7%AF31%E8%99%9F; https://www.wsm.kh.edu.tw/,https://www.wsm.kh.edu.tw/,https://www.wsm.kh.edu.tw/,https://www.google.com/maps/search/?api=1&query=%E9%AB%98%E9%9B%84%E5%B8%82%E9%B3%A5%E6%9D%BE%E5%8D%80%E5%A4%A7%E5%9F%A4%E8%B7%AF31%E8%99%9F,https://www.wsm.kh.edu.tw/,https://sites.google.com/mail.wsm.kh.edu.tw/wsm-course-plan/%E9%AB%98%E4%B8%AD%E9%83%A8%E8%AA%B2%E7%A8%8B%E8%A8%88%E7%95%AB,https://sites.google.com/mail.wsm.kh.edu.tw/wsm-course-plan/%E9%AB%98%E4%B8%AD%E9%83%A8%E8%AA%B2%E7%A8%8B%E8%A8%88%E7%95%AB
高雄區,,124311,高雄市立林園高中,公立,高雄區學校名錄,高中,男女校,高雄市,林園區,高雄市林園區林園北路481號,https://www.ly.kh.edu.tw/,(07)6412059,普通科(日)；體育班(日),,,教育部統計處《高級中等學校概況統計》114學年度校別資料；115學年度實際招生名額待該區免試入學委員會公告端點恢復後再寫入。,請以各校當年度公告為準,,普通型高中課程，以部定必修、加深加廣、多元選修、彈性學習與自主學習為主；另有體育班等特色班別。,不設技職類固定實習；以探究與實作、自主學習及學習歷程成果為主。網站未標示115學年度全校統一專題題目。,學校官網未標示115學年度完整固定大眾運輸到校路線或固定學生專車班次。,網站未標示所有學生一致的固定通勤時間；請依官方校址與即時大眾運輸班次查詢。,學校官網未標示115學年度校內學生宿舍申請資訊。,https://www.google.com/maps/search/?api=1&query=%E9%AB%98%E9%9B%84%E5%B8%82%E6%9E%97%E5%9C%92%E5%8D%80%E6%9E%97%E5%9C%92%E5%8C%97%E8%B7%AF481%E8%99%9F; https://www.ly.kh.edu.tw/,https://www.ly.kh.edu.tw/,https://www.ly.kh.edu.tw/,https://www.google.com/maps/search/?api=1&query=%E9%AB%98%E9%9B%84%E5%B8%82%E6%9E%97%E5%9C%92%E5%8D%80%E6%9E%97%E5%9C%92%E5%8C%97%E8%B7%AF481%E8%99%9F,https://www.ly.kh.edu.tw/,https://www.ly.kh.edu.tw/,https://www.ly.kh.edu.tw/
高雄區,,124313,高雄市立仁武高中,公立,高雄區學校名錄,高中,男女校,高雄市,仁武區,高雄市仁武區仁林路20號,https://www.rwm.kh.edu.tw/,(07)3721640,普通科(日)；體育班(日),,,教育部統計處《高級中等學校概況統計》114學年度校別資料；115學年度實際招生名額待該區免試入學委員會公告端點恢復後再寫入。,請以各校當年度公告為準,,普通型高中課程，校方課程資源包含雙語實驗、國際／雙聯及特色專班等方向。,不設技職類固定實習；以探究與實作、自主學習及學習歷程成果為主。網站未標示115學年度全校統一專題題目。,學校官網未標示115學年度完整固定大眾運輸到校路線或固定學生專車班次。,網站未標示所有學生一致的固定通勤時間；請依官方校址與即時大眾運輸班次查詢。,學校官網未標示115學年度校內學生宿舍申請資訊。,https://www.google.com/maps/search/?api=1&query=%E9%AB%98%E9%9B%84%E5%B8%82%E4%BB%81%E6%AD%A6%E5%8D%80%E4%BB%81%E6%9E%97%E8%B7%AF20%E8%99%9F; https://www.rwm.kh.edu.tw/,https://www.rwm.kh.edu.tw/,https://www.rwm.kh.edu.tw/,https://www.google.com/maps/search/?api=1&query=%E9%AB%98%E9%9B%84%E5%B8%82%E4%BB%81%E6%AD%A6%E5%8D%80%E4%BB%81%E6%9E%97%E8%B7%AF20%E8%99%9F,https://www.rwm.kh.edu.tw/,https://www.rwm.kh.edu.tw/office/div_110/d1103/%E9%AB%98%E4%B8%AD%E8%AA%B2%E7%A8%8B%E8%A8%88%E7%95%AB/,https://www.rwm.kh.edu.tw/office/div_110/d1103/%E9%AB%98%E4%B8%AD%E8%AA%B2%E7%A8%8B%E8%A8%88%E7%95%AB/
高雄區,,124322,高雄市立路竹高中,公立,高雄區學校名錄,高中,男女校,高雄市,路竹區,高雄市路竹區中華路292號,https://www.lchs.kh.edu.tw/,(07)6963008,普通科(日)；體育班(日),,,教育部統計處《高級中等學校概況統計》114學年度校別資料；115學年度實際招生名額待該區免試入學委員會公告端點恢復後再寫入。,請以各校當年度公告為準,,普通型高中課程，以部定必修、加深加廣、多元選修、彈性學習與自主學習為主；另有體育班等特色班別。,不設技職類固定實習；以探究與實作、自主學習及學習歷程成果為主。網站未標示115學年度全校統一專題題目。,學校官網未標示115學年度完整固定大眾運輸到校路線或固定學生專車班次。,網站未標示所有學生一致的固定通勤時間；請依官方校址與即時大眾運輸班次查詢。,學校官網未標示115學年度校內學生宿舍申請資訊。,https://www.google.com/maps/search/?api=1&query=%E9%AB%98%E9%9B%84%E5%B8%82%E8%B7%AF%E7%AB%B9%E5%8D%80%E4%B8%AD%E8%8F%AF%E8%B7%AF292%E8%99%9F; https://www.lchs.kh.edu.tw/,https://www.lchs.kh.edu.tw/,https://www.lchs.kh.edu.tw/,https://www.google.com/maps/search/?api=1&query=%E9%AB%98%E9%9B%84%E5%B8%82%E8%B7%AF%E7%AB%B9%E5%8D%80%E4%B8%AD%E8%8F%AF%E8%B7%AF292%E8%99%9F,https://www.lchs.kh.edu.tw/,https://www.lchs.kh.edu.tw/,https://www.lchs.kh.edu.tw/
高雄區,,124333,高雄市立六龜高中,公立,高雄區學校名錄,高中,男女校,高雄市,六龜區,高雄市六龜區光復路212號,https://www.lgm.kh.edu.tw/,(07)6891023,普通科(日),,,教育部統計處《高級中等學校概況統計》114學年度校別資料；115學年度實際招生名額待該區免試入學委員會公告端點恢復後再寫入。,請以各校當年度公告為準,,普通型高中課程，以部定必修、加深加廣、多元選修、彈性學習與自主學習為主。,不設技職類固定實習；以探究與實作、自主學習及學習歷程成果為主。網站未標示115學年度全校統一專題題目。,校方已於115年8月公告115學年度第1學期校車路線及時刻表。,115-1固定搭乘站點與時間以校方附件路線表為準。,學校官網未標示115學年度校內學生宿舍申請資訊。,https://www.google.com/maps/search/?api=1&query=%E9%AB%98%E9%9B%84%E5%B8%82%E5%85%AD%E9%BE%9C%E5%8D%80%E5%85%89%E5%BE%A9%E8%B7%AF212%E8%99%9F; https://www.lgm.kh.edu.tw/,https://www.lgm.kh.edu.tw/,https://www.lgm.kh.edu.tw/,https://www.google.com/maps/search/?api=1&query=%E9%AB%98%E9%9B%84%E5%B8%82%E5%85%AD%E9%BE%9C%E5%8D%80%E5%85%89%E5%BE%A9%E8%B7%AF212%E8%99%9F,https://www.lgm.kh.edu.tw/,https://www.lgm.kh.edu.tw/,https://www.lgm.kh.edu.tw/
高雄區,,124340,高雄市立福誠高中,公立,高雄區學校名錄,高中,男女校,高雄市,鳳山區,高雄市鳳山區五甲三路176號,https://www.ftm.kh.edu.tw/,(07)8224646,普通科(日)；體育班(日),,,教育部統計處《高級中等學校概況統計》114學年度校別資料；115學年度實際招生名額待該區免試入學委員會公告端點恢復後再寫入。,請以各校當年度公告為準,,普通型高中課程，以部定必修、加深加廣、多元選修、彈性學習與自主學習為主；另有體育班等特色班別。,不設技職類固定實習；以探究與實作、自主學習及學習歷程成果為主。網站未標示115學年度全校統一專題題目。,學校官網未標示115學年度完整固定大眾運輸到校路線或固定學生專車班次。,網站未標示所有學生一致的固定通勤時間；請依官方校址與即時大眾運輸班次查詢。,學校官網未標示115學年度校內學生宿舍申請資訊。,https://www.google.com/maps/search/?api=1&query=%E9%AB%98%E9%9B%84%E5%B8%82%E9%B3%B3%E5%B1%B1%E5%8D%80%E4%BA%94%E7%94%B2%E4%B8%89%E8%B7%AF176%E8%99%9F; https://www.ftm.kh.edu.tw/,https://www.ftm.kh.edu.tw/,https://www.ftm.kh.edu.tw/,https://www.google.com/maps/search/?api=1&query=%E9%AB%98%E9%9B%84%E5%B8%82%E9%B3%B3%E5%B1%B1%E5%8D%80%E4%BA%94%E7%94%B2%E4%B8%89%E8%B7%AF176%E8%99%9F,https://www.ftm.kh.edu.tw/,https://www.ftm.kh.edu.tw/,https://www.ftm.kh.edu.tw/
高雄區,,521301,天主教明誠高中,私立,高雄區學校名錄,高中,男女校,高雄市,鼓山區,高雄市鼓山區中華一路97號,http://www.mcsh.kh.edu.tw/,(07)5521593,普通科(日),,,教育部統計處《高級中等學校概況統計》114學年度校別資料；115學年度實際招生名額待該區免試入學委員會公告端點恢復後再寫入。,請以各校當年度公告為準,,普通型高中課程，以部定必修、加深加廣、多元選修、彈性學習與自主學習為主。,不設技職類固定實習；以探究與實作、自主學習及學習歷程成果為主。網站未標示115學年度全校統一專題題目。,學校官網未標示115學年度完整固定大眾運輸到校路線或固定學生專車班次。,網站未標示所有學生一致的固定通勤時間；請依官方校址與即時大眾運輸班次查詢。,學校官網未標示115學年度校內學生宿舍申請資訊。,https://www.google.com/maps/search/?api=1&query=%E9%AB%98%E9%9B%84%E5%B8%82%E9%BC%93%E5%B1%B1%E5%8D%80%E4%B8%AD%E8%8F%AF%E4%B8%80%E8%B7%AF97%E8%99%9F; http://www.mcsh.kh.edu.tw/,http://www.mcsh.kh.edu.tw/,http://www.mcsh.kh.edu.tw/,https://www.google.com/maps/search/?api=1&query=%E9%AB%98%E9%9B%84%E5%B8%82%E9%BC%93%E5%B1%B1%E5%8D%80%E4%B8%AD%E8%8F%AF%E4%B8%80%E8%B7%AF97%E8%99%9F,http://www.mcsh.kh.edu.tw/,http://www.mcsh.kh.edu.tw/,http://www.mcsh.kh.edu.tw/
高雄區,,521303,私立大榮高中,私立,高雄區學校名錄,綜高,男女校,高雄市,鼓山區,高雄市鼓山區大榮街1號,https://www.dystcs.kh.edu.tw/,(07)5613281,普通科(日)；汽車科(日)；電機科(日)；飛機修護科(日),,,教育部統計處《高級中等學校概況統計》114學年度校別資料；115學年度實際招生名額待該區免試入學委員會公告端點恢復後再寫入。,請以各校當年度公告為準,,普通／學術課程與專業群科並行，招生／專業方向包含普通科、汽車科、電機科、飛機修護科；實際分流依115學年度校方課程計畫。,專業群科依各科課程辦理實習實作、技能訓練與專題製作；網站未標示115學年度全校統一專題題目時，以各科／實習處公告為準。,校方招生資訊設有「交通方式」入口；115學年度固定校車完整站點與時刻須依校方招生／交通最新公告。,網站未標示所有學生一致的固定通勤時間。,學校官網未標示115學年度校內學生宿舍申請資訊。,https://www.google.com/maps/search/?api=1&query=%E9%AB%98%E9%9B%84%E5%B8%82%E9%BC%93%E5%B1%B1%E5%8D%80%E5%A4%A7%E6%A6%AE%E8%A1%971%E8%99%9F; https://www.dystcs.kh.edu.tw/,https://www.dystcs.kh.edu.tw/modules/tadnews/page.php?ncsn=50&nsn=1836,https://www.dystcs.kh.edu.tw/,https://www.google.com/maps/search/?api=1&query=%E9%AB%98%E9%9B%84%E5%B8%82%E9%BC%93%E5%B1%B1%E5%8D%80%E5%A4%A7%E6%A6%AE%E8%A1%971%E8%99%9F,https://www.dystcs.kh.edu.tw/,https://www.dystcs.kh.edu.tw/,https://www.dystcs.kh.edu.tw/
高雄區,,521401,私立中華藝校,私立,高雄區學校名錄,高職,男女校,高雄市,鼓山區,高雄市鼓山區美術館路89號,https://www.charts.kh.edu.tw/,(07)5549696,音樂科(日)；舞蹈科(日)；美術科(日)；影劇科(日)；多媒體動畫科(日)；影劇技術科(日),,,教育部統計處《高級中等學校概況統計》114學年度校別資料；115學年度實際招生名額待該區免試入學委員會公告端點恢復後再寫入。,請以各校當年度公告為準,,技術型高中，主要專業方向包含音樂科、舞蹈科、美術科、影劇科、多媒體動畫科、影劇技術科；依各科課程計畫安排專業科目與實習實作。,專業群科依各科課程辦理實習實作、技能訓練與專題製作；網站未標示115學年度全校統一專題題目時，以各科／實習處公告為準。,校方招生網站設有「交通住宿」專區；115學年度實際交通方式與校車資訊依該招生專區最新公告。,網站未標示所有學生一致的固定通勤時間。,校方招生網站設有「交通住宿」專區；115學年度住宿資格、床位及費用依招生專區最新公告。,https://www.google.com/maps/search/?api=1&query=%E9%AB%98%E9%9B%84%E5%B8%82%E9%BC%93%E5%B1%B1%E5%8D%80%E7%BE%8E%E8%A1%93%E9%A4%A8%E8%B7%AF89%E8%99%9F; https://www.charts.kh.edu.tw/,https://web.charts.kh.edu.tw/ent/,https://web.charts.kh.edu.tw/ent/,https://www.google.com/maps/search/?api=1&query=%E9%AB%98%E9%9B%84%E5%B8%82%E9%BC%93%E5%B1%B1%E5%8D%80%E7%BE%8E%E8%A1%93%E9%A4%A8%E8%B7%AF89%E8%99%9F,https://www.charts.kh.edu.tw/,https://www.charts.kh.edu.tw/,https://www.charts.kh.edu.tw/
高雄區,,523301,高雄市立鼓山高中,公立,高雄區學校名錄,高中,男女校,高雄市,鼓山區,高雄市鼓山區明德路2號,https://www.kusjh.kh.edu.tw/,(07)5213258,普通科(日)；美術班(日)；體育班(日),,,教育部統計處《高級中等學校概況統計》114學年度校別資料；115學年度實際招生名額待該區免試入學委員會公告端點恢復後再寫入。,請以各校當年度公告為準,,普通型高中課程，以部定必修、加深加廣、多元選修、彈性學習與自主學習為主；另有美術班、體育班等特色班別。,不設技職類固定實習；以探究與實作、自主學習及學習歷程成果為主。網站未標示115學年度全校統一專題題目。,學校官網未標示115學年度完整固定大眾運輸到校路線或固定學生專車班次。,網站未標示所有學生一致的固定通勤時間；請依官方校址與即時大眾運輸班次查詢。,學校官網未標示115學年度校內學生宿舍申請資訊。,https://www.google.com/maps/search/?api=1&query=%E9%AB%98%E9%9B%84%E5%B8%82%E9%BC%93%E5%B1%B1%E5%8D%80%E6%98%8E%E5%BE%B7%E8%B7%AF2%E8%99%9F; https://www.kusjh.kh.edu.tw/,https://www.kusjh.kh.edu.tw/,https://www.kusjh.kh.edu.tw/,https://www.google.com/maps/search/?api=1&query=%E9%AB%98%E9%9B%84%E5%B8%82%E9%BC%93%E5%B1%B1%E5%8D%80%E6%98%8E%E5%BE%B7%E8%B7%AF2%E8%99%9F,https://www.kusjh.kh.edu.tw/,https://www.kusjh.kh.edu.tw/,https://www.kusjh.kh.edu.tw/
高雄區,,533301,高雄市立左營高中,公立,高雄區學校名錄,高中,男女校,高雄市,左營區,高雄市左營區海功路55號,https://www.tyhs.kh.edu.tw/,(07)5822010,普通科(日)；普通科(夜)；舞蹈班(日)；體育班(日),,,教育部統計處《高級中等學校概況統計》114學年度校別資料；115學年度實際招生名額待該區免試入學委員會公告端點恢復後再寫入。,請以各校當年度公告為準,,普通型高中課程，以部定必修、加深加廣、多元選修、彈性學習與自主學習為主；另有舞蹈班、體育班等特色班別。,不設技職類固定實習；以探究與實作、自主學習及學習歷程成果為主。網站未標示115學年度全校統一專題題目。,校方115-1公告學生交通專車A至G共7線，並公布路線時間、座位表及搭乘名冊。,學生專車須依115-1校方公布的A–G路線、座位與名冊搭乘。,學校官網未標示115學年度校內學生宿舍申請資訊。,https://www.google.com/maps/search/?api=1&query=%E9%AB%98%E9%9B%84%E5%B8%82%E5%B7%A6%E7%87%9F%E5%8D%80%E6%B5%B7%E5%8A%9F%E8%B7%AF55%E8%99%9F; https://www.tyhs.kh.edu.tw/,https://www.tyhs.kh.edu.tw/,https://www.tyhs.kh.edu.tw/,https://www.google.com/maps/search/?api=1&query=%E9%AB%98%E9%9B%84%E5%B8%82%E5%B7%A6%E7%87%9F%E5%8D%80%E6%B5%B7%E5%8A%9F%E8%B7%AF55%E8%99%9F,https://www.tyhs.kh.edu.tw/,https://www.tyhs.kh.edu.tw/,https://www.tyhs.kh.edu.tw/
高雄區,,533302,高雄市立新莊高中,公立,高雄區學校名錄,高中,男女校,高雄市,左營區,高雄市左營區文慈路99號,https://www.hchs.kh.edu.tw/,(07)3420103,普通科(日)；音樂班(日)；體育班(日),,,教育部統計處《高級中等學校概況統計》114學年度校別資料；115學年度實際招生名額待該區免試入學委員會公告端點恢復後再寫入。,請以各校當年度公告為準,,普通型高中課程，以人文博雅、行動創造、國際視野與科學素養等校本學習方向規劃。,不設技職類固定實習；以探究與實作、自主學習及學習歷程成果為主。網站未標示115學年度全校統一專題題目。,學校官網未標示115學年度完整固定大眾運輸到校路線或固定學生專車班次。,網站未標示所有學生一致的固定通勤時間；請依官方校址與即時大眾運輸班次查詢。,學校官網未標示115學年度校內學生宿舍申請資訊。,https://www.google.com/maps/search/?api=1&query=%E9%AB%98%E9%9B%84%E5%B8%82%E5%B7%A6%E7%87%9F%E5%8D%80%E6%96%87%E6%85%88%E8%B7%AF99%E8%99%9F; https://www.hchs.kh.edu.tw/,https://www.hchs.kh.edu.tw/,https://www.hchs.kh.edu.tw/,https://www.google.com/maps/search/?api=1&query=%E9%AB%98%E9%9B%84%E5%B8%82%E5%B7%A6%E7%87%9F%E5%8D%80%E6%96%87%E6%85%88%E8%B7%AF99%E8%99%9F,https://www.hchs.kh.edu.tw/,https://www.hchs.kh.edu.tw/office/div_811/108course/%E5%90%84%E5%B9%B4%E5%BA%A6%E8%AA%B2%E7%A8%8B%E8%A8%88%E7%95%AB%E6%9B%B8/,https://www.hchs.kh.edu.tw/office/div_811/108course/%E5%90%84%E5%B9%B4%E5%BA%A6%E8%AA%B2%E7%A8%8B%E8%A8%88%E7%95%AB%E6%9B%B8/
高雄區,,533401,高雄市立海青工商,公立,高雄區學校名錄,高職,男女校,高雄市,左營區,高雄市左營區左營大路1號,https://www.hcvs.kh.edu.tw/,(07)5819155,體育班(日)；資訊科(日)；電子科(日)；建築科(日)；美工科(日)；土木科(日)；室內空間設計科(日)；會計事務科(日)；資料處理科(日)；資料處理科(夜)；廣告設計科(日)；廣告設計科(夜),,,教育部統計處《高級中等學校概況統計》114學年度校別資料；115學年度實際招生名額待該區免試入學委員會公告端點恢復後再寫入。,請以各校當年度公告為準,,技術型高中，主要專業方向包含資訊科、電子科、建築科、美工科、土木科、室內空間設計科、會計事務科、資料處理科、廣告設計科；依各科課程計畫安排專業科目與實習實作。,專業群科依各科課程辦理實習實作、技能訓練與專題製作；網站未標示115學年度全校統一專題題目時，以各科／實習處公告為準。,學校官網未標示115學年度完整固定大眾運輸到校路線或固定學生專車班次。,網站未標示所有學生一致的固定通勤時間；請依官方校址與即時大眾運輸班次查詢。,學校官網未標示115學年度校內學生宿舍申請資訊。,https://www.google.com/maps/search/?api=1&query=%E9%AB%98%E9%9B%84%E5%B8%82%E5%B7%A6%E7%87%9F%E5%8D%80%E5%B7%A6%E7%87%9F%E5%A4%A7%E8%B7%AF1%E8%99%9F; https://www.hcvs.kh.edu.tw/,https://www.hcvs.kh.edu.tw/,https://www.hcvs.kh.edu.tw/,https://www.google.com/maps/search/?api=1&query=%E9%AB%98%E9%9B%84%E5%B8%82%E5%B7%A6%E7%87%9F%E5%8D%80%E5%B7%A6%E7%87%9F%E5%A4%A7%E8%B7%AF1%E8%99%9F,https://www.hcvs.kh.edu.tw/,https://www.hcvs.kh.edu.tw/,https://www.hcvs.kh.edu.tw/
高雄區,,533402,高雄市立三民家商,公立,高雄區學校名錄,高職,男女校,高雄市,左營區,高雄市左營區裕誠路1102號,https://www.smvhs.kh.edu.tw/,(07)5525887,體育班(日)；國際貿易科(日)；資料處理科(日)；觀光事業科(日)；餐飲管理科(日)；服裝科(日)；幼兒保育科(日)；美容科(日)；室內設計科(日)；綜合職能科(日),,,教育部統計處《高級中等學校概況統計》114學年度校別資料；115學年度實際招生名額待該區免試入學委員會公告端點恢復後再寫入。,請以各校當年度公告為準,,技術型高中，主要專業方向包含國際貿易科、資料處理科、觀光事業科、餐飲管理科、服裝科、幼兒保育科、美容科、室內設計科、綜合職能科；依各科課程計畫安排專業科目與實習實作。,專業群科依各科課程辦理實習實作、技能訓練與專題製作；網站未標示115學年度全校統一專題題目時，以各科／實習處公告為準。,學校官網未標示115學年度完整固定大眾運輸到校路線或固定學生專車班次。,網站未標示所有學生一致的固定通勤時間；請依官方校址與即時大眾運輸班次查詢。,學校官網未標示115學年度校內學生宿舍申請資訊。,https://www.google.com/maps/search/?api=1&query=%E9%AB%98%E9%9B%84%E5%B8%82%E5%B7%A6%E7%87%9F%E5%8D%80%E8%A3%95%E8%AA%A0%E8%B7%AF1102%E8%99%9F; https://www.smvhs.kh.edu.tw/,https://www.smvhs.kh.edu.tw/,https://www.smvhs.kh.edu.tw/,https://www.google.com/maps/search/?api=1&query=%E9%AB%98%E9%9B%84%E5%B8%82%E5%B7%A6%E7%87%9F%E5%8D%80%E8%A3%95%E8%AA%A0%E8%B7%AF1102%E8%99%9F,https://www.smvhs.kh.edu.tw/,https://www.smvhs.kh.edu.tw/,https://www.smvhs.kh.edu.tw/
高雄區,,540301,國立中山大學附屬國光高中,公立,高雄區學校名錄,高中,男女校,高雄市,楠梓區,高雄市楠梓區後昌路512號,https://kksh.nsysu.edu.tw/,(07)3603600,普通科(日),,,教育部統計處《高級中等學校概況統計》114學年度校別資料；115學年度實際招生名額待該區免試入學委員會公告端點恢復後再寫入。,請以各校當年度公告為準,,普通型高中課程，以部定必修、加深加廣、多元選修、彈性學習與自主學習為主。,不設技職類固定實習；以探究與實作、自主學習及學習歷程成果為主。網站未標示115學年度全校統一專題題目。,學校官網未標示115學年度完整固定大眾運輸到校路線或固定學生專車班次。,網站未標示所有學生一致的固定通勤時間；請依官方校址與即時大眾運輸班次查詢。,學校官網未標示115學年度校內學生宿舍申請資訊。,https://www.google.com/maps/search/?api=1&query=%E9%AB%98%E9%9B%84%E5%B8%82%E6%A5%A0%E6%A2%93%E5%8D%80%E5%BE%8C%E6%98%8C%E8%B7%AF512%E8%99%9F; https://kksh.nsysu.edu.tw/,https://kksh.nsysu.edu.tw/,https://kksh.nsysu.edu.tw/,https://www.google.com/maps/search/?api=1&query=%E9%AB%98%E9%9B%84%E5%B8%82%E6%A5%A0%E6%A2%93%E5%8D%80%E5%BE%8C%E6%98%8C%E8%B7%AF512%E8%99%9F,https://kksh.nsysu.edu.tw/,https://sites.google.com/nsysu.kksh.kh.edu.tw/classplan/%E9%A6%96%E9%A0%81,https://sites.google.com/nsysu.kksh.kh.edu.tw/classplan/%E9%A6%96%E9%A0%81
高雄區,,543301,高雄市立中山高中,公立,高雄區學校名錄,高中,男女校,高雄市,楠梓區,高雄市楠梓區藍昌路416號,https://www.cshs.kh.edu.tw/,(07)3641116,普通科(日),,,教育部統計處《高級中等學校概況統計》114學年度校別資料；115學年度實際招生名額待該區免試入學委員會公告端點恢復後再寫入。,請以各校當年度公告為準,,普通型高中課程，以部定必修、加深加廣、多元選修、彈性學習與自主學習為主。,不設技職類固定實習；以探究與實作、自主學習及學習歷程成果為主。網站未標示115學年度全校統一專題題目。,學校官網未標示115學年度完整固定大眾運輸到校路線或固定學生專車班次。,網站未標示所有學生一致的固定通勤時間；請依官方校址與即時大眾運輸班次查詢。,學校官網未標示115學年度校內學生宿舍申請資訊。,https://www.google.com/maps/search/?api=1&query=%E9%AB%98%E9%9B%84%E5%B8%82%E6%A5%A0%E6%A2%93%E5%8D%80%E8%97%8D%E6%98%8C%E8%B7%AF416%E8%99%9F; https://www.cshs.kh.edu.tw/,https://www.cshs.kh.edu.tw/,https://www.cshs.kh.edu.tw/,https://www.google.com/maps/search/?api=1&query=%E9%AB%98%E9%9B%84%E5%B8%82%E6%A5%A0%E6%A2%93%E5%8D%80%E8%97%8D%E6%98%8C%E8%B7%AF416%E8%99%9F,https://www.cshs.kh.edu.tw/,https://www.cshs.kh.edu.tw/,https://www.cshs.kh.edu.tw/
高雄區,,543302,高雄市立楠梓高中,公立,高雄區學校名錄,綜高,男女校,高雄市,楠梓區,高雄市楠梓區清豐路19號,https://www.nths.kh.edu.tw/,(07)3550571,體育班(日),,,教育部統計處《高級中等學校概況統計》114學年度校別資料；115學年度實際招生名額待該區免試入學委員會公告端點恢復後再寫入。,請以各校當年度公告為準,,115學年度轉型為普通型高中附設專業群科，專業方向包含資料處理、觀光事業、餐飲管理；普通課程與專業課程並行。,專業群科依各科課程辦理實習實作、技能訓練與專題製作；網站未標示115學年度全校統一專題題目時，以各科／實習處公告為準。,學校官網未標示115學年度完整固定大眾運輸到校路線或固定學生專車班次。,網站未標示所有學生一致的固定通勤時間；請依官方校址與即時大眾運輸班次查詢。,學校官網未標示115學年度校內學生宿舍申請資訊。,https://www.google.com/maps/search/?api=1&query=%E9%AB%98%E9%9B%84%E5%B8%82%E6%A5%A0%E6%A2%93%E5%8D%80%E6%B8%85%E8%B1%90%E8%B7%AF19%E8%99%9F; https://www.nths.kh.edu.tw/,https://www.nths.kh.edu.tw/,https://www.nths.kh.edu.tw/,https://www.google.com/maps/search/?api=1&query=%E9%AB%98%E9%9B%84%E5%B8%82%E6%A5%A0%E6%A2%93%E5%8D%80%E6%B8%85%E8%B1%90%E8%B7%AF19%E8%99%9F,https://www.nths.kh.edu.tw/,https://www.nths.kh.edu.tw/,https://www.nths.kh.edu.tw/
高雄區,,551301,私立立志高中,私立,高雄區學校名錄,綜高,男女校,高雄市,三民區,807066 高雄市三民區大昌一路98號,https://w5.lcvs.kh.edu.tw/,(07)3922601,普通科(日)；汽車科(日)；汽車科(夜)；資訊科(日)；資訊科(夜)；電子科(日)；電機科(日)；電機科(夜)；資料處理科(日)；資料處理科(夜)；餐飲管理科(日)；餐飲管理科(夜)；電競經營科(日)；美容科(日)；美容科(夜)；照顧服務科(夜)；水電技術科(日),,,教育部統計處《高級中等學校概況統計》114學年度校別資料；115學年度實際招生名額待該區免試入學委員會公告端點恢復後再寫入。,請以各校當年度公告為準,,115學年度普通高中與技術型課程並行；技高另有特色招生、建教合作與實用技能學程，依校方115課程計畫辦理。,專業群科依各科課程辦理實習實作、技能訓練與專題製作；網站未標示115學年度全校統一專題題目時，以各科／實習處公告為準。,學校官網未標示115學年度完整固定大眾運輸到校路線或固定學生專車班次。,網站未標示所有學生一致的固定通勤時間；請依官方校址與即時大眾運輸班次查詢。,校方可確認僑生專班設有新宿舍；但一般高中職學生115學年度是否開放同一住宿制度，官網未明確標示，不直接視為全校皆可申請。,https://www.google.com/maps/search/?api=1&query=807066+%E9%AB%98%E9%9B%84%E5%B8%82%E4%B8%89%E6%B0%91%E5%8D%80%E5%A4%A7%E6%98%8C%E4%B8%80%E8%B7%AF98%E8%99%9F; https://w5.lcvs.kh.edu.tw/,https://w5.lcvs.kh.edu.tw/,https://w5.lcvs.kh.edu.tw/index.php/ocs/,https://www.google.com/maps/search/?api=1&query=807066+%E9%AB%98%E9%9B%84%E5%B8%82%E4%B8%89%E6%B0%91%E5%8D%80%E5%A4%A7%E6%98%8C%E4%B8%80%E8%B7%AF98%E8%99%9F,https://w5.lcvs.kh.edu.tw/,https://www.lcvs.kh.edu.tw/web_Ap/course_plan/,https://www.lcvs.kh.edu.tw/web_Ap/course_plan/
高雄區,,551402,私立樹德家商,私立,高雄區學校名錄,高職,男女校,高雄市,三民區,高雄市三民區建興路116號,https://www.shute.kh.edu.tw/,(07)3848622,商業經營科(日)；資料處理科(日)；資料處理科(夜)；廣告設計科(日)；觀光事業科(日)；餐飲管理科(日)；餐飲管理科(夜)；應用英語科(日)；應用日語科(日)；幼兒保育科(日)；美容科(日)；美容科(夜)；照顧服務科(日)；照顧服務科(夜)；表演藝術科(日)；綜合職能科(日)；表演技術科(日)；寵物經營科(日)；烘焙食品科(日)；餐飲技術科(日)；中餐廚師科(日)；美髮技術科(日)；美顏技術科(日),,,教育部統計處《高級中等學校概況統計》114學年度校別資料；115學年度實際招生名額待該區免試入學委員會公告端點恢復後再寫入。,請以各校當年度公告為準,,技術型高中，主要專業方向包含商業經營科、資料處理科、廣告設計科、觀光事業科、餐飲管理科、應用英語科、應用日語科、幼兒保育科、美容科、照顧服務科等；依各科課程計畫安排專業科目與實習實作。,校方實習處辦理校外職場參訪／實習、建教合作、技術士證照與各專業群科實作。,學校官網未標示115學年度完整固定大眾運輸到校路線或固定學生專車班次。,網站未標示所有學生一致的固定通勤時間；請依官方校址與即時大眾運輸班次查詢。,學校官網未標示115學年度校內學生宿舍申請資訊。,https://www.google.com/maps/search/?api=1&query=%E9%AB%98%E9%9B%84%E5%B8%82%E4%B8%89%E6%B0%91%E5%8D%80%E5%BB%BA%E8%88%88%E8%B7%AF116%E8%99%9F; https://www.shute.kh.edu.tw/,https://www.shute.kh.edu.tw/,https://www.shute.kh.edu.tw/,https://www.google.com/maps/search/?api=1&query=%E9%AB%98%E9%9B%84%E5%B8%82%E4%B8%89%E6%B0%91%E5%8D%80%E5%BB%BA%E8%88%88%E8%B7%AF116%E8%99%9F,https://www.shute.kh.edu.tw/,https://sites.google.com/view/shute-practice,https://sites.google.com/view/shute-practice
高雄區,,553301,高雄市立高雄中學,公立,高雄區學校名錄,高中,男女校,高雄市,三民區,高雄市三民區建國三路50號,https://www.kshs.kh.edu.tw/,(07)2862550,普通科(日)；音樂班(日)；體育班(日)；科學班(日),,,教育部統計處《高級中等學校概況統計》114學年度校別資料；115學年度實際招生名額待該區免試入學委員會公告端點恢復後再寫入。,請以各校當年度公告為準,,普通型高中課程，以部定必修、加深加廣、多元選修、彈性學習與自主學習為主；另有音樂班、體育班、科學班等特色班別。,不設技職類固定實習；以探究與實作、自主學習及學習歷程成果為主。網站未標示115學年度全校統一專題題目。,學校官網未標示115學年度完整固定大眾運輸到校路線或固定學生專車班次。,網站未標示所有學生一致的固定通勤時間；請依官方校址與即時大眾運輸班次查詢。,學校官網未標示115學年度校內學生宿舍申請資訊。,https://www.google.com/maps/search/?api=1&query=%E9%AB%98%E9%9B%84%E5%B8%82%E4%B8%89%E6%B0%91%E5%8D%80%E5%BB%BA%E5%9C%8B%E4%B8%89%E8%B7%AF50%E8%99%9F; https://www.kshs.kh.edu.tw/,https://www.kshs.kh.edu.tw/,https://www.kshs.kh.edu.tw/,https://www.google.com/maps/search/?api=1&query=%E9%AB%98%E9%9B%84%E5%B8%82%E4%B8%89%E6%B0%91%E5%8D%80%E5%BB%BA%E5%9C%8B%E4%B8%89%E8%B7%AF50%E8%99%9F,https://www.kshs.kh.edu.tw/,https://www.kshs.kh.edu.tw/,https://www.kshs.kh.edu.tw/
高雄區,,553302,高雄市立三民高中,公立,高雄區學校名錄,高中,男女校,高雄市,三民區,高雄市三民區金鼎路81號,https://www.smhs.kh.edu.tw/,(07)3475181,普通科(日)；體育班(日),,,教育部統計處《高級中等學校概況統計》114學年度校別資料；115學年度實際招生名額待該區免試入學委員會公告端點恢復後再寫入。,請以各校當年度公告為準,,普通型高中課程，以部定必修、加深加廣、多元選修、彈性學習與自主學習為主；另有體育班等特色班別。,不設技職類固定實習；以探究與實作、自主學習及學習歷程成果為主。網站未標示115學年度全校統一專題題目。,學校官網未標示115學年度完整固定大眾運輸到校路線或固定學生專車班次。,網站未標示所有學生一致的固定通勤時間；請依官方校址與即時大眾運輸班次查詢。,學校官網未標示115學年度校內學生宿舍申請資訊。,https://www.google.com/maps/search/?api=1&query=%E9%AB%98%E9%9B%84%E5%B8%82%E4%B8%89%E6%B0%91%E5%8D%80%E9%87%91%E9%BC%8E%E8%B7%AF81%E8%99%9F; https://www.smhs.kh.edu.tw/,https://www.smhs.kh.edu.tw/,https://www.smhs.kh.edu.tw/,https://www.google.com/maps/search/?api=1&query=%E9%AB%98%E9%9B%84%E5%B8%82%E4%B8%89%E6%B0%91%E5%8D%80%E9%87%91%E9%BC%8E%E8%B7%AF81%E8%99%9F,https://www.smhs.kh.edu.tw/,https://www.smhs.kh.edu.tw/,https://www.smhs.kh.edu.tw/
高雄區,,553401,高雄市立高雄高工,公立,高雄區學校名錄,高職,男女校,高雄市,三民區,高雄市三民區建工路419號,https://www.ksvs.kh.edu.tw/,(07)3815366,機械科(日)；機械科(夜)；汽車科(日)；資訊科(日)；資訊科(夜)；電子科(日)；電機科(日)；電機科(夜)；冷凍空調科(日)；建築科(日)；化工科(日)；製圖科(夜)；圖文傳播科(日)；電腦機械製圖科(日),,,教育部統計處《高級中等學校概況統計》114學年度校別資料；115學年度實際招生名額待該區免試入學委員會公告端點恢復後再寫入。,請以各校當年度公告為準,,技術型高中，主要專業方向包含機械科、汽車科、資訊科、電子科、電機科、冷凍空調科、建築科、化工科、製圖科、圖文傳播科等；依各科課程計畫安排專業科目與實習實作。,專業群科依各科課程辦理實習實作、技能訓練與專題製作；網站未標示115學年度全校統一專題題目時，以各科／實習處公告為準。,學校官網未標示115學年度完整固定大眾運輸到校路線或固定學生專車班次。,網站未標示所有學生一致的固定通勤時間；請依官方校址與即時大眾運輸班次查詢。,學校官網未標示115學年度校內學生宿舍申請資訊。,https://www.google.com/maps/search/?api=1&query=%E9%AB%98%E9%9B%84%E5%B8%82%E4%B8%89%E6%B0%91%E5%8D%80%E5%BB%BA%E5%B7%A5%E8%B7%AF419%E8%99%9F; https://www.ksvs.kh.edu.tw/,https://www.ksvs.kh.edu.tw/,https://www.ksvs.kh.edu.tw/,https://www.google.com/maps/search/?api=1&query=%E9%AB%98%E9%9B%84%E5%B8%82%E4%B8%89%E6%B0%91%E5%8D%80%E5%BB%BA%E5%B7%A5%E8%B7%AF419%E8%99%9F,https://www.ksvs.kh.edu.tw/,https://www.ksvs.kh.edu.tw/,https://www.ksvs.kh.edu.tw/
高雄區,,563301,高雄市立新興高中,公立,高雄區學校名錄,高中,男女校,高雄市,新興區,高雄市新興區五福二路218號,https://www.hhhs.kh.edu.tw/,(07)2727127,普通科(日)；音樂班(日),,,教育部統計處《高級中等學校概況統計》114學年度校別資料；115學年度實際招生名額待該區免試入學委員會公告端點恢復後再寫入。,請以各校當年度公告為準,,普通型高中課程，以部定必修、加深加廣、多元選修、彈性學習與自主學習為主；另有音樂班等特色班別。,不設技職類固定實習；以探究與實作、自主學習及學習歷程成果為主。網站未標示115學年度全校統一專題題目。,學校官網未標示115學年度完整固定大眾運輸到校路線或固定學生專車班次。,網站未標示所有學生一致的固定通勤時間；請依官方校址與即時大眾運輸班次查詢。,學校官網未標示115學年度校內學生宿舍申請資訊。,https://www.google.com/maps/search/?api=1&query=%E9%AB%98%E9%9B%84%E5%B8%82%E6%96%B0%E8%88%88%E5%8D%80%E4%BA%94%E7%A6%8F%E4%BA%8C%E8%B7%AF218%E8%99%9F; https://www.hhhs.kh.edu.tw/,https://www.hhhs.kh.edu.tw/,https://www.hhhs.kh.edu.tw/,https://www.google.com/maps/search/?api=1&query=%E9%AB%98%E9%9B%84%E5%B8%82%E6%96%B0%E8%88%88%E5%8D%80%E4%BA%94%E7%A6%8F%E4%BA%8C%E8%B7%AF218%E8%99%9F,https://www.hhhs.kh.edu.tw/,https://www.hhhs.kh.edu.tw/,https://www.hhhs.kh.edu.tw/
高雄區,,563401,高雄市立高雄高商,公立,高雄區學校名錄,高職,男女校,高雄市,新興區,高雄市新興區五福二路3號,https://www.ksvcs.kh.edu.tw/,(07)2269975,體育班(日)；商業經營科(日)；商業經營科(夜)；國際貿易科(日)；會計事務科(日)；資料處理科(日)；資料處理科(夜)；廣告設計科(日),,,教育部統計處《高級中等學校概況統計》114學年度校別資料；115學年度實際招生名額待該區免試入學委員會公告端點恢復後再寫入。,請以各校當年度公告為準,,技術型高中，主要專業方向包含商業經營科、國際貿易科、會計事務科、資料處理科、廣告設計科；依各科課程計畫安排專業科目與實習實作。,專業群科依各科課程辦理實習實作、技能訓練與專題製作；網站未標示115學年度全校統一專題題目時，以各科／實習處公告為準。,學校官網未標示115學年度完整固定大眾運輸到校路線或固定學生專車班次。,網站未標示所有學生一致的固定通勤時間；請依官方校址與即時大眾運輸班次查詢。,學校官網未標示115學年度校內學生宿舍申請資訊。,https://www.google.com/maps/search/?api=1&query=%E9%AB%98%E9%9B%84%E5%B8%82%E6%96%B0%E8%88%88%E5%8D%80%E4%BA%94%E7%A6%8F%E4%BA%8C%E8%B7%AF3%E8%99%9F; https://www.ksvcs.kh.edu.tw/,https://www.ksvcs.kh.edu.tw/,https://www.ksvcs.kh.edu.tw/,https://www.google.com/maps/search/?api=1&query=%E9%AB%98%E9%9B%84%E5%B8%82%E6%96%B0%E8%88%88%E5%8D%80%E4%BA%94%E7%A6%8F%E4%BA%8C%E8%B7%AF3%E8%99%9F,https://www.ksvcs.kh.edu.tw/,https://www.ksvcs.kh.edu.tw/,https://www.ksvcs.kh.edu.tw/
高雄區,,573301,高雄市立高雄女中,公立,高雄區學校名錄,高中,女校,高雄市,前金區,高雄市前金區五福三路122號,https://www.kghs.kh.edu.tw/home,(07)2115418,普通科(日),,,教育部統計處《高級中等學校概況統計》114學年度校別資料；115學年度實際招生名額待該區免試入學委員會公告端點恢復後再寫入。,請以各校當年度公告為準,,普通型高中課程，以部定必修、加深加廣、多元選修、彈性學習與自主學習為主。,不設技職類固定實習；以探究與實作、自主學習及學習歷程成果為主。網站未標示115學年度全校統一專題題目。,學校官網未標示115學年度完整固定大眾運輸到校路線或固定學生專車班次。,網站未標示所有學生一致的固定通勤時間；請依官方校址與即時大眾運輸班次查詢。,學校官網未標示115學年度校內學生宿舍申請資訊。,https://www.google.com/maps/search/?api=1&query=%E9%AB%98%E9%9B%84%E5%B8%82%E5%89%8D%E9%87%91%E5%8D%80%E4%BA%94%E7%A6%8F%E4%B8%89%E8%B7%AF122%E8%99%9F; https://www.kghs.kh.edu.tw/home,https://www.kghs.kh.edu.tw/home,https://www.kghs.kh.edu.tw/home,https://www.google.com/maps/search/?api=1&query=%E9%AB%98%E9%9B%84%E5%B8%82%E5%89%8D%E9%87%91%E5%8D%80%E4%BA%94%E7%A6%8F%E4%B8%89%E8%B7%AF122%E8%99%9F,https://www.kghs.kh.edu.tw/home,https://www.kghs.kh.edu.tw/home,https://www.kghs.kh.edu.tw/home
高雄區,,580301,國立高師大附中,公立,高雄區學校名錄,高中,男女校,高雄市,苓雅區,高雄市苓雅區凱旋二路89號,https://www.nknush.kh.edu.tw/,(07)7613875,普通科(日),,,教育部統計處《高級中等學校概況統計》114學年度校別資料；115學年度實際招生名額待該區免試入學委員會公告端點恢復後再寫入。,請以各校當年度公告為準,,普通型高中課程，以部定必修、加深加廣、多元選修、彈性學習與自主學習為主。,不設技職類固定實習；以探究與實作、自主學習及學習歷程成果為主。網站未標示115學年度全校統一專題題目。,學校官網未標示115學年度完整固定大眾運輸到校路線或固定學生專車班次。,網站未標示所有學生一致的固定通勤時間；請依官方校址與即時大眾運輸班次查詢。,學校官網未標示115學年度校內學生宿舍申請資訊。,https://www.google.com/maps/search/?api=1&query=%E9%AB%98%E9%9B%84%E5%B8%82%E8%8B%93%E9%9B%85%E5%8D%80%E5%87%B1%E6%97%8B%E4%BA%8C%E8%B7%AF89%E8%99%9F; https://www.nknush.kh.edu.tw/,https://www.nknush.kh.edu.tw/,https://www.nknush.kh.edu.tw/,https://www.google.com/maps/search/?api=1&query=%E9%AB%98%E9%9B%84%E5%B8%82%E8%8B%93%E9%9B%85%E5%8D%80%E5%87%B1%E6%97%8B%E4%BA%8C%E8%B7%AF89%E8%99%9F,https://www.nknush.kh.edu.tw/,https://www.nknush.kh.edu.tw/,https://www.nknush.kh.edu.tw/
高雄區,,581301,私立復華高中,私立,高雄區學校名錄,綜高,男女校,高雄市,苓雅區,高雄市苓雅區民權一路42號,https://www.fhhs.kh.edu.tw/,(07)3344168,普通科(日)；資料處理科(日)；觀光事業科(日)；電子商務科(日)；幼兒保育科(日)；美容科(日),,,教育部統計處《高級中等學校概況統計》114學年度校別資料；115學年度實際招生名額待該區免試入學委員會公告端點恢復後再寫入。,請以各校當年度公告為準,,普通／學術課程與專業群科並行，招生／專業方向包含普通科、資料處理科、觀光事業科、電子商務科、幼兒保育科、美容科；實際分流依115學年度校方課程計畫。,專業群科依各科課程辦理實習實作、技能訓練與專題製作；網站未標示115學年度全校統一專題題目時，以各科／實習處公告為準。,學校官網未標示115學年度完整固定大眾運輸到校路線或固定學生專車班次。,網站未標示所有學生一致的固定通勤時間；請依官方校址與即時大眾運輸班次查詢。,學校官網未標示115學年度校內學生宿舍申請資訊。,https://www.google.com/maps/search/?api=1&query=%E9%AB%98%E9%9B%84%E5%B8%82%E8%8B%93%E9%9B%85%E5%8D%80%E6%B0%91%E6%AC%8A%E4%B8%80%E8%B7%AF42%E8%99%9F; https://www.fhhs.kh.edu.tw/,https://www.fhhs.kh.edu.tw/,https://www.fhhs.kh.edu.tw/,https://www.google.com/maps/search/?api=1&query=%E9%AB%98%E9%9B%84%E5%B8%82%E8%8B%93%E9%9B%85%E5%8D%80%E6%B0%91%E6%AC%8A%E4%B8%80%E8%B7%AF42%E8%99%9F,https://www.fhhs.kh.edu.tw/,https://www.fhhs.kh.edu.tw/,https://www.fhhs.kh.edu.tw/
高雄區,,581302,天主教道明中學,私立,高雄區學校名錄,高中,男女校,高雄市,苓雅區,高雄市苓雅區建國一路354號,https://www.dmhs.kh.edu.tw/,(07)2240711,普通科(日),,,教育部統計處《高級中等學校概況統計》114學年度校別資料；115學年度實際招生名額待該區免試入學委員會公告端點恢復後再寫入。,請以各校當年度公告為準,,普通型高中課程，以部定必修、加深加廣、多元選修、彈性學習與自主學習為主。,不設技職類固定實習；以探究與實作、自主學習及學習歷程成果為主。網站未標示115學年度全校統一專題題目。,校方115學年度在校生專區已提供115暑輔及115-1校車申請資訊。,搭乘校車者須依115-1校方申請結果、路線與站點辦理。,學校官網未標示115學年度校內學生宿舍申請資訊。,https://www.google.com/maps/search/?api=1&query=%E9%AB%98%E9%9B%84%E5%B8%82%E8%8B%93%E9%9B%85%E5%8D%80%E5%BB%BA%E5%9C%8B%E4%B8%80%E8%B7%AF354%E8%99%9F; https://www.dmhs.kh.edu.tw/,https://sites.google.com/dmhs.kh.edu.tw/115current-students/%E9%A6%96%E9%A0%81,https://www.dmhs.kh.edu.tw/,https://www.google.com/maps/search/?api=1&query=%E9%AB%98%E9%9B%84%E5%B8%82%E8%8B%93%E9%9B%85%E5%8D%80%E5%BB%BA%E5%9C%8B%E4%B8%80%E8%B7%AF354%E8%99%9F,https://www.dmhs.kh.edu.tw/,https://www.dmhs.kh.edu.tw/,https://www.dmhs.kh.edu.tw/
高雄區,,581402,私立三信家商,私立,高雄區學校名錄,高職,男女校,高雄市,苓雅區,高雄市苓雅區三多一路186號,https://www.sanhsin.edu.tw/sansin2017/index.html,(07)7517171,商業經營科(日)；資料處理科(日)；資料處理科(夜)；廣告設計科(日)；觀光事業科(日)；餐飲管理科(日)；餐飲管理科(夜)；應用日語科(日)；幼兒保育科(日)；美容科(日)；照顧服務科(日)；照顧服務科(夜)；餐飲服務科(日)；烘焙食品科(日)；餐飲技術科(日),,,教育部統計處《高級中等學校概況統計》114學年度校別資料；115學年度實際招生名額待該區免試入學委員會公告端點恢復後再寫入。,請以各校當年度公告為準,,技術型高中，主要專業方向包含商業經營科、資料處理科、廣告設計科、觀光事業科、餐飲管理科、應用日語科、幼兒保育科、美容科、照顧服務科、餐飲服務科等；依各科課程計畫安排專業科目與實習實作。,依各群科課程安排專題製作、軟體應用、電子商務、網頁設計、數位影音及餐旅、美容等專業實作。,學校官網未標示115學年度完整固定大眾運輸到校路線或固定學生專車班次。,網站未標示所有學生一致的固定通勤時間；請依官方校址與即時大眾運輸班次查詢。,學校官網未標示115學年度校內學生宿舍申請資訊。,https://www.google.com/maps/search/?api=1&query=%E9%AB%98%E9%9B%84%E5%B8%82%E8%8B%93%E9%9B%85%E5%8D%80%E4%B8%89%E5%A4%9A%E4%B8%80%E8%B7%AF186%E8%99%9F; https://www.sanhsin.edu.tw/sansin2017/index.html,https://www.sanhsin.edu.tw/sansin2017/index.html,https://www.sanhsin.edu.tw/sansin2017/index.html,https://www.google.com/maps/search/?api=1&query=%E9%AB%98%E9%9B%84%E5%B8%82%E8%8B%93%E9%9B%85%E5%8D%80%E4%B8%89%E5%A4%9A%E4%B8%80%E8%B7%AF186%E8%99%9F,https://www.sanhsin.edu.tw/sansin2017/index.html,https://web2.sanhsin.edu.tw/aa/book/,https://web2.sanhsin.edu.tw/aa/book/
高雄區,,583301,高雄市立中正高中,公立,高雄區學校名錄,高中,男女校,高雄市,苓雅區,高雄市苓雅區中正一路8號,https://www.cchs.kh.edu.tw/,(07)7491992,普通科(日)；體育班(日),,,教育部統計處《高級中等學校概況統計》114學年度校別資料；115學年度實際招生名額待該區免試入學委員會公告端點恢復後再寫入。,請以各校當年度公告為準,,普通型高中課程，以部定必修、加深加廣、多元選修、彈性學習與自主學習為主；另有體育班等特色班別。,不設技職類固定實習；以探究與實作、自主學習及學習歷程成果為主。網站未標示115學年度全校統一專題題目。,學校官網未標示115學年度完整固定大眾運輸到校路線或固定學生專車班次。,網站未標示所有學生一致的固定通勤時間；請依官方校址與即時大眾運輸班次查詢。,學校官網未標示115學年度校內學生宿舍申請資訊。,https://www.google.com/maps/search/?api=1&query=%E9%AB%98%E9%9B%84%E5%B8%82%E8%8B%93%E9%9B%85%E5%8D%80%E4%B8%AD%E6%AD%A3%E4%B8%80%E8%B7%AF8%E8%99%9F; https://www.cchs.kh.edu.tw/,https://www.cchs.kh.edu.tw/,https://www.cchs.kh.edu.tw/,https://www.google.com/maps/search/?api=1&query=%E9%AB%98%E9%9B%84%E5%B8%82%E8%8B%93%E9%9B%85%E5%8D%80%E4%B8%AD%E6%AD%A3%E4%B8%80%E8%B7%AF8%E8%99%9F,https://www.cchs.kh.edu.tw/,https://www.cchs.kh.edu.tw/,https://www.cchs.kh.edu.tw/
高雄區,,593301,高雄市立前鎮高中,公立,高雄區學校名錄,高中,男女校,高雄市,前鎮區,高雄市前鎮區中路132號,https://www.cjhs.kh.edu.tw/,(07)8226841,普通科(日)；美術班(日),,,教育部統計處《高級中等學校概況統計》114學年度校別資料；115學年度實際招生名額待該區免試入學委員會公告端點恢復後再寫入。,請以各校當年度公告為準,,普通型高中課程，以部定必修、加深加廣、多元選修、彈性學習與自主學習為主；另有美術班等特色班別。,不設技職類固定實習；以探究與實作、自主學習及學習歷程成果為主。網站未標示115學年度全校統一專題題目。,學校官網未標示115學年度完整固定大眾運輸到校路線或固定學生專車班次。,網站未標示所有學生一致的固定通勤時間；請依官方校址與即時大眾運輸班次查詢。,學校官網未標示115學年度校內學生宿舍申請資訊。,https://www.google.com/maps/search/?api=1&query=%E9%AB%98%E9%9B%84%E5%B8%82%E5%89%8D%E9%8E%AE%E5%8D%80%E4%B8%AD%E8%B7%AF132%E8%99%9F; https://www.cjhs.kh.edu.tw/,https://www.cjhs.kh.edu.tw/,https://www.cjhs.kh.edu.tw/,https://www.google.com/maps/search/?api=1&query=%E9%AB%98%E9%9B%84%E5%B8%82%E5%89%8D%E9%8E%AE%E5%8D%80%E4%B8%AD%E8%B7%AF132%E8%99%9F,https://www.cjhs.kh.edu.tw/,https://www.cjhs.kh.edu.tw/,https://www.cjhs.kh.edu.tw/
高雄區,,593302,高雄市立瑞祥高中,公立,高雄區學校名錄,高中,男女校,高雄市,前鎮區,高雄市前鎮區班超路63號,https://www.rssh.kh.edu.tw/,(07)8152271,普通科(日)；體育班(日),,,教育部統計處《高級中等學校概況統計》114學年度校別資料；115學年度實際招生名額待該區免試入學委員會公告端點恢復後再寫入。,請以各校當年度公告為準,,普通型高中課程，以部定必修、加深加廣、多元選修、彈性學習與自主學習為主；另有體育班等特色班別。,不設技職類固定實習；以探究與實作、自主學習及學習歷程成果為主。網站未標示115學年度全校統一專題題目。,學校官網未標示115學年度完整固定大眾運輸到校路線或固定學生專車班次。,網站未標示所有學生一致的固定通勤時間；請依官方校址與即時大眾運輸班次查詢。,學校官網未標示115學年度校內學生宿舍申請資訊。,https://www.google.com/maps/search/?api=1&query=%E9%AB%98%E9%9B%84%E5%B8%82%E5%89%8D%E9%8E%AE%E5%8D%80%E7%8F%AD%E8%B6%85%E8%B7%AF63%E8%99%9F; https://www.rssh.kh.edu.tw/,https://www.rssh.kh.edu.tw/,https://www.rssh.kh.edu.tw/,https://www.google.com/maps/search/?api=1&query=%E9%AB%98%E9%9B%84%E5%B8%82%E5%89%8D%E9%8E%AE%E5%8D%80%E7%8F%AD%E8%B6%85%E8%B7%AF63%E8%99%9F,https://www.rssh.kh.edu.tw/,https://www.rssh.kh.edu.tw/,https://www.rssh.kh.edu.tw/
高雄區,,593401,高雄市立中正高工,公立,高雄區學校名錄,高職,男女校,高雄市,前鎮區,高雄市前鎮區光華二路80號,https://www.ccvs.kh.edu.tw/,(07)7232301,體育班(日)；機械科(日)；汽車科(日)；資訊科(日)；電子科(日)；控制科(日)；電機科(日)；電機科(夜)；冷凍空調科(日)；建築科(日)；化工科(日)；製圖科(日)；電腦機械製圖科(日)；金屬工藝科(日)；金屬工藝科(夜)；汽車美容服務科(日)；微電腦修護科(夜)；冷凍空調技術科(夜),,,教育部統計處《高級中等學校概況統計》114學年度校別資料；115學年度實際招生名額待該區免試入學委員會公告端點恢復後再寫入。,請以各校當年度公告為準,,技術型高中，主要專業方向包含機械科、汽車科、資訊科、電子科、控制科、電機科、冷凍空調科、建築科、化工科、製圖科等；依各科課程計畫安排專業科目與實習實作。,依115學年度各科課程地圖辦理機械、汽車、資訊、電子、控制、電機、冷凍、建築、化工、製圖等專業實習與專題實作。,學校官網未標示115學年度完整固定大眾運輸到校路線或固定學生專車班次。,網站未標示所有學生一致的固定通勤時間；請依官方校址與即時大眾運輸班次查詢。,學校官網未標示115學年度校內學生宿舍申請資訊。,https://www.google.com/maps/search/?api=1&query=%E9%AB%98%E9%9B%84%E5%B8%82%E5%89%8D%E9%8E%AE%E5%8D%80%E5%85%89%E8%8F%AF%E4%BA%8C%E8%B7%AF80%E8%99%9F; https://www.ccvs.kh.edu.tw/,https://www.ccvs.kh.edu.tw/,https://www.ccvs.kh.edu.tw/,https://www.google.com/maps/search/?api=1&query=%E9%AB%98%E9%9B%84%E5%B8%82%E5%89%8D%E9%8E%AE%E5%8D%80%E5%85%89%E8%8F%AF%E4%BA%8C%E8%B7%AF80%E8%99%9F,https://www.ccvs.kh.edu.tw/,https://www.ccvs.kh.edu.tw/p/405-1000-18041%2Cc480.php,https://www.ccvs.kh.edu.tw/p/405-1000-18041%2Cc480.php
高雄區,,610405,國立高餐大附屬餐旅中學,公立,高雄區學校名錄,高職,男女校,高雄市,小港區,81271 高雄市小港區松和路40號,https://nkhhs.kmhjh.kh.edu.tw/bin/home.php,(07)8060705,觀光事業科(日)；餐飲管理科(日)；烹調技術科(日),,,教育部統計處《高級中等學校概況統計》114學年度校別資料；115學年度實際招生名額待該區免試入學委員會公告端點恢復後再寫入。,請以各校當年度公告為準,,技術型高中以餐旅為核心，課程重視餐飲、旅館、觀光等務實技能，並與高餐大及產業資源銜接。,高中部以能力本位餐旅技術實作為核心，包含餐飲、旅館與觀光相關技能，並與企業及高餐大資源銜接。,校方位置圖明列：捷運紅線至R3小港站4號出口後轉紅1接駁公車到校；另提供高速公路與市區自駕路線。,公共運輸以R3小港站轉紅1為校方明列方式；實際紅1班次依當日公車時刻。,學校官網未標示115學年度校內學生宿舍申請資訊。,https://www.google.com/maps/search/?api=1&query=81271+%E9%AB%98%E9%9B%84%E5%B8%82%E5%B0%8F%E6%B8%AF%E5%8D%80%E6%9D%BE%E5%92%8C%E8%B7%AF40%E8%99%9F; https://nkhhs.kmhjh.kh.edu.tw/bin/home.php,https://nkhhs.kmhjh.kh.edu.tw/ezfiles/0/1000/attach/86/pta_7456_7956839_80051.pdf,https://nkhhs.kmhjh.kh.edu.tw/bin/home.php,https://www.google.com/maps/search/?api=1&query=81271+%E9%AB%98%E9%9B%84%E5%B8%82%E5%B0%8F%E6%B8%AF%E5%8D%80%E6%9D%BE%E5%92%8C%E8%B7%AF40%E8%99%9F,https://nkhhs.kmhjh.kh.edu.tw/bin/home.php,https://nkhhs.kmhjh.kh.edu.tw/files/11-1000-92.php?Lang=zh-tw,https://nkhhs.kmhjh.kh.edu.tw/files/11-1000-92.php?Lang=zh-tw
高雄區,,613301,高雄市立小港高中,公立,高雄區學校名錄,高中,男女校,高雄市,小港區,81255 高雄市小港區學府路117號,https://www.hkhs.kh.edu.tw/,(07)8062627,普通科(日)；體育班(日),,,教育部統計處《高級中等學校概況統計》114學年度校別資料；115學年度實際招生名額待該區免試入學委員會公告端點恢復後再寫入。,請以各校當年度公告為準,,普通型高中課程，以部定必修、加深加廣、多元選修、彈性學習與自主學習為主；另有體育班等特色班別。,不設技職類固定實習；以探究與實作、自主學習及學習歷程成果為主。網站未標示115學年度全校統一專題題目。,校方交通頁明列：捷運R3小港站2或3號出口步行約5分鐘；公車69A可至漢民路／大鵬路口，12延駛飛機路可至宏平路／大鵬路口。,高鐵可於左營站轉捷運至R3；臺鐵可於高雄車站轉捷運至R3，再依校方指引步行約5分鐘。,學校官網未標示115學年度校內學生宿舍申請資訊。,https://www.google.com/maps/search/?api=1&query=81255+%E9%AB%98%E9%9B%84%E5%B8%82%E5%B0%8F%E6%B8%AF%E5%8D%80%E5%AD%B8%E5%BA%9C%E8%B7%AF117%E8%99%9F; https://www.hkhs.kh.edu.tw/,https://www.hkhs.kh.edu.tw/ischool/publish_page/27/?cid=576,https://www.hkhs.kh.edu.tw/,https://www.google.com/maps/search/?api=1&query=81255+%E9%AB%98%E9%9B%84%E5%B8%82%E5%B0%8F%E6%B8%AF%E5%8D%80%E5%AD%B8%E5%BA%9C%E8%B7%AF117%E8%99%9F,https://www.hkhs.kh.edu.tw/,https://www.hkhs.kh.edu.tw/,https://www.hkhs.kh.edu.tw/
屏東區,,124311,高雄市立林園高級中學,公立,屏東區免試入學日間部,高中,男女校,高雄市,林園區,高雄市林園區林園北路481號,https://www.ly.kh.edu.tw/,07-6412059,普通科:1(不限),,1,115學年度屏東區高級中等學校免試入學委員會「招生名額查詢」；一般生實際招生名額；擷取時間：2026/8/10 16:44:26,普通型高中；特色班與校本課程依115學年度校方公告。,,普通型高中；特色班與校本課程依115學年度校方公告。,不設技職類固定實習；以探究與實作、自主學習及學習歷程成果為主。網站未標示115學年度全校統一專題題目。,學校官網未標示115學年度完整固定大眾運輸到校路線或固定學生專車班次。,網站未標示所有學生一致的固定通勤時間；Google地圖欄已依官方校址建立查詢入口。,學校官網未標示115學年度校內學生宿舍申請資訊。,https://www.google.com/maps/search/?api=1&query=%E9%AB%98%E9%9B%84%E5%B8%82%E7%AB%8B%E6%9E%97%E5%9C%92%E9%AB%98%E7%B4%9A%E4%B8%AD%E5%AD%B8+%E9%AB%98%E9%9B%84%E5%B8%82%E6%9E%97%E5%9C%92%E5%8D%80%E6%9E%97%E5%9C%92%E5%8C%97%E8%B7%AF481%E8%99%9F; https://www.ly.kh.edu.tw/,https://www.ly.kh.edu.tw/,https://www.ly.kh.edu.tw/,https://www.google.com/maps/search/?api=1&query=%E9%AB%98%E9%9B%84%E5%B8%82%E7%AB%8B%E6%9E%97%E5%9C%92%E9%AB%98%E7%B4%9A%E4%B8%AD%E5%AD%B8+%E9%AB%98%E9%9B%84%E5%B8%82%E6%9E%97%E5%9C%92%E5%8D%80%E6%9E%97%E5%9C%92%E5%8C%97%E8%B7%AF481%E8%99%9F,https://www.ly.kh.edu.tw/,https://www.ly.kh.edu.tw/,https://www.ly.kh.edu.tw/
屏東區,,130302,國立屏東女子高級中學,公立,屏東區免試入學日間部,高中,女校,屏東縣,屏東市,900 屏東縣屏東市仁愛路94號,https://www.ptgsh.ptc.edu.tw/,08-7362204,普通科:485(女生),,485,115學年度屏東區高級中等學校免試入學委員會「招生名額查詢」；一般生實際招生名額；擷取時間：2026/8/10 16:44:26,女子普通型高中；115學年度新生專區持續提供資優／實驗與多元學習資訊。,,女子普通型高中；115學年度新生專區持續提供資優／實驗與多元學習資訊。,不設技職類固定實習；以探究與實作、自主學習及學習歷程成果為主。網站未標示115學年度全校統一專題題目。,學校官網未標示115學年度完整固定大眾運輸到校路線或固定學生專車班次。,網站未標示所有學生一致的固定通勤時間；Google地圖欄已依官方校址建立查詢入口。,校方有學生宿舍；115學年度新生相關公告指出宿舍整修中，115學年度住宿申請、床位與入住時程網站未標示。,https://www.google.com/maps/search/?api=1&query=%E5%9C%8B%E7%AB%8B%E5%B1%8F%E6%9D%B1%E5%A5%B3%E5%AD%90%E9%AB%98%E7%B4%9A%E4%B8%AD%E5%AD%B8+900+%E5%B1%8F%E6%9D%B1%E7%B8%A3%E5%B1%8F%E6%9D%B1%E5%B8%82%E4%BB%81%E6%84%9B%E8%B7%AF94%E8%99%9F; https://www.ptgsh.ptc.edu.tw/,https://www.ptgsh.ptc.edu.tw/,https://www.ptgsh.ptc.edu.tw/ischool/publish_page/43/?cid=736,https://www.google.com/maps/search/?api=1&query=%E5%9C%8B%E7%AB%8B%E5%B1%8F%E6%9D%B1%E5%A5%B3%E5%AD%90%E9%AB%98%E7%B4%9A%E4%B8%AD%E5%AD%B8+900+%E5%B1%8F%E6%9D%B1%E7%B8%A3%E5%B1%8F%E6%9D%B1%E5%B8%82%E4%BB%81%E6%84%9B%E8%B7%AF94%E8%99%9F,https://www.ptgsh.ptc.edu.tw/,https://www.ptgsh.ptc.edu.tw/ischool/publish_page/43/?cid=736,https://www.ptgsh.ptc.edu.tw/ischool/publish_page/43/?cid=736
屏東區,,130305,國立屏東高級中學,公立,屏東區免試入學日間部,高中,男校,屏東縣,屏東市,900 屏東縣屏東市忠孝路231號,https://www.pths.ptc.edu.tw/,08-7656444,普通科:495(男生),,495,115學年度屏東區高級中等學校免試入學委員會「招生名額查詢」；一般生實際招生名額；擷取時間：2026/8/10 16:44:26,男子普通型高中；115學年度招生資訊包含數理資優、雙語實驗、生醫工程實驗、創客學程及美術班等特色方向。,,男子普通型高中；115學年度招生資訊包含數理資優、雙語實驗、生醫工程實驗、創客學程及美術班等特色方向。,不設技職類固定實習；以探究與實作、自主學習及學習歷程成果為主。網站未標示115學年度全校統一專題題目。,學校官網未標示115學年度完整固定大眾運輸到校路線或固定學生專車班次。,網站未標示所有學生一致的固定通勤時間；Google地圖欄已依官方校址建立查詢入口。,校方115學年度招生資訊列有學生宿舍「勵志大樓」介紹；實際115學年度申請、床位與入住規定依校方公告。,https://www.google.com/maps/search/?api=1&query=%E5%9C%8B%E7%AB%8B%E5%B1%8F%E6%9D%B1%E9%AB%98%E7%B4%9A%E4%B8%AD%E5%AD%B8+900+%E5%B1%8F%E6%9D%B1%E7%B8%A3%E5%B1%8F%E6%9D%B1%E5%B8%82%E5%BF%A0%E5%AD%9D%E8%B7%AF231%E8%99%9F; https://www.pths.ptc.edu.tw/,https://www.pths.ptc.edu.tw/,https://www.pths.ptc.edu.tw/home?cid=2177,https://www.google.com/maps/search/?api=1&query=%E5%9C%8B%E7%AB%8B%E5%B1%8F%E6%9D%B1%E9%AB%98%E7%B4%9A%E4%B8%AD%E5%AD%B8+900+%E5%B1%8F%E6%9D%B1%E7%B8%A3%E5%B1%8F%E6%9D%B1%E5%B8%82%E5%BF%A0%E5%AD%9D%E8%B7%AF231%E8%99%9F,https://www.pths.ptc.edu.tw/,https://www.pths.ptc.edu.tw/home?cid=2177,https://www.pths.ptc.edu.tw/home?cid=2177
屏東區,,130306,國立潮州高級中學,公立,屏東區免試入學日間部,高中,男女校,屏東縣,潮州鎮,920 屏東縣潮州鎮中山路11號,https://www.ccsh.ptc.edu.tw/,08-7882017,普通科:421(不限),,421,115學年度屏東區高級中等學校免試入學委員會「招生名額查詢」；一般生實際招生名額；擷取時間：2026/8/10 16:44:26,普通型高中；以一般高中課程、多元選修、自主學習與校本特色為主。,,普通型高中；以一般高中課程、多元選修、自主學習與校本特色為主。,不設技職類固定實習；以探究與實作、自主學習及學習歷程成果為主。網站未標示115學年度全校統一專題題目。,學校官網未標示115學年度完整固定大眾運輸到校路線或固定學生專車班次。,網站未標示所有學生一致的固定通勤時間；Google地圖欄已依官方校址建立查詢入口。,115學年度第1學期校方已公布住宿生床位分配表及注意事項，確認當學期有學生住宿。,https://www.google.com/maps/search/?api=1&query=%E5%9C%8B%E7%AB%8B%E6%BD%AE%E5%B7%9E%E9%AB%98%E7%B4%9A%E4%B8%AD%E5%AD%B8+920+%E5%B1%8F%E6%9D%B1%E7%B8%A3%E6%BD%AE%E5%B7%9E%E9%8E%AE%E4%B8%AD%E5%B1%B1%E8%B7%AF11%E8%99%9F; https://www.ccsh.ptc.edu.tw/,https://www.ccsh.ptc.edu.tw/,https://www.ccsh.ptc.edu.tw/data_news.php?tpl=29&type=news,https://www.google.com/maps/search/?api=1&query=%E5%9C%8B%E7%AB%8B%E6%BD%AE%E5%B7%9E%E9%AB%98%E7%B4%9A%E4%B8%AD%E5%AD%B8+920+%E5%B1%8F%E6%9D%B1%E7%B8%A3%E6%BD%AE%E5%B7%9E%E9%8E%AE%E4%B8%AD%E5%B1%B1%E8%B7%AF11%E8%99%9F,https://www.ccsh.ptc.edu.tw/,https://www.ccsh.ptc.edu.tw/,https://www.ccsh.ptc.edu.tw/
屏東區,,130307,國立屏科實驗高級中等學校,公立,屏東區免試入學日間部,高中,男女校,屏東縣,屏東市,900008 屏東縣屏東市凌雲路158巷58號,https://nehs.ptc.edu.tw/,08-7659930,普通科:72(不限),,72,115學年度屏東區高級中等學校免試入學委員會「招生名額查詢」；一般生實際招生名額；擷取時間：2026/8/10 16:44:26；本次依115學年度校方現行網站更新校址為屏東市凌雲路158巷58號，不沿用舊鹽埔校址。,科學園區實驗高中，重視科技、跨域探究、實驗教育與園區鏈結；115學年度高中部持續招生。,,科學園區實驗高中，重視科技、跨域探究、實驗教育與園區鏈結；115學年度高中部持續招生。,不設技職類固定實習；以探究與實作、自主學習及學習歷程成果為主。網站未標示115學年度全校統一專題題目。,學校官網未標示115學年度完整固定大眾運輸到校路線或固定學生專車班次。,網站未標示所有學生一致的固定通勤時間；Google地圖欄已依官方校址建立查詢入口。,學校官網未標示115學年度校內學生宿舍申請資訊。,https://www.google.com/maps/search/?api=1&query=%E5%9C%8B%E7%AB%8B%E5%B1%8F%E7%A7%91%E5%AF%A6%E9%A9%97%E9%AB%98%E7%B4%9A%E4%B8%AD%E7%AD%89%E5%AD%B8%E6%A0%A1+900008+%E5%B1%8F%E6%9D%B1%E7%B8%A3%E5%B1%8F%E6%9D%B1%E5%B8%82%E5%87%8C%E9%9B%B2%E8%B7%AF158%E5%B7%B758%E8%99%9F; https://nehs.ptc.edu.tw/,https://nehs.ptc.edu.tw/,https://nehs.ptc.edu.tw/,https://www.google.com/maps/search/?api=1&query=%E5%9C%8B%E7%AB%8B%E5%B1%8F%E7%A7%91%E5%AF%A6%E9%A9%97%E9%AB%98%E7%B4%9A%E4%B8%AD%E7%AD%89%E5%AD%B8%E6%A0%A1+900008+%E5%B1%8F%E6%9D%B1%E7%B8%A3%E5%B1%8F%E6%9D%B1%E5%B8%82%E5%87%8C%E9%9B%B2%E8%B7%AF158%E5%B7%B758%E8%99%9F,https://nehs.ptc.edu.tw/,https://nehs.ptc.edu.tw/,https://nehs.ptc.edu.tw/
屏東區,,130322,國立屏北高級中學,公立,屏東區免試入學日間部,綜高,男女校,屏東縣,鹽埔鄉,907101 屏東縣鹽埔鄉彭厝村屏北路一段1號,https://www.ppsh.ptc.edu.tw/,08-7937493,綜合高中:181(不限),,181,115學年度屏東區高級中等學校免試入學委員會「招生名額查詢」；一般生實際招生名額；擷取時間：2026/8/10 16:44:26,綜合高中；校方設小清華專班、智慧綠農科技實驗班、體育班，以及商業服務、餐飲服務等學程。,,綜合高中；校方設小清華專班、智慧綠農科技實驗班、體育班，以及商業服務、餐飲服務等學程。,普通／學術方向以探究與自主學習為主，專業方向另安排實習實作與專題製作；實際內容依各科及115學年度課程計畫。,校方學生資訊設有「專車交通資訊」專區，確認有學生專車通勤服務；115學年度詳細站點與時刻依校方最新公告。,搭乘專車者依校方當學期路線與站點表辦理；網站未標示所有學生一致的固定通勤時間。,校方設一般學生宿舍並有宿舍專區；115學年度實際申請時程、床位與費用依校方當年度公告。,https://www.google.com/maps/search/?api=1&query=%E5%9C%8B%E7%AB%8B%E5%B1%8F%E5%8C%97%E9%AB%98%E7%B4%9A%E4%B8%AD%E5%AD%B8+907101+%E5%B1%8F%E6%9D%B1%E7%B8%A3%E9%B9%BD%E5%9F%94%E9%84%89%E5%BD%AD%E5%8E%9D%E6%9D%91%E5%B1%8F%E5%8C%97%E8%B7%AF%E4%B8%80%E6%AE%B51%E8%99%9F; https://www.ppsh.ptc.edu.tw/,https://www.ppsh.ptc.edu.tw/home?cid=2713,https://www.ppsh.ptc.edu.tw/ischool/publish_page/103/,https://www.google.com/maps/search/?api=1&query=%E5%9C%8B%E7%AB%8B%E5%B1%8F%E5%8C%97%E9%AB%98%E7%B4%9A%E4%B8%AD%E5%AD%B8+907101+%E5%B1%8F%E6%9D%B1%E7%B8%A3%E9%B9%BD%E5%9F%94%E9%84%89%E5%BD%AD%E5%8E%9D%E6%9D%91%E5%B1%8F%E5%8C%97%E8%B7%AF%E4%B8%80%E6%AE%B51%E8%99%9F,https://www.ppsh.ptc.edu.tw/,https://www.ppsh.ptc.edu.tw/,https://www.ppsh.ptc.edu.tw/
屏東區,,130401,國立內埔高級農工職業學校,公立,屏東區免試入學日間部,高職,男女校,屏東縣,內埔鄉,912 屏東縣內埔鄉水門村成功路83號,https://www.npvs.ptc.edu.tw/,08-7991103,農場經營科(產特):31(不限)；農業機械科(產特):52(不限)；食品加工科:27(不限)；野生動物保育科(產特):22(不限)；機械科:32(不限)；汽車科:24(不限)；電機科:22(不限)；家政科:25(不限)；烘焙科:24(不限)；原住民藝能科:33(不限),,292,115學年度屏東區高級中等學校免試入學委員會「招生名額查詢」；一般生實際招生名額；擷取時間：2026/8/10 16:44:26,農工技術型高中；依招生科別辦理農業、工業及相關專業實作與技能訓練。,,農工技術型高中；依招生科別辦理農業、工業及相關專業實作與技能訓練。,各專業科依115學年度課程計畫辦理實習實作、技能訓練與專題製作；全校未設統一題目時，以各科／實習處公告為準。,學校官網未標示115學年度完整固定大眾運輸到校路線或固定學生專車班次。,網站未標示所有學生一致的固定通勤時間；Google地圖欄已依官方校址建立查詢入口。,學校官網未標示115學年度校內學生宿舍申請資訊。,https://www.google.com/maps/search/?api=1&query=%E5%9C%8B%E7%AB%8B%E5%85%A7%E5%9F%94%E9%AB%98%E7%B4%9A%E8%BE%B2%E5%B7%A5%E8%81%B7%E6%A5%AD%E5%AD%B8%E6%A0%A1+912+%E5%B1%8F%E6%9D%B1%E7%B8%A3%E5%85%A7%E5%9F%94%E9%84%89%E6%B0%B4%E9%96%80%E6%9D%91%E6%88%90%E5%8A%9F%E8%B7%AF83%E8%99%9F; https://www.npvs.ptc.edu.tw/,https://www.npvs.ptc.edu.tw/,https://www.npvs.ptc.edu.tw/,https://www.google.com/maps/search/?api=1&query=%E5%9C%8B%E7%AB%8B%E5%85%A7%E5%9F%94%E9%AB%98%E7%B4%9A%E8%BE%B2%E5%B7%A5%E8%81%B7%E6%A5%AD%E5%AD%B8%E6%A0%A1+912+%E5%B1%8F%E6%9D%B1%E7%B8%A3%E5%85%A7%E5%9F%94%E9%84%89%E6%B0%B4%E9%96%80%E6%9D%91%E6%88%90%E5%8A%9F%E8%B7%AF83%E8%99%9F,https://www.npvs.ptc.edu.tw/,https://www.npvs.ptc.edu.tw/,https://www.npvs.ptc.edu.tw/
屏東區,,130403,國立屏東高級工業職業學校,公立,屏東區免試入學日間部,高職,男女校,屏東縣,屏東市,900041 屏東縣屏東市建國路25號,https://www.ptivs.ptc.edu.tw/,08-7523781,機械科:61(不限)；汽車科:62(不限)；電子科:62(不限)；電機科:62(不限)；建築科:60(不限)；化工科:60(不限)；製圖科:31(不限)；土木科(產特):62(不限),,460,115學年度屏東區高級中等學校免試入學委員會「招生名額查詢」；一般生實際招生名額；擷取時間：2026/8/10 16:44:26,工業技術型高中；115學年度課程及新生資訊依各專業科與校方課程計畫辦理。,,工業技術型高中；115學年度課程及新生資訊依各專業科與校方課程計畫辦理。,各專業科依115學年度課程計畫辦理實習實作、技能訓練與專題製作；全校未設統一題目時，以各科／實習處公告為準。,學校官網未標示115學年度完整固定大眾運輸到校路線或固定學生專車班次。,網站未標示所有學生一致的固定通勤時間；Google地圖欄已依官方校址建立查詢入口。,學校官網未標示115學年度校內學生宿舍申請資訊。,https://www.google.com/maps/search/?api=1&query=%E5%9C%8B%E7%AB%8B%E5%B1%8F%E6%9D%B1%E9%AB%98%E7%B4%9A%E5%B7%A5%E6%A5%AD%E8%81%B7%E6%A5%AD%E5%AD%B8%E6%A0%A1+900041+%E5%B1%8F%E6%9D%B1%E7%B8%A3%E5%B1%8F%E6%9D%B1%E5%B8%82%E5%BB%BA%E5%9C%8B%E8%B7%AF25%E8%99%9F; https://www.ptivs.ptc.edu.tw/,https://www.ptivs.ptc.edu.tw/,https://www.ptivs.ptc.edu.tw/,https://www.google.com/maps/search/?api=1&query=%E5%9C%8B%E7%AB%8B%E5%B1%8F%E6%9D%B1%E9%AB%98%E7%B4%9A%E5%B7%A5%E6%A5%AD%E8%81%B7%E6%A5%AD%E5%AD%B8%E6%A0%A1+900041+%E5%B1%8F%E6%9D%B1%E7%B8%A3%E5%B1%8F%E6%9D%B1%E5%B8%82%E5%BB%BA%E5%9C%8B%E8%B7%AF25%E8%99%9F,https://www.ptivs.ptc.edu.tw/,https://www.ptivs.ptc.edu.tw/,https://www.ptivs.ptc.edu.tw/
屏東區,,130404,國立佳冬高級農業職業學校,公立,屏東區免試入學日間部,高職,男女校,屏東縣,佳冬鄉,931 屏東縣佳冬鄉佳農街67號,https://www.ctvs.ptc.edu.tw/,08-8662726,農場經營科(產特):30(不限)；園藝科(產特):28(不限)；農業機械科(產特):19(不限)；食品加工科:21(不限)；畜產保健科(產特):28(不限)；餐飲管理科:43(不限)；電子商務科:23(不限)；烘焙科:15(不限),,207,115學年度屏東區高級中等學校免試入學委員會「招生名額查詢」；一般生實際招生名額；擷取時間：2026/8/10 16:44:26,農業技術型高中；依各專業科及實用技能課程安排專業與實習課程。,,農業技術型高中；依各專業科及實用技能課程安排專業與實習課程。,各專業科依115學年度課程計畫辦理實習實作、技能訓練與專題製作；全校未設統一題目時，以各科／實習處公告為準。,學校官網未標示115學年度完整固定大眾運輸到校路線或固定學生專車班次。,網站未標示所有學生一致的固定通勤時間；Google地圖欄已依官方校址建立查詢入口。,學校官網未標示115學年度校內學生宿舍申請資訊。,https://www.google.com/maps/search/?api=1&query=%E5%9C%8B%E7%AB%8B%E4%BD%B3%E5%86%AC%E9%AB%98%E7%B4%9A%E8%BE%B2%E6%A5%AD%E8%81%B7%E6%A5%AD%E5%AD%B8%E6%A0%A1+931+%E5%B1%8F%E6%9D%B1%E7%B8%A3%E4%BD%B3%E5%86%AC%E9%84%89%E4%BD%B3%E8%BE%B2%E8%A1%9767%E8%99%9F; https://www.ctvs.ptc.edu.tw/,https://www.ctvs.ptc.edu.tw/,https://www.ctvs.ptc.edu.tw/,https://www.google.com/maps/search/?api=1&query=%E5%9C%8B%E7%AB%8B%E4%BD%B3%E5%86%AC%E9%AB%98%E7%B4%9A%E8%BE%B2%E6%A5%AD%E8%81%B7%E6%A5%AD%E5%AD%B8%E6%A0%A1+931+%E5%B1%8F%E6%9D%B1%E7%B8%A3%E4%BD%B3%E5%86%AC%E9%84%89%E4%BD%B3%E8%BE%B2%E8%A1%9767%E8%99%9F,https://www.ctvs.ptc.edu.tw/,https://www.ctvs.ptc.edu.tw/,https://www.ctvs.ptc.edu.tw/
屏東區,,130410,國立東港高級海事水產職業學校,公立,屏東區免試入學日間部,高職,男女校,屏東縣,東港鎮,928 屏東縣東港鎮豐漁街66號,https://www.tkms.ptc.edu.tw/,08-8333131,電子科:57(不限)；家政科:17(不限)；輪機科(產特):30(不限)；水產養殖科(產特):20(不限)；航運管理科(產特):47(不限)；水產食品科(產特):43(不限),,214,115學年度屏東區高級中等學校免試入學委員會「招生名額查詢」；一般生實際招生名額；擷取時間：2026/8/10 16:44:26,海事水產技術型高中，涵蓋輪機、水產食品、水產養殖、航運管理、家政、電子等專業方向。,,海事水產技術型高中，涵蓋輪機、水產食品、水產養殖、航運管理、家政、電子等專業方向。,輪機、水產食品、水產養殖、航運管理、電子等專業科依課程辦理實習實作、技能訓練與專題製作；實際題目依各科公告。,115學年度校方已公告學生專車路線，並明確說明東港海事校車全線免費。,學生專車依115學年度路線與時刻搭乘；實際站點以校方最新公告為準。,學校官網未標示115學年度校內學生宿舍申請資訊。,https://www.google.com/maps/search/?api=1&query=%E5%9C%8B%E7%AB%8B%E6%9D%B1%E6%B8%AF%E9%AB%98%E7%B4%9A%E6%B5%B7%E4%BA%8B%E6%B0%B4%E7%94%A2%E8%81%B7%E6%A5%AD%E5%AD%B8%E6%A0%A1+928+%E5%B1%8F%E6%9D%B1%E7%B8%A3%E6%9D%B1%E6%B8%AF%E9%8E%AE%E8%B1%90%E6%BC%81%E8%A1%9766%E8%99%9F; https://www.tkms.ptc.edu.tw/,https://www.tkms.ptc.edu.tw/ischool/publish_page/142/?cid=21992,https://www.tkms.ptc.edu.tw/,https://www.google.com/maps/search/?api=1&query=%E5%9C%8B%E7%AB%8B%E6%9D%B1%E6%B8%AF%E9%AB%98%E7%B4%9A%E6%B5%B7%E4%BA%8B%E6%B0%B4%E7%94%A2%E8%81%B7%E6%A5%AD%E5%AD%B8%E6%A0%A1+928+%E5%B1%8F%E6%9D%B1%E7%B8%A3%E6%9D%B1%E6%B8%AF%E9%8E%AE%E8%B1%90%E6%BC%81%E8%A1%9766%E8%99%9F,https://www.tkms.ptc.edu.tw/,https://www.tkms.ptc.edu.tw/,https://www.tkms.ptc.edu.tw/
屏東區,,130417,國立恆春高級工商職業學校,公立,屏東區免試入學日間部,綜高,男女校,屏東縣,恆春鎮,94641 屏東縣恆春鎮恆南路38號,https://www.hcvs.ptc.edu.tw/,08-8892010,普通科:30(不限)；電機與電子群(資訊科、電子科):57(不限)；電機科:51(不限)；資料處理科:25(不限)；觀光事業科:25(不限)；餐飲管理科:43(不限),,231,115學年度屏東區高級中等學校免試入學委員會「招生名額查詢」；一般生實際招生名額；擷取時間：2026/8/10 16:44:26,普通科與技術型專業群科並行；115學年度普通型、技術型與服務群科課程計畫均有公開。,,普通科與技術型專業群科並行；115學年度普通型、技術型與服務群科課程計畫均有公開。,普通科以探究與自主學習為主，技術型群科依課程辦理專業實習與專題；115學年度普通型、技術型及服務群課程計畫均有公開。,學校官網未標示115學年度完整固定大眾運輸到校路線或固定學生專車班次。,網站未標示所有學生一致的固定通勤時間；Google地圖欄已依官方校址建立查詢入口。,校方設學生宿舍，官網有宿舍管理規定與宿舍管理人員資訊；115學年度實際申請、床位與費用依校方公告。,https://www.google.com/maps/search/?api=1&query=%E5%9C%8B%E7%AB%8B%E6%81%86%E6%98%A5%E9%AB%98%E7%B4%9A%E5%B7%A5%E5%95%86%E8%81%B7%E6%A5%AD%E5%AD%B8%E6%A0%A1+94641+%E5%B1%8F%E6%9D%B1%E7%B8%A3%E6%81%86%E6%98%A5%E9%8E%AE%E6%81%86%E5%8D%97%E8%B7%AF38%E8%99%9F; https://www.hcvs.ptc.edu.tw/,https://www.hcvs.ptc.edu.tw/,https://www.hcvs.ptc.edu.tw/p/412-1007-1500.php?Lang=zh-tw,https://www.google.com/maps/search/?api=1&query=%E5%9C%8B%E7%AB%8B%E6%81%86%E6%98%A5%E9%AB%98%E7%B4%9A%E5%B7%A5%E5%95%86%E8%81%B7%E6%A5%AD%E5%AD%B8%E6%A0%A1+94641+%E5%B1%8F%E6%9D%B1%E7%B8%A3%E6%81%86%E6%98%A5%E9%8E%AE%E6%81%86%E5%8D%97%E8%B7%AF38%E8%99%9F,https://www.hcvs.ptc.edu.tw/,https://www.hcvs.ptc.edu.tw/p/412-1007-145.php,https://www.hcvs.ptc.edu.tw/p/412-1007-145.php
屏東區,,130C03,國立屏東高級工業職業學校進修部,公立,屏東區免試入學進修部,進修部,男女校,屏東縣,屏東市,900041 屏東縣屏東市建國路25號,https://www.ptivs.ptc.edu.tw/,08-7523781,汽車科(夜間班):21(不限)；電子科(夜間班):21(不限)；電機科(夜間班):21(不限)；化工科(夜間班):21(不限)；製圖科(夜間班):21(不限),,105,115學年度屏東區高級中等學校免試入學委員會「招生名額查詢」；一般生實際招生名額；擷取時間：2026/8/10 16:44:26,進修部主要招生方向為汽車科、電子科、電機科、化工科、製圖科；網站未標示進修部另設資優班。,,進修部課程依115學年度進修部課程計畫辦理，主要招生方向包含汽車科、電子科、電機科、化工科、製圖科。,依進修部招生科別安排專業實作；網站未標示115學年度進修部全校統一專題題目，實際內容以進修部及各科公告為準。,進修部官網未標示115學年度夜間固定學生專車或完整大眾運輸銜接班次；本表不直接沿用日間部學生專車。,進修部夜間通勤站點、班次與末班車銜接資訊網站未標示。,進修部官網未標示進修部學生是否具校內宿舍申請資格；本表不直接套用日間部住宿規定。,https://www.google.com/maps/search/?api=1&query=%E5%9C%8B%E7%AB%8B%E5%B1%8F%E6%9D%B1%E9%AB%98%E7%B4%9A%E5%B7%A5%E6%A5%AD%E8%81%B7%E6%A5%AD%E5%AD%B8%E6%A0%A1%E9%80%B2%E4%BF%AE%E9%83%A8+900041+%E5%B1%8F%E6%9D%B1%E7%B8%A3%E5%B1%8F%E6%9D%B1%E5%B8%82%E5%BB%BA%E5%9C%8B%E8%B7%AF25%E8%99%9F; https://www.ptivs.ptc.edu.tw/,https://www.ptivs.ptc.edu.tw/,https://www.ptivs.ptc.edu.tw/,https://www.google.com/maps/search/?api=1&query=%E5%9C%8B%E7%AB%8B%E5%B1%8F%E6%9D%B1%E9%AB%98%E7%B4%9A%E5%B7%A5%E6%A5%AD%E8%81%B7%E6%A5%AD%E5%AD%B8%E6%A0%A1%E9%80%B2%E4%BF%AE%E9%83%A8+900041+%E5%B1%8F%E6%9D%B1%E7%B8%A3%E5%B1%8F%E6%9D%B1%E5%B8%82%E5%BB%BA%E5%9C%8B%E8%B7%AF25%E8%99%9F,https://www.ptivs.ptc.edu.tw/,https://www.ptivs.ptc.edu.tw/,https://www.ptivs.ptc.edu.tw/
屏東區,,130C04,國立佳冬高級農業職業學校進修部,公立,屏東區免試入學進修部,進修部,男女校,屏東縣,佳冬鄉,931 屏東縣佳冬鄉佳農街67號,https://www.ctvs.ptc.edu.tw/,08-8662726,電子商務科(夜間班):7(不限),,7,115學年度屏東區高級中等學校免試入學委員會「招生名額查詢」；一般生實際招生名額；擷取時間：2026/8/10 16:44:26,進修部主要招生方向為電子商務科；網站未標示進修部另設資優班。,,進修部課程依115學年度進修部課程計畫辦理，主要招生方向包含電子商務科。,依進修部招生科別安排專業實作；網站未標示115學年度進修部全校統一專題題目，實際內容以進修部及各科公告為準。,進修部官網未標示115學年度夜間固定學生專車或完整大眾運輸銜接班次；本表不直接沿用日間部學生專車。,進修部夜間通勤站點、班次與末班車銜接資訊網站未標示。,進修部官網未標示進修部學生是否具校內宿舍申請資格；本表不直接套用日間部住宿規定。,https://www.google.com/maps/search/?api=1&query=%E5%9C%8B%E7%AB%8B%E4%BD%B3%E5%86%AC%E9%AB%98%E7%B4%9A%E8%BE%B2%E6%A5%AD%E8%81%B7%E6%A5%AD%E5%AD%B8%E6%A0%A1%E9%80%B2%E4%BF%AE%E9%83%A8+931+%E5%B1%8F%E6%9D%B1%E7%B8%A3%E4%BD%B3%E5%86%AC%E9%84%89%E4%BD%B3%E8%BE%B2%E8%A1%9767%E8%99%9F; https://www.ctvs.ptc.edu.tw/,https://www.ctvs.ptc.edu.tw/,https://www.ctvs.ptc.edu.tw/,https://www.google.com/maps/search/?api=1&query=%E5%9C%8B%E7%AB%8B%E4%BD%B3%E5%86%AC%E9%AB%98%E7%B4%9A%E8%BE%B2%E6%A5%AD%E8%81%B7%E6%A5%AD%E5%AD%B8%E6%A0%A1%E9%80%B2%E4%BF%AE%E9%83%A8+931+%E5%B1%8F%E6%9D%B1%E7%B8%A3%E4%BD%B3%E5%86%AC%E9%84%89%E4%BD%B3%E8%BE%B2%E8%A1%9767%E8%99%9F,https://www.ctvs.ptc.edu.tw/,https://www.ctvs.ptc.edu.tw/,https://www.ctvs.ptc.edu.tw/
屏東區,,130C17,國立恆春高級工商職業學校進修部,公立,屏東區免試入學進修部,進修部,男女校,屏東縣,恆春鎮,94641 屏東縣恆春鎮恆南路38號,https://www.hcvs.ptc.edu.tw/,08-8892010,觀光事業科(夜間班):7(不限),,7,115學年度屏東區高級中等學校免試入學委員會「招生名額查詢」；一般生實際招生名額；擷取時間：2026/8/10 16:44:26,進修部主要招生方向為觀光事業科；網站未標示進修部另設資優班。,,進修部課程依115學年度進修部課程計畫辦理，主要招生方向包含觀光事業科。,115學年度進修部觀光事業相關課程含專業實作；115-1課表亦列專題實作，實際內容依進修部課程與任課教師公告。,進修部官網未標示115學年度夜間固定學生專車或完整大眾運輸銜接班次；本表不直接沿用日間部學生專車。,進修部夜間通勤站點、班次與末班車銜接資訊網站未標示。,進修部官網未標示進修部學生是否具校內宿舍申請資格；本表不直接套用日間部住宿規定。,https://www.google.com/maps/search/?api=1&query=%E5%9C%8B%E7%AB%8B%E6%81%86%E6%98%A5%E9%AB%98%E7%B4%9A%E5%B7%A5%E5%95%86%E8%81%B7%E6%A5%AD%E5%AD%B8%E6%A0%A1%E9%80%B2%E4%BF%AE%E9%83%A8+94641+%E5%B1%8F%E6%9D%B1%E7%B8%A3%E6%81%86%E6%98%A5%E9%8E%AE%E6%81%86%E5%8D%97%E8%B7%AF38%E8%99%9F; https://www.hcvs.ptc.edu.tw/,https://www.hcvs.ptc.edu.tw/,https://www.hcvs.ptc.edu.tw/,https://www.google.com/maps/search/?api=1&query=%E5%9C%8B%E7%AB%8B%E6%81%86%E6%98%A5%E9%AB%98%E7%B4%9A%E5%B7%A5%E5%95%86%E8%81%B7%E6%A5%AD%E5%AD%B8%E6%A0%A1%E9%80%B2%E4%BF%AE%E9%83%A8+94641+%E5%B1%8F%E6%9D%B1%E7%B8%A3%E6%81%86%E6%98%A5%E9%8E%AE%E6%81%86%E5%8D%97%E8%B7%AF38%E8%99%9F,https://www.hcvs.ptc.edu.tw/,https://www.hcvs.ptc.edu.tw/p/412-1007-286.php,https://www.hcvs.ptc.edu.tw/p/412-1007-286.php
屏東區,,131307,屏榮學校財團法人屏東縣屏榮高級中學,私立,屏東區免試入學日間部,綜高,男女校,屏東縣,屏東市,900 屏東縣屏東市豐田里民學路100號,https://www.prhs.ptc.edu.tw/,08-7223409,普通科:151(不限)；電機與電子群(資訊科、電子科):49(不限)；餐飲管理科:88(不限)；電子商務科:72(不限)；多媒體設計科:49(不限)；應用日語科:22(不限)；幼兒保育科:9(不限),,440,115學年度屏東區高級中等學校免試入學委員會「招生名額查詢」；一般生實際招生名額；擷取時間：2026/8/10 16:44:26,普通高中與專業群科並行；實際科別、特色班與課程依115學年度校方公告。,,普通高中與專業群科並行；實際科別、特色班與課程依115學年度校方公告。,普通／學術方向以探究與自主學習為主，專業方向另安排實習實作與專題製作；實際內容依各科及115學年度課程計畫。,115學年度第1學期校方已公布交通車時間表及交通車須知。,學生交通車依115-1校方路線、時間表與乘車規定辦理。,校方115學年度已公布住宿須知，確認有學生住宿制度；床位與入住依校方115學年度規定。,https://www.google.com/maps/search/?api=1&query=%E5%B1%8F%E6%A6%AE%E5%AD%B8%E6%A0%A1%E8%B2%A1%E5%9C%98%E6%B3%95%E4%BA%BA%E5%B1%8F%E6%9D%B1%E7%B8%A3%E5%B1%8F%E6%A6%AE%E9%AB%98%E7%B4%9A%E4%B8%AD%E5%AD%B8+900+%E5%B1%8F%E6%9D%B1%E7%B8%A3%E5%B1%8F%E6%9D%B1%E5%B8%82%E8%B1%90%E7%94%B0%E9%87%8C%E6%B0%91%E5%AD%B8%E8%B7%AF100%E8%99%9F; https://www.prhs.ptc.edu.tw/,https://www.prhs.ptc.edu.tw/?page_id=2003,https://www.prhs.ptc.edu.tw/?page_id=2003,https://www.google.com/maps/search/?api=1&query=%E5%B1%8F%E6%A6%AE%E5%AD%B8%E6%A0%A1%E8%B2%A1%E5%9C%98%E6%B3%95%E4%BA%BA%E5%B1%8F%E6%9D%B1%E7%B8%A3%E5%B1%8F%E6%A6%AE%E9%AB%98%E7%B4%9A%E4%B8%AD%E5%AD%B8+900+%E5%B1%8F%E6%9D%B1%E7%B8%A3%E5%B1%8F%E6%9D%B1%E5%B8%82%E8%B1%90%E7%94%B0%E9%87%8C%E6%B0%91%E5%AD%B8%E8%B7%AF100%E8%99%9F,https://www.prhs.ptc.edu.tw/,https://www.prhs.ptc.edu.tw/,https://www.prhs.ptc.edu.tw/
屏東區,,131308,陸興學校財團法人屏東縣陸興高級中學,私立,屏東區免試入學日間部,高中,男女校,屏東縣,屏東市,900 屏東縣屏東市廣東路150號,https://www.lssh.ptc.edu.tw/,08-7225837,普通科:60(不限),,60,115學年度屏東區高級中等學校免試入學委員會「招生名額查詢」；一般生實際招生名額；擷取時間：2026/8/10 16:44:26,普通型高中；115學年度課程與招生資訊依校方最新公告。,,普通型高中；115學年度課程與招生資訊依校方最新公告。,不設技職類固定實習；以探究與實作、自主學習及學習歷程成果為主。網站未標示115學年度全校統一專題題目。,學校官網未標示115學年度完整固定大眾運輸到校路線或固定學生專車班次。,網站未標示所有學生一致的固定通勤時間；Google地圖欄已依官方校址建立查詢入口。,學校官網未標示115學年度校內學生宿舍申請資訊。,https://www.google.com/maps/search/?api=1&query=%E9%99%B8%E8%88%88%E5%AD%B8%E6%A0%A1%E8%B2%A1%E5%9C%98%E6%B3%95%E4%BA%BA%E5%B1%8F%E6%9D%B1%E7%B8%A3%E9%99%B8%E8%88%88%E9%AB%98%E7%B4%9A%E4%B8%AD%E5%AD%B8+900+%E5%B1%8F%E6%9D%B1%E7%B8%A3%E5%B1%8F%E6%9D%B1%E5%B8%82%E5%BB%A3%E6%9D%B1%E8%B7%AF150%E8%99%9F; https://www.lssh.ptc.edu.tw/,https://www.lssh.ptc.edu.tw/,https://www.lssh.ptc.edu.tw/,https://www.google.com/maps/search/?api=1&query=%E9%99%B8%E8%88%88%E5%AD%B8%E6%A0%A1%E8%B2%A1%E5%9C%98%E6%B3%95%E4%BA%BA%E5%B1%8F%E6%9D%B1%E7%B8%A3%E9%99%B8%E8%88%88%E9%AB%98%E7%B4%9A%E4%B8%AD%E5%AD%B8+900+%E5%B1%8F%E6%9D%B1%E7%B8%A3%E5%B1%8F%E6%9D%B1%E5%B8%82%E5%BB%A3%E6%9D%B1%E8%B7%AF150%E8%99%9F,https://www.lssh.ptc.edu.tw/,https://www.lssh.ptc.edu.tw/,https://www.lssh.ptc.edu.tw/
屏東區,,131311,屏東縣私立美和高級中學,私立,屏東區免試入學日間部,高中,男女校,屏東縣,內埔鄉,912 屏東縣內埔鄉美和村學人路323號,https://www.mhsh.ptc.edu.tw/,08-7792045,普通科:99(不限),,99,115學年度屏東區高級中等學校免試入學委員會「招生名額查詢」；一般生實際招生名額；擷取時間：2026/8/10 16:44:26,普通型高中；課程、特色班與校本活動依115學年度校方課程計畫。,,普通型高中；課程、特色班與校本活動依115學年度校方課程計畫。,不設技職類固定實習；以探究與實作、自主學習及學習歷程成果為主。網站未標示115學年度全校統一專題題目。,學校官網未標示115學年度完整固定大眾運輸到校路線或固定學生專車班次。,網站未標示所有學生一致的固定通勤時間；Google地圖欄已依官方校址建立查詢入口。,學校官網未標示115學年度校內學生宿舍申請資訊。,https://www.google.com/maps/search/?api=1&query=%E5%B1%8F%E6%9D%B1%E7%B8%A3%E7%A7%81%E7%AB%8B%E7%BE%8E%E5%92%8C%E9%AB%98%E7%B4%9A%E4%B8%AD%E5%AD%B8+912+%E5%B1%8F%E6%9D%B1%E7%B8%A3%E5%85%A7%E5%9F%94%E9%84%89%E7%BE%8E%E5%92%8C%E6%9D%91%E5%AD%B8%E4%BA%BA%E8%B7%AF323%E8%99%9F; https://www.mhsh.ptc.edu.tw/,https://www.mhsh.ptc.edu.tw/,https://www.mhsh.ptc.edu.tw/,https://www.google.com/maps/search/?api=1&query=%E5%B1%8F%E6%9D%B1%E7%B8%A3%E7%A7%81%E7%AB%8B%E7%BE%8E%E5%92%8C%E9%AB%98%E7%B4%9A%E4%B8%AD%E5%AD%B8+912+%E5%B1%8F%E6%9D%B1%E7%B8%A3%E5%85%A7%E5%9F%94%E9%84%89%E7%BE%8E%E5%92%8C%E6%9D%91%E5%AD%B8%E4%BA%BA%E8%B7%AF323%E8%99%9F,https://www.mhsh.ptc.edu.tw/,https://www.mhsh.ptc.edu.tw/,https://www.mhsh.ptc.edu.tw/
屏東區,,131409,屏東縣私立民生高級家事商業職業學校,私立,屏東區免試入學日間部,高職,男女校,屏東縣,屏東市,900 屏東縣屏東市民生東路12號,https://www.msvs.ptc.edu.tw/,08-7223029,餐飲管理科:82(不限)；多媒體設計科:42(不限)；時尚造型科:32(不限),,156,115學年度屏東區高級中等學校免試入學委員會「招生名額查詢」；一般生實際招生名額；擷取時間：2026/8/10 16:44:26,技術型高中，以餐飲、多媒體、時尚造型等家商專業方向為主；另有實用技能與進修課程。,,技術型高中，以餐飲、多媒體、時尚造型等家商專業方向為主；另有實用技能與進修課程。,餐飲、多媒體、時尚造型等專業科依115學年度課程辦理實習、作品製作、技能訓練與專題；實用技能課程依校方公告。,學校官網未標示115學年度完整固定大眾運輸到校路線或固定學生專車班次。,網站未標示所有學生一致的固定通勤時間；Google地圖欄已依官方校址建立查詢入口。,學校官網未標示115學年度校內學生宿舍申請資訊。,https://www.google.com/maps/search/?api=1&query=%E5%B1%8F%E6%9D%B1%E7%B8%A3%E7%A7%81%E7%AB%8B%E6%B0%91%E7%94%9F%E9%AB%98%E7%B4%9A%E5%AE%B6%E4%BA%8B%E5%95%86%E6%A5%AD%E8%81%B7%E6%A5%AD%E5%AD%B8%E6%A0%A1+900+%E5%B1%8F%E6%9D%B1%E7%B8%A3%E5%B1%8F%E6%9D%B1%E5%B8%82%E6%B0%91%E7%94%9F%E6%9D%B1%E8%B7%AF12%E8%99%9F; https://www.msvs.ptc.edu.tw/,https://www.msvs.ptc.edu.tw/,https://www.msvs.ptc.edu.tw/,https://www.google.com/maps/search/?api=1&query=%E5%B1%8F%E6%9D%B1%E7%B8%A3%E7%A7%81%E7%AB%8B%E6%B0%91%E7%94%9F%E9%AB%98%E7%B4%9A%E5%AE%B6%E4%BA%8B%E5%95%86%E6%A5%AD%E8%81%B7%E6%A5%AD%E5%AD%B8%E6%A0%A1+900+%E5%B1%8F%E6%9D%B1%E7%B8%A3%E5%B1%8F%E6%9D%B1%E5%B8%82%E6%B0%91%E7%94%9F%E6%9D%B1%E8%B7%AF12%E8%99%9F,https://www.msvs.ptc.edu.tw/,https://www.msvs.ptc.edu.tw/,https://www.msvs.ptc.edu.tw/
屏東區,,131C09,屏東縣私立民生高級家事商業職業學校進修部,私立,屏東區免試入學進修部,進修部,男女校,屏東縣,屏東市,900 屏東縣屏東市民生東路12號,https://www.msvs.ptc.edu.tw/,08-7223029,資料處理科(夜間班):9(不限)；餐飲管理科(夜間班):13(不限),,22,115學年度屏東區高級中等學校免試入學委員會「招生名額查詢」；一般生實際招生名額；擷取時間：2026/8/10 16:44:26,進修部主要招生方向為資料處理科、餐飲管理科；網站未標示進修部另設資優班。,,進修部課程依115學年度進修部課程計畫辦理，主要招生方向包含資料處理科、餐飲管理科。,依進修部招生科別安排專業實作；網站未標示115學年度進修部全校統一專題題目，實際內容以進修部及各科公告為準。,進修部官網未標示115學年度夜間固定學生專車或完整大眾運輸銜接班次；本表不直接沿用日間部學生專車。,進修部夜間通勤站點、班次與末班車銜接資訊網站未標示。,進修部官網未標示進修部學生是否具校內宿舍申請資格；本表不直接套用日間部住宿規定。,https://www.google.com/maps/search/?api=1&query=%E5%B1%8F%E6%9D%B1%E7%B8%A3%E7%A7%81%E7%AB%8B%E6%B0%91%E7%94%9F%E9%AB%98%E7%B4%9A%E5%AE%B6%E4%BA%8B%E5%95%86%E6%A5%AD%E8%81%B7%E6%A5%AD%E5%AD%B8%E6%A0%A1%E9%80%B2%E4%BF%AE%E9%83%A8+900+%E5%B1%8F%E6%9D%B1%E7%B8%A3%E5%B1%8F%E6%9D%B1%E5%B8%82%E6%B0%91%E7%94%9F%E6%9D%B1%E8%B7%AF12%E8%99%9F; https://www.msvs.ptc.edu.tw/,https://www.msvs.ptc.edu.tw/,https://www.msvs.ptc.edu.tw/,https://www.google.com/maps/search/?api=1&query=%E5%B1%8F%E6%9D%B1%E7%B8%A3%E7%A7%81%E7%AB%8B%E6%B0%91%E7%94%9F%E9%AB%98%E7%B4%9A%E5%AE%B6%E4%BA%8B%E5%95%86%E6%A5%AD%E8%81%B7%E6%A5%AD%E5%AD%B8%E6%A0%A1%E9%80%B2%E4%BF%AE%E9%83%A8+900+%E5%B1%8F%E6%9D%B1%E7%B8%A3%E5%B1%8F%E6%9D%B1%E5%B8%82%E6%B0%91%E7%94%9F%E6%9D%B1%E8%B7%AF12%E8%99%9F,https://www.msvs.ptc.edu.tw/,https://www.msvs.ptc.edu.tw/,https://www.msvs.ptc.edu.tw/
屏東區,,134304,屏東縣立大同高級中學,公立,屏東區免試入學日間部,高中,男女校,屏東縣,屏東市,900007 屏東縣屏東市和平路429號,https://www.dtjh.ptc.edu.tw/,08-7663916,普通科:128(不限),,128,115學年度屏東區高級中等學校免試入學委員會「招生名額查詢」；一般生實際招生名額；擷取時間：2026/8/10 16:44:26,普通型高中；以一般高中課程、多元選修、自主學習與校本活動為主。,,普通型高中；以一般高中課程、多元選修、自主學習與校本活動為主。,不設技職類固定實習；以探究與實作、自主學習及學習歷程成果為主。網站未標示115學年度全校統一專題題目。,學校官網未標示115學年度完整固定大眾運輸到校路線或固定學生專車班次。,網站未標示所有學生一致的固定通勤時間；Google地圖欄已依官方校址建立查詢入口。,學校官網未標示115學年度校內學生宿舍申請資訊。,https://www.google.com/maps/search/?api=1&query=%E5%B1%8F%E6%9D%B1%E7%B8%A3%E7%AB%8B%E5%A4%A7%E5%90%8C%E9%AB%98%E7%B4%9A%E4%B8%AD%E5%AD%B8+900007+%E5%B1%8F%E6%9D%B1%E7%B8%A3%E5%B1%8F%E6%9D%B1%E5%B8%82%E5%92%8C%E5%B9%B3%E8%B7%AF429%E8%99%9F; https://www.dtjh.ptc.edu.tw/,https://www.dtjh.ptc.edu.tw/,https://www.dtjh.ptc.edu.tw/,https://www.google.com/maps/search/?api=1&query=%E5%B1%8F%E6%9D%B1%E7%B8%A3%E7%AB%8B%E5%A4%A7%E5%90%8C%E9%AB%98%E7%B4%9A%E4%B8%AD%E5%AD%B8+900007+%E5%B1%8F%E6%9D%B1%E7%B8%A3%E5%B1%8F%E6%9D%B1%E5%B8%82%E5%92%8C%E5%B9%B3%E8%B7%AF429%E8%99%9F,https://www.dtjh.ptc.edu.tw/,https://www.dtjh.ptc.edu.tw/,https://www.dtjh.ptc.edu.tw/
屏東區,,134321,屏東縣立枋寮高級中學,公立,屏東區免試入學日間部,高中,男女校,屏東縣,枋寮鄉,940 屏東縣枋寮鄉新龍村義民路3號,https://www.flhs.ptc.edu.tw/,08-8782095,普通科:87(不限),,87,115學年度屏東區高級中等學校免試入學委員會「招生名額查詢」；一般生實際招生名額；擷取時間：2026/8/10 16:44:26,普通型高中；招生專區另有雙語實驗、體育等特色資訊。,,普通型高中；招生專區另有雙語實驗、體育等特色資訊。,不設技職類固定實習；以探究與實作、自主學習及學習歷程成果為主。網站未標示115學年度全校統一專題題目。,校方高中招生專區設有「交通介紹」，提供學生到校交通資訊；115學年度完整固定路線以校方最新公告為準。,固定站點與時間依校方交通介紹及當期營運班次；網站未標示所有學生一致的固定通勤時間。,校方高中招生專區設有「宿舍介紹」，確認有學生住宿；115學年度床位、資格與費用依校方最新公告。,https://www.google.com/maps/search/?api=1&query=%E5%B1%8F%E6%9D%B1%E7%B8%A3%E7%AB%8B%E6%9E%8B%E5%AF%AE%E9%AB%98%E7%B4%9A%E4%B8%AD%E5%AD%B8+940+%E5%B1%8F%E6%9D%B1%E7%B8%A3%E6%9E%8B%E5%AF%AE%E9%84%89%E6%96%B0%E9%BE%8D%E6%9D%91%E7%BE%A9%E6%B0%91%E8%B7%AF3%E8%99%9F; https://www.flhs.ptc.edu.tw/,https://www.flhs.ptc.edu.tw/nss/s/main/AdmissionsArea,https://www.flhs.ptc.edu.tw/nss/s/main/AdmissionsArea,https://www.google.com/maps/search/?api=1&query=%E5%B1%8F%E6%9D%B1%E7%B8%A3%E7%AB%8B%E6%9E%8B%E5%AF%AE%E9%AB%98%E7%B4%9A%E4%B8%AD%E5%AD%B8+940+%E5%B1%8F%E6%9D%B1%E7%B8%A3%E6%9E%8B%E5%AF%AE%E9%84%89%E6%96%B0%E9%BE%8D%E6%9D%91%E7%BE%A9%E6%B0%91%E8%B7%AF3%E8%99%9F,https://www.flhs.ptc.edu.tw/,https://www.flhs.ptc.edu.tw/,https://www.flhs.ptc.edu.tw/
屏東區,,134324,屏東縣立東港高級中學,公立,屏東區免試入學日間部,高中,男女校,屏東縣,東港鎮,928005 屏東縣東港鎮船頭路1號,https://www.dghs.ptc.edu.tw/,08-8322014,普通科:121(不限),,121,115學年度屏東區高級中等學校免試入學委員會「招生名額查詢」；一般生實際招生名額；擷取時間：2026/8/10 16:44:26,普通型高中；課程以一般高中、多元選修、自主學習與校本特色為主。,,普通型高中；課程以一般高中、多元選修、自主學習與校本特色為主。,不設技職類固定實習；以探究與實作、自主學習及學習歷程成果為主。網站未標示115學年度全校統一專題題目。,校方新生專區設交通專車資訊，包含萬丹／屏東、潮州／屏東、枋寮／枋山等方向。,學生專車依校方當學年度路線與站點搭乘；實際時間以最新交通專車公告為準。,學校官網未標示115學年度校內學生宿舍申請資訊。,https://www.google.com/maps/search/?api=1&query=%E5%B1%8F%E6%9D%B1%E7%B8%A3%E7%AB%8B%E6%9D%B1%E6%B8%AF%E9%AB%98%E7%B4%9A%E4%B8%AD%E5%AD%B8+928005+%E5%B1%8F%E6%9D%B1%E7%B8%A3%E6%9D%B1%E6%B8%AF%E9%8E%AE%E8%88%B9%E9%A0%AD%E8%B7%AF1%E8%99%9F; https://www.dghs.ptc.edu.tw/,https://www.dghs.ptc.edu.tw/nss/s/main/N01,https://www.dghs.ptc.edu.tw/,https://www.google.com/maps/search/?api=1&query=%E5%B1%8F%E6%9D%B1%E7%B8%A3%E7%AB%8B%E6%9D%B1%E6%B8%AF%E9%AB%98%E7%B4%9A%E4%B8%AD%E5%AD%B8+928005+%E5%B1%8F%E6%9D%B1%E7%B8%A3%E6%9D%B1%E6%B8%AF%E9%8E%AE%E8%88%B9%E9%A0%AD%E8%B7%AF1%E8%99%9F,https://www.dghs.ptc.edu.tw/,https://www.dghs.ptc.edu.tw/,https://www.dghs.ptc.edu.tw/
屏東區,,134334,屏東縣立來義高級中學,公立,屏東區免試入學日間部,高中,男女校,屏東縣,來義鄉,922 屏東縣來義鄉中正路147號,https://www.lyhs.ptc.edu.tw/,08-7850086,普通科:73(不限),,73,115學年度屏東區高級中等學校免試入學委員會「招生名額查詢」；一般生實際招生名額；擷取時間：2026/8/10 16:44:26,普通型高中；結合一般高中課程、在地與原住民族文化學習，實際內容依115學年度校方公告。,,普通型高中；結合一般高中課程、在地與原住民族文化學習，實際內容依115學年度校方公告。,不設技職類固定實習；以探究與實作、自主學習及學習歷程成果為主。網站未標示115學年度全校統一專題題目。,校方官網設交通資訊頁；115學年度固定學生專車或完整大眾運輸班次網站未標示。,固定站點與通勤時間網站未標示；Google地圖欄已依官方校址建立查詢入口。,學校官網未標示115學年度校內學生宿舍申請資訊。,https://www.google.com/maps/search/?api=1&query=%E5%B1%8F%E6%9D%B1%E7%B8%A3%E7%AB%8B%E4%BE%86%E7%BE%A9%E9%AB%98%E7%B4%9A%E4%B8%AD%E5%AD%B8+922+%E5%B1%8F%E6%9D%B1%E7%B8%A3%E4%BE%86%E7%BE%A9%E9%84%89%E4%B8%AD%E6%AD%A3%E8%B7%AF147%E8%99%9F; https://www.lyhs.ptc.edu.tw/,https://www.lyhs.ptc.edu.tw/nss/s/main/0201,https://www.lyhs.ptc.edu.tw/,https://www.google.com/maps/search/?api=1&query=%E5%B1%8F%E6%9D%B1%E7%B8%A3%E7%AB%8B%E4%BE%86%E7%BE%A9%E9%AB%98%E7%B4%9A%E4%B8%AD%E5%AD%B8+922+%E5%B1%8F%E6%9D%B1%E7%B8%A3%E4%BE%86%E7%BE%A9%E9%84%89%E4%B8%AD%E6%AD%A3%E8%B7%AF147%E8%99%9F,https://www.lyhs.ptc.edu.tw/,https://www.lyhs.ptc.edu.tw/,https://www.lyhs.ptc.edu.tw/
宜蘭區,,020301,國立蘭陽女中,公立,宜蘭區學校名錄,高中,女校,宜蘭縣,宜蘭市,260026 宜蘭縣宜蘭市女中路二段355號,https://www.lygsh.ilc.edu.tw/home,03-9333819,普通科(女):424,424,424,教育部統計處《高級中等學校概況統計》114學年度校別資料；115學年度實際招生名額待該區免試入學委員會公告端點恢復後再寫入。；115學年度宜蘭區免試入學核定招生名額（使用者提供 PDF；一般生招生名額，含科別與性別欄位）,語文資優班、舞蹈資優班、數理實驗班、雙語實驗班；實際招生與編班依115學年度校方公告。,,普通型高中課程，搭配加深加廣、多元選修、微課程、校本特色與自主學習；另依語文、舞蹈、數理與雙語特色課程分流。,不設固定職業實習；以自主學習、探究實作、校本微課程與成果發表為主要實作形式。網站未標示全校統一專題題目。,官網明列：臺鐵宜蘭站步行至校約1.3公里、約17分鐘；宜蘭轉運站步行至校約1.1公里、約15分鐘。另提供國道5號自駕路線。,鐵路通勤以宜蘭站為主要節點；國道客運可至宜蘭轉運站後步行到校。步行時間以校方交通頁公布為準。,校方設有學生宿舍；115學年度行事曆明列宿舍申請、生活座談與核准住宿名單公告時程。,https://www.google.com/maps/search/?api=1&query=260026+%E5%AE%9C%E8%98%AD%E7%B8%A3%E5%AE%9C%E8%98%AD%E5%B8%82%E5%A5%B3%E4%B8%AD%E8%B7%AF%E4%BA%8C%E6%AE%B5355%E8%99%9F; https://www.lygsh.ilc.edu.tw/home,https://www.lygsh.ilc.edu.tw/home?cid=203,https://www.lygsh.ilc.edu.tw/home?cid=2191,https://www.google.com/maps/search/?api=1&query=260026+%E5%AE%9C%E8%98%AD%E7%B8%A3%E5%AE%9C%E8%98%AD%E5%B8%82%E5%A5%B3%E4%B8%AD%E8%B7%AF%E4%BA%8C%E6%AE%B5355%E8%99%9F,https://www.lygsh.ilc.edu.tw/home?cid=203,https://www.lygsh.ilc.edu.tw/home,https://www.lygsh.ilc.edu.tw/ischool/publish_page/0/?cid=1405
宜蘭區,,020302,國立宜蘭高中,公立,宜蘭區學校名錄,高中,男女校,宜蘭縣,宜蘭市,26051 宜蘭縣宜蘭市復興路三段8號,https://www.ylsh.ilc.edu.tw/,03-9324153,普通科(男):358；普通科(女):33,391,391,教育部統計處《高級中等學校概況統計》114學年度校別資料；115學年度實際招生名額待該區免試入學委員會公告端點恢復後再寫入。；115學年度宜蘭區免試入學核定招生名額（使用者提供 PDF；一般生招生名額，含科別與性別欄位）,數理資優班、科學實驗班、雙語實驗班、美術資優班、體育班；班別與甄選依115學年度公告。,,普通型高中課程，包含部定必修、加深加廣、多元選修、彈性自主學習與校訂必修「宜蘭學」等校本課程。,不設固定職業實習；以自主學習、自然科探究、科展、小論文與跨領域專題成果為主，官網設有自主學習成果發表專區。,臺鐵宜蘭站或國道客運至宜蘭轉運站後，可轉乘市區公車771線至「文化中心（宜蘭高中）」站；自駕由國5宜蘭交流道經東港路、校舍路、復興路到校。,主要公共運輸節點為宜蘭站、宜蘭轉運站與「文化中心（宜蘭高中）」站；771線約20分鐘一班的資訊以相關交通公告為準。,校內有學生宿舍；校方高一新生專區設「學生宿舍資訊」入口，校園環境介紹亦明列學生宿舍。,https://www.google.com/maps/search/?api=1&query=26051+%E5%AE%9C%E8%98%AD%E7%B8%A3%E5%AE%9C%E8%98%AD%E5%B8%82%E5%BE%A9%E8%88%88%E8%B7%AF%E4%B8%89%E6%AE%B58%E8%99%9F; https://www.ylsh.ilc.edu.tw/,https://www.ylsh.ilc.edu.tw/ischool/publish_page/24/?cid=626,https://www.ylsh.ilc.edu.tw/ischool/publish_page/15/?cid=494,https://www.google.com/maps/search/?api=1&query=26051+%E5%AE%9C%E8%98%AD%E7%B8%A3%E5%AE%9C%E8%98%AD%E5%B8%82%E5%BE%A9%E8%88%88%E8%B7%AF%E4%B8%89%E6%AE%B58%E8%99%9F,https://www.ylsh.ilc.edu.tw/,https://www.ylsh.ilc.edu.tw/home?cid=1603,https://www.ylsh.ilc.edu.tw/ischool/publish_page/61/?cid=1877
宜蘭區,,020308,國立羅東高中,公立,宜蘭區學校名錄,高中,男女校,宜蘭縣,羅東鎮,265010 宜蘭縣羅東鎮公正路324號,https://www.ldsh.ilc.edu.tw/,03-9567645,普通科:386,386,386,教育部統計處《高級中等學校概況統計》114學年度校別資料；115學年度實際招生名額待該區免試入學委員會公告端點恢復後再寫入。；115學年度宜蘭區免試入學核定招生名額（使用者提供 PDF；一般生招生名額，含科別與性別欄位）,體育班、藝才（資優）班、學術資優班、雙語實驗班、科學實驗班；以115學年度總體課程計畫與甄選公告為準。,,普通型高中115學年度總體課程，搭配普通班、體育班、藝才／學術資優與雙語、科學實驗課程，以及多元選修與自主學習。,不設固定職業實習；以自主學習、專題閱讀研究、小論文、科展與跨領域成果發表為主要實作形式。,校方115-1公告指出「學58」羅東高中往南方澳路線自115年9月1日起停駛，替代路線為1767、1797；741宜蘭轉運站－南方澳路線由縣府籌備中。,需搭公路客運者，校方建議使用i-Bus掌握即時班次；目前以1767、1797作為學58停駛後的替代路線，後續依校方最新公告。,學校官網未標示115學年度校內學生宿舍申請資訊。,https://www.google.com/maps/search/?api=1&query=265010+%E5%AE%9C%E8%98%AD%E7%B8%A3%E7%BE%85%E6%9D%B1%E9%8E%AE%E5%85%AC%E6%AD%A3%E8%B7%AF324%E8%99%9F; https://www.ldsh.ilc.edu.tw/,"https://www.ldsh.ilc.edu.tw/p/406-1015-193159,r13.php?Lang=zh-tw",https://www.ldsh.ilc.edu.tw/,https://www.google.com/maps/search/?api=1&query=265010+%E5%AE%9C%E8%98%AD%E7%B8%A3%E7%BE%85%E6%9D%B1%E9%8E%AE%E5%85%AC%E6%AD%A3%E8%B7%AF324%E8%99%9F,https://www.ldsh.ilc.edu.tw/,"https://www.ldsh.ilc.edu.tw/p/406-1015-189277,r46.php?Lang=zh-tw",https://www.ldsh.ilc.edu.tw/
宜蘭區,,020403,國立宜蘭高商,公立,宜蘭區學校名錄,高職,男女校,宜蘭縣,宜蘭市,260 宜蘭縣宜蘭市延平路50號,https://www.ilvs.ilc.edu.tw/,03-9384147,國際貿易科:54；資料處理科:89；多媒體設計科:26；應用英語科:29；應用日語科:29；商業經營科:17,244,244,教育部統計處《高級中等學校概況統計》114學年度校別資料；115學年度實際招生名額待該區免試入學委員會公告端點恢復後再寫入。；115學年度宜蘭區免試入學核定招生名額（使用者提供 PDF；一般生招生名額，含科別與性別欄位）,網站未標示固定資優班；以國際貿易、資料處理、多媒體設計、應用英語、應用日語、商業經營等商管、外語與設計專業群科為特色。,,技術型高中課程，重點涵蓋商業管理、國際貿易、資訊應用、多媒體設計及應用外語；依各科課程計畫安排專業、實習、彈性與自主學習。,設專業及實習科目，例如門市經營實務、數位科技應用、會計軟體應用、程式語言與設計、多媒體製作與應用、外語文書與簡報實務等；網站未標示全校統一專題題目。,官網明列：宜蘭轉運站或臺鐵宜蘭站後站可轉乘771縣公車至「宜蘭高商站」；另列學生通學公車472、771等路線。,公共運輸可使用宜蘭站、宜蘭轉運站轉乘771縣；學生通學路線另依校方交通頁公告的472、771等班次。,學校官網未標示115學年度校內學生宿舍申請資訊。,https://www.google.com/maps/search/?api=1&query=260+%E5%AE%9C%E8%98%AD%E7%B8%A3%E5%AE%9C%E8%98%AD%E5%B8%82%E5%BB%B6%E5%B9%B3%E8%B7%AF50%E8%99%9F; https://www.ilvs.ilc.edu.tw/,https://www.ilvs.ilc.edu.tw/ischool/publish_page/111/?cid=3133,https://www.ilvs.ilc.edu.tw/,https://www.google.com/maps/search/?api=1&query=260+%E5%AE%9C%E8%98%AD%E7%B8%A3%E5%AE%9C%E8%98%AD%E5%B8%82%E5%BB%B6%E5%B9%B3%E8%B7%AF50%E8%99%9F,https://www.ilvs.ilc.edu.tw/ischool/publish_page/111/?cid=3133,https://www.ilvs.ilc.edu.tw/resource/openfid.php?id=7762,https://www.ilvs.ilc.edu.tw/ischool/publish_page/5/?cid=85
宜蘭區,,020404,國立羅東高商,公立,宜蘭區學校名錄,綜高,男女校,宜蘭縣,羅東鎮,265 宜蘭縣羅東鎮中山路四段360號,https://www.ltcvs.ilc.edu.tw/home,03-9512875,國際貿易科:21；資料處理科:50；餐飲管理科:28；多媒體設計科:20；表演藝術科:15；機械科:28；汽車科:59；資訊科:30；商業經營科:10；資料處理科:10,271,271,教育部統計處《高級中等學校概況統計》114學年度校別資料；115學年度實際招生名額待該區免試入學委員會公告端點恢復後再寫入。；115學年度宜蘭區免試入學核定招生名額（使用者提供 PDF；一般生招生名額，含科別與性別欄位）,日間部設商業經營、國際貿易、資料處理、多媒體設計、餐飲管理與綜合高中；綜高含學術自然、學術社會、資訊應用、國際貿易、多媒體設計、餐飲服務等學程。,,技術型與綜合高中並行，涵蓋商管、資訊、設計、餐旅及學術自然／社會等方向；另有實用技能學程與進修部。,商管群辦理專題製作成果發表競賽與作品觀摩，並依各群科安排專業實習、實作、多元選修及跨校課程。,官網交通頁要求以公路客運即時動態資訊查詢「羅東高商」或「維揚路」附近站牌；網站未標示固定單一路線號碼。,主要公車下車點以「羅東高商」或「維揚路」站牌查詢為準；班次應以公路客運即時動態與校方交通頁確認。,學校官網未標示115學年度校內學生宿舍申請資訊。,https://www.google.com/maps/search/?api=1&query=265+%E5%AE%9C%E8%98%AD%E7%B8%A3%E7%BE%85%E6%9D%B1%E9%8E%AE%E4%B8%AD%E5%B1%B1%E8%B7%AF%E5%9B%9B%E6%AE%B5360%E8%99%9F; https://www.ltcvs.ilc.edu.tw/home,https://www.ltcvs.ilc.edu.tw/ischool/publish_page/105/?cid=2730,https://www.ltcvs.ilc.edu.tw/home,https://www.google.com/maps/search/?api=1&query=265+%E5%AE%9C%E8%98%AD%E7%B8%A3%E7%BE%85%E6%9D%B1%E9%8E%AE%E4%B8%AD%E5%B1%B1%E8%B7%AF%E5%9B%9B%E6%AE%B5360%E8%99%9F,https://www.ltcvs.ilc.edu.tw/home,https://www.ltcvs.ilc.edu.tw/ischool/publish_page/21/,https://www.ltcvs.ilc.edu.tw/ischool/public/resource_view/open.php?file=c76ef717a0f4e598f7a515119b7b4492.pdf
宜蘭區,,020405,國立蘇澳海事,公立,宜蘭區學校名錄,高職,男女校,宜蘭縣,蘇澳鎮,270 宜蘭縣蘇澳鎮蘇港路213號,https://www.savs.ilc.edu.tw/,03-9951661,電子科:4；觀光事業科:8；漁業科:3；輪機科:11；水產養殖科:4；航運管理科:6；水產食品科:5；進修部水產食品科:16,57,57,教育部統計處《高級中等學校概況統計》114學年度校別資料；115學年度實際招生名額待該區免試入學委員會公告端點恢復後再寫入。；115學年度宜蘭區免試入學核定招生名額（使用者提供 PDF；一般生招生名額，含科別與性別欄位）,以漁業、輪機、水產食品、水產養殖、電子、航運管理、觀光事業等海事水產與技術群科為特色；另設體育班及實用技能學程。,,技術型高中以海事、水產、電子、航運與觀光餐旅專業為主，各科依課程計畫安排專業理論、實習及技能訓練。,依漁業、輪機、水產、電子、航運與餐旅等科別進行專業實習、技能訓練與技藝競賽；網站未標示全校統一專題題目。,官網明列：臺鐵蘇澳站下車步行約10分鐘；蘇澳新站可搭計程車約5分鐘，或轉電聯車至蘇澳站再步行。另提供國5蘇澳交流道與台9、台2自駕路線。,鐵路通勤以蘇澳站最直接，步行約10分鐘；蘇澳新站需轉乘或計程車，時間以校方交通頁為準。,學校官網未標示115學年度校內學生宿舍申請資訊。,https://www.google.com/maps/search/?api=1&query=270+%E5%AE%9C%E8%98%AD%E7%B8%A3%E8%98%87%E6%BE%B3%E9%8E%AE%E8%98%87%E6%B8%AF%E8%B7%AF213%E8%99%9F; https://www.savs.ilc.edu.tw/,https://www.savs.ilc.edu.tw/ischool/publish_page/0/?cid=1232,https://www.savs.ilc.edu.tw/,https://www.google.com/maps/search/?api=1&query=270+%E5%AE%9C%E8%98%AD%E7%B8%A3%E8%98%87%E6%BE%B3%E9%8E%AE%E8%98%87%E6%B8%AF%E8%B7%AF213%E8%99%9F,https://www.savs.ilc.edu.tw/ischool/publish_page/0/?cid=1232,https://www.savs.ilc.edu.tw/,https://www.savs.ilc.edu.tw/
宜蘭區,,020407,國立羅東高工,公立,宜蘭區學校名錄,綜高,男女校,宜蘭縣,冬山鄉,269022 宜蘭縣冬山鄉廣興路117號,https://www.ltivs.ilc.edu.tw/,03-9514196,電子科:59；電機科:59；建築科:59；製圖科:29；綜合高中:111；資訊科:30；製圖科:11,358,358,教育部統計處《高級中等學校概況統計》114學年度校別資料；115學年度實際招生名額待該區免試入學委員會公告端點恢復後再寫入。；115學年度宜蘭區免試入學核定招生名額（使用者提供 PDF；一般生招生名額，含科別與性別欄位）,以資訊、電子、電機、機械、製圖、汽車、建築等工業群科為核心；另有綜合高中、實用技能學程與建教合作課程。,,115學年度日校專業群科課程涵蓋資訊、電子、電機、機械、製圖、汽車、建築等工業技術，另有綜高與建教、實用技能課程。,各科設大量專業實習，例如機械基礎、加工、製圖、電學、控制等；官網可見專題實作課程與全國專題實作／創意競賽成果。,官網明列：羅東火車站步行至校約30–40分鐘；並提供由宜蘭、蘇澳方向經國5或台9、台7丙到校的自駕路線。,臺鐵通勤可由羅東站步行約30–40分鐘；公車路線以校方地理位置頁所連結的即時交通資訊為準。,學校官網未標示115學年度校內學生宿舍申請資訊。,https://www.google.com/maps/search/?api=1&query=269022+%E5%AE%9C%E8%98%AD%E7%B8%A3%E5%86%AC%E5%B1%B1%E9%84%89%E5%BB%A3%E8%88%88%E8%B7%AF117%E8%99%9F; https://www.ltivs.ilc.edu.tw/,https://www.ltivs.ilc.edu.tw/p/412-1000-134.php?Lang=zh-tw,https://www.ltivs.ilc.edu.tw/,https://www.google.com/maps/search/?api=1&query=269022+%E5%AE%9C%E8%98%AD%E7%B8%A3%E5%86%AC%E5%B1%B1%E9%84%89%E5%BB%A3%E8%88%88%E8%B7%AF117%E8%99%9F,https://www.ltivs.ilc.edu.tw/p/412-1000-134.php?Lang=zh-tw,https://www.ltivs.ilc.edu.tw/p/412-1000-82.php?Lang=zh-tw,https://www.ltivs.ilc.edu.tw/p/412-1000-206.php?Lang=zh-tw
宜蘭區,,020409,國立頭城家商,公立,宜蘭區學校名錄,高職,男女校,宜蘭縣,頭城鎮,261 宜蘭縣頭城鎮新興路111號,https://www.tcvs.ilc.edu.tw/,03-9771131,餐飲管理科:16,16,16,教育部統計處《高級中等學校概況統計》114學年度校別資料；115學年度實際招生名額待該區免試入學委員會公告端點恢復後再寫入。；115學年度宜蘭區免試入學核定招生名額（使用者提供 PDF；一般生招生名額，含科別與性別欄位）,以商業、電子商務、資料處理、餐飲、觀光、幼保、美容等家商與服務群科實務為特色；另有實用技能學程與進修部。,,技術型高中課程以商管、電子商務、資訊、餐旅、幼保與美容等專業方向為主，依各科課程計畫與課程地圖安排。,實習處有中餐、烘焙、餐飲服務、文書處理、程式設計、網頁設計、美髮／美顏等技藝競賽與校外實習規範；課表亦可見專題實作。,115學年度新生專區公告：國光客運加班車06:05自幸福轉運站發車，約06:45到頭城家商；1766由南方澳05:55發車，約08:05到頭城家商站。,115年9月國光加班車及1766班次依校方公告；10月後相關路線由宜展客運經營，時間以客運公司與校方後續公告為準。,校內有學生宿舍，男35床、女27床，共62床；每房約4–6人，校方公布住宿費與設備，申請依當學年度公告。,https://www.google.com/maps/search/?api=1&query=261+%E5%AE%9C%E8%98%AD%E7%B8%A3%E9%A0%AD%E5%9F%8E%E9%8E%AE%E6%96%B0%E8%88%88%E8%B7%AF111%E8%99%9F; https://www.tcvs.ilc.edu.tw/,https://www.tcvs.ilc.edu.tw/boxlists/1293?menu_id=188,https://www.tcvs.ilc.edu.tw/pages/248,https://www.google.com/maps/search/?api=1&query=261+%E5%AE%9C%E8%98%AD%E7%B8%A3%E9%A0%AD%E5%9F%8E%E9%8E%AE%E6%96%B0%E8%88%88%E8%B7%AF111%E8%99%9F,https://www.tcvs.ilc.edu.tw/,https://www.tcvs.ilc.edu.tw/pages/127,https://www.tcvs.ilc.edu.tw/boxlists/533?menu_id=70
宜蘭區,,021301,私立慧燈高中,私立,宜蘭區學校名錄,高中,男女校,宜蘭縣,員山鄉,264014 宜蘭縣員山鄉協進路88號,https://web.hdsh.ilc.edu.tw/,03-9229968,普通科:118,118,118,教育部統計處《高級中等學校概況統計》114學年度校別資料；115學年度實際招生名額待該區免試入學委員會公告端點恢復後再寫入。；115學年度宜蘭區免試入學核定招生名額（使用者提供 PDF；一般生招生名額，含科別與性別欄位）,住宿型中學；高中部以升學、自主學習、國際雙軌與多元特色活動為主要特色，實際班別依115學年度公告。,,普通型高中課程，重視升學學科、自主學習與國際／語言學習；官網設自主學習專區、計畫書與成果報告格式。,不設固定職業實習；自主學習包含專題與研究實作，官網可見學生完成程式設計、機構製作等自主專案成果。,官網Q&A列出由臺北各轉運站搭國道客運至宜蘭轉運站；學校另依學生往返路線安排中小型巴士或大型遊覽專車定點接送。,高中學生返家交通可依路線搭校方定點接送專車；站點與費用須向校方交通組確認。校方另提供上放學交通路線介紹與地圖指引。,校方明確為住宿型學校，學生平日住校，設宿舍生活與晚間作息管理；住宿安排依校方當年度規定。,https://www.google.com/maps/search/?api=1&query=264014+%E5%AE%9C%E8%98%AD%E7%B8%A3%E5%93%A1%E5%B1%B1%E9%84%89%E5%8D%94%E9%80%B2%E8%B7%AF88%E8%99%9F; https://web.hdsh.ilc.edu.tw/,"https://web.hdsh.ilc.edu.tw/p/405-1000-370,c194.php","https://web.hdsh.ilc.edu.tw/p/405-1000-370,c194.php",https://www.google.com/maps/search/?api=1&query=264014+%E5%AE%9C%E8%98%AD%E7%B8%A3%E5%93%A1%E5%B1%B1%E9%84%89%E5%8D%94%E9%80%B2%E8%B7%AF88%E8%99%9F,https://web.hdsh.ilc.edu.tw/,"https://web.hdsh.ilc.edu.tw/p/405-1000-5388,c168.php","https://web.hdsh.ilc.edu.tw/p/406-1000-8537,r33.php?Lang=zh-tw"
宜蘭區,,021310,私立中道高中,私立,宜蘭區學校名錄,綜高,男女校,宜蘭縣,壯圍鄉,宜蘭縣壯圍鄉中央路三段312巷7號,https://www.cdsh.ilc.edu.tw/,03-9306696,普通科:80；(產特):3；產特:11；(產特):4；(產特):5；綜合高中:96；商業經營科:29,228,228,教育部統計處《高級中等學校概況統計》114學年度校別資料；115學年度實際招生名額待該區免試入學委員會公告端點恢復後再寫入。；115學年度宜蘭區免試入學核定招生名額（使用者提供 PDF；一般生招生名額，含科別與性別欄位）,普通高中與綜合高中並行，並有商業經營等專業方向；校方另以升學、交通車與住宿管理為特色。,,依115學年度學校課程計畫辦理普通高中與綜合高中課程；綜高依學術及專門方向選修，實際學程以校方當年度課程計畫為準。,依普通／綜高課程安排自主學習與專業實作；網站未標示115學年度全校統一專題題目。,官網首頁設「查詢交通車」與交通公告，學生交通車依校方查詢系統及當學年度公告安排；網站首頁未公開完整固定站點表。,需要搭乘校車者應以校方「查詢交通車」系統確認路線與站點；舊版新生專區亦有學生搭乘交通車須知。,校方设学生宿舍，官網有住宿公告、新生宿舍床位安排、住宿規定與晚間作息資料；目前實際床位依115學年度公告。,https://www.google.com/maps/search/?api=1&query=%E5%AE%9C%E8%98%AD%E7%B8%A3%E5%A3%AF%E5%9C%8D%E9%84%89%E4%B8%AD%E5%A4%AE%E8%B7%AF%E4%B8%89%E6%AE%B5312%E5%B7%B77%E8%99%9F; https://www.cdsh.ilc.edu.tw/,https://www.cdsh.ilc.edu.tw/,https://www.cdsh.ilc.edu.tw/index.php/en/2020-04-14-09-31-33?start=10,https://www.google.com/maps/search/?api=1&query=%E5%AE%9C%E8%98%AD%E7%B8%A3%E5%A3%AF%E5%9C%8D%E9%84%89%E4%B8%AD%E5%A4%AE%E8%B7%AF%E4%B8%89%E6%AE%B5312%E5%B7%B77%E8%99%9F,https://www.cdsh.ilc.edu.tw/index.php/ar/2018-09-07-09-07-17/1270-115,https://www.cdsh.ilc.edu.tw/index.php/ar/2018-09-07-09-07-17/1270-115,https://www.cdsh.ilc.edu.tw/index.php/ar/2018-09-07-09-07-17/1270-115
宜蘭區,,024322,宜蘭縣立南澳高中,公立,宜蘭區學校名錄,高中,男女校,宜蘭縣,南澳鄉,272 宜蘭縣南澳鄉蘇花路二段301號,https://www.nojh.ilc.edu.tw/,03-9981024,普通科:6,6,6,教育部統計處《高級中等學校概況統計》114學年度校別資料；115學年度實際招生名額待該區免試入學委員會公告端點恢復後再寫入。；115學年度宜蘭區免試入學核定招生名額（使用者提供 PDF；一般生招生名額，含科別與性別欄位）,網站未標示固定資優班；以原鄉完全中學、在地社區教育與高中普通科為主要特色。,,普通高中課程，官網設高中自主學習資源；校方位於南澳原鄉，115學年度高中部完整特色課程名稱網站未標示。,不設固定職業實習；以高中自主學習與一般課程實作為主。網站未標示115學年度全校統一專題題目。,校方作息文件明載，因學區遍布南澳鄉7大部落，學生主要搭乘鄉內公車及火車通學；放學時間調整為15:45以銜接公車與火車班次。,通勤以鄉內公車與臺鐵為主，學校放學時間配合交通班次；具體車次應依當日公車與臺鐵時刻。,校內有男女學生宿舍；校方資料列明女生原則5人一間、男生6人一間，房內有基本寢具、冷氣與可上鎖衣櫃，並提供晚餐。,https://www.google.com/maps/search/?api=1&query=272+%E5%AE%9C%E8%98%AD%E7%B8%A3%E5%8D%97%E6%BE%B3%E9%84%89%E8%98%87%E8%8A%B1%E8%B7%AF%E4%BA%8C%E6%AE%B5301%E8%99%9F; https://www.nojh.ilc.edu.tw/,https://www.nojh.ilc.edu.tw/wp-content/uploads/sites/859/2026/02/%E5%85%A8%E6%A0%A1%E5%AD%B8%E7%94%9F%E6%AF%8F%E6%97%A5%E4%BD%9C%E6%81%AF%E6%99%82%E9%96%93%E8%A1%A8.pdf,https://www.nojh.ilc.edu.tw/wp-content/uploads/sites/859/2024/06/112%E5%B9%B4%E6%96%B0%E8%A8%93%E6%89%8B%E5%86%8A__1120731b_ok.pdf,https://www.google.com/maps/search/?api=1&query=272+%E5%AE%9C%E8%98%AD%E7%B8%A3%E5%8D%97%E6%BE%B3%E9%84%89%E8%98%87%E8%8A%B1%E8%B7%AF%E4%BA%8C%E6%AE%B5301%E8%99%9F,https://www.nojh.ilc.edu.tw/,https://www.nojh.ilc.edu.tw/%E5%8D%97%E6%BE%B3%E9%AB%98%E4%B8%AD%E9%98%B2%E7%96%AB%E5%B0%88%E5%8D%80/,https://www.nojh.ilc.edu.tw/2024/09/
宜蘭區,,024325,宜蘭縣立慈心華德福實中,公立,宜蘭區學校名錄,高中,男女校,宜蘭縣,冬山鄉,269 宜蘭縣冬山鄉照安路257號,https://www.waldorf.ilc.edu.tw/,03-9596222,普通科:6,6,6,教育部統計處《高級中等學校概況統計》114學年度校別資料；115學年度實際招生名額待該區免試入學委員會公告端點恢復後再寫入。；115學年度宜蘭區免試入學核定招生名額（使用者提供 PDF；一般生招生名額，含科別與性別欄位）,華德福一至十二年級實驗教育，以人智學教育、主題課程、藝術／手作與社群生活為核心，不以傳統資優班分流。,,採華德福教育體系，官網明確設置「主題、專科課程」，強調連續性主題學習、藝術與實踐體驗，並以學校實驗教育理念整合普通高中學習。,不設固定職業實習；依華德福主題與專科課程進行實作、藝術與學習成果。網站未標示115學年度全校統一專題題目。,學校官網未標示固定大眾運輸到校路線或固定學生專車班次。,網站未標示固定通勤班次、站點或步行時間；通勤需依當期公共運輸與校方通知確認。,學校官網未標示115學年度校內學生宿舍申請資訊。,https://www.google.com/maps/search/?api=1&query=269+%E5%AE%9C%E8%98%AD%E7%B8%A3%E5%86%AC%E5%B1%B1%E9%84%89%E7%85%A7%E5%AE%89%E8%B7%AF257%E8%99%9F; https://www.waldorf.ilc.edu.tw/,https://www.waldorf.ilc.edu.tw/,https://www.waldorf.ilc.edu.tw/,https://www.google.com/maps/search/?api=1&query=269+%E5%AE%9C%E8%98%AD%E7%B8%A3%E5%86%AC%E5%B1%B1%E9%84%89%E7%85%A7%E5%AE%89%E8%B7%AF257%E8%99%9F,https://sites.google.com/waldorf.ilc.edu.tw/donate/%E9%A6%96%E9%A0%81,https://www.waldorf.ilc.edu.tw/,https://www.waldorf.ilc.edu.tw/
花蓮區,,150302,國立花蓮女子高級中學,公立,花蓮區免試入學日間部,高中,女校,花蓮縣,花蓮市,970 花蓮縣花蓮市菁華街2號,https://www.hlgs.hlc.edu.tw/,03-8321202,普通科:312(女生),312,312,115學年度花蓮區高級中等學校免試入學委員會「招生名額查詢」；一般生實際招生名額；擷取時間：2026/8/10 16:44:26,語文資優班、數理資優班；實際招生與安置依115學年度校方公告。,,普通型高中課程，以部定必修、加深加廣、多元選修、彈性學習與自主學習為主，並依校方課程計畫安排校訂與特色課程。,不設固定職業實習；以自主學習、探究實作、學習成果與競賽成果為主要實作形式。網站未標示115學年度全校統一專題題目。,學校官網設交通安全專區；115學年度新生專區未標示固定大眾運輸到校路線或固定學生專車班次。,網站未標示固定通勤班次、站點或步行時間；Google地圖欄已依官方校址建立查詢入口。,校方設有學生宿舍；115學年度第1學期已公布住宿申請、床位分配與宿舍行事曆，床位有限並依校方規則辦理。,https://www.google.com/maps/search/?api=1&query=970+%E8%8A%B1%E8%93%AE%E7%B8%A3%E8%8A%B1%E8%93%AE%E5%B8%82%E8%8F%81%E8%8F%AF%E8%A1%972%E8%99%9F; https://www.hlgs.hlc.edu.tw/,https://www.hlgs.hlc.edu.tw/post/category/team/office02/group06/traffic-safety/,https://www.hlgs.hlc.edu.tw/office/office02/group06/dormitory/,https://www.google.com/maps/search/?api=1&query=970+%E8%8A%B1%E8%93%AE%E7%B8%A3%E8%8A%B1%E8%93%AE%E5%B8%82%E8%8F%81%E8%8F%AF%E8%A1%972%E8%99%9F,https://www.hlgs.hlc.edu.tw/,https://www.hlgs.hlc.edu.tw/curriculum/class-consult/,https://www.hlgs.hlc.edu.tw/curriculum/class-consult/
花蓮區,,150303,國立花蓮高級中學,公立,花蓮區免試入學日間部,高中,男校,花蓮縣,花蓮市,97059 花蓮縣花蓮市民權路42號,https://www.hlhs.hlc.edu.tw/,03-8242236,普通科:316(男生),316,316,115學年度花蓮區高級中等學校免試入學委員會「招生名額查詢」；一般生實際招生名額；擷取時間：2026/8/10 16:44:26,數理資優、音樂資優、體育等特色／資優課程；115學年度實際招生與開班依校方公告。,,普通型高中課程，官網提供總體課程計畫、選課輔導手冊、彈性學習與自主學習等108課綱資源。,不設固定職業實習；以探究實作、自主學習、科展、小論文及課程學習成果為主要實作形式。網站未標示115學年度全校統一專題題目。,官網「地理交通」頁提供校園位置與Google地圖連結；網站未標示固定公車路線或固定學生專車班次。,網站未標示固定通勤班次、站點或步行時間；Google地圖欄已依官方校址建立查詢入口。,學校官網未標示115學年度校內學生宿舍申請資訊。,https://www.google.com/maps/search/?api=1&query=97059+%E8%8A%B1%E8%93%AE%E7%B8%A3%E8%8A%B1%E8%93%AE%E5%B8%82%E6%B0%91%E6%AC%8A%E8%B7%AF42%E8%99%9F; https://www.hlhs.hlc.edu.tw/,https://www.hlhs.hlc.edu.tw/,https://www.hlhs.hlc.edu.tw/,https://www.google.com/maps/search/?api=1&query=97059+%E8%8A%B1%E8%93%AE%E7%B8%A3%E8%8A%B1%E8%93%AE%E5%B8%82%E6%B0%91%E6%AC%8A%E8%B7%AF42%E8%99%9F,https://www.hlhs.hlc.edu.tw/,https://www.hlhs.hlc.edu.tw/,https://www.hlhs.hlc.edu.tw/
花蓮區,,150309,國立玉里高級中學,公立,花蓮區免試入學日間部,綜高,男女校,花蓮縣,玉里鎮,981 花蓮縣玉里鎮中華路424號,https://www.ylsh.hlc.edu.tw/,03-8886171,普通科:60(不限)；餐旅群不分科:43(不限)；資料處理科:21(不限)；廣告設計科:27(不限)；電子商務科:26(不限)；時尚造型科:21(不限),198,198,115學年度花蓮區高級中等學校免試入學委員會「招生名額查詢」；一般生實際招生名額；擷取時間：2026/8/10 16:44:26,普通科與餐旅、商管、設計、家政等專業群科並行；特色班／實驗班依115學年度校方公告。,,普通科與餐旅群、資料處理、廣告設計、電子商務、時尚造型等專業群科並行，依課程計畫安排部定、校訂、多元選修、專業與實習課程。,專業群科依課程辦理實習、專題製作與成果發表；校方有學生專題競賽／成果發表規範，涵蓋商管、設計、家政與餐旅等群別。,學校官網未標示固定大眾運輸到校路線或115學年度固定學生專車班次。,網站未標示固定通勤班次、站點或步行時間；Google地圖欄已依官方校址建立查詢入口。,校方有學生宿舍管理規定，列有新生申請及遠道、交通不便等住宿安排原則；115學年度實際床位與申請時程依校方當年度公告。,https://www.google.com/maps/search/?api=1&query=981+%E8%8A%B1%E8%93%AE%E7%B8%A3%E7%8E%89%E9%87%8C%E9%8E%AE%E4%B8%AD%E8%8F%AF%E8%B7%AF424%E8%99%9F; https://www.ylsh.hlc.edu.tw/,https://www.ylsh.hlc.edu.tw/nss/s/main/4071,https://www.ylsh.hlc.edu.tw/uploads/1631838279252Jmkh1V5x.pdf,https://www.google.com/maps/search/?api=1&query=981+%E8%8A%B1%E8%93%AE%E7%B8%A3%E7%8E%89%E9%87%8C%E9%8E%AE%E4%B8%AD%E8%8F%AF%E8%B7%AF424%E8%99%9F,https://www.ylsh.hlc.edu.tw/nss/s/main/3102,https://www.ylsh.hlc.edu.tw/uploads/1675757679262ZJFjkgpV.pdf,https://www.ylsh.hlc.edu.tw/uploads/1765940712838STMMShdj.pdf
花蓮區,,150401,國立花蓮高級農業職業學校,公立,花蓮區免試入學日間部,高職,男女校,花蓮縣,花蓮市,970 花蓮縣花蓮市建國路161號,https://www.hla.hlc.edu.tw/,03-8312301,農場經營科:18(不限)；園藝科:10(不限)；森林科:13(不限)；食品加工科:9(不限)；畜產保健科:15(不限)；土木科:14(不限)；生物產業機電科:14(不限)；資料處理科:28(不限)；餐飲管理科:8(不限),129,129,115學年度花蓮區高級中等學校免試入學委員會「招生名額查詢」；一般生實際招生名額；擷取時間：2026/8/10 16:44:26,以農場經營、園藝、森林、食品加工、畜產保健、土木、生物產業機電、資料處理、餐飲管理等專業群科為特色。,,技術型高中課程涵蓋農業、食品、林業、園藝、畜產、土木、生物產業機電、資訊與餐旅等方向，依各科課程計畫安排專業與實習課程。,各專業群科依課程計畫辦理專業實習、技能訓練、實作與技藝競賽；網站未標示115學年度全校統一專題題目。,學校官網未標示固定大眾運輸到校路線或115學年度固定學生專車班次。,網站未標示固定通勤班次、站點或步行時間；Google地圖欄已依官方校址建立查詢入口。,校方官網資料可確認校內設有學生宿舍；115學年度住宿申請時程、床位與資格網站未標示。,https://www.google.com/maps/search/?api=1&query=970+%E8%8A%B1%E8%93%AE%E7%B8%A3%E8%8A%B1%E8%93%AE%E5%B8%82%E5%BB%BA%E5%9C%8B%E8%B7%AF161%E8%99%9F; https://www.hla.hlc.edu.tw/,https://www.hla.hlc.edu.tw/,https://www.hla.hlc.edu.tw/,https://www.google.com/maps/search/?api=1&query=970+%E8%8A%B1%E8%93%AE%E7%B8%A3%E8%8A%B1%E8%93%AE%E5%B8%82%E5%BB%BA%E5%9C%8B%E8%B7%AF161%E8%99%9F,https://www.hla.hlc.edu.tw/,https://www.hla.hlc.edu.tw/ischool/publish_page/30/?cid=4127,https://www.hla.hlc.edu.tw/home?cid=9
花蓮區,,150404,國立花蓮高級工業職業學校,公立,花蓮區免試入學日間部,高職,男女校,花蓮縣,花蓮市,970018 花蓮縣花蓮市府前路27號,https://www.hlis.hlc.edu.tw/,03-8226108,機械科:10(不限)；汽車科:7(不限)；資訊科:37(不限)；電子科:43(不限)；電機科:21(不限)；建築科:39(不限)；化工科:14(不限)；機電科:12(不限)；製圖科:22(不限),205,205,115學年度花蓮區高級中等學校免試入學委員會「招生名額查詢」；一般生實際招生名額；擷取時間：2026/8/10 16:44:26,以機械、機電、製圖、電機、電子、資訊、化工、建築、汽車等工業群科為特色。,,技術型高中工業群課程，涵蓋機械、機電、製圖、電機、電子、資訊、化工、建築與汽車等專業方向，依115學年度總體課程計畫安排。,各工業群科依總體課程計畫辦理專業實習、專題實作與技能競賽；校方另設實習處及數位內容／專題相關教學資源。,官方資料明列：可搭花蓮往天祥或太魯閣方向公車於「花蓮高工站」下車；花蓮火車站搭計程車至校約150元。,公車主要下車點為「花蓮高工站」；鐵路轉乘可由花蓮站搭計程車。班次以當日客運時刻為準。,學校官網未標示115學年度校內學生宿舍申請資訊。,https://www.google.com/maps/search/?api=1&query=970018+%E8%8A%B1%E8%93%AE%E7%B8%A3%E8%8A%B1%E8%93%AE%E5%B8%82%E5%BA%9C%E5%89%8D%E8%B7%AF27%E8%99%9F; https://www.hlis.hlc.edu.tw/,https://www.hlis.hlc.edu.tw/ischool/rfile/642c7fb8dcf4335ddb3f6184a49ba197,https://www.hlis.hlc.edu.tw/,https://www.google.com/maps/search/?api=1&query=970018+%E8%8A%B1%E8%93%AE%E7%B8%A3%E8%8A%B1%E8%93%AE%E5%B8%82%E5%BA%9C%E5%89%8D%E8%B7%AF27%E8%99%9F,https://www.hlis.hlc.edu.tw/,https://www.hlis.hlc.edu.tw/home?cid=1990,https://www.hlis.hlc.edu.tw/home?cid=1990
花蓮區,,150405,國立花蓮高級商業職業學校,公立,花蓮區免試入學日間部,高職,男女校,花蓮縣,花蓮市,970013 花蓮縣花蓮市中山路418號,https://www.hlbh.hlc.edu.tw/,03-8322532,商業經營科:21(不限)；國際貿易科:16(不限)；會計事務科:5(不限)；資料處理科:24(不限)；多媒體設計科:18(不限)；應用英語科:10(不限)；應用日語科:15(不限),109,109,115學年度花蓮區高級中等學校免試入學委員會「招生名額查詢」；一般生實際招生名額；擷取時間：2026/8/10 16:44:26,以商業經營、國際貿易、會計事務、資料處理、多媒體設計、應用英語、應用日語等群科為特色；115課程計畫含資料處理科人工智慧實驗專班。,,技術型高中以商管、國貿、會計、資訊、多媒體設計與應用外語為主，依115學年度技術型高中課程計畫安排專業、實習與彈性學習。,實習處辦理會計資訊、商業簡報、文書處理、程式設計、職場英文、平面設計等技能訓練與競賽，並有校內實習及產業／職場參訪；網站未標示全校統一專題題目。,官網明列：臺鐵花蓮站前站步行至校約10分鐘；公車301、1123、1126、1129、1132、1132A、1133、1136、1141可到花蓮高商。,鐵路通勤可由花蓮站前站步行約10分鐘；公車可在「花蓮高商」相關站點下車，班次依客運即時時刻。,校方設自有學生宿舍；官方宿舍管理注意事項列明住宿申請資格與程序，女學生且家住外縣市或偏遠地區者可依規定優先申請。,https://www.google.com/maps/search/?api=1&query=970013+%E8%8A%B1%E8%93%AE%E7%B8%A3%E8%8A%B1%E8%93%AE%E5%B8%82%E4%B8%AD%E5%B1%B1%E8%B7%AF418%E8%99%9F; https://www.hlbh.hlc.edu.tw/,https://www.hlbh.hlc.edu.tw/home?cid=807,https://www.hlbh.hlc.edu.tw/ischool/resources/WID_7_1_95a681d98ab7f3889a52f072d83fe056195226df/CLS_7_1_cfe08a565ddcc05d89218b2fd82ca563756b2e81/fbcdbcfcde2828d2bf8ddc5e160a3ae1.pdf,https://www.google.com/maps/search/?api=1&query=970013+%E8%8A%B1%E8%93%AE%E7%B8%A3%E8%8A%B1%E8%93%AE%E5%B8%82%E4%B8%AD%E5%B1%B1%E8%B7%AF418%E8%99%9F,https://www.hlbh.hlc.edu.tw/,https://www.hlbh.hlc.edu.tw/home?cid=38,https://www.hlbh.hlc.edu.tw/ischool/publish_page/349/
花蓮區,,150411,國立光復高級商工職業學校,公立,花蓮區免試入學日間部,高職,男女校,花蓮縣,光復鄉,976 花蓮縣光復鄉林森路100號,https://www.kfcivs.hlc.edu.tw/,03-8700245,汽車科:19(不限)；電機科:26(不限)；資料處理科:30(不限)；餐飲管理科:30(不限)；烘焙科:24(不限),129,129,115學年度花蓮區高級中等學校免試入學委員會「招生名額查詢」；一般生實際招生名額；擷取時間：2026/8/10 16:44:26,以汽車、電機、資料處理、餐飲管理、烘焙等專業群科為特色；實際開班依115學年度招生與課程公告。,,技術型高中課程涵蓋汽車、電機、資料處理、餐飲管理與烘焙等方向，依日間部總體課程計畫安排專業及實習課程。,各專業群科依課程計畫辦理專業實習與專題實作；網站未標示115學年度全校統一專題題目。,115學年度新生始業輔導兩日校方公告提供校車接駁；官網目前未公布115-1學期固定通學車站點表或固定大眾運輸到校班次。,新生始業輔導校車僅屬活動接駁；學期中的固定通學路線與站點網站未標示。,校方設有學生宿舍；官網有學生宿舍生活公約、宿舍管理暨住宿生生活輔導要點及住退宿申請單。115學年度床位與錄取名單網站未標示。,https://www.google.com/maps/search/?api=1&query=976+%E8%8A%B1%E8%93%AE%E7%B8%A3%E5%85%89%E5%BE%A9%E9%84%89%E6%9E%97%E6%A3%AE%E8%B7%AF100%E8%99%9F; https://www.kfcivs.hlc.edu.tw/,https://www.kfcivs.hlc.edu.tw/news/%E5%AD%B8%E5%8B%99%E8%99%95-%E8%A8%93%E8%82%B2%E7%B5%84-%E3%80%8A%E5%9C%8B%E7%AB%8B%E5%85%89%E5%BE%A9%E5%95%86%E5%B7%A5115%E5%AD%B8%E5%B9%B4%E5%BA%A6%E6%96%B0%E7%94%9F%E6%9A%91%E6%9C%9F%E6%B3%A8/37547/,https://www.kfcivs.hlc.edu.tw/student-affairs-office/%E5%AD%B8%E5%8B%99%E7%AB%A0%E5%89%87/,https://www.google.com/maps/search/?api=1&query=976+%E8%8A%B1%E8%93%AE%E7%B8%A3%E5%85%89%E5%BE%A9%E9%84%89%E6%9E%97%E6%A3%AE%E8%B7%AF100%E8%99%9F,https://www.kfcivs.hlc.edu.tw/,https://www.kfcivs.hlc.edu.tw/educational-affairs-division/8/,https://www.kfcivs.hlc.edu.tw/educational-affairs-division/
花蓮區,,150B09,國立玉里高級中學附設進修部,公立,花蓮區免試入學進修部,進修部,男女校,花蓮縣,玉里鎮,981 花蓮縣玉里鎮中華路424號,https://www.ylsh.hlc.edu.tw/,03-8886171,商業經營科(夜間班):10(不限),10,10,115學年度花蓮區高級中等學校免試入學委員會「招生名額查詢」；一般生實際招生名額；擷取時間：2026/8/10 16:44:26,進修部商業經營科夜間班；網站未標示進修部另設資優班。,,商業經營科夜間班，依進修部課程與招生規定安排商業專業、實務及一般科目。,進修部依商業經營科課程安排專業實作；網站未標示115學年度進修部統一專題題目。,進修部官網未標示夜間固定學生專車或固定大眾運輸到校班次。,夜間通勤班次、站點與末班車銜接資訊網站未標示。,進修部官網未標示進修部學生宿舍申請資格；不可直接視為日間部住宿規定適用。,https://www.google.com/maps/search/?api=1&query=981+%E8%8A%B1%E8%93%AE%E7%B8%A3%E7%8E%89%E9%87%8C%E9%8E%AE%E4%B8%AD%E8%8F%AF%E8%B7%AF424%E8%99%9F; https://www.ylsh.hlc.edu.tw/,https://www.ylsh.hlc.edu.tw/,https://www.ylsh.hlc.edu.tw/,https://www.google.com/maps/search/?api=1&query=981+%E8%8A%B1%E8%93%AE%E7%B8%A3%E7%8E%89%E9%87%8C%E9%8E%AE%E4%B8%AD%E8%8F%AF%E8%B7%AF424%E8%99%9F,https://www.ylsh.hlc.edu.tw/,https://www.ylsh.hlc.edu.tw/nss/s/main/3102,https://www.ylsh.hlc.edu.tw/nss/s/main/3102
花蓮區,,150C04,國立花蓮高級工業職業學校附設進修部,公立,花蓮區免試入學進修部,進修部,男女校,花蓮縣,花蓮市,970018 花蓮縣花蓮市府前路27號,https://www.hlis.hlc.edu.tw/,03-8226108,建築科(夜間班):25(不限),25,25,115學年度花蓮區高級中等學校免試入學委員會「招生名額查詢」；一般生實際招生名額；擷取時間：2026/8/10 16:44:26,進修部建築科夜間班；網站未標示進修部另設資優班。,,建築科夜間班，依校方進修部課程計畫安排建築專業、實習及一般科目。,進修部建築科依課程安排製圖、建築專業實作與相關實習；網站未標示115學年度進修部統一專題題目。,校本部公共運輸可於「花蓮高工站」下車；進修部官網未標示夜間學生專車或夜間班次銜接資訊。,進修部夜間固定班次與末班車銜接資訊網站未標示。,進修部官網未標示進修部學生宿舍申請資訊。,https://www.google.com/maps/search/?api=1&query=970018+%E8%8A%B1%E8%93%AE%E7%B8%A3%E8%8A%B1%E8%93%AE%E5%B8%82%E5%BA%9C%E5%89%8D%E8%B7%AF27%E8%99%9F; https://www.hlis.hlc.edu.tw/,https://www.hlis.hlc.edu.tw/ischool/rfile/642c7fb8dcf4335ddb3f6184a49ba197,https://www.hlis.hlc.edu.tw/,https://www.google.com/maps/search/?api=1&query=970018+%E8%8A%B1%E8%93%AE%E7%B8%A3%E8%8A%B1%E8%93%AE%E5%B8%82%E5%BA%9C%E5%89%8D%E8%B7%AF27%E8%99%9F,https://www.hlis.hlc.edu.tw/,https://www.hlis.hlc.edu.tw/home?cid=1990,https://www.hlis.hlc.edu.tw/home?cid=1990
花蓮區,,150C05,國立花蓮高級商業職業學校附設進修部,公立,花蓮區免試入學進修部,進修部,男女校,花蓮縣,花蓮市,970013 花蓮縣花蓮市中山路418號,https://www.hlbh.hlc.edu.tw/,03-8322532,商業經營科(夜間班):10(不限)；資料處理科(夜間班):10(不限),20,20,115學年度花蓮區高級中等學校免試入學委員會「招生名額查詢」；一般生實際招生名額；擷取時間：2026/8/10 16:44:26,進修部商業經營科、資料處理科夜間班；網站未標示進修部另設資優班。,,商業經營科、資料處理科夜間班，依進修部課程計畫安排商管、資訊應用、專業實務及一般科目。,進修部依商業經營與資料處理科課程安排專業實作；網站未標示115學年度進修部統一專題題目。,校本部官網明列花蓮站前站步行約10分鐘，以及301、1123、1126、1129、1132、1132A、1133、1136、1141等公車到校；進修部未另列夜間專車。,進修部上課時間為週一至週四18:00–22:10、週五18:00–21:20；夜間公車與末班車銜接須依客運實際時刻，官網未提供固定通勤時間。,進修部官網未標示進修部學生是否具校內宿舍申請資格；不可直接套用日間部宿舍申請規定。,https://www.google.com/maps/search/?api=1&query=970013+%E8%8A%B1%E8%93%AE%E7%B8%A3%E8%8A%B1%E8%93%AE%E5%B8%82%E4%B8%AD%E5%B1%B1%E8%B7%AF418%E8%99%9F; https://www.hlbh.hlc.edu.tw/,https://www.hlbh.hlc.edu.tw/home?cid=807,https://www.hlbh.hlc.edu.tw/ischool/publish_page/12/?cid=4405,https://www.google.com/maps/search/?api=1&query=970013+%E8%8A%B1%E8%93%AE%E7%B8%A3%E8%8A%B1%E8%93%AE%E5%B8%82%E4%B8%AD%E5%B1%B1%E8%B7%AF418%E8%99%9F,https://www.hlbh.hlc.edu.tw/,https://www.hlbh.hlc.edu.tw/ischool/publish_page/12/?cid=2261,https://www.hlbh.hlc.edu.tw/ischool/publish_page/12/?cid=2261
花蓮區,,150C11,國立光復高級商工職業學校附設進修部,公立,花蓮區免試入學進修部,進修部,男女校,花蓮縣,光復鄉,976 花蓮縣光復鄉林森路100號,https://www.kfcivs.hlc.edu.tw/,03-8700245,餐飲管理科(夜間班):38(不限),38,38,115學年度花蓮區高級中等學校免試入學委員會「招生名額查詢」；一般生實際招生名額；擷取時間：2026/8/10 16:44:26,進修部餐飲管理科夜間班；網站未標示進修部另設資優班。,,餐飲管理科夜間班，依115學年度進修部課程計畫安排餐飲專業、實務及一般科目。,進修部餐飲管理科依課程安排餐飲專業實作；網站未標示115學年度進修部統一專題題目。,進修部官網未標示夜間固定學生專車或固定大眾運輸班次；日間新生始業輔導的校車接駁不可視為進修部學期交通。,進修部夜間固定通勤班次、站點與末班車銜接資訊網站未標示。,進修部官網未標示進修部學生住宿申請資格；不可直接套用日間部住宿制度。,https://www.google.com/maps/search/?api=1&query=976+%E8%8A%B1%E8%93%AE%E7%B8%A3%E5%85%89%E5%BE%A9%E9%84%89%E6%9E%97%E6%A3%AE%E8%B7%AF100%E8%99%9F; https://www.kfcivs.hlc.edu.tw/,https://www.kfcivs.hlc.edu.tw/administrative-unit/continuing-education-division/,https://www.kfcivs.hlc.edu.tw/administrative-unit/continuing-education-division/,https://www.google.com/maps/search/?api=1&query=976+%E8%8A%B1%E8%93%AE%E7%B8%A3%E5%85%89%E5%BE%A9%E9%84%89%E6%9E%97%E6%A3%AE%E8%B7%AF100%E8%99%9F,https://www.kfcivs.hlc.edu.tw/,https://www.kfcivs.hlc.edu.tw/administrative-unit/continuing-education-division/job-responsibilities/,https://www.kfcivs.hlc.edu.tw/wp-content/uploads/sites/113/2025/02/%E5%9C%8B%E7%AB%8B%E5%85%89%E5%BE%A9%E5%95%86%E5%B7%A5%E7%B8%BD%E9%AB%94%E8%AA%B2%E7%A8%8B%E8%A8%88%E7%95%AB%E6%9B%B8%E3%80%90%E9%80%B2%E4%BF%AE%E9%83%A8%E3%80%91114%E5%AD%B8%E5%B9%B4%E5%BA%A6%E5%85%A5%E5%AD%B8%E9%81%A9%E7%94%A8.pdf
花蓮區,,151306,花蓮縣私立海星高級中學,私立,花蓮區免試入學日間部,綜高,男女校,花蓮縣,新城鄉,971 花蓮縣新城鄉嘉新路36號,https://www.smhs.hlc.edu.tw/,03-8223116,普通科:96(不限)；綜合高中:96(不限),192,192,115學年度花蓮區高級中等學校免試入學委員會「招生名額查詢」；一般生實際招生名額；擷取時間：2026/8/10 16:44:26,普通科與綜合高中並行；校方招生資料曾列資優／績優、原住民族教育實驗、體育及加拿大雙聯等特色方向，115學年度實際開班依校方公告。,,普通高中與綜合高中並行；綜高可依學校課程安排探索幼保、廣告設計、多媒體設計、時尚設計、資訊應用、室內設計、運動休閒等專門方向。,綜合高中專門學程依課程安排設計、資訊、幼保及其他專業實作；普通科以自主學習與探究成果為主。網站未標示115學年度全校統一專題題目。,校方官方招生資料明確說明設有自有校車及合法租賃遊覽車，服務範圍北至崇德、南至鳳林；115學年度完整站點與時刻表網站未標示。,可使用校車往返花蓮地區；115學年度各站點、發車時間與費用應以校方當年度交通公告為準。,校方官方招生資料明確設有學生宿舍，為4–6人冷氣套房並提供書桌與網路；115學年度實際床位、費用與申請時程網站未標示。,https://www.google.com/maps/search/?api=1&query=971+%E8%8A%B1%E8%93%AE%E7%B8%A3%E6%96%B0%E5%9F%8E%E9%84%89%E5%98%89%E6%96%B0%E8%B7%AF36%E8%99%9F; https://www.smhs.hlc.edu.tw/,https://www.smhs.hlc.edu.tw/smhs/enroll/doc/highschool/%E6%B5%B7%E6%98%9FA5%E6%8B%9B%E7%94%9F%E6%89%8B%E5%86%8A%E5%AE%9A%E7%A8%BF%E7%89%88-1140110%282%29.pdf,https://www.smhs.hlc.edu.tw/smhs/enroll/doc/highschool/%E6%B5%B7%E6%98%9FA5%E6%8B%9B%E7%94%9F%E6%89%8B%E5%86%8A%E5%AE%9A%E7%A8%BF%E7%89%88-1140110%282%29.pdf,https://www.google.com/maps/search/?api=1&query=971+%E8%8A%B1%E8%93%AE%E7%B8%A3%E6%96%B0%E5%9F%8E%E9%84%89%E5%98%89%E6%96%B0%E8%B7%AF36%E8%99%9F,https://www.smhs.hlc.edu.tw/,https://sites.google.com/smhs.hlc.edu.tw/smhsunit/%E6%95%99%E5%8B%99%E8%99%95/%E6%95%99%E5%AD%B8%E7%B5%84,https://www.smhs.hlc.edu.tw/smhs/enroll/doc/highschool/%E6%B5%B7%E6%98%9FA5%E6%8B%9B%E7%94%9F%E6%89%8B%E5%86%8A%E5%AE%9A%E7%A8%BF%E7%89%88-1140110%282%29.pdf
花蓮區,,151307,四維學校財團法人花蓮縣四維高級中學,私立,花蓮區免試入學日間部,綜高,男女校,花蓮縣,花蓮市,970 花蓮縣花蓮市中山路一段200號,https://www.swsh.hlc.edu.tw/,03-8561455,普通科:105(不限)；綜合高中:192(不限),297,297,115學年度花蓮區高級中等學校免試入學委員會「招生名額查詢」；一般生實際招生名額；擷取時間：2026/8/10 16:44:26,普通科與綜合高中並行；綜高包含學術社會、學術自然及電機電子、資訊、資料處理、應用日語、觀光餐飲等專門方向。,,普通高中與綜合高中並行；綜高依課程規劃分為學術社會／自然及電機電子、資訊、資料處理、應用日語、觀光餐飲等學程。,綜高專門學程依領域辦理專業實作，普通科與全校學生另有自主學習計畫與成果；網站未標示115學年度全校統一專題題目。,官網明列1131、1139、1128、1132於週一至週五上放學各有一班延伸至四維高中；1123可於慈濟醫院下車後步行到校。花蓮車站後站步行到校約15分鐘。,主要通勤節點為花蓮車站與延伸到校的1131、1139、1128、1132；官網明確標示夜輔19:20及週六課輔沒有延伸到校班車。,校方設「三好宿舍」；官網有住校申請、住宿規定與住宿費說明，實際床位依當年度公告。,https://www.google.com/maps/search/?api=1&query=970+%E8%8A%B1%E8%93%AE%E7%B8%A3%E8%8A%B1%E8%93%AE%E5%B8%82%E4%B8%AD%E5%B1%B1%E8%B7%AF%E4%B8%80%E6%AE%B5200%E8%99%9F; https://www.swsh.hlc.edu.tw/,https://www.swsh.hlc.edu.tw/ischool/publish_page/116/?cid=1898,https://www.swsh.hlc.edu.tw/ischool/publish_page/59/?cid=475,https://www.google.com/maps/search/?api=1&query=970+%E8%8A%B1%E8%93%AE%E7%B8%A3%E8%8A%B1%E8%93%AE%E5%B8%82%E4%B8%AD%E5%B1%B1%E8%B7%AF%E4%B8%80%E6%AE%B5200%E8%99%9F,https://www.swsh.hlc.edu.tw/,https://www.swsh.hlc.edu.tw/ischool/publish_page/125/?cid=2278,https://www.swsh.hlc.edu.tw/library?cid=17899
花蓮區,,151312,慈濟學校財團法人慈濟大學附屬高級中學,私立,花蓮區免試入學日間部,高中,男女校,花蓮縣,花蓮市,970048 花蓮縣花蓮市介仁街178號,https://www.tcsh.hlc.edu.tw/home,03-8572823,普通科:120(不限),120,120,115學年度花蓮區高級中等學校免試入學委員會「招生名額查詢」；一般生實際招生名額；擷取時間：2026/8/10 16:44:26,重視學科資優人才培育、人文教育、英語學習及跨校／慈濟大學合作課程；實際特色班別依115學年度公告。,,普通型高中課程，115學年度招生設雙語實驗班、自然與科技實驗班及育才班；高中部另有正式課程計畫與慈濟人文、國際與探究學習特色。,不設技職類固定實習；以高中探究實作、自主學習、自然與科技實驗課程、國際學習與學習成果為主。網站未標示115學年度全校統一專題題目。,學校官網未標示高中部固定學生專車或固定大眾運輸到校班次。,校方學生手冊設有「住宿或通勤」身分規範；固定通勤班次、站點或步行時間網站未標示。,115學年度高中部招生資料明確標示備有學生宿舍；學生手冊另有住宿或通勤申請要點，外地學生原則優先住宿，實際床位依校方安排。,https://www.google.com/maps/search/?api=1&query=970048+%E8%8A%B1%E8%93%AE%E7%B8%A3%E8%8A%B1%E8%93%AE%E5%B8%82%E4%BB%8B%E4%BB%81%E8%A1%97178%E8%99%9F; https://www.tcsh.hlc.edu.tw/home,https://www.tcsh.hlc.edu.tw/ischool/public/resource_view/openfid.php?id=3950,https://reg.tcsh.hlc.edu.tw/Regist_S,https://www.google.com/maps/search/?api=1&query=970048+%E8%8A%B1%E8%93%AE%E7%B8%A3%E8%8A%B1%E8%93%AE%E5%B8%82%E4%BB%8B%E4%BB%81%E8%A1%97178%E8%99%9F,https://www.tcsh.hlc.edu.tw/home,https://www.tcsh.hlc.edu.tw/home?cid=1508,https://www.tcsh.hlc.edu.tw/home?cid=1508
花蓮區,,151410,上騰學校財團法人花蓮縣上騰高級工商職業學校,私立,花蓮區免試入學日間部,高職,男女校,花蓮縣,吉安鄉,973 花蓮縣吉安鄉吉興四街101號,https://www.chvs.hlc.edu.tw/,03-8538565,飛機修護科:28(不限),28,28,115學年度花蓮區高級中等學校免試入學委員會「招生名額查詢」；一般生實際招生名額；擷取時間：2026/8/10 16:44:26,115學年度免試招生以飛機修護科為主，為航空機務與飛機修護技術特色科。,,技術型高中課程；115學年度正規班與建教班均有總體課程計畫，依招生科別安排一般、專業、實習及校訂課程。,校方設實習處與實習建教組，各專業科依課程計畫辦理專業實習、建教合作、技能訓練與成果展；網站未標示115學年度全校統一專題題目。,官網提供校址與校園位置資訊；網站未標示115學年度固定大眾運輸到校路線或固定學生專車班次。,網站未標示固定通勤班次、站點或步行時間；Google地圖欄已依官方校址建立查詢入口。,校史記載校方曾興建學生宿舍，但115學年度網站未標示現行住宿申請、床位或費用資訊，現況不清楚。,https://www.google.com/maps/search/?api=1&query=973+%E8%8A%B1%E8%93%AE%E7%B8%A3%E5%90%89%E5%AE%89%E9%84%89%E5%90%89%E8%88%88%E5%9B%9B%E8%A1%97101%E8%99%9F; https://www.chvs.hlc.edu.tw/,https://www.chvs.hlc.edu.tw/home?cid=155,https://www.chvs.hlc.edu.tw/home?cid=155,https://www.google.com/maps/search/?api=1&query=973+%E8%8A%B1%E8%93%AE%E7%B8%A3%E5%90%89%E5%AE%89%E9%84%89%E5%90%89%E8%88%88%E5%9B%9B%E8%A1%97101%E8%99%9F,https://www.chvs.hlc.edu.tw/,https://www.chvs.hlc.edu.tw/home?cid=515,https://www.chvs.hlc.edu.tw/home?cid=497
花蓮區,,151C10,上騰學校財團法人花蓮縣上騰高級工商職業學校附設進修部,私立,花蓮區免試入學進修部,進修部,男女校,花蓮縣,吉安鄉,973 花蓮縣吉安鄉吉興四街101號,https://www.chvs.hlc.edu.tw/,03-8538565,餐飲管理科(夜間班):16(不限),16,16,115學年度花蓮區高級中等學校免試入學委員會「招生名額查詢」；一般生實際招生名額；擷取時間：2026/8/10 16:44:26,進修部餐飲管理科夜間班；網站未標示進修部另設資優班。,,進修部課程依115學年度進修部總體課程計畫與選課輔導手冊辦理，包含一般科目、專業及實習科目與校訂選修。,進修部依招生科別安排專業與實習科目；實際實作、專題或成果要求以115學年度進修部課程計畫及實習處公告為準。,官網提供校址與校園位置資訊；進修部網站未標示夜間固定大眾運輸到校路線或學生專車班次。,進修部夜間固定通勤班次、站點與末班車銜接資訊網站未標示。,進修部官網未標示進修部學生住宿申請資訊，住宿資格不清楚。,https://www.google.com/maps/search/?api=1&query=973+%E8%8A%B1%E8%93%AE%E7%B8%A3%E5%90%89%E5%AE%89%E9%84%89%E5%90%89%E8%88%88%E5%9B%9B%E8%A1%97101%E8%99%9F; https://www.chvs.hlc.edu.tw/,https://www.chvs.hlc.edu.tw/home?cid=155,https://www.chvs.hlc.edu.tw/home?cid=155,https://www.google.com/maps/search/?api=1&query=973+%E8%8A%B1%E8%93%AE%E7%B8%A3%E5%90%89%E5%AE%89%E9%84%89%E5%90%89%E8%88%88%E5%9B%9B%E8%A1%97101%E8%99%9F,https://www.chvs.hlc.edu.tw/,https://www.chvs.hlc.edu.tw/home?cid=515,https://www.chvs.hlc.edu.tw/home?cid=517
臺東區,,140302,國立臺東女子高級中學,公立,臺東區免試入學日間部,綜高,女校,臺東縣,臺東市,950304 臺東縣臺東市四維路一段690號,https://www.tgsh.ttct.edu.tw/,089-321268,綜合高中:264(女生),,264,115學年度臺東區高級中等學校免試入學委員會「招生名額查詢」；一般生實際招生名額；擷取時間：2026/8/10 16:44:26；本校綜合高中招生性別為女生，男女校欄標示為女校。,綜合高中；115學年度新生專區明列數理實驗班，美術班另依藝才招生辦理。,,綜合高中課程，以學術與多元選修、自主學習、探究實作為主；115學年度另有數理實驗班，實際課程依校方課程計畫。,不設技職類固定實習；以探究與實作、自主學習、數理實驗及學習歷程成果為主。網站未標示115學年度全校統一專題題目。,校方學生通學規定以火車、公車等大眾運輸為主要方式；官網另提供交通位置圖，115學年度未標示固定學生專車完整路線。,固定公車班次与步行时间依实际出发地查询；校方地址为四维路一段690号。,115學年度新生專區已提供住宿申請表與宿舍申請規定；校方宿舍管理資料載明床位共86床，另有臺東高中女生宿舍16床可調度，實際核准依校方115學年度名單。,https://www.google.com/maps/search/?api=1&query=%E5%9C%8B%E7%AB%8B%E8%87%BA%E6%9D%B1%E5%A5%B3%E5%AD%90%E9%AB%98%E7%B4%9A%E4%B8%AD%E5%AD%B8+950304+%E8%87%BA%E6%9D%B1%E7%B8%A3%E8%87%BA%E6%9D%B1%E5%B8%82%E5%9B%9B%E7%B6%AD%E8%B7%AF%E4%B8%80%E6%AE%B5690%E8%99%9F; https://www.tgsh.ttct.edu.tw/,https://www.tgsh.ttct.edu.tw/ischool/wr/file/1/1583/f97ad7c19cf4405d853280b48d88d259.pdf,https://www.tgsh.ttct.edu.tw/ischool/publish_page/58/?cid=1699,https://www.google.com/maps/search/?api=1&query=%E5%9C%8B%E7%AB%8B%E8%87%BA%E6%9D%B1%E5%A5%B3%E5%AD%90%E9%AB%98%E7%B4%9A%E4%B8%AD%E5%AD%B8+950304+%E8%87%BA%E6%9D%B1%E7%B8%A3%E8%87%BA%E6%9D%B1%E5%B8%82%E5%9B%9B%E7%B6%AD%E8%B7%AF%E4%B8%80%E6%AE%B5690%E8%99%9F,https://www.tgsh.ttct.edu.tw/,https://www.tgsh.ttct.edu.tw/ischool/publish_page/58/?cid=2387,https://www.tgsh.ttct.edu.tw/ischool/publish_page/58/?cid=2387
臺東區,,140303,國立臺東高級中學,公立,臺東區免試入學日間部,綜高,男校,臺東縣,臺東市,950307 臺東縣臺東市中華路一段721號,https://www.pttsh.ttct.edu.tw/,089-322070,原住民藝能班:32(不限)；綜合高中:264(男生),,296,115學年度臺東區高級中等學校免試入學委員會「招生名額查詢」；一般生實際招生名額；擷取時間：2026/8/10 16:44:26；本校一般綜合高中主要招收男生，原住民藝能班為男女兼收；男女校欄依學校主要招生型態標示為男校。,綜合高中；一般綜高主要招收男生，原住民藝能班男女兼收；另有體育等特色班別依校方當年度公告。,,綜合高中課程，校方設綜高資訊、課程諮詢、學習歷程與自主學習專區；115學年度課程地圖包含資訊應用等學程。,依綜合高中學程辦理探究、自主學習及專門學程實作；115學年度資訊應用等學程已有課程地圖，實際專題依學程與任課教師公告。,校方校務開放資料設有學校交通資訊；網站未標示115學年度固定學生專車完整路線。,固定大眾運輸班次與步行時間網站未標示；Google地圖欄已依官方校址建立查詢入口。,校方資料可確認設有學生宿舍／學苑及住宿生管理；115學年度新生床位與申請時程網站未標示。,https://www.google.com/maps/search/?api=1&query=%E5%9C%8B%E7%AB%8B%E8%87%BA%E6%9D%B1%E9%AB%98%E7%B4%9A%E4%B8%AD%E5%AD%B8+950307+%E8%87%BA%E6%9D%B1%E7%B8%A3%E8%87%BA%E6%9D%B1%E5%B8%82%E4%B8%AD%E8%8F%AF%E8%B7%AF%E4%B8%80%E6%AE%B5721%E8%99%9F; https://www.pttsh.ttct.edu.tw/,https://www.pttsh.ttct.edu.tw/opendata?cid=1676,https://www.pttsh.ttct.edu.tw/ischool/publish_page/93/?cid=1586,https://www.google.com/maps/search/?api=1&query=%E5%9C%8B%E7%AB%8B%E8%87%BA%E6%9D%B1%E9%AB%98%E7%B4%9A%E4%B8%AD%E5%AD%B8+950307+%E8%87%BA%E6%9D%B1%E7%B8%A3%E8%87%BA%E6%9D%B1%E5%B8%82%E4%B8%AD%E8%8F%AF%E8%B7%AF%E4%B8%80%E6%AE%B5721%E8%99%9F,https://www.pttsh.ttct.edu.tw/,https://www.pttsh.ttct.edu.tw/home?cid=1098,https://www.pttsh.ttct.edu.tw/ischool/wr/file/1/280/5056394f5b9497ea125b3c00abedfa40.pdf
臺東區,,140401,國立臺東專科學校附設高職部,公立,臺東區免試入學日間部,高職,男女校,臺東縣,臺東市,950005 臺東縣臺東市正氣北路889號,https://ttaivs.ntc.edu.tw/,089-226389,農業機械科:14(不限)；畜產保健科:12(不限)；機械科:24(不限)；汽車科:10(不限)；資訊科:24(不限)；電機科:6(不限)；土木科:21(不限)；室內空間設計科:25(不限)；家政科:14(不限),,150,115學年度臺東區高級中等學校免試入學委員會「招生名額查詢」；一般生實際招生名額；擷取時間：2026/8/10 16:44:26,農業機械、畜產保健、機械、汽車、資訊、電機、土木、室內空間設計、家政等專業群科。,,技術型高中；115學年度課程總體計畫已公開，各科依課程安排一般科目、專業科目、實習實作與校訂選修。,各專業科依115學年度課程計畫辦理實習實作、技能訓練與專題製作；實際題目依各科公告。,高職部位於精勤校區正氣北路889號；官網未標示115學年度固定學生專車完整路線。,固定公車站點與通勤時間網站未標示；Google地圖欄已依精勤校區官方地址建立查詢入口。,"校方设高职部学生宿舍；官方入住说明载明每学期住宿费3,500元（含冷气），实际床位与入住名册依校方公告。",https://www.google.com/maps/search/?api=1&query=%E5%9C%8B%E7%AB%8B%E8%87%BA%E6%9D%B1%E5%B0%88%E7%A7%91%E5%AD%B8%E6%A0%A1%E9%99%84%E8%A8%AD%E9%AB%98%E8%81%B7%E9%83%A8+950005+%E8%87%BA%E6%9D%B1%E7%B8%A3%E8%87%BA%E6%9D%B1%E5%B8%82%E6%AD%A3%E6%B0%A3%E5%8C%97%E8%B7%AF889%E8%99%9F; https://ttaivs.ntc.edu.tw/,https://ttaivs.ntc.edu.tw/,https://ttaivs.ntc.edu.tw/p/404-1011-14351.php?Lang=zh-tw,https://www.google.com/maps/search/?api=1&query=%E5%9C%8B%E7%AB%8B%E8%87%BA%E6%9D%B1%E5%B0%88%E7%A7%91%E5%AD%B8%E6%A0%A1%E9%99%84%E8%A8%AD%E9%AB%98%E8%81%B7%E9%83%A8+950005+%E8%87%BA%E6%9D%B1%E7%B8%A3%E8%87%BA%E6%9D%B1%E5%B8%82%E6%AD%A3%E6%B0%A3%E5%8C%97%E8%B7%AF889%E8%99%9F,https://ttaivs.ntc.edu.tw/,https://ttaivs.ntc.edu.tw/,https://ttaivs.ntc.edu.tw/
臺東區,,140404,國立關山高級工商職業學校,公立,臺東區免試入學日間部,高職,男女校,臺東縣,關山鎮,95642 臺東縣關山鎮民權路58號,https://www.ksvs.ttct.edu.tw/,089-811006,冷凍空調科:16(不限)；建築科:19(不限)；餐旅群不分科:39(不限)；資料處理科:21(不限)；時尚工藝科:16(不限),,111,115學年度臺東區高級中等學校免試入學委員會「招生名額查詢」；一般生實際招生名額；擷取時間：2026/8/10 16:44:26,冷凍空調、建築、餐旅、資料處理、時尚工藝等專業科，並設實習處與新課綱課程。,,技術型高中，以冷凍空調、建築、餐旅、資料處理、時尚工藝等專業方向為主，依115學年度各科課程計畫辦理。,各專業科依課程辦理實習工場、技能訓練與專題實作；實際題目依各科與實習處公告。,校方招生專區公布學生通學專車，包含臺東市鐵花村、池上萬安、延平等路線，並列上放學時刻。,例如臺東市鐵花村線06:25發車、約07:26到校，放學16:20由關山工商發車；其餘站點依校方最新專車頁。,校方招生專區设「宿舍介绍」，可确认有学生宿舍；115学年度床位、费用与申请资格依校方当年度公告。,https://www.google.com/maps/search/?api=1&query=%E5%9C%8B%E7%AB%8B%E9%97%9C%E5%B1%B1%E9%AB%98%E7%B4%9A%E5%B7%A5%E5%95%86%E8%81%B7%E6%A5%AD%E5%AD%B8%E6%A0%A1+95642+%E8%87%BA%E6%9D%B1%E7%B8%A3%E9%97%9C%E5%B1%B1%E9%8E%AE%E6%B0%91%E6%AC%8A%E8%B7%AF58%E8%99%9F; https://www.ksvs.ttct.edu.tw/,https://www.ksvs.ttct.edu.tw/ischool/publish_page/17/?cid=204,https://www.ksvs.ttct.edu.tw/ischool/publish_page/17/?cid=203,https://www.google.com/maps/search/?api=1&query=%E5%9C%8B%E7%AB%8B%E9%97%9C%E5%B1%B1%E9%AB%98%E7%B4%9A%E5%B7%A5%E5%95%86%E8%81%B7%E6%A5%AD%E5%AD%B8%E6%A0%A1+95642+%E8%87%BA%E6%9D%B1%E7%B8%A3%E9%97%9C%E5%B1%B1%E9%8E%AE%E6%B0%91%E6%AC%8A%E8%B7%AF58%E8%99%9F,https://www.ksvs.ttct.edu.tw/,https://www.ksvs.ttct.edu.tw/,https://www.ksvs.ttct.edu.tw/
臺東區,,140405,國立臺東高級商業職業學校,公立,臺東區免試入學日間部,高職,男女校,臺東縣,臺東市,950302 臺東縣臺東市正氣路440號,https://www.tscvs.ttct.edu.tw/,089-350575,商業經營科:17(不限)；會計事務科:24(不限)；資料處理科:19(不限)；廣告設計科:32(不限)；觀光事業科:20(不限)；電子商務科:21(不限)；應用英語科:13(不限),,146,115學年度臺東區高級中等學校免試入學委員會「招生名額查詢」；一般生實際招生名額；擷取時間：2026/8/10 16:44:26,商業經營、會計事務、資料處理、廣告設計、觀光事業、電子商務、應用英語等專業科。,,技術型高中；115課程手冊已公开，课程涵盖商管、会计、资讯、电商、设计、观光与应用英语等专业方向。,日間部各科依課程辦理校內外實習、職場參觀與專題；校方實習計畫適用日間部與進修部學生。,官網列8103、8109、8112、8113、8116、8117、8118、8119，以及8121、8122、8123等公車／學生專車路線。,可依校方列出的鼎東客運路线到校；实际班次与停靠时间以营运单位及校方最新公告为准。,校方宿舍1棟，男生8間48床、女生21間126床，共174床，每寢室6床；實際115學年度申請依校方公告。,https://www.google.com/maps/search/?api=1&query=%E5%9C%8B%E7%AB%8B%E8%87%BA%E6%9D%B1%E9%AB%98%E7%B4%9A%E5%95%86%E6%A5%AD%E8%81%B7%E6%A5%AD%E5%AD%B8%E6%A0%A1+950302+%E8%87%BA%E6%9D%B1%E7%B8%A3%E8%87%BA%E6%9D%B1%E5%B8%82%E6%AD%A3%E6%B0%A3%E8%B7%AF440%E8%99%9F; https://www.tscvs.ttct.edu.tw/,https://www.tscvs.ttct.edu.tw/home?cid=840,https://www.tscvs.ttct.edu.tw/home?cid=840,https://www.google.com/maps/search/?api=1&query=%E5%9C%8B%E7%AB%8B%E8%87%BA%E6%9D%B1%E9%AB%98%E7%B4%9A%E5%95%86%E6%A5%AD%E8%81%B7%E6%A5%AD%E5%AD%B8%E6%A0%A1+950302+%E8%87%BA%E6%9D%B1%E7%B8%A3%E8%87%BA%E6%9D%B1%E5%B8%82%E6%AD%A3%E6%B0%A3%E8%B7%AF440%E8%99%9F,https://www.tscvs.ttct.edu.tw/,https://gogofinder.tscvs.ttct.edu.tw/index/index.php,https://www.tscvs.ttct.edu.tw/ischool/public/resource_view/openfid.php?id=2639
臺東區,,140408,國立成功商業水產職業學校,公立,臺東區免試入學日間部,綜高,男女校,臺東縣,成功鎮,961 臺東縣成功鎮太平路52號,https://www.ckvs.ttct.edu.tw/,089-850011,綜合高中:104(不限),,104,115學年度臺東區高級中等學校免試入學委員會「招生名額查詢」；一般生實際招生名額；擷取時間：2026/8/10 16:44:26,綜合高中；高二、高三设学术、商业服务、观光、餐饮、资讯应用、水产养殖等学程。,,綜合高中，高一进行课程探索，高二、高三依学术或商业、观光、餐饮、资讯、水产等学程分流。,專門學程依商業、觀光、餐飲、資訊與水產養殖方向辦理實作；另有養殖場、觀光實習旅館等實習場域。,可搭鼎東客運8101、8102、8103、8120、8105、8107等至成功站，再步行約5分鐘到校。,主要公共運輸節點為鼎東客運成功站；由成功站步行至校約5分鐘。,校方校园内设学生宿舍与棒球队宿舍，学生手册亦列住宿生活规范与宿舍收费规定；115学年度床位依校方公告。,https://www.google.com/maps/search/?api=1&query=%E5%9C%8B%E7%AB%8B%E6%88%90%E5%8A%9F%E5%95%86%E6%A5%AD%E6%B0%B4%E7%94%A2%E8%81%B7%E6%A5%AD%E5%AD%B8%E6%A0%A1+961+%E8%87%BA%E6%9D%B1%E7%B8%A3%E6%88%90%E5%8A%9F%E9%8E%AE%E5%A4%AA%E5%B9%B3%E8%B7%AF52%E8%99%9F; https://www.ckvs.ttct.edu.tw/,https://www.ckvs.ttct.edu.tw/ischool/publish_page/21/?cid=567,https://www.ckvs.ttct.edu.tw/ischool/publish_page/21/?cid=555,https://www.google.com/maps/search/?api=1&query=%E5%9C%8B%E7%AB%8B%E6%88%90%E5%8A%9F%E5%95%86%E6%A5%AD%E6%B0%B4%E7%94%A2%E8%81%B7%E6%A5%AD%E5%AD%B8%E6%A0%A1+961+%E8%87%BA%E6%9D%B1%E7%B8%A3%E6%88%90%E5%8A%9F%E9%8E%AE%E5%A4%AA%E5%B9%B3%E8%B7%AF52%E8%99%9F,https://www.ckvs.ttct.edu.tw/,https://www.ckvs.ttct.edu.tw/home,https://www.ckvs.ttct.edu.tw/ischool/publish_page/3/
臺東區,,140C01,國立臺東專科學校附設高級農工職業進修學校,公立,臺東區免試入學日間部,高職,男女校,臺東縣,臺東市,950005 臺東縣臺東市正氣北路889號,https://soce.ntc.edu.tw/,089-226389 分機2010,電機科(夜間班):5(不限)；家政科(夜間班):5(不限),,10,115學年度臺東區高級中等學校免試入學委員會「招生名額查詢」；一般生實際招生名額；擷取時間：2026/8/10 16:44:26,進修學校115學年度招生電機科、家政科夜間班；網站未標示另設資優班。,,進修學制，以電機科、家政科夜間課程為主；一般科目、專業科目與實作依進修學校115學年度課程安排。,依進修學校電機、家政科課程安排專業實作；網站未標示115學年度全校統一專題題目。,進修學校位於精勤校區正氣北路889號；官網未標示115學年度夜間固定學生專車或完整大眾運輸銜接班次。,夜間固定班次、站點與末班車銜接資訊網站未標示。,進修學校官網未標示進修學生是否适用高职部学生宿舍资格；本表不直接套用日间部住宿规定。,https://www.google.com/maps/search/?api=1&query=%E5%9C%8B%E7%AB%8B%E8%87%BA%E6%9D%B1%E5%B0%88%E7%A7%91%E5%AD%B8%E6%A0%A1%E9%99%84%E8%A8%AD%E9%AB%98%E7%B4%9A%E8%BE%B2%E5%B7%A5%E8%81%B7%E6%A5%AD%E9%80%B2%E4%BF%AE%E5%AD%B8%E6%A0%A1+950005+%E8%87%BA%E6%9D%B1%E7%B8%A3%E8%87%BA%E6%9D%B1%E5%B8%82%E6%AD%A3%E6%B0%A3%E5%8C%97%E8%B7%AF889%E8%99%9F; https://soce.ntc.edu.tw/,https://soce.ntc.edu.tw/,https://soce.ntc.edu.tw/,https://www.google.com/maps/search/?api=1&query=%E5%9C%8B%E7%AB%8B%E8%87%BA%E6%9D%B1%E5%B0%88%E7%A7%91%E5%AD%B8%E6%A0%A1%E9%99%84%E8%A8%AD%E9%AB%98%E7%B4%9A%E8%BE%B2%E5%B7%A5%E8%81%B7%E6%A5%AD%E9%80%B2%E4%BF%AE%E5%AD%B8%E6%A0%A1+950005+%E8%87%BA%E6%9D%B1%E7%B8%A3%E8%87%BA%E6%9D%B1%E5%B8%82%E6%AD%A3%E6%B0%A3%E5%8C%97%E8%B7%AF889%E8%99%9F,https://soce.ntc.edu.tw/,https://soce.ntc.edu.tw/,https://soce.ntc.edu.tw/
臺東區,,140C05,國立臺東高級商業職業學校進修部,公立,臺東區免試入學進修部,進修部,男女校,臺東縣,臺東市,950302 臺東縣臺東市正氣路440號,https://www.tscvs.ttct.edu.tw/,089-350575,商業經營科(夜間班):17(不限)；資料處理科(夜間班):17(不限),,34,115學年度臺東區高級中等學校免試入學委員會「招生名額查詢」；一般生實際招生名額；擷取時間：2026/8/10 16:44:26,進修部商業經營科、資料處理科夜間班；網站未標示進修部另設資優班。,,進修部以商業經營、資料處理為主要方向；課程强调学习力、实作力、专业力与创新力。,進修部學生適用校方校外職場參觀與校外實習計畫，各科可依課程安排實習與職場學習。,校本部日间公车／学生专车资讯可供位置参考，但进修部网站未标示115学年度夜间固定学生专车。,進修部作息为周一至周四18:00–22:05、周五18:00–21:15；夜间末班车衔接需依实际营运班次查询。,進修部官網未標示進修部學生是否具校內宿舍申請資格；本表不直接套用日間部174床宿舍制度。,https://www.google.com/maps/search/?api=1&query=%E5%9C%8B%E7%AB%8B%E8%87%BA%E6%9D%B1%E9%AB%98%E7%B4%9A%E5%95%86%E6%A5%AD%E8%81%B7%E6%A5%AD%E5%AD%B8%E6%A0%A1%E9%80%B2%E4%BF%AE%E9%83%A8+950302+%E8%87%BA%E6%9D%B1%E7%B8%A3%E8%87%BA%E6%9D%B1%E5%B8%82%E6%AD%A3%E6%B0%A3%E8%B7%AF440%E8%99%9F; https://www.tscvs.ttct.edu.tw/,https://www.tscvs.ttct.edu.tw/home?cid=840,https://www.tscvs.ttct.edu.tw/home,https://www.google.com/maps/search/?api=1&query=%E5%9C%8B%E7%AB%8B%E8%87%BA%E6%9D%B1%E9%AB%98%E7%B4%9A%E5%95%86%E6%A5%AD%E8%81%B7%E6%A5%AD%E5%AD%B8%E6%A0%A1%E9%80%B2%E4%BF%AE%E9%83%A8+950302+%E8%87%BA%E6%9D%B1%E7%B8%A3%E8%87%BA%E6%9D%B1%E5%B8%82%E6%AD%A3%E6%B0%A3%E8%B7%AF440%E8%99%9F,https://www.tscvs.ttct.edu.tw/,https://www.tscvs.ttct.edu.tw/ischool/wr/file/1/612/7a6dba5cf60cbfd2b5f0cd5d298ecb1e.pdf,https://www.tscvs.ttct.edu.tw/ischool/public/resource_view/openfid.php?id=2639
臺東區,,141301,均一學校財團法人臺東縣均一國際教育實驗高級中等學校,私立,臺東區免試入學日間部,高中,男女校,臺東縣,臺東市,950 臺東縣臺東市中興路二段366巷36號,https://junyi.tw/,089-223301,普通科:8(不限),,8,115學年度臺東區高級中等學校免試入學委員會「招生名額查詢」；一般生實際招生名額；擷取時間：2026/8/10 16:44:26,实验教育高中，课程以华德福教育、探索教育、创意学群、英语学习与国际视野为特色。,,实验教育高中，以学生为中心，结合华德福教育、探索教育、创意学群、英语／国际学习、自主学习与跨域课程。,不设技职类固定实习；以探索、艺术、人文、自然生态、自主学习与专题报告等成果为主要实作形式。,115学年度新生资讯未公布固定学生专车完整路线；学校位于台东市中兴路二段366巷36号。,固定校车／大众运输站点与时间网站未标示；新生与家长需依个人往返安排交通。,学校设住宿教育与男女学生宿舍区，公开资料载近280个床位；高中生可依学校规定申请独立宿舍，实际115学年度床位依校方安排。,https://www.google.com/maps/search/?api=1&query=%E5%9D%87%E4%B8%80%E5%AD%B8%E6%A0%A1%E8%B2%A1%E5%9C%98%E6%B3%95%E4%BA%BA%E8%87%BA%E6%9D%B1%E7%B8%A3%E5%9D%87%E4%B8%80%E5%9C%8B%E9%9A%9B%E6%95%99%E8%82%B2%E5%AF%A6%E9%A9%97%E9%AB%98%E7%B4%9A%E4%B8%AD%E7%AD%89%E5%AD%B8%E6%A0%A1+950+%E8%87%BA%E6%9D%B1%E7%B8%A3%E8%87%BA%E6%9D%B1%E5%B8%82%E4%B8%AD%E8%88%88%E8%B7%AF%E4%BA%8C%E6%AE%B5366%E5%B7%B736%E8%99%9F; https://junyi.tw/,https://junyi.tw/story/6861,https://junyi.tw/node/221,https://www.google.com/maps/search/?api=1&query=%E5%9D%87%E4%B8%80%E5%AD%B8%E6%A0%A1%E8%B2%A1%E5%9C%98%E6%B3%95%E4%BA%BA%E8%87%BA%E6%9D%B1%E7%B8%A3%E5%9D%87%E4%B8%80%E5%9C%8B%E9%9A%9B%E6%95%99%E8%82%B2%E5%AF%A6%E9%A9%97%E9%AB%98%E7%B4%9A%E4%B8%AD%E7%AD%89%E5%AD%B8%E6%A0%A1+950+%E8%87%BA%E6%9D%B1%E7%B8%A3%E8%87%BA%E6%9D%B1%E5%B8%82%E4%B8%AD%E8%88%88%E8%B7%AF%E4%BA%8C%E6%AE%B5366%E5%B7%B736%E8%99%9F,https://junyi.tw/,https://junyi.tw/node/203,https://junyi.tw/node/203
臺東區,,141406,臺東縣私立公東高級工業職業學校,私立,臺東區免試入學日間部,高職,男女校,臺東縣,臺東市,95023 臺東縣臺東市中興路一段560號,https://www.ktus.ttct.edu.tw/,089-222877,機械科:34(不限)；電機科:36(不限)；家具木工科:26(不限)；室內空間設計科:31(不限)；時尚造型科:31(不限),,158,115學年度臺東區高級中等學校免試入學委員會「招生名額查詢」；一般生實際招生名額；擷取時間：2026/8/10 16:44:26,機械、木工、電機、室內空間設計、時尚、美髮、餐飲等技職方向；以师徒制与实作教学闻名。,,技術型高中，以机械、家具木工、电机、室内空间设计、时尚造型、餐饮等专业为主，依各科课程计划安排实作与技能训练。,各专业科依课程办理师徒制实作、技能训练、作品制作与专题；实际内容依各科与实习单位公告。,学校官网未标示115学年度固定学生专车完整路线；校址为台东市中兴路一段560号。,固定通勤班次、站点与步行时间网站未标示；Google地图栏已依官方校址建立查询入口。,校方确有学生住宿需求与宿舍设施；资讯大楼改建宿舍工程执行期程至115年7月，115学年度实际启用床位与申请方式依校方公告。,https://www.google.com/maps/search/?api=1&query=%E8%87%BA%E6%9D%B1%E7%B8%A3%E7%A7%81%E7%AB%8B%E5%85%AC%E6%9D%B1%E9%AB%98%E7%B4%9A%E5%B7%A5%E6%A5%AD%E8%81%B7%E6%A5%AD%E5%AD%B8%E6%A0%A1+95023+%E8%87%BA%E6%9D%B1%E7%B8%A3%E8%87%BA%E6%9D%B1%E5%B8%82%E4%B8%AD%E8%88%88%E8%B7%AF%E4%B8%80%E6%AE%B5560%E8%99%9F; https://www.ktus.ttct.edu.tw/,https://www.ktus.ttct.edu.tw/,https://www.ktus.ttct.edu.tw/ischool/wr/file/1/128/295efaebb0f4ae498bb81674e2de4dda.pdf,https://www.google.com/maps/search/?api=1&query=%E8%87%BA%E6%9D%B1%E7%B8%A3%E7%A7%81%E7%AB%8B%E5%85%AC%E6%9D%B1%E9%AB%98%E7%B4%9A%E5%B7%A5%E6%A5%AD%E8%81%B7%E6%A5%AD%E5%AD%B8%E6%A0%A1+95023+%E8%87%BA%E6%9D%B1%E7%B8%A3%E8%87%BA%E6%9D%B1%E5%B8%82%E4%B8%AD%E8%88%88%E8%B7%AF%E4%B8%80%E6%AE%B5560%E8%99%9F,https://www.ktus.ttct.edu.tw/,https://www.ktus.ttct.edu.tw/,https://www.ktus.ttct.edu.tw/
臺東區,,144322,臺東縣立蘭嶼高級中學,公立,臺東區免試入學日間部,綜高,男女校,臺東縣,蘭嶼鄉,952 臺東縣蘭嶼鄉椰油村37號,https://layjh.ttct.edu.tw/,089-732016,綜合高中:19(不限),,19,115學年度臺東區高級中等學校免試入學委員會「招生名額查詢」；一般生實際招生名額；擷取時間：2026/8/10 16:44:26,離島完全中學，115學年度仍为县立高中；课程计划平台列有高中课程，学校亦有餐饮管理专业师资需求。,,綜合高中／完全中學高中部課程，結合一般高中學習、在地文化與專業課程；實際115學年度課程以校方與課程計畫平台公告為準。,網站未標示115學年度全校統一實習／專題題目；實際成果依高中部課程、在地文化與專業科目安排。,學校位於蘭嶼鄉椰油村37號；官網未標示115學年度固定學生專車或島內固定接駁班次。,蘭嶼屬離島，岛内通勤与对外船班／航空易受天气影响；学校官网未标示固定学生通勤时刻。,學校官網未標示115學年度高中部學生宿舍申請資訊；不以教職員宿舍或其他住宿资料推定学生住宿。,https://www.google.com/maps/search/?api=1&query=%E8%87%BA%E6%9D%B1%E7%B8%A3%E7%AB%8B%E8%98%AD%E5%B6%BC%E9%AB%98%E7%B4%9A%E4%B8%AD%E5%AD%B8+952+%E8%87%BA%E6%9D%B1%E7%B8%A3%E8%98%AD%E5%B6%BC%E9%84%89%E6%A4%B0%E6%B2%B9%E6%9D%9137%E8%99%9F; https://layjh.ttct.edu.tw/,https://layjh.ttct.edu.tw/,https://layjh.ttct.edu.tw/,https://www.google.com/maps/search/?api=1&query=%E8%87%BA%E6%9D%B1%E7%B8%A3%E7%AB%8B%E8%98%AD%E5%B6%BC%E9%AB%98%E7%B4%9A%E4%B8%AD%E5%AD%B8+952+%E8%87%BA%E6%9D%B1%E7%B8%A3%E8%98%AD%E5%B6%BC%E9%84%89%E6%A4%B0%E6%B2%B9%E6%9D%9137%E8%99%9F,https://layjh.ttct.edu.tw/,https://courset.k12ea.gov.tw/courseinformation/indexTea01.asp,https://layjh.ttct.edu.tw/
澎湖區,,160302,國立馬公高中,公立,澎湖區學校名錄,綜高,男女校,澎湖縣,馬公市,880 澎湖縣馬公市中華路369號,https://www.mksh.phc.edu.tw/,06-9272342,普通科(日)；音樂班(日)；美術班(日)；舞蹈班(日)；體育班(日)；商業經營科(日)；資料處理科(日)；觀光事業科(日)；商用資訊科(夜),,,教育部統計處《高級中等學校概況統計》114學年度校別資料；115學年度實際招生名額待該區免試入學委員會公告端點恢復後再寫入。,普通科與美術、音樂、舞蹈、體育等特色班，並設商業經營、資料處理、觀光事業等技術型科別及實用技能學程。,,普通型、技術型與實用技能課程並行；校方已公開115學年度普通型、技術型及實用技能學程課程計畫，技職方向含商業經營、資料處理、觀光事業。,普通型課程以探究、自主學習與藝才／體育成果為主；技術型科別依課程辦理商管、資訊與觀光餐旅實習及專題實作。,學校官網未標示115學年度固定學生專車或完整固定大眾運輸到校路線。,固定站點、班次與通勤時間網站未標示；Google地圖欄已依官方校址建立查詢入口。,115學年度新生專區提供學生住宿申請；宿舍床位有限，離島及臺灣本島等遠道新生依校方規定排序，實際床位與核准名單依115學年度公告。,https://www.google.com/maps/search/?api=1&query=%E5%9C%8B%E7%AB%8B%E9%A6%AC%E5%85%AC%E9%AB%98%E4%B8%AD+880+%E6%BE%8E%E6%B9%96%E7%B8%A3%E9%A6%AC%E5%85%AC%E5%B8%82%E4%B8%AD%E8%8F%AF%E8%B7%AF369%E8%99%9F; https://www.mksh.phc.edu.tw/,https://www.mksh.phc.edu.tw/,https://www.mksh.phc.edu.tw/%E6%96%B0%E7%94%9F%E5%B0%88%E5%8D%80,https://www.google.com/maps/search/?api=1&query=%E5%9C%8B%E7%AB%8B%E9%A6%AC%E5%85%AC%E9%AB%98%E4%B8%AD+880+%E6%BE%8E%E6%B9%96%E7%B8%A3%E9%A6%AC%E5%85%AC%E5%B8%82%E4%B8%AD%E8%8F%AF%E8%B7%AF369%E8%99%9F,https://www.mksh.phc.edu.tw/,https://www.mksh.phc.edu.tw/%E8%A1%8C%E6%94%BF%E5%96%AE%E4%BD%8D/%E6%95%99%E5%8B%99%E8%99%95/%E8%AA%B2%E7%A8%8B%E8%A8%88%E7%95%AB,https://www.mksh.phc.edu.tw/%E6%95%99%E5%AD%B8%E5%96%AE%E4%BD%8D/%E6%8A%80%E8%A1%93%E5%9E%8B%E9%AB%98%E4%B8%AD/%E8%B3%87%E8%99%95%E7%A7%91
澎湖區,,160401,國立澎湖海事水產,公立,澎湖區學校名錄,高職,男女校,澎湖縣,馬公市,880 澎湖縣馬公市民族路63號,https://www.phmhs.phc.edu.tw/,06-9261101,汽車科(日)；資訊科(日)；電子科(日)；餐飲管理科(日)；漁業科(日)；輪機科(日)；水產養殖科(日)；航海科(日)；航運管理科(日)；水產食品科(日)；居家生活服務科(日)；餐飲服務科(日),,,教育部統計處《高級中等學校概況統計》114學年度校別資料；115學年度實際招生名額待該區免試入學委員會公告端點恢復後再寫入。,海事、水產及相關技術型專業群科；詳細招生科別依115學年度簡章與校方公告。,,技術型高中；校方課程專區已提供115學年度入學適用課程總體計畫，各專業科依課程安排一般、專業與實習科目。,115學年度第1學期校方持續公告實習課程相關表件；各專業科依課程辦理海事、水產與相關專業實習、技能訓練及專題。,學校官網未標示115學年度固定學生專車或完整固定大眾運輸到校路線。,固定站點、班次與通勤時間網站未標示；Google地圖欄已依官方校址建立查詢入口。,學校官網未標示115學年度校內學生宿舍申請資訊；本表不以職務宿舍或教職員宿舍推定學生住宿。,https://www.google.com/maps/search/?api=1&query=%E5%9C%8B%E7%AB%8B%E6%BE%8E%E6%B9%96%E6%B5%B7%E4%BA%8B%E6%B0%B4%E7%94%A2+880+%E6%BE%8E%E6%B9%96%E7%B8%A3%E9%A6%AC%E5%85%AC%E5%B8%82%E6%B0%91%E6%97%8F%E8%B7%AF63%E8%99%9F; https://www.phmhs.phc.edu.tw/,https://www.phmhs.phc.edu.tw/,https://www.phmhs.phc.edu.tw/,https://www.google.com/maps/search/?api=1&query=%E5%9C%8B%E7%AB%8B%E6%BE%8E%E6%B9%96%E6%B5%B7%E4%BA%8B%E6%B0%B4%E7%94%A2+880+%E6%BE%8E%E6%B9%96%E7%B8%A3%E9%A6%AC%E5%85%AC%E5%B8%82%E6%B0%91%E6%97%8F%E8%B7%AF63%E8%99%9F,https://www.phmhs.phc.edu.tw/,https://www.phmhs.phc.edu.tw/Page/aca,https://www.phmhs.phc.edu.tw/
金門區,,710301,國立金門高中,公立,金門區學校名錄,高中,男女校,金門縣,金城鎮,893 金門縣金城鎮光前路94號,https://www.kmsh.km.edu.tw/home,082-326582,普通科(日),,,教育部統計處《高級中等學校概況統計》114學年度校別資料；115學年度實際招生名額待該區免試入學委員會公告端點恢復後再寫入。,普通型高中；特色班、資優／實驗課程依115學年度校方公告。,,普通型高中；115學年度課程計畫已由校方公開，以部定必修、加深加廣、多元選修、彈性學習與自主學習為主。,不設技職類固定實習；以探究與實作、自主學習及學習歷程成果為主。網站未標示115學年度全校統一專題題目。,校方官網未標示115學年度固定學生專車或完整固定大眾運輸到校路線。,固定站點、班次與通勤時間網站未標示；Google地圖欄已依官方校址建立查詢入口。,"115學年度免試入學新生可申請住宿；校方列臺籍臺商子弟、偏遠或需轉乘2班公車學生、校隊學生等住宿排序條件，暫定住宿費2,600元，實際以正式繳費單與核准名單為準。",https://www.google.com/maps/search/?api=1&query=%E5%9C%8B%E7%AB%8B%E9%87%91%E9%96%80%E9%AB%98%E4%B8%AD+893+%E9%87%91%E9%96%80%E7%B8%A3%E9%87%91%E5%9F%8E%E9%8E%AE%E5%85%89%E5%89%8D%E8%B7%AF94%E8%99%9F; https://www.kmsh.km.edu.tw/home,https://www.kmsh.km.edu.tw/home,https://www.kmsh.km.edu.tw/ischool/public/news_view/show.php?nid=21576,https://www.google.com/maps/search/?api=1&query=%E5%9C%8B%E7%AB%8B%E9%87%91%E9%96%80%E9%AB%98%E4%B8%AD+893+%E9%87%91%E9%96%80%E7%B8%A3%E9%87%91%E5%9F%8E%E9%8E%AE%E5%85%89%E5%89%8D%E8%B7%AF94%E8%99%9F,https://www.kmsh.km.edu.tw/home,https://www.kmsh.km.edu.tw/resource/show.php?aid=768&raid=768&view=1,https://www.kmsh.km.edu.tw/resource/show.php?aid=768&raid=768&view=1
金門區,,710401,國立金門農工,公立,金門區學校名錄,高職,男女校,金門縣,金湖鎮,891 金門縣金湖鎮新市里復興路1-11號,https://www.kmvs.km.edu.tw/,082-333274,園藝科(日)；機械科(日)；汽車科(日)；資訊科(日)；電子科(日)；電機科(日)；電機科(夜)；建築科(夜)；商業經營科(日)；餐飲管理科(日)；家政科(日)；漁業科(日)；水產養殖科(日)；居家生活服務科(日),,,教育部統計處《高級中等學校概況統計》114學年度校別資料；115學年度實際招生名額待該區免試入學委員會公告端點恢復後再寫入。,園藝、漁業、水產養殖、電機、電子、資訊、機械、汽車、商業經營、餐飲管理、家政等技職群科；另有部分夜間課程。,,技術型高中，涵蓋農業、水產、電機電子、機械、動力機械、商管、餐旅與家政等專業方向；115-1校方已公告多元選修與彈性學習選課。,各專業科依課程辦理實習實作、技能訓練與專題製作；實際題目與實習安排依各科及實習單位公告。,校方官網未標示115學年度固定學生專車或完整固定大眾運輸到校路線。,固定站點、班次與通勤時間網站未標示；Google地圖欄已依官方校址建立查詢入口。,校方現況介紹明列設有師生宿舍；115學年度學生床位、申請時程與費用網站未標示。,https://www.google.com/maps/search/?api=1&query=%E5%9C%8B%E7%AB%8B%E9%87%91%E9%96%80%E8%BE%B2%E5%B7%A5+891+%E9%87%91%E9%96%80%E7%B8%A3%E9%87%91%E6%B9%96%E9%8E%AE%E6%96%B0%E5%B8%82%E9%87%8C%E5%BE%A9%E8%88%88%E8%B7%AF1-11%E8%99%9F; https://www.kmvs.km.edu.tw/,https://www.kmvs.km.edu.tw/,https://www.kmvs.km.edu.tw/home?cid=618,https://www.google.com/maps/search/?api=1&query=%E5%9C%8B%E7%AB%8B%E9%87%91%E9%96%80%E8%BE%B2%E5%B7%A5+891+%E9%87%91%E9%96%80%E7%B8%A3%E9%87%91%E6%B9%96%E9%8E%AE%E6%96%B0%E5%B8%82%E9%87%8C%E5%BE%A9%E8%88%88%E8%B7%AF1-11%E8%99%9F,https://www.kmvs.km.edu.tw/,https://www.kmvs.km.edu.tw/ischool/public/news_view/show.php?nid=26408,https://www.kmvs.km.edu.tw/
