排名,學校代碼,學校名稱,公私立,招生區,學制分類,男女校,縣市,區,地址,官網,電話,科系與名額,簡章招生名額,招生名額,資優班/特色班,課程方向,實習／專題,校車／專車資訊,通勤資訊,住宿資訊,Google地圖,課程資料來源,實習專題資料來源,校車／專車資料來源,通勤資料來源,住宿資料來源,地址資料來源,生活資料來源,資料更新日期
,100301,國立東石高級中學,公立,臺南區免試入學日間部,綜高,男女校,嘉義縣,朴子市,613013 嘉義縣朴子市大鄉里253號,https://www.tssh.cyc.edu.tw/,(05)3794180,普通科:5(不限)；食品加工科:3(不限)；機械科:4(不限)；汽車科:1(不限),13,13,普通科與機械、汽車、電機、食品加工等專業群科並行；設自造實驗室，並有產攜／建教合作與技藝競賽成果。,國立東石高級中學：普通科與食品加工、機械、汽車等專業方向並行；115學年度另有國際教育、AI科技數理與運動科學等實驗學習資源。,國立東石高級中學：各專業科別依115學年度課程安排實習、實作與專題製作，學生透過操作、作品或成果發表整合所學。,國立東石高級中學：目前沒有可公開確認的一般高中部固定校車／學生專車路線；一般公共運輸方式另列於「通勤資訊」。,國立東石高級中學：可由臺鐵嘉義站或高鐵嘉義站轉乘往朴子方向的公車，在朴子市區學校周邊站點下車後步行到校。,學校設有學生住宿申請，115學年度新生專區提供學生住宿申請表，住宿依校方程序辦理。,https://www.google.com/maps/search/?api=1&query=%E5%9C%8B%E7%AB%8B%E6%9D%B1%E7%9F%B3%E9%AB%98%E7%B4%9A%E4%B8%AD%E5%AD%B8%20613013%20%E5%98%89%E7%BE%A9%E7%B8%A3%E6%9C%B4%E5%AD%90%E5%B8%82%E5%A4%A7%E9%84%89%E9%87%8C253%E8%99%9F,https://www.tssh.cyc.edu.tw/ | https://courset.k12ea.gov.tw/courseinformation/indexStu01.asp,https://www.tssh.cyc.edu.tw/ | https://courset.k12ea.gov.tw/courseinformation/indexStu01.asp,https://www.tssh.cyc.edu.tw/,https://www.google.com/maps/search/?api=1&query=%E5%9C%8B%E7%AB%8B%E6%9D%B1%E7%9F%B3%E9%AB%98%E7%B4%9A%E4%B8%AD%E5%AD%B8%20613013%20%E5%98%89%E7%BE%A9%E7%B8%A3%E6%9C%B4%E5%AD%90%E5%B8%82%E5%A4%A7%E9%84%89%E9%87%8C253%E8%99%9F,https://www.tssh.cyc.edu.tw/sub/content/index.aspx?Parser=1%2C22%2C455%2C91,https://www.tssh.cyc.edu.tw/,https://www.tssh.cyc.edu.tw/,2026-09-08
,100B01,國立東石高級中學進修部,公立,臺南區免試入學進修部,進修部,男女校,嘉義縣,朴子市,613013 嘉義縣朴子市大鄉里253號,https://www.tssh.cyc.edu.tw/,(05)3794180,食品科(夜間班):4(不限),4,4,進修部主要招生方向為食品科；實際課程與特色依115學年度進修部公告。,國立東石高級中學進修部：115學年度以食品科(夜間班)為主要學習方向，課程配置一般科目、專業科目及實作／實習內容，依進修部課程計畫分年修習。,國立東石高級中學進修部：依115學年度進修部課程安排專業實作、實習科目與成果任務，將夜間課程所學應用於操作與專題成果。,國立東石高級中學進修部：目前沒有可公開確認的一般高中部固定校車／學生專車路線；一般公共運輸方式另列於「通勤資訊」。,國立東石高級中學進修部：可由臺鐵嘉義站或高鐵嘉義站轉乘往朴子方向的公車，在朴子市區學校周邊站點下車後步行到校。,國立東石高級中學進修部：目前沒有可公開確認的一般高中職學生固定住宿申請方案；特定隊伍、特殊班別或特殊身分住宿不視為一般學生住宿。,https://www.google.com/maps/search/?api=1&query=%E5%9C%8B%E7%AB%8B%E6%9D%B1%E7%9F%B3%E9%AB%98%E7%B4%9A%E4%B8%AD%E5%AD%B8%E9%80%B2%E4%BF%AE%E9%83%A8%20613013%20%E5%98%89%E7%BE%A9%E7%B8%A3%E6%9C%B4%E5%AD%90%E5%B8%82%E5%A4%A7%E9%84%89%E9%87%8C253%E8%99%9F,https://www.tssh.cyc.edu.tw/ | https://courset.k12ea.gov.tw/courseinformation/indexStu01.asp,https://www.tssh.cyc.edu.tw/ | https://courset.k12ea.gov.tw/courseinformation/indexStu01.asp,https://www.tssh.cyc.edu.tw/,https://www.google.com/maps/search/?api=1&query=%E5%9C%8B%E7%AB%8B%E6%9D%B1%E7%9F%B3%E9%AB%98%E7%B4%9A%E4%B8%AD%E5%AD%B8%E9%80%B2%E4%BF%AE%E9%83%A8%20613013%20%E5%98%89%E7%BE%A9%E7%B8%A3%E6%9C%B4%E5%AD%90%E5%B8%82%E5%A4%A7%E9%84%89%E9%87%8C253%E8%99%9F,https://www.tssh.cyc.edu.tw/,https://www.tssh.cyc.edu.tw/,https://www.tssh.cyc.edu.tw/,2026-09-08
,110302,國立新豐高級中學,公立,臺南區免試入學日間部,綜高,男女校,臺南市,歸仁區,711 臺南市歸仁區中正北路一段148號,https://www.sfsh.tn.edu.tw/home,06-2304082,綜合高中:328(不限),328,328,普通／綜合高中與專業方向並行，主要招生方向包含綜合高中；實際分流依115學年度校方公告。,國立新豐高級中學：115學年度以綜合高中學術與專門學程為主，透過校訂課程、多元選修、探究實作與生涯探索進行分流。,國立新豐高級中學：以自然科學探究與實作、社會領域探究、自主學習及成果發表作為主要實作／專題型學習。,有學生專車。115-1設永康、市政、新化、安南、茄萣等路線，校方公布發車時間、站點、座位與搭乘名單。,國立新豐高級中學：可由臺鐵保安站、臺南站或沿線主要轉運點轉乘大台南公車往歸仁方向，在中正北路學校周邊下車後步行到校。,國立新豐高級中學：目前沒有可公開確認的一般高中職學生固定住宿申請方案；特定隊伍、特殊班別或特殊身分住宿不視為一般學生住宿。,https://www.google.com/maps/search/?api=1&query=%E5%9C%8B%E7%AB%8B%E6%96%B0%E8%B1%90%E9%AB%98%E7%B4%9A%E4%B8%AD%E5%AD%B8%20711%20%E8%87%BA%E5%8D%97%E5%B8%82%E6%AD%B8%E4%BB%81%E5%8D%80%E4%B8%AD%E6%AD%A3%E5%8C%97%E8%B7%AF%E4%B8%80%E6%AE%B5148%E8%99%9F,https://www.sfsh.tn.edu.tw/home | https://courset.k12ea.gov.tw/courseinformation/indexStu01.asp,https://www.sfsh.tn.edu.tw/home | https://courset.k12ea.gov.tw/courseinformation/indexStu01.asp,https://www.sfsh.tn.edu.tw/ischool/publish_page/0/?nid=22755,https://www.google.com/maps/search/?api=1&query=%E5%9C%8B%E7%AB%8B%E6%96%B0%E8%B1%90%E9%AB%98%E7%B4%9A%E4%B8%AD%E5%AD%B8%20711%20%E8%87%BA%E5%8D%97%E5%B8%82%E6%AD%B8%E4%BB%81%E5%8D%80%E4%B8%AD%E6%AD%A3%E5%8C%97%E8%B7%AF%E4%B8%80%E6%AE%B5148%E8%99%9F,https://www.sfsh.tn.edu.tw/home,https://www.sfsh.tn.edu.tw/home,https://www.sfsh.tn.edu.tw/home,2026-09-08
,110308,國立臺南大學附屬高級中學,公立,臺南區免試入學日間部,綜高,男女校,臺南市,永康區,710 臺南市永康區中山南路948號,https://www.tntcsh.tn.edu.tw/,06-2338501,普通科:131(不限)；綜合高中:356(不限),487,487,普通／綜合高中與專業方向並行，主要招生方向包含普通科、綜合高中；實際分流依115學年度校方公告。,國立臺南大學附屬高級中學：115學年度以綜合高中學術與專門學程為主，透過校訂課程、多元選修、探究實作與生涯探索進行分流。,國立臺南大學附屬高級中學：以自然科學探究與實作、社會領域探究、自主學習及成果發表作為主要實作／專題型學習。,國立臺南大學附屬高級中學：目前沒有可公開確認的一般高中部固定校車／學生專車路線；一般公共運輸方式另列於「通勤資訊」。,國立臺南大學附屬高級中學：可由臺鐵永康站、大橋站或臺南站轉乘永康地區市區公車至學校周邊站點，再步行到校。,國立臺南大學附屬高級中學：目前沒有可公開確認的一般高中職學生固定住宿申請方案；特定隊伍、特殊班別或特殊身分住宿不視為一般學生住宿。,https://www.google.com/maps/search/?api=1&query=%E5%9C%8B%E7%AB%8B%E8%87%BA%E5%8D%97%E5%A4%A7%E5%AD%B8%E9%99%84%E5%B1%AC%E9%AB%98%E7%B4%9A%E4%B8%AD%E5%AD%B8%20710%20%E8%87%BA%E5%8D%97%E5%B8%82%E6%B0%B8%E5%BA%B7%E5%8D%80%E4%B8%AD%E5%B1%B1%E5%8D%97%E8%B7%AF948%E8%99%9F,https://www.tntcsh.tn.edu.tw/ | https://courset.k12ea.gov.tw/courseinformation/indexStu01.asp,https://www.tntcsh.tn.edu.tw/ | https://courset.k12ea.gov.tw/courseinformation/indexStu01.asp,https://www.tntcsh.tn.edu.tw/,https://www.google.com/maps/search/?api=1&query=%E5%9C%8B%E7%AB%8B%E8%87%BA%E5%8D%97%E5%A4%A7%E5%AD%B8%E9%99%84%E5%B1%AC%E9%AB%98%E7%B4%9A%E4%B8%AD%E5%AD%B8%20710%20%E8%87%BA%E5%8D%97%E5%B8%82%E6%B0%B8%E5%BA%B7%E5%8D%80%E4%B8%AD%E5%B1%B1%E5%8D%97%E8%B7%AF948%E8%99%9F,https://www.tntcsh.tn.edu.tw/,https://www.tntcsh.tn.edu.tw/,https://www.tntcsh.tn.edu.tw/,2026-09-08
,110311,國立北門高級中學,公立,臺南區免試入學日間部,高中,男女校,臺南市,佳里區,722 臺南市佳里區六安里269號,https://www.bmsh.tn.edu.tw/,06-7222150,普通科:297(不限),297,297,普通型高中；特色班、實驗班與資優／藝才班依115學年度校方公告。,國立北門高級中學：115學年度以普通高中部定課程為基礎，搭配校訂必修、多元選修、自然與社會探究實作、自主學習及生涯探索。,國立北門高級中學：以自然科學探究與實作、社會領域探究、自主學習及成果發表作為主要實作／專題型學習。,國立北門高級中學：目前沒有可公開確認的一般高中部固定校車／學生專車路線；一般公共運輸方式另列於「通勤資訊」。,國立北門高級中學：可由臺鐵善化站或臺南市區轉乘往佳里轉運站方向公車，再轉乘或步行至學校。,國立北門高級中學：目前沒有可公開確認的一般高中職學生固定住宿申請方案；特定隊伍、特殊班別或特殊身分住宿不視為一般學生住宿。,https://www.google.com/maps/search/?api=1&query=%E5%9C%8B%E7%AB%8B%E5%8C%97%E9%96%80%E9%AB%98%E7%B4%9A%E4%B8%AD%E5%AD%B8%20722%20%E8%87%BA%E5%8D%97%E5%B8%82%E4%BD%B3%E9%87%8C%E5%8D%80%E5%85%AD%E5%AE%89%E9%87%8C269%E8%99%9F,https://www.bmsh.tn.edu.tw/ | https://courset.k12ea.gov.tw/courseinformation/indexStu01.asp,https://www.bmsh.tn.edu.tw/ | https://courset.k12ea.gov.tw/courseinformation/indexStu01.asp,https://www.bmsh.tn.edu.tw/,https://www.google.com/maps/search/?api=1&query=%E5%9C%8B%E7%AB%8B%E5%8C%97%E9%96%80%E9%AB%98%E7%B4%9A%E4%B8%AD%E5%AD%B8%20722%20%E8%87%BA%E5%8D%97%E5%B8%82%E4%BD%B3%E9%87%8C%E5%8D%80%E5%85%AD%E5%AE%89%E9%87%8C269%E8%99%9F,https://www.bmsh.tn.edu.tw/,https://www.bmsh.tn.edu.tw/,https://www.bmsh.tn.edu.tw/,2026-09-08
,110312,國立新營高級中學,公立,臺南區免試入學日間部,綜高,男女校,臺南市,新營區,730 臺南市新營區民權路101號,https://www.hysh.tn.edu.tw/home,06-6562274,普通科:155(不限)；商業經營科:63(不限)；資料處理科:31(不限)；電子商務科:31(不限)；應用英語科:32(不限),312,312,普通／綜合高中與專業方向並行，主要招生方向包含普通科、商業經營科、資料處理科、電子商務科、應用英語科；實際分流依115學年度校方公告。,國立新營高級中學：115學年度兼具一般學術課程與商業經營科、資料處理科、電子商務科、應用英語科等專業方向，搭配校訂課程、多元選修、探究實作與生涯分流。,國立新營高級中學：各專業科別依115學年度課程安排實習、實作與專題製作，學生透過操作、作品或成果發表整合所學。,國立新營高級中學：目前沒有可公開確認的一般高中部固定校車／學生專車路線；一般公共運輸方式另列於「通勤資訊」。,國立新營高級中學：可由臺鐵新營站轉乘新營市區公車至學校周邊站點，下車後步行到校。,國立新營高級中學：目前沒有可公開確認的一般高中職學生固定住宿申請方案；特定隊伍、特殊班別或特殊身分住宿不視為一般學生住宿。,https://www.google.com/maps/search/?api=1&query=%E5%9C%8B%E7%AB%8B%E6%96%B0%E7%87%9F%E9%AB%98%E7%B4%9A%E4%B8%AD%E5%AD%B8%20730%20%E8%87%BA%E5%8D%97%E5%B8%82%E6%96%B0%E7%87%9F%E5%8D%80%E6%B0%91%E6%AC%8A%E8%B7%AF101%E8%99%9F,https://www.hysh.tn.edu.tw/home | https://courset.k12ea.gov.tw/courseinformation/indexStu01.asp,https://www.hysh.tn.edu.tw/home | https://courset.k12ea.gov.tw/courseinformation/indexStu01.asp,https://www.hysh.tn.edu.tw/home,https://www.google.com/maps/search/?api=1&query=%E5%9C%8B%E7%AB%8B%E6%96%B0%E7%87%9F%E9%AB%98%E7%B4%9A%E4%B8%AD%E5%AD%B8%20730%20%E8%87%BA%E5%8D%97%E5%B8%82%E6%96%B0%E7%87%9F%E5%8D%80%E6%B0%91%E6%AC%8A%E8%B7%AF101%E8%99%9F,https://www.hysh.tn.edu.tw/home,https://www.hysh.tn.edu.tw/home,https://www.hysh.tn.edu.tw/home,2026-09-08
,110314,國立後壁高級中學,公立,臺南區免試入學日間部,綜高,男女校,臺南市,後壁區,731 臺南市後壁區嘉苳里下茄苳132號,https://www.hpsh.tn.edu.tw/home,06-6871031,普通科:42(不限)；資訊科:24(不限)；電機科:20(不限)；建築科:22(不限)；美工科:48(不限)；室內空間設計科:12(不限)；廣告設計科:18(不限)；多媒體設計科:9(不限),195,195,普通科與資訊、電機、建築、美工、室內空間設計、廣告設計等專業方向並行；校方提供總體課程綱要及選課輔導手冊。,國立後壁高級中學：普通科與資訊、電機、建築、美工、室內空間設計、廣告及多媒體設計等方向並行，校方提供總體課程綱要與選課輔導。,國立後壁高級中學：各專業科別依115學年度課程安排實習、實作與專題製作，學生透過操作、作品或成果發表整合所學。,有免費學生專車。校方學生專區設有免費學生專車路線，供學生上下學使用。,國立後壁高級中學：可由臺鐵後壁站轉乘後壁地區公車或接駁交通至下茄苳校區，再步行到校。,學校提供免費學生住宿，校方學生專區設有免費學生住宿資訊。,https://www.google.com/maps/search/?api=1&query=%E5%9C%8B%E7%AB%8B%E5%BE%8C%E5%A3%81%E9%AB%98%E7%B4%9A%E4%B8%AD%E5%AD%B8%20731%20%E8%87%BA%E5%8D%97%E5%B8%82%E5%BE%8C%E5%A3%81%E5%8D%80%E5%98%89%E8%8B%B3%E9%87%8C%E4%B8%8B%E8%8C%84%E8%8B%B3132%E8%99%9F,https://www.hpsh.tn.edu.tw/home | https://courset.k12ea.gov.tw/courseinformation/indexStu01.asp,https://www.hpsh.tn.edu.tw/home | https://courset.k12ea.gov.tw/courseinformation/indexStu01.asp,https://www.hpsh.tn.edu.tw/home,https://www.google.com/maps/search/?api=1&query=%E5%9C%8B%E7%AB%8B%E5%BE%8C%E5%A3%81%E9%AB%98%E7%B4%9A%E4%B8%AD%E5%AD%B8%20731%20%E8%87%BA%E5%8D%97%E5%B8%82%E5%BE%8C%E5%A3%81%E5%8D%80%E5%98%89%E8%8B%B3%E9%87%8C%E4%B8%8B%E8%8C%84%E8%8B%B3132%E8%99%9F,https://www.hpsh.tn.edu.tw/home,https://www.hpsh.tn.edu.tw/home,https://www.hpsh.tn.edu.tw/home,2026-09-08
,110315,國立善化高級中學,公立,臺南區免試入學日間部,高中,男女校,臺南市,善化區,741 臺南市善化區大成路195號,https://www.shsh.tn.edu.tw/,06-5837312,普通科:252(不限),252,252,普通型高中；特色班、實驗班與資優／藝才班依115學年度校方公告。,國立善化高級中學：115學年度普通科課程搭配校訂必修、多元選修、自然與社會探究實作，另有數理實驗與雙語實驗學習資源。,國立善化高級中學：以自然科學探究與實作、社會領域探究、自主學習及成果發表作為主要實作／專題型學習。,國立善化高級中學：目前沒有可公開確認的一般高中部固定校車／學生專車路線；一般公共運輸方式另列於「通勤資訊」。,國立善化高級中學：可由臺鐵善化站轉乘善化地區公車至學校周邊站點，亦可由車站銜接YouBike或步行路段。,國立善化高級中學：目前沒有可公開確認的一般高中職學生固定住宿申請方案；特定隊伍、特殊班別或特殊身分住宿不視為一般學生住宿。,https://www.google.com/maps/search/?api=1&query=%E5%9C%8B%E7%AB%8B%E5%96%84%E5%8C%96%E9%AB%98%E7%B4%9A%E4%B8%AD%E5%AD%B8%20741%20%E8%87%BA%E5%8D%97%E5%B8%82%E5%96%84%E5%8C%96%E5%8D%80%E5%A4%A7%E6%88%90%E8%B7%AF195%E8%99%9F,https://www.shsh.tn.edu.tw/Page/aao/cmsdetail/13/%E8%AA%B2%E7%A8%8B%E8%A8%88%E7%95%AB | https://courset.k12ea.gov.tw/courseinformation/indexStu01.asp,https://www.shsh.tn.edu.tw/Page/aao/cmsdetail/13/%E8%AA%B2%E7%A8%8B%E8%A8%88%E7%95%AB | https://courset.k12ea.gov.tw/courseinformation/indexStu01.asp,https://www.shsh.tn.edu.tw/,https://www.google.com/maps/search/?api=1&query=%E5%9C%8B%E7%AB%8B%E5%96%84%E5%8C%96%E9%AB%98%E7%B4%9A%E4%B8%AD%E5%AD%B8%20741%20%E8%87%BA%E5%8D%97%E5%B8%82%E5%96%84%E5%8C%96%E5%8D%80%E5%A4%A7%E6%88%90%E8%B7%AF195%E8%99%9F,https://www.shsh.tn.edu.tw/,https://www.shsh.tn.edu.tw/,https://www.shsh.tn.edu.tw/,2026-09-08
,110317,國立新化高級中學,公立,臺南區免試入學日間部,高中,男女校,臺南市,新化區,712005 臺南市新化區忠孝路2號,https://www.hhsh.tn.edu.tw/,06-5982065,普通科:394(不限),394,394,普通型高中；特色班、實驗班與資優／藝才班依115學年度校方公告。,國立新化高級中學：115學年度以普通高中部定課程為基礎，搭配校訂必修、多元選修、自然與社會探究實作、自主學習及生涯探索。,國立新化高級中學：以自然科學探究與實作、社會領域探究、自主學習及成果發表作為主要實作／專題型學習。,有學生專車。114–115學年度票價表列有臺南市區、安平、安南等多處上車站點，學生依路線辦理搭乘。,國立新化高級中學：可由臺鐵新市站轉乘綠1、綠2、綠3、綠4等公車至新化，或由臺南火車站／永康搭綠幹線往新化、玉井方向到校。,國立新化高級中學：目前沒有可公開確認的一般高中職學生固定住宿申請方案；特定隊伍、特殊班別或特殊身分住宿不視為一般學生住宿。,https://www.google.com/maps/search/?api=1&query=%E5%9C%8B%E7%AB%8B%E6%96%B0%E5%8C%96%E9%AB%98%E7%B4%9A%E4%B8%AD%E5%AD%B8%20712005%20%E8%87%BA%E5%8D%97%E5%B8%82%E6%96%B0%E5%8C%96%E5%8D%80%E5%BF%A0%E5%AD%9D%E8%B7%AF2%E8%99%9F,https://www.hhsh.tn.edu.tw/ | https://courset.k12ea.gov.tw/courseinformation/indexStu01.asp,https://www.hhsh.tn.edu.tw/ | https://courset.k12ea.gov.tw/courseinformation/indexStu01.asp,https://www.hhsh.tn.edu.tw/ischool/wr/file/1/5117/dab0f43a39a64453e233f5d24c28f9ac.pdf,https://www.google.com/maps/search/?api=1&query=%E5%9C%8B%E7%AB%8B%E6%96%B0%E5%8C%96%E9%AB%98%E7%B4%9A%E4%B8%AD%E5%AD%B8%20712005%20%E8%87%BA%E5%8D%97%E5%B8%82%E6%96%B0%E5%8C%96%E5%8D%80%E5%BF%A0%E5%AD%9D%E8%B7%AF2%E8%99%9F,https://www.hhsh.tn.edu.tw/,https://www.hhsh.tn.edu.tw/,https://www.hhsh.tn.edu.tw/,2026-09-08
,110328,國立南科國際實驗高級中學,公立,臺南區免試入學日間部,高中,男女校,臺南市,新市區,744094 臺南市新市區西拉雅大道888巷1號,https://www.nnkieh.tn.edu.tw/,06-5052916,普通科:52(不限),52,52,園區實驗高中，重視科技、雙語／國際教育、跨域探究及校本課程。,國立南科國際實驗高級中學：115學年度以普通科為主，結合數理實驗、科技、雙語／國際教育與跨域探究，並有完整高中選課輔導手冊。,國立南科國際實驗高級中學：以自然與社會探究、數理實驗、自主學習及跨域科技專題為主要實作形式，學生透過研究、實驗與成果發表整合學習。,國立南科國際實驗高級中學：目前沒有可公開確認的一般高中部固定校車／學生專車路線；一般公共運輸方式另列於「通勤資訊」。,國立南科國際實驗高級中學：可由臺鐵南科站或新市站轉乘新市／南科園區公車至學校周邊站點，再步行到校。,國立南科國際實驗高級中學：目前沒有可公開確認的一般高中職學生固定住宿申請方案；特定隊伍、特殊班別或特殊身分住宿不視為一般學生住宿。,https://www.google.com/maps/search/?api=1&query=%E5%9C%8B%E7%AB%8B%E5%8D%97%E7%A7%91%E5%9C%8B%E9%9A%9B%E5%AF%A6%E9%A9%97%E9%AB%98%E7%B4%9A%E4%B8%AD%E5%AD%B8%20744094%20%E8%87%BA%E5%8D%97%E5%B8%82%E6%96%B0%E5%B8%82%E5%8D%80%E8%A5%BF%E6%8B%89%E9%9B%85%E5%A4%A7%E9%81%93888%E5%B7%B71%E8%99%9F,https://hs.nnkieh.tn.edu.tw/modules/tad_web/files.php | https://courset.k12ea.gov.tw/courseinformation/indexStu01.asp,https://hs.nnkieh.tn.edu.tw/modules/tad_web/files.php | https://courset.k12ea.gov.tw/courseinformation/indexStu01.asp,https://www.nnkieh.tn.edu.tw/,https://www.google.com/maps/search/?api=1&query=%E5%9C%8B%E7%AB%8B%E5%8D%97%E7%A7%91%E5%9C%8B%E9%9A%9B%E5%AF%A6%E9%A9%97%E9%AB%98%E7%B4%9A%E4%B8%AD%E5%AD%B8%20744094%20%E8%87%BA%E5%8D%97%E5%B8%82%E6%96%B0%E5%B8%82%E5%8D%80%E8%A5%BF%E6%8B%89%E9%9B%85%E5%A4%A7%E9%81%93888%E5%B7%B71%E8%99%9F,https://www.nnkieh.tn.edu.tw/,https://www.nnkieh.tn.edu.tw/,https://www.nnkieh.tn.edu.tw/,2026-09-08
,110401,國立新化高級工業職業學校,公立,臺南區免試入學日間部,高職,男女校,臺南市,新化區,712 臺南市新化區信義路54號,https://www.hhvs.tn.edu.tw/,06-5903994,機械科:33(不限)；資訊科:33(不限)；電子科:31(不限)；電機科:32(不限)；建築科:32(不限)；化工科:33(不限)；製圖科:33(不限)；資料處理科:32(不限),259,259,以機械科、資訊科、電子科、電機科、建築科、化工科、製圖科、資料處理科等專業群科為主；特色班與實用技能／建教課程依115學年度校方公告。,國立新化高級工業職業學校：115學年度以機械科、資訊科、電子科、電機科、建築科、化工科、製圖科、資料處理科等專業科別為主，各科配置專業核心、校訂選修、實習實作及跨域應用課程。,國立新化高級工業職業學校：各專業科別依115學年度課程安排實習、實作與專題製作，學生透過操作、作品或成果發表整合所學。,有學生交通車。校方持續公布各月份交通車路線與乘車人數，供學生依固定路線上下學。,國立新化高級工業職業學校：可由臺鐵新市站轉乘往新化方向公車，在新化市區學校周邊站點下車後步行到校。,國立新化高級工業職業學校：目前沒有可公開確認的一般高中職學生固定住宿申請方案；特定隊伍、特殊班別或特殊身分住宿不視為一般學生住宿。,https://www.google.com/maps/search/?api=1&query=%E5%9C%8B%E7%AB%8B%E6%96%B0%E5%8C%96%E9%AB%98%E7%B4%9A%E5%B7%A5%E6%A5%AD%E8%81%B7%E6%A5%AD%E5%AD%B8%E6%A0%A1%20712%20%E8%87%BA%E5%8D%97%E5%B8%82%E6%96%B0%E5%8C%96%E5%8D%80%E4%BF%A1%E7%BE%A9%E8%B7%AF54%E8%99%9F,https://www.hhvs.tn.edu.tw/ | https://courset.k12ea.gov.tw/courseinformation/indexStu01.asp,https://www.hhvs.tn.edu.tw/ | https://courset.k12ea.gov.tw/courseinformation/indexStu01.asp,https://www.hhvs.tn.edu.tw/resource/show.php?aid=3&view=1,https://www.google.com/maps/search/?api=1&query=%E5%9C%8B%E7%AB%8B%E6%96%B0%E5%8C%96%E9%AB%98%E7%B4%9A%E5%B7%A5%E6%A5%AD%E8%81%B7%E6%A5%AD%E5%AD%B8%E6%A0%A1%20712%20%E8%87%BA%E5%8D%97%E5%B8%82%E6%96%B0%E5%8C%96%E5%8D%80%E4%BF%A1%E7%BE%A9%E8%B7%AF54%E8%99%9F,https://www.hhvs.tn.edu.tw/,https://www.hhvs.tn.edu.tw/,https://www.hhvs.tn.edu.tw/,2026-09-08
,110403,國立白河高級商工職業學校,公立,臺南區免試入學日間部,高職,男女校,臺南市,白河區,732 臺南市白河區新興路528號,https://www.phvs.tn.edu.tw/,06-6852054,機械科:23(不限)；汽車科:13(不限)；資訊科:18(不限)；電機科:20(不限)；土木科:17(不限)；商業經營科:18(不限)；資料處理科:22(不限),131,131,以機械科、汽車科、資訊科、電機科、土木科、商業經營科、資料處理科等專業群科為主；特色班與實用技能／建教課程依115學年度校方公告。,國立白河高級商工職業學校：115學年度以機械科、汽車科、資訊科、電機科、土木科、商業經營科、資料處理科等專業科別為主，各科配置專業核心、校訂選修、實習實作及跨域應用課程。,國立白河高級商工職業學校：各專業科別依115學年度課程安排實習、實作與專題製作，學生透過操作、作品或成果發表整合所學。,有學生專車。115學年度校方公布白河商工專車路線，供學生上下學使用。,國立白河高級商工職業學校：可由臺鐵新營站轉乘往白河方向公車，在白河市區學校周邊站點下車後步行到校。,國立白河高級商工職業學校：目前沒有可公開確認的一般高中職學生固定住宿申請方案；特定隊伍、特殊班別或特殊身分住宿不視為一般學生住宿。,https://www.google.com/maps/search/?api=1&query=%E5%9C%8B%E7%AB%8B%E7%99%BD%E6%B2%B3%E9%AB%98%E7%B4%9A%E5%95%86%E5%B7%A5%E8%81%B7%E6%A5%AD%E5%AD%B8%E6%A0%A1%20732%20%E8%87%BA%E5%8D%97%E5%B8%82%E7%99%BD%E6%B2%B3%E5%8D%80%E6%96%B0%E8%88%88%E8%B7%AF528%E8%99%9F,https://www.phvs.tn.edu.tw/ | https://courset.k12ea.gov.tw/courseinformation/indexStu01.asp,https://www.phvs.tn.edu.tw/ | https://courset.k12ea.gov.tw/courseinformation/indexStu01.asp,https://www.phvs.tn.edu.tw/post.asp?cID=20588,https://www.google.com/maps/search/?api=1&query=%E5%9C%8B%E7%AB%8B%E7%99%BD%E6%B2%B3%E9%AB%98%E7%B4%9A%E5%95%86%E5%B7%A5%E8%81%B7%E6%A5%AD%E5%AD%B8%E6%A0%A1%20732%20%E8%87%BA%E5%8D%97%E5%B8%82%E7%99%BD%E6%B2%B3%E5%8D%80%E6%96%B0%E8%88%88%E8%B7%AF528%E8%99%9F,https://www.phvs.tn.edu.tw/,https://www.phvs.tn.edu.tw/,https://www.phvs.tn.edu.tw/,2026-09-08
,110404,國立北門高級農工職業學校,公立,臺南區免試入學日間部,高職,男女校,臺南市,佳里區,722 臺南市佳里區六安里117號,https://www.pmai.tn.edu.tw/,06-7260148,食品加工科:32(不限)；造園科:21(不限)；畜產保健科:18(不限)；機械科:54(不限)；電子科:54(不限)；電機科:52(不限)；土木科:41(不限)；電腦機械製圖科:29(不限)；電子商務科:20(不限),321,321,以食品加工科、造園科、畜產保健科、機械科、電子科、電機科、土木科、電腦機械製圖科等專業群科為主；特色班與實用技能／建教課程依115學年度校方公告。,國立北門高級農工職業學校：115學年度以食品加工科、造園科、畜產保健科、機械科、電子科、電機科、土木科、電腦機械製圖科等專業科別為主，各科配置專業核心、校訂選修、實習實作及跨域應用課程。,國立北門高級農工職業學校：各專業科別依115學年度課程安排實習、實作與專題製作，學生透過操作、作品或成果發表整合所學。,有學生專車。115-1校方持續公告專車乘車時間調整，專車由學校交通業務管理。,國立北門高級農工職業學校：可由臺鐵善化站或臺南市區轉乘往佳里轉運站方向公車，再轉乘或步行至學校。,國立北門高級農工職業學校：目前沒有可公開確認的一般高中職學生固定住宿申請方案；特定隊伍、特殊班別或特殊身分住宿不視為一般學生住宿。,https://www.google.com/maps/search/?api=1&query=%E5%9C%8B%E7%AB%8B%E5%8C%97%E9%96%80%E9%AB%98%E7%B4%9A%E8%BE%B2%E5%B7%A5%E8%81%B7%E6%A5%AD%E5%AD%B8%E6%A0%A1%20722%20%E8%87%BA%E5%8D%97%E5%B8%82%E4%BD%B3%E9%87%8C%E5%8D%80%E5%85%AD%E5%AE%89%E9%87%8C117%E8%99%9F,https://www.pmai.tn.edu.tw/author/pmaitn069 | https://courset.k12ea.gov.tw/courseinformation/indexStu01.asp,https://www.pmai.tn.edu.tw/author/pmaitn069 | https://courset.k12ea.gov.tw/courseinformation/indexStu01.asp,https://www.pmai.tn.edu.tw/administrative-unit,https://www.google.com/maps/search/?api=1&query=%E5%9C%8B%E7%AB%8B%E5%8C%97%E9%96%80%E9%AB%98%E7%B4%9A%E8%BE%B2%E5%B7%A5%E8%81%B7%E6%A5%AD%E5%AD%B8%E6%A0%A1%20722%20%E8%87%BA%E5%8D%97%E5%B8%82%E4%BD%B3%E9%87%8C%E5%8D%80%E5%85%AD%E5%AE%89%E9%87%8C117%E8%99%9F,https://www.pmai.tn.edu.tw/,https://www.pmai.tn.edu.tw/,https://www.pmai.tn.edu.tw/,2026-09-08
,110405,國立曾文高級家事商業職業學校,公立,臺南區免試入學日間部,高職,男女校,臺南市,麻豆區,721 臺南市麻豆區和平路9號,https://www.twvs.tn.edu.tw/,06-5722079,商業經營科:64(不限)；資料處理科:33(不限)；廣告設計科:32(不限)；餐飲管理科:26(不限)；電子商務科:32(不限)；幼兒保育科:32(不限),219,219,以商業經營科、資料處理科、廣告設計科、餐飲管理科、電子商務科、幼兒保育科等專業群科為主；特色班與實用技能／建教課程依115學年度校方公告。,國立曾文高級家事商業職業學校：115學年度以商業經營科、資料處理科、廣告設計科、餐飲管理科、電子商務科、幼兒保育科等專業科別為主，各科配置專業核心、校訂選修、實習實作及跨域應用課程。,國立曾文高級家事商業職業學校：各專業科別依115學年度課程安排實習、實作與專題製作，學生透過操作、作品或成果發表整合所學。,有學生專車。115學年度新生報到安排專車諮詢，校方新生專區設有專車服務窗口與搭乘資料。,國立曾文高級家事商業職業學校：可由臺鐵善化站或隆田站轉乘往麻豆方向公車，在麻豆市區學校周邊站點下車後步行到校。,國立曾文高級家事商業職業學校：目前沒有可公開確認的一般高中職學生固定住宿申請方案；特定隊伍、特殊班別或特殊身分住宿不視為一般學生住宿。,https://www.google.com/maps/search/?api=1&query=%E5%9C%8B%E7%AB%8B%E6%9B%BE%E6%96%87%E9%AB%98%E7%B4%9A%E5%AE%B6%E4%BA%8B%E5%95%86%E6%A5%AD%E8%81%B7%E6%A5%AD%E5%AD%B8%E6%A0%A1%20721%20%E8%87%BA%E5%8D%97%E5%B8%82%E9%BA%BB%E8%B1%86%E5%8D%80%E5%92%8C%E5%B9%B3%E8%B7%AF9%E8%99%9F,https://www.twvs.tn.edu.tw/ | https://courset.k12ea.gov.tw/courseinformation/indexStu01.asp,https://www.twvs.tn.edu.tw/ | https://courset.k12ea.gov.tw/courseinformation/indexStu01.asp,https://www.twvs.tn.edu.tw/administrative-unit/educational-affairs-division/freshman-zone/,https://www.google.com/maps/search/?api=1&query=%E5%9C%8B%E7%AB%8B%E6%9B%BE%E6%96%87%E9%AB%98%E7%B4%9A%E5%AE%B6%E4%BA%8B%E5%95%86%E6%A5%AD%E8%81%B7%E6%A5%AD%E5%AD%B8%E6%A0%A1%20721%20%E8%87%BA%E5%8D%97%E5%B8%82%E9%BA%BB%E8%B1%86%E5%8D%80%E5%92%8C%E5%B9%B3%E8%B7%AF9%E8%99%9F,https://www.twvs.tn.edu.tw/,https://www.twvs.tn.edu.tw/,https://www.twvs.tn.edu.tw/,2026-09-08
,110406,國立新營高級工業職業學校,公立,臺南區免試入學日間部,高職,男女校,臺南市,新營區,730 臺南市新營區中正路68號,https://www.hyivs.tn.edu.tw/,06-6322377,機械科:20(不限)；資訊科:41(不限)；電機科:37(不限)；模具科:26(不限)；製圖科:44(不限)；餐飲管理科:22(不限),190,190,以機械科、資訊科、電機科、模具科、製圖科、餐飲管理科等專業群科為主；特色班與實用技能／建教課程依115學年度校方公告。,國立新營高級工業職業學校：115學年度以機械科、資訊科、電機科、模具科、製圖科、餐飲管理科等專業科別為主，各科配置專業核心、校訂選修、實習實作及跨域應用課程。,國立新營高級工業職業學校：各專業科別依115學年度課程安排實習、實作與專題製作，學生透過操作、作品或成果發表整合所學。,國立新營高級工業職業學校：目前沒有可公開確認的一般高中部固定校車／學生專車路線；一般公共運輸方式另列於「通勤資訊」。,國立新營高級工業職業學校：可由臺鐵新營站轉乘新營市區公車至學校周邊站點，下車後步行到校。,國立新營高級工業職業學校：目前沒有可公開確認的一般高中職學生固定住宿申請方案；特定隊伍、特殊班別或特殊身分住宿不視為一般學生住宿。,https://www.google.com/maps/search/?api=1&query=%E5%9C%8B%E7%AB%8B%E6%96%B0%E7%87%9F%E9%AB%98%E7%B4%9A%E5%B7%A5%E6%A5%AD%E8%81%B7%E6%A5%AD%E5%AD%B8%E6%A0%A1%20730%20%E8%87%BA%E5%8D%97%E5%B8%82%E6%96%B0%E7%87%9F%E5%8D%80%E4%B8%AD%E6%AD%A3%E8%B7%AF68%E8%99%9F,https://www.hyivs.tn.edu.tw/ | https://courset.k12ea.gov.tw/courseinformation/indexStu01.asp,https://www.hyivs.tn.edu.tw/ | https://courset.k12ea.gov.tw/courseinformation/indexStu01.asp,https://www.hyivs.tn.edu.tw/,https://www.google.com/maps/search/?api=1&query=%E5%9C%8B%E7%AB%8B%E6%96%B0%E7%87%9F%E9%AB%98%E7%B4%9A%E5%B7%A5%E6%A5%AD%E8%81%B7%E6%A5%AD%E5%AD%B8%E6%A0%A1%20730%20%E8%87%BA%E5%8D%97%E5%B8%82%E6%96%B0%E7%87%9F%E5%8D%80%E4%B8%AD%E6%AD%A3%E8%B7%AF68%E8%99%9F,https://www.hyivs.tn.edu.tw/,https://www.hyivs.tn.edu.tw/,https://www.hyivs.tn.edu.tw/,2026-09-08
,110407,國立玉井高級工商職業學校,公立,臺南區免試入學日間部,綜高,男女校,臺南市,玉井區,714003 臺南市玉井區中山路1-1號,https://www.ycvs.tn.edu.tw/,06-5741101,普通科:31(不限)；食品加工科:20(不限)；電子科:29(不限)；電機科:27(不限)；資料處理科:29(不限)；廣告設計科:30(不限)；餐飲管理科:25(不限),191,191,普通／綜合高中與專業方向並行，主要招生方向包含普通科、食品加工科、電子科、電機科、資料處理科、廣告設計科、餐飲管理科；實際分流依115學年度校方公告。,國立玉井高級工商職業學校：115學年度兼具一般學術課程與食品加工科、電子科、電機科、資料處理科、廣告設計科、餐飲管理科等專業方向，搭配校訂課程、多元選修、探究實作與生涯分流。,國立玉井高級工商職業學校：各專業科別依115學年度課程安排實習、實作與專題製作，學生透過操作、作品或成果發表整合所學。,有學生專車。115學年度新生始業輔導公布專車路線與乘車名單，供學生依路線到校。,國立玉井高級工商職業學校：可由新化轉運站轉乘往玉井方向的大台南公車，在玉井市區學校周邊下車後步行到校。,國立玉井高級工商職業學校：目前沒有可公開確認的一般高中職學生固定住宿申請方案；特定隊伍、特殊班別或特殊身分住宿不視為一般學生住宿。,https://www.google.com/maps/search/?api=1&query=%E5%9C%8B%E7%AB%8B%E7%8E%89%E4%BA%95%E9%AB%98%E7%B4%9A%E5%B7%A5%E5%95%86%E8%81%B7%E6%A5%AD%E5%AD%B8%E6%A0%A1%20714003%20%E8%87%BA%E5%8D%97%E5%B8%82%E7%8E%89%E4%BA%95%E5%8D%80%E4%B8%AD%E5%B1%B1%E8%B7%AF1-1%E8%99%9F,https://www.ycvs.tn.edu.tw/latestevent/Details?Parser=22%2C3%2C21%2C%2C%2C%2C788 | https://courset.k12ea.gov.tw/courseinformation/indexStu01.asp,https://www.ycvs.tn.edu.tw/latestevent/Details?Parser=22%2C3%2C21%2C%2C%2C%2C788 | https://courset.k12ea.gov.tw/courseinformation/indexStu01.asp,https://www.ycvs.tn.edu.tw/latestevent/Details?Parser=22%2C3%2C21%2C%2C%2C%2C1229,https://www.google.com/maps/search/?api=1&query=%E5%9C%8B%E7%AB%8B%E7%8E%89%E4%BA%95%E9%AB%98%E7%B4%9A%E5%B7%A5%E5%95%86%E8%81%B7%E6%A5%AD%E5%AD%B8%E6%A0%A1%20714003%20%E8%87%BA%E5%8D%97%E5%B8%82%E7%8E%89%E4%BA%95%E5%8D%80%E4%B8%AD%E5%B1%B1%E8%B7%AF1-1%E8%99%9F,https://www.ycvs.tn.edu.tw/,https://www.ycvs.tn.edu.tw/,https://www.ycvs.tn.edu.tw/,2026-09-08
,110409,國立成功大學附屬臺南工業高級中等學校,公立,臺南區免試入學日間部,高職,男女校,臺南市,永康區,710 臺南市永康區中山南路193號,https://www.ptivs.tn.edu.tw/,06-2322131,機械科:91(不限)；鑄造科:32(不限)；汽車科:30(不限)；板金科:41(不限)；資訊科:61(不限)；電子科:60(不限)；電機科:61(不限)；建築科:30(不限)；化工科:63(不限)；製圖科:61(不限)；土木科:32(不限)；飛機修護科:31(不限),593,593,以機械科、鑄造科、汽車科、板金科、資訊科、電子科、電機科、建築科等專業群科為主；特色班與實用技能／建教課程依115學年度校方公告。,國立成功大學附屬臺南工業高級中等學校：115學年度以機械科、鑄造科、汽車科、板金科、資訊科、電子科、電機科、建築科等專業科別為主，各科配置專業核心、校訂選修、實習實作及跨域應用課程。,國立成功大學附屬臺南工業高級中等學校：各專業科別依115學年度課程安排實習、實作與專題製作，學生透過操作、作品或成果發表整合所學。,國立成功大學附屬臺南工業高級中等學校：目前沒有可公開確認的一般高中部固定校車／學生專車路線；一般公共運輸方式另列於「通勤資訊」。,國立成功大學附屬臺南工業高級中等學校：可由臺鐵永康站、大橋站或臺南站轉乘永康地區市區公車至學校周邊站點，再步行到校。,國立成功大學附屬臺南工業高級中等學校：目前沒有可公開確認的一般高中職學生固定住宿申請方案；特定隊伍、特殊班別或特殊身分住宿不視為一般學生住宿。,https://www.google.com/maps/search/?api=1&query=%E5%9C%8B%E7%AB%8B%E6%88%90%E5%8A%9F%E5%A4%A7%E5%AD%B8%E9%99%84%E5%B1%AC%E8%87%BA%E5%8D%97%E5%B7%A5%E6%A5%AD%E9%AB%98%E7%B4%9A%E4%B8%AD%E7%AD%89%E5%AD%B8%E6%A0%A1%20710%20%E8%87%BA%E5%8D%97%E5%B8%82%E6%B0%B8%E5%BA%B7%E5%8D%80%E4%B8%AD%E5%B1%B1%E5%8D%97%E8%B7%AF193%E8%99%9F,https://www.ptivs.tn.edu.tw/ischool/publish_page/4/?cid=3070 | https://courset.k12ea.gov.tw/courseinformation/indexStu01.asp,https://www.ptivs.tn.edu.tw/ischool/publish_page/4/?cid=3070 | https://courset.k12ea.gov.tw/courseinformation/indexStu01.asp,https://www.ptivs.tn.edu.tw/,https://www.google.com/maps/search/?api=1&query=%E5%9C%8B%E7%AB%8B%E6%88%90%E5%8A%9F%E5%A4%A7%E5%AD%B8%E9%99%84%E5%B1%AC%E8%87%BA%E5%8D%97%E5%B7%A5%E6%A5%AD%E9%AB%98%E7%B4%9A%E4%B8%AD%E7%AD%89%E5%AD%B8%E6%A0%A1%20710%20%E8%87%BA%E5%8D%97%E5%B8%82%E6%B0%B8%E5%BA%B7%E5%8D%80%E4%B8%AD%E5%B1%B1%E5%8D%97%E8%B7%AF193%E8%99%9F,https://www.ptivs.tn.edu.tw/,https://www.ptivs.tn.edu.tw/,https://www.ptivs.tn.edu.tw/,2026-09-08
,110410,國立曾文高級農工職業學校,公立,臺南區免試入學日間部,綜高,男女校,臺南市,麻豆區,721 臺南市麻豆區南勢1號,https://www.twivs.tn.edu.tw/home,06-5721137,普通科:33(不限)；園藝科:29(不限)；食品加工科:49(不限)；畜產保健科:32(不限)；機械科:46(不限)；汽車科:26(不限)；電子科:32(不限)；電機科:22(不限)；化工科:32(不限)；電腦機械製圖科:32(不限),333,333,普通／綜合高中與專業方向並行，主要招生方向包含普通科、園藝科、食品加工科、畜產保健科、機械科、汽車科、電子科、電機科；實際分流依115學年度校方公告。,國立曾文高級農工職業學校：115學年度兼具一般學術課程與園藝科、食品加工科、畜產保健科、機械科、汽車科、電子科、電機科等專業方向，搭配校訂課程、多元選修、探究實作與生涯分流。,國立曾文高級農工職業學校：各專業科別依115學年度課程安排實習、實作與專題製作，學生透過操作、作品或成果發表整合所學。,國立曾文高級農工職業學校：目前沒有可公開確認的一般高中部固定校車／學生專車路線；一般公共運輸方式另列於「通勤資訊」。,國立曾文高級農工職業學校：可由臺鐵善化站或隆田站轉乘往麻豆方向公車，在麻豆市區學校周邊站點下車後步行到校。,國立曾文高級農工職業學校：目前沒有可公開確認的一般高中職學生固定住宿申請方案；特定隊伍、特殊班別或特殊身分住宿不視為一般學生住宿。,https://www.google.com/maps/search/?api=1&query=%E5%9C%8B%E7%AB%8B%E6%9B%BE%E6%96%87%E9%AB%98%E7%B4%9A%E8%BE%B2%E5%B7%A5%E8%81%B7%E6%A5%AD%E5%AD%B8%E6%A0%A1%20721%20%E8%87%BA%E5%8D%97%E5%B8%82%E9%BA%BB%E8%B1%86%E5%8D%80%E5%8D%97%E5%8B%A21%E8%99%9F,https://www.twivs.tn.edu.tw/home | https://courset.k12ea.gov.tw/courseinformation/indexStu01.asp,https://www.twivs.tn.edu.tw/home | https://courset.k12ea.gov.tw/courseinformation/indexStu01.asp,https://www.twivs.tn.edu.tw/home,https://www.google.com/maps/search/?api=1&query=%E5%9C%8B%E7%AB%8B%E6%9B%BE%E6%96%87%E9%AB%98%E7%B4%9A%E8%BE%B2%E5%B7%A5%E8%81%B7%E6%A5%AD%E5%AD%B8%E6%A0%A1%20721%20%E8%87%BA%E5%8D%97%E5%B8%82%E9%BA%BB%E8%B1%86%E5%8D%80%E5%8D%97%E5%8B%A21%E8%99%9F,https://www.twivs.tn.edu.tw/home,https://www.twivs.tn.edu.tw/home,https://www.twivs.tn.edu.tw/home,2026-09-08
,110B02,國立新豐高級中學進修部,公立,臺南區免試入學進修部,進修部,男女校,臺南市,歸仁區,711 臺南市歸仁區中正北路一段148號,https://www.sfsh.tn.edu.tw/home,06-2304082,商業經營科(夜間班):18(不限)；照顧服務科(夜間班):18(不限),36,36,進修部主要招生方向為商業經營科、照顧服務科；實際課程與特色依115學年度進修部公告。,國立新豐高級中學進修部：115學年度以商業經營科(夜間班)、照顧服務科(夜間班)為主要學習方向，課程配置一般科目、專業科目及實作／實習內容，依進修部課程計畫分年修習。,國立新豐高級中學進修部：依115學年度進修部課程安排專業實作、實習科目與成果任務，將夜間課程所學應用於操作與專題成果。,國立新豐高級中學進修部：目前沒有可公開確認的一般高中部固定校車／學生專車路線；一般公共運輸方式另列於「通勤資訊」。,國立新豐高級中學進修部：可由高鐵臺南站、臺鐵沙崙線或臺南市區轉乘往歸仁方向公車，在學校周邊站點下車後步行到校。,國立新豐高級中學進修部：目前沒有可公開確認的一般高中職學生固定住宿申請方案；特定隊伍、特殊班別或特殊身分住宿不視為一般學生住宿。,https://www.google.com/maps/search/?api=1&query=%E5%9C%8B%E7%AB%8B%E6%96%B0%E8%B1%90%E9%AB%98%E7%B4%9A%E4%B8%AD%E5%AD%B8%E9%80%B2%E4%BF%AE%E9%83%A8%20711%20%E8%87%BA%E5%8D%97%E5%B8%82%E6%AD%B8%E4%BB%81%E5%8D%80%E4%B8%AD%E6%AD%A3%E5%8C%97%E8%B7%AF%E4%B8%80%E6%AE%B5148%E8%99%9F,https://www.sfsh.tn.edu.tw/home | https://courset.k12ea.gov.tw/courseinformation/indexStu01.asp,https://www.sfsh.tn.edu.tw/home | https://courset.k12ea.gov.tw/courseinformation/indexStu01.asp,https://www.sfsh.tn.edu.tw/home,https://www.google.com/maps/search/?api=1&query=%E5%9C%8B%E7%AB%8B%E6%96%B0%E8%B1%90%E9%AB%98%E7%B4%9A%E4%B8%AD%E5%AD%B8%E9%80%B2%E4%BF%AE%E9%83%A8%20711%20%E8%87%BA%E5%8D%97%E5%B8%82%E6%AD%B8%E4%BB%81%E5%8D%80%E4%B8%AD%E6%AD%A3%E5%8C%97%E8%B7%AF%E4%B8%80%E6%AE%B5148%E8%99%9F,https://www.sfsh.tn.edu.tw/home,https://www.sfsh.tn.edu.tw/home,https://www.sfsh.tn.edu.tw/home,2026-09-08
,110C01,國立新化高級工業職業學校進修部,公立,臺南區免試入學進修部,進修部,男女校,臺南市,新化區,712 臺南市新化區信義路54號,https://www.hhvs.tn.edu.tw/,06-5903994,電子科(夜間班):20(不限),20,20,進修部主要招生方向為電子科；實際課程與特色依115學年度進修部公告。,國立新化高級工業職業學校進修部：115學年度以電子科(夜間班)為主要學習方向，課程配置一般科目、專業科目及實作／實習內容，依進修部課程計畫分年修習。,國立新化高級工業職業學校進修部：依115學年度進修部課程安排專業實作、實習科目與成果任務，將夜間課程所學應用於操作與專題成果。,國立新化高級工業職業學校進修部：目前沒有可公開確認的一般高中部固定校車／學生專車路線；一般公共運輸方式另列於「通勤資訊」。,國立新化高級工業職業學校進修部：可由臺鐵新市站轉乘往新化方向公車，在新化市區學校周邊站點下車後步行到校。,國立新化高級工業職業學校進修部：目前沒有可公開確認的一般高中職學生固定住宿申請方案；特定隊伍、特殊班別或特殊身分住宿不視為一般學生住宿。,https://www.google.com/maps/search/?api=1&query=%E5%9C%8B%E7%AB%8B%E6%96%B0%E5%8C%96%E9%AB%98%E7%B4%9A%E5%B7%A5%E6%A5%AD%E8%81%B7%E6%A5%AD%E5%AD%B8%E6%A0%A1%E9%80%B2%E4%BF%AE%E9%83%A8%20712%20%E8%87%BA%E5%8D%97%E5%B8%82%E6%96%B0%E5%8C%96%E5%8D%80%E4%BF%A1%E7%BE%A9%E8%B7%AF54%E8%99%9F,https://www.hhvs.tn.edu.tw/ | https://courset.k12ea.gov.tw/courseinformation/indexStu01.asp,https://www.hhvs.tn.edu.tw/ | https://courset.k12ea.gov.tw/courseinformation/indexStu01.asp,https://www.hhvs.tn.edu.tw/,https://www.google.com/maps/search/?api=1&query=%E5%9C%8B%E7%AB%8B%E6%96%B0%E5%8C%96%E9%AB%98%E7%B4%9A%E5%B7%A5%E6%A5%AD%E8%81%B7%E6%A5%AD%E5%AD%B8%E6%A0%A1%E9%80%B2%E4%BF%AE%E9%83%A8%20712%20%E8%87%BA%E5%8D%97%E5%B8%82%E6%96%B0%E5%8C%96%E5%8D%80%E4%BF%A1%E7%BE%A9%E8%B7%AF54%E8%99%9F,https://www.hhvs.tn.edu.tw/,https://www.hhvs.tn.edu.tw/,https://www.hhvs.tn.edu.tw/,2026-09-08
,110C04,國立北門高級農工職業學校進修部,公立,臺南區免試入學進修部,進修部,男女校,臺南市,佳里區,722 臺南市佳里區六安里117號,https://www.pmai.tn.edu.tw/,06-7260148,資料處理科(夜間班):14(不限),14,14,進修部主要招生方向為資料處理科；實際課程與特色依115學年度進修部公告。,國立北門高級農工職業學校進修部：115學年度以資料處理科(夜間班)為主要學習方向，課程配置一般科目、專業科目及實作／實習內容，依進修部課程計畫分年修習。,國立北門高級農工職業學校進修部：依115學年度進修部課程安排專業實作、實習科目與成果任務，將夜間課程所學應用於操作與專題成果。,國立北門高級農工職業學校進修部：目前沒有可公開確認的一般高中部固定校車／學生專車路線；一般公共運輸方式另列於「通勤資訊」。,國立北門高級農工職業學校進修部：可由臺鐵善化站或臺南市區轉乘往佳里轉運站方向公車，再轉乘或步行至學校。,國立北門高級農工職業學校進修部：目前沒有可公開確認的一般高中職學生固定住宿申請方案；特定隊伍、特殊班別或特殊身分住宿不視為一般學生住宿。,https://www.google.com/maps/search/?api=1&query=%E5%9C%8B%E7%AB%8B%E5%8C%97%E9%96%80%E9%AB%98%E7%B4%9A%E8%BE%B2%E5%B7%A5%E8%81%B7%E6%A5%AD%E5%AD%B8%E6%A0%A1%E9%80%B2%E4%BF%AE%E9%83%A8%20722%20%E8%87%BA%E5%8D%97%E5%B8%82%E4%BD%B3%E9%87%8C%E5%8D%80%E5%85%AD%E5%AE%89%E9%87%8C117%E8%99%9F,https://www.pmai.tn.edu.tw/ | https://courset.k12ea.gov.tw/courseinformation/indexStu01.asp,https://www.pmai.tn.edu.tw/ | https://courset.k12ea.gov.tw/courseinformation/indexStu01.asp,https://www.pmai.tn.edu.tw/,https://www.google.com/maps/search/?api=1&query=%E5%9C%8B%E7%AB%8B%E5%8C%97%E9%96%80%E9%AB%98%E7%B4%9A%E8%BE%B2%E5%B7%A5%E8%81%B7%E6%A5%AD%E5%AD%B8%E6%A0%A1%E9%80%B2%E4%BF%AE%E9%83%A8%20722%20%E8%87%BA%E5%8D%97%E5%B8%82%E4%BD%B3%E9%87%8C%E5%8D%80%E5%85%AD%E5%AE%89%E9%87%8C117%E8%99%9F,https://www.pmai.tn.edu.tw/,https://www.pmai.tn.edu.tw/,https://www.pmai.tn.edu.tw/,2026-09-08
,110C06,國立新營高級工業職業學校進修部,公立,臺南區免試入學進修部,進修部,男女校,臺南市,新營區,730 臺南市新營區中正路68號,https://www.hyivs.tn.edu.tw/,06-6322377,餐飲管理科(夜間班):17(不限),17,17,進修部主要招生方向為餐飲管理科；實際課程與特色依115學年度進修部公告。,國立新營高級工業職業學校進修部：115學年度以餐飲管理科(夜間班)為主要學習方向，課程配置一般科目、專業科目及實作／實習內容，依進修部課程計畫分年修習。,國立新營高級工業職業學校進修部：依115學年度進修部課程安排專業實作、實習科目與成果任務，將夜間課程所學應用於操作與專題成果。,國立新營高級工業職業學校進修部：目前沒有可公開確認的一般高中部固定校車／學生專車路線；一般公共運輸方式另列於「通勤資訊」。,國立新營高級工業職業學校進修部：可由臺鐵新營站轉乘新營市區公車至學校周邊站點，下車後步行到校。,國立新營高級工業職業學校進修部：目前沒有可公開確認的一般高中職學生固定住宿申請方案；特定隊伍、特殊班別或特殊身分住宿不視為一般學生住宿。,https://www.google.com/maps/search/?api=1&query=%E5%9C%8B%E7%AB%8B%E6%96%B0%E7%87%9F%E9%AB%98%E7%B4%9A%E5%B7%A5%E6%A5%AD%E8%81%B7%E6%A5%AD%E5%AD%B8%E6%A0%A1%E9%80%B2%E4%BF%AE%E9%83%A8%20730%20%E8%87%BA%E5%8D%97%E5%B8%82%E6%96%B0%E7%87%9F%E5%8D%80%E4%B8%AD%E6%AD%A3%E8%B7%AF68%E8%99%9F,https://www.hyivs.tn.edu.tw/ | https://courset.k12ea.gov.tw/courseinformation/indexStu01.asp,https://www.hyivs.tn.edu.tw/ | https://courset.k12ea.gov.tw/courseinformation/indexStu01.asp,https://www.hyivs.tn.edu.tw/,https://www.google.com/maps/search/?api=1&query=%E5%9C%8B%E7%AB%8B%E6%96%B0%E7%87%9F%E9%AB%98%E7%B4%9A%E5%B7%A5%E6%A5%AD%E8%81%B7%E6%A5%AD%E5%AD%B8%E6%A0%A1%E9%80%B2%E4%BF%AE%E9%83%A8%20730%20%E8%87%BA%E5%8D%97%E5%B8%82%E6%96%B0%E7%87%9F%E5%8D%80%E4%B8%AD%E6%AD%A3%E8%B7%AF68%E8%99%9F,https://www.hyivs.tn.edu.tw/,https://www.hyivs.tn.edu.tw/,https://www.hyivs.tn.edu.tw/,2026-09-08
,110C09,國立成功大學附屬臺南工業高級中等學校進修部,公立,臺南區免試入學進修部,進修部,男女校,臺南市,永康區,710 臺南市永康區中山南路193號,https://www.ptivs.tn.edu.tw/,06-2322131,機械科(夜間班):22(不限)；資訊科(夜間班):22(不限)；電子科(夜間班):22(不限)；電機科(夜間班):21(不限)；建築科(夜間班):22(不限)；機電科(夜間班):22(不限)；室內空間設計科(夜間班):22(不限)；電腦機械製圖科(夜間班):22(不限),175,175,進修部主要招生方向為機械科、資訊科、電子科、電機科、建築科、機電科、室內空間設計科、電腦機械製圖科；實際課程與特色依115學年度進修部公告。,國立成功大學附屬臺南工業高級中等學校進修部：115學年度以機械科(夜間班)、資訊科(夜間班)、電子科(夜間班)、電機科(夜間班)、建築科(夜間班)、機電科(夜間班)、室內空間設計科(夜間班)、電腦機械製圖科(夜間班)為主要學習方向，課程配置一般科目、專業科目及實作／實習內容，依進修部課程計畫分年修習。,國立成功大學附屬臺南工業高級中等學校進修部：依115學年度進修部課程安排專業實作、實習科目與成果任務，將夜間課程所學應用於操作與專題成果。,國立成功大學附屬臺南工業高級中等學校進修部：目前沒有可公開確認的一般高中部固定校車／學生專車路線；一般公共運輸方式另列於「通勤資訊」。,國立成功大學附屬臺南工業高級中等學校進修部：可由臺鐵永康站、大橋站或臺南站轉乘永康地區市區公車至學校周邊站點，再步行到校。,國立成功大學附屬臺南工業高級中等學校進修部：目前沒有可公開確認的一般高中職學生固定住宿申請方案；特定隊伍、特殊班別或特殊身分住宿不視為一般學生住宿。,https://www.google.com/maps/search/?api=1&query=%E5%9C%8B%E7%AB%8B%E6%88%90%E5%8A%9F%E5%A4%A7%E5%AD%B8%E9%99%84%E5%B1%AC%E8%87%BA%E5%8D%97%E5%B7%A5%E6%A5%AD%E9%AB%98%E7%B4%9A%E4%B8%AD%E7%AD%89%E5%AD%B8%E6%A0%A1%E9%80%B2%E4%BF%AE%E9%83%A8%20710%20%E8%87%BA%E5%8D%97%E5%B8%82%E6%B0%B8%E5%BA%B7%E5%8D%80%E4%B8%AD%E5%B1%B1%E5%8D%97%E8%B7%AF193%E8%99%9F,https://www.ptivs.tn.edu.tw/ | https://courset.k12ea.gov.tw/courseinformation/indexStu01.asp,https://www.ptivs.tn.edu.tw/ | https://courset.k12ea.gov.tw/courseinformation/indexStu01.asp,https://www.ptivs.tn.edu.tw/,https://www.google.com/maps/search/?api=1&query=%E5%9C%8B%E7%AB%8B%E6%88%90%E5%8A%9F%E5%A4%A7%E5%AD%B8%E9%99%84%E5%B1%AC%E8%87%BA%E5%8D%97%E5%B7%A5%E6%A5%AD%E9%AB%98%E7%B4%9A%E4%B8%AD%E7%AD%89%E5%AD%B8%E6%A0%A1%E9%80%B2%E4%BF%AE%E9%83%A8%20710%20%E8%87%BA%E5%8D%97%E5%B8%82%E6%B0%B8%E5%BA%B7%E5%8D%80%E4%B8%AD%E5%B1%B1%E5%8D%97%E8%B7%AF193%E8%99%9F,https://www.ptivs.tn.edu.tw/,https://www.ptivs.tn.edu.tw/,https://www.ptivs.tn.edu.tw/,2026-09-08
,111313,臺南市私立南光高級中學,私立,臺南區免試入學日間部,高中,男女校,臺南市,新營區,730 臺南市新營區中興路62號,https://www.nkhs.tn.edu.tw/,06-6335408,普通科:128(不限),128,128,普通型高中；特色班、實驗班與資優／藝才班依115學年度校方公告。,臺南市私立南光高級中學：普通科課程結合自然科學實驗、雙語教育實驗、多元選修與自主學習，並以課程地圖協助學生規劃學習路徑。,臺南市私立南光高級中學：以自然科學探究與實作、社會領域探究、自主學習及成果發表作為主要實作／專題型學習。,臺南市私立南光高級中學：目前沒有可公開確認的一般高中部固定校車／學生專車路線；一般公共運輸方式另列於「通勤資訊」。,臺南市私立南光高級中學：可由臺鐵新營站轉乘新營市區公車至學校周邊站點，下車後步行到校。,臺南市私立南光高級中學：目前沒有可公開確認的一般高中職學生固定住宿申請方案；特定隊伍、特殊班別或特殊身分住宿不視為一般學生住宿。,https://www.google.com/maps/search/?api=1&query=%E8%87%BA%E5%8D%97%E5%B8%82%E7%A7%81%E7%AB%8B%E5%8D%97%E5%85%89%E9%AB%98%E7%B4%9A%E4%B8%AD%E5%AD%B8%20730%20%E8%87%BA%E5%8D%97%E5%B8%82%E6%96%B0%E7%87%9F%E5%8D%80%E4%B8%AD%E8%88%88%E8%B7%AF62%E8%99%9F,https://www.nkhs.tn.edu.tw/ | https://courset.k12ea.gov.tw/courseinformation/indexStu01.asp,https://www.nkhs.tn.edu.tw/ | https://courset.k12ea.gov.tw/courseinformation/indexStu01.asp,https://www.nkhs.tn.edu.tw/,https://www.google.com/maps/search/?api=1&query=%E8%87%BA%E5%8D%97%E5%B8%82%E7%A7%81%E7%AB%8B%E5%8D%97%E5%85%89%E9%AB%98%E7%B4%9A%E4%B8%AD%E5%AD%B8%20730%20%E8%87%BA%E5%8D%97%E5%B8%82%E6%96%B0%E7%87%9F%E5%8D%80%E4%B8%AD%E8%88%88%E8%B7%AF62%E8%99%9F,https://www.nkhs.tn.edu.tw/,https://www.nkhs.tn.edu.tw/,https://www.nkhs.tn.edu.tw/,2026-09-08
,111320,臺南市私立港明高級中學,私立,臺南區免試入學日間部,高中,男女校,臺南市,西港區,723 臺南市西港區慶安路229號,https://www.kmsh.tn.edu.tw/km107/index.php,06-7952025,普通科:258(不限),258,258,普通型高中；特色班、實驗班與資優／藝才班依115學年度校方公告。,臺南市私立港明高級中學：115學年度普通科包含數理實驗班與語文實驗班，搭配校訂課程、多元選修、探究實作與自主學習。,臺南市私立港明高級中學：以自然科學探究與實作、社會領域探究、自主學習及成果發表作為主要實作／專題型學習。,有校車。115學年度校方仍配置校車司機，學生通學校車由校方交通業務管理。,臺南市私立港明高級中學：可由佳里轉運站或臺南市區轉乘往西港方向公車，在學校周邊站點下車後步行到校。,臺南市私立港明高級中學：目前沒有可公開確認的一般高中職學生固定住宿申請方案；特定隊伍、特殊班別或特殊身分住宿不視為一般學生住宿。,https://www.google.com/maps/search/?api=1&query=%E8%87%BA%E5%8D%97%E5%B8%82%E7%A7%81%E7%AB%8B%E6%B8%AF%E6%98%8E%E9%AB%98%E7%B4%9A%E4%B8%AD%E5%AD%B8%20723%20%E8%87%BA%E5%8D%97%E5%B8%82%E8%A5%BF%E6%B8%AF%E5%8D%80%E6%85%B6%E5%AE%89%E8%B7%AF229%E8%99%9F,https://www.kmsh.tn.edu.tw/km107/edu_cur_plan.htm | https://courset.k12ea.gov.tw/courseinformation/indexStu01.asp,https://www.kmsh.tn.edu.tw/km107/edu_cur_plan.htm | https://courset.k12ea.gov.tw/courseinformation/indexStu01.asp,https://www.kmsh.tn.edu.tw/gov/per/index.php,https://www.google.com/maps/search/?api=1&query=%E8%87%BA%E5%8D%97%E5%B8%82%E7%A7%81%E7%AB%8B%E6%B8%AF%E6%98%8E%E9%AB%98%E7%B4%9A%E4%B8%AD%E5%AD%B8%20723%20%E8%87%BA%E5%8D%97%E5%B8%82%E8%A5%BF%E6%B8%AF%E5%8D%80%E6%85%B6%E5%AE%89%E8%B7%AF229%E8%99%9F,https://www.kmsh.tn.edu.tw/km107/index.php,https://www.kmsh.tn.edu.tw/km107/index.php,https://www.kmsh.tn.edu.tw/km107/index.php,2026-09-08
,111321,中信金國際學校財團法人臺南市私立中信國際高級中等學校,私立,臺南區免試入學日間部,高中,男女校,臺南市,新營區,730 臺南市新營區大同路86號,https://ctbchs.tn.edu.tw/,06-6352201,普通科:84(不限),84,84,普通型高中；特色班、實驗班與資優／藝才班依115學年度校方公告。,中信金國際學校財團法人臺南市私立中信國際高級中等學校：115學年度以普通高中部定課程為基礎，搭配校訂必修、多元選修、自然與社會探究實作、自主學習及生涯探索。,中信金國際學校財團法人臺南市私立中信國際高級中等學校：以自然科學探究與實作、社會領域探究、自主學習及成果發表作為主要實作／專題型學習。,中信金國際學校財團法人臺南市私立中信國際高級中等學校：目前沒有可公開確認的一般高中部固定校車／學生專車路線；一般公共運輸方式另列於「通勤資訊」。,中信金國際學校財團法人臺南市私立中信國際高級中等學校：可由臺鐵新營站轉乘新營市區公車至學校周邊站點，下車後步行到校。,中信金國際學校財團法人臺南市私立中信國際高級中等學校：目前沒有可公開確認的一般高中職學生固定住宿申請方案；特定隊伍、特殊班別或特殊身分住宿不視為一般學生住宿。,https://www.google.com/maps/search/?api=1&query=%E4%B8%AD%E4%BF%A1%E9%87%91%E5%9C%8B%E9%9A%9B%E5%AD%B8%E6%A0%A1%E8%B2%A1%E5%9C%98%E6%B3%95%E4%BA%BA%E8%87%BA%E5%8D%97%E5%B8%82%E7%A7%81%E7%AB%8B%E4%B8%AD%E4%BF%A1%E5%9C%8B%E9%9A%9B%E9%AB%98%E7%B4%9A%E4%B8%AD%E7%AD%89%E5%AD%B8%E6%A0%A1%20730%20%E8%87%BA%E5%8D%97%E5%B8%82%E6%96%B0%E7%87%9F%E5%8D%80%E5%A4%A7%E5%90%8C%E8%B7%AF86%E8%99%9F,https://ctbchs.tn.edu.tw/ | https://courset.k12ea.gov.tw/courseinformation/indexStu01.asp,https://ctbchs.tn.edu.tw/ | https://courset.k12ea.gov.tw/courseinformation/indexStu01.asp,https://ctbchs.tn.edu.tw/,https://www.google.com/maps/search/?api=1&query=%E4%B8%AD%E4%BF%A1%E9%87%91%E5%9C%8B%E9%9A%9B%E5%AD%B8%E6%A0%A1%E8%B2%A1%E5%9C%98%E6%B3%95%E4%BA%BA%E8%87%BA%E5%8D%97%E5%B8%82%E7%A7%81%E7%AB%8B%E4%B8%AD%E4%BF%A1%E5%9C%8B%E9%9A%9B%E9%AB%98%E7%B4%9A%E4%B8%AD%E7%AD%89%E5%AD%B8%E6%A0%A1%20730%20%E8%87%BA%E5%8D%97%E5%B8%82%E6%96%B0%E7%87%9F%E5%8D%80%E5%A4%A7%E5%90%8C%E8%B7%AF86%E8%99%9F,https://ctbchs.tn.edu.tw/,https://ctbchs.tn.edu.tw/,https://ctbchs.tn.edu.tw/,2026-09-08
,111322,臺南市私立明達高級中學,私立,臺南區免試入學日間部,高中,男女校,臺南市,鹽水區,737 臺南市鹽水區忠孝路73號,https://www.mdsh.tn.edu.tw/,06-6521178,普通科:49(不限),49,49,普通型高中；特色班、實驗班與資優／藝才班依115學年度校方公告。,臺南市私立明達高級中學：115學年度以普通高中部定課程為基礎，搭配校訂必修、多元選修、自然與社會探究實作、自主學習及生涯探索。,臺南市私立明達高級中學：以自然科學探究與實作、社會領域探究、自主學習及成果發表作為主要實作／專題型學習。,臺南市私立明達高級中學：目前沒有可公開確認的一般高中部固定校車／學生專車路線；一般公共運輸方式另列於「通勤資訊」。,臺南市私立明達高級中學：可由臺鐵新營站轉乘往鹽水方向公車，在鹽水市區學校周邊站點下車後步行到校。,臺南市私立明達高級中學：目前沒有可公開確認的一般高中職學生固定住宿申請方案；特定隊伍、特殊班別或特殊身分住宿不視為一般學生住宿。,https://www.google.com/maps/search/?api=1&query=%E8%87%BA%E5%8D%97%E5%B8%82%E7%A7%81%E7%AB%8B%E6%98%8E%E9%81%94%E9%AB%98%E7%B4%9A%E4%B8%AD%E5%AD%B8%20737%20%E8%87%BA%E5%8D%97%E5%B8%82%E9%B9%BD%E6%B0%B4%E5%8D%80%E5%BF%A0%E5%AD%9D%E8%B7%AF73%E8%99%9F,https://www.mdsh.tn.edu.tw/home/ | https://courset.k12ea.gov.tw/courseinformation/indexStu01.asp,https://www.mdsh.tn.edu.tw/home/ | https://courset.k12ea.gov.tw/courseinformation/indexStu01.asp,https://www.mdsh.tn.edu.tw/,https://www.google.com/maps/search/?api=1&query=%E8%87%BA%E5%8D%97%E5%B8%82%E7%A7%81%E7%AB%8B%E6%98%8E%E9%81%94%E9%AB%98%E7%B4%9A%E4%B8%AD%E5%AD%B8%20737%20%E8%87%BA%E5%8D%97%E5%B8%82%E9%B9%BD%E6%B0%B4%E5%8D%80%E5%BF%A0%E5%AD%9D%E8%B7%AF73%E8%99%9F,https://www.mdsh.tn.edu.tw/,https://www.mdsh.tn.edu.tw/,https://www.mdsh.tn.edu.tw/,2026-09-08
,111323,方濟會學校財團法人臺南市黎明高級中學,私立,臺南區免試入學日間部,高中,男女校,臺南市,麻豆區,721 臺南市麻豆區井東里磚子井141號,https://www.lmsh.tn.edu.tw/,06-5717123,普通科:151(不限),151,151,普通型高中；特色班、實驗班與資優／藝才班依115學年度校方公告。,方濟會學校財團法人臺南市黎明高級中學：115學年度以普通高中部定課程為基礎，搭配校訂必修、多元選修、自然與社會探究實作、自主學習及生涯探索。,方濟會學校財團法人臺南市黎明高級中學：以自然科學探究與實作、社會領域探究、自主學習及成果發表作為主要實作／專題型學習。,有校車。校方服務入口設有校車資訊，學生依校方公布之路線與站點搭乘。,方濟會學校財團法人臺南市黎明高級中學：可由臺鐵善化站或隆田站轉乘往麻豆方向公車，在麻豆市區學校周邊站點下車後步行到校。,方濟會學校財團法人臺南市黎明高級中學：目前沒有可公開確認的一般高中職學生固定住宿申請方案；特定隊伍、特殊班別或特殊身分住宿不視為一般學生住宿。,https://www.google.com/maps/search/?api=1&query=%E6%96%B9%E6%BF%9F%E6%9C%83%E5%AD%B8%E6%A0%A1%E8%B2%A1%E5%9C%98%E6%B3%95%E4%BA%BA%E8%87%BA%E5%8D%97%E5%B8%82%E9%BB%8E%E6%98%8E%E9%AB%98%E7%B4%9A%E4%B8%AD%E5%AD%B8%20721%20%E8%87%BA%E5%8D%97%E5%B8%82%E9%BA%BB%E8%B1%86%E5%8D%80%E4%BA%95%E6%9D%B1%E9%87%8C%E7%A3%9A%E5%AD%90%E4%BA%95141%E8%99%9F,https://www.lmsh.tn.edu.tw/ | https://courset.k12ea.gov.tw/courseinformation/indexStu01.asp,https://www.lmsh.tn.edu.tw/ | https://courset.k12ea.gov.tw/courseinformation/indexStu01.asp,https://www.lmsh.tn.edu.tw/home?cid=1668,https://www.google.com/maps/search/?api=1&query=%E6%96%B9%E6%BF%9F%E6%9C%83%E5%AD%B8%E6%A0%A1%E8%B2%A1%E5%9C%98%E6%B3%95%E4%BA%BA%E8%87%BA%E5%8D%97%E5%B8%82%E9%BB%8E%E6%98%8E%E9%AB%98%E7%B4%9A%E4%B8%AD%E5%AD%B8%20721%20%E8%87%BA%E5%8D%97%E5%B8%82%E9%BA%BB%E8%B1%86%E5%8D%80%E4%BA%95%E6%9D%B1%E9%87%8C%E7%A3%9A%E5%AD%90%E4%BA%95141%E8%99%9F,https://www.lmsh.tn.edu.tw/,https://www.lmsh.tn.edu.tw/,https://www.lmsh.tn.edu.tw/,2026-09-08
,111427,臺南市私立育德工業家事職業學校,私立,臺南區免試入學日間部,高職,男女校,臺南市,新營區,730 臺南市新營區健康路211號,https://sites.google.com/ytvs.tn.edu.tw/2024html,06-6563275,汽車科:22(不限)；餐飲管理科:15(不限)；時尚造型科:16(不限),53,53,以汽車科、餐飲管理科、時尚造型科等專業群科為主；特色班與實用技能／建教課程依115學年度校方公告。,臺南市私立育德工業家事職業學校：115學年度以汽車科、餐飲管理科、時尚造型科等專業科別為主，各科配置專業核心、校訂選修、實習實作及跨域應用課程。,臺南市私立育德工業家事職業學校：各專業科別依115學年度課程安排實習、實作與專題製作，學生透過操作、作品或成果發表整合所學。,臺南市私立育德工業家事職業學校：目前沒有可公開確認的一般高中部固定校車／學生專車路線；一般公共運輸方式另列於「通勤資訊」。,臺南市私立育德工業家事職業學校：可由臺鐵新營站轉乘新營市區公車至學校周邊站點，下車後步行到校。,臺南市私立育德工業家事職業學校：目前沒有可公開確認的一般高中職學生固定住宿申請方案；特定隊伍、特殊班別或特殊身分住宿不視為一般學生住宿。,https://www.google.com/maps/search/?api=1&query=%E8%87%BA%E5%8D%97%E5%B8%82%E7%A7%81%E7%AB%8B%E8%82%B2%E5%BE%B7%E5%B7%A5%E6%A5%AD%E5%AE%B6%E4%BA%8B%E8%81%B7%E6%A5%AD%E5%AD%B8%E6%A0%A1%20730%20%E8%87%BA%E5%8D%97%E5%B8%82%E6%96%B0%E7%87%9F%E5%8D%80%E5%81%A5%E5%BA%B7%E8%B7%AF211%E8%99%9F,https://sites.google.com/ytvs.tn.edu.tw/2024html | https://courset.k12ea.gov.tw/courseinformation/indexStu01.asp,https://sites.google.com/ytvs.tn.edu.tw/2024html | https://courset.k12ea.gov.tw/courseinformation/indexStu01.asp,https://sites.google.com/ytvs.tn.edu.tw/2024html,https://www.google.com/maps/search/?api=1&query=%E8%87%BA%E5%8D%97%E5%B8%82%E7%A7%81%E7%AB%8B%E8%82%B2%E5%BE%B7%E5%B7%A5%E6%A5%AD%E5%AE%B6%E4%BA%8B%E8%81%B7%E6%A5%AD%E5%AD%B8%E6%A0%A1%20730%20%E8%87%BA%E5%8D%97%E5%B8%82%E6%96%B0%E7%87%9F%E5%8D%80%E5%81%A5%E5%BA%B7%E8%B7%AF211%E8%99%9F,https://sites.google.com/ytvs.tn.edu.tw/2024html,https://sites.google.com/ytvs.tn.edu.tw/2024html,https://sites.google.com/ytvs.tn.edu.tw/2024html,2026-09-08
,111C27,臺南市私立育德工業家事職業學校進修部,私立,臺南區免試入學進修部,進修部,男女校,臺南市,新營區,730 臺南市新營區健康路211號,https://sites.google.com/ytvs.tn.edu.tw/2024html,06-6563275,餐飲管理科(夜間班):10(不限),10,10,進修部主要招生方向為餐飲管理科；實際課程與特色依115學年度進修部公告。,臺南市私立育德工業家事職業學校進修部：115學年度以餐飲管理科(夜間班)為主要學習方向，課程配置一般科目、專業科目及實作／實習內容，依進修部課程計畫分年修習。,臺南市私立育德工業家事職業學校進修部：依115學年度進修部課程安排專業實作、實習科目與成果任務，將夜間課程所學應用於操作與專題成果。,臺南市私立育德工業家事職業學校進修部：目前沒有可公開確認的一般高中部固定校車／學生專車路線；一般公共運輸方式另列於「通勤資訊」。,臺南市私立育德工業家事職業學校進修部：可由臺鐵新營站轉乘新營市區公車至學校周邊站點，下車後步行到校。,臺南市私立育德工業家事職業學校進修部：目前沒有可公開確認的一般高中職學生固定住宿申請方案；特定隊伍、特殊班別或特殊身分住宿不視為一般學生住宿。,https://www.google.com/maps/search/?api=1&query=%E8%87%BA%E5%8D%97%E5%B8%82%E7%A7%81%E7%AB%8B%E8%82%B2%E5%BE%B7%E5%B7%A5%E6%A5%AD%E5%AE%B6%E4%BA%8B%E8%81%B7%E6%A5%AD%E5%AD%B8%E6%A0%A1%E9%80%B2%E4%BF%AE%E9%83%A8%20730%20%E8%87%BA%E5%8D%97%E5%B8%82%E6%96%B0%E7%87%9F%E5%8D%80%E5%81%A5%E5%BA%B7%E8%B7%AF211%E8%99%9F,https://sites.google.com/ytvs.tn.edu.tw/2024html | https://courset.k12ea.gov.tw/courseinformation/indexStu01.asp,https://sites.google.com/ytvs.tn.edu.tw/2024html | https://courset.k12ea.gov.tw/courseinformation/indexStu01.asp,https://sites.google.com/ytvs.tn.edu.tw/2024html,https://www.google.com/maps/search/?api=1&query=%E8%87%BA%E5%8D%97%E5%B8%82%E7%A7%81%E7%AB%8B%E8%82%B2%E5%BE%B7%E5%B7%A5%E6%A5%AD%E5%AE%B6%E4%BA%8B%E8%81%B7%E6%A5%AD%E5%AD%B8%E6%A0%A1%E9%80%B2%E4%BF%AE%E9%83%A8%20730%20%E8%87%BA%E5%8D%97%E5%B8%82%E6%96%B0%E7%87%9F%E5%8D%80%E5%81%A5%E5%BA%B7%E8%B7%AF211%E8%99%9F,https://sites.google.com/ytvs.tn.edu.tw/2024html,https://sites.google.com/ytvs.tn.edu.tw/2024html,https://sites.google.com/ytvs.tn.edu.tw/2024html,2026-09-08
,114306,臺南市立大灣高級中學,公立,臺南區免試入學日間部,高中,男女校,臺南市,永康區,710 臺南市永康區文賢街68巷1號,https://www.dwhs.tn.edu.tw/,06-2714223,普通科:153(不限),153,153,普通型高中；特色班、實驗班與資優／藝才班依115學年度校方公告。,臺南市立大灣高級中學：115學年度以普通高中部定課程為基礎，搭配校訂必修、多元選修、自然與社會探究實作、自主學習及生涯探索。,臺南市立大灣高級中學：以自然科學探究與實作、社會領域探究、自主學習及成果發表作為主要實作／專題型學習。,有學生專車。115-1設A、B路線，校方公布專車路線圖、時刻表與新生線上申請。,臺南市立大灣高級中學：可由臺鐵永康站、大橋站或臺南站轉乘永康地區市區公車至學校周邊站點，再步行到校。,臺南市立大灣高級中學：目前沒有可公開確認的一般高中職學生固定住宿申請方案；特定隊伍、特殊班別或特殊身分住宿不視為一般學生住宿。,https://www.google.com/maps/search/?api=1&query=%E8%87%BA%E5%8D%97%E5%B8%82%E7%AB%8B%E5%A4%A7%E7%81%A3%E9%AB%98%E7%B4%9A%E4%B8%AD%E5%AD%B8%20710%20%E8%87%BA%E5%8D%97%E5%B8%82%E6%B0%B8%E5%BA%B7%E5%8D%80%E6%96%87%E8%B3%A2%E8%A1%9768%E5%B7%B71%E8%99%9F,https://web.dwhs.tn.edu.tw/modules/tadnews/index.php?nsn=20036 | https://courset.k12ea.gov.tw/courseinformation/indexStu01.asp,https://web.dwhs.tn.edu.tw/modules/tadnews/index.php?nsn=20036 | https://courset.k12ea.gov.tw/courseinformation/indexStu01.asp,https://www.dwhs.tn.edu.tw/modules/school/index.php?content_id=539&department_id=3&from_op=school_department_show&page_id=23&type=news&zone_id=0,https://www.google.com/maps/search/?api=1&query=%E8%87%BA%E5%8D%97%E5%B8%82%E7%AB%8B%E5%A4%A7%E7%81%A3%E9%AB%98%E7%B4%9A%E4%B8%AD%E5%AD%B8%20710%20%E8%87%BA%E5%8D%97%E5%B8%82%E6%B0%B8%E5%BA%B7%E5%8D%80%E6%96%87%E8%B3%A2%E8%A1%9768%E5%B7%B71%E8%99%9F,https://www.dwhs.tn.edu.tw/,https://www.dwhs.tn.edu.tw/,https://www.dwhs.tn.edu.tw/,2026-09-08
,114307,臺南市立永仁高級中學,公立,臺南區免試入學日間部,高中,男女校,臺南市,永康區,710 臺南市永康區忠孝路74號,https://www.yrhs.tn.edu.tw/,06-3115538,普通科:114(不限),114,114,普通型高中；特色班、實驗班與資優／藝才班依115學年度校方公告。,臺南市立永仁高級中學：115學年度以普通高中部定課程為基礎，搭配校訂必修、多元選修、自然與社會探究實作、自主學習及生涯探索。,臺南市立永仁高級中學：以自然科學探究與實作、社會領域探究、自主學習及成果發表作為主要實作／專題型學習。,臺南市立永仁高級中學：目前沒有可公開確認的一般高中部固定校車／學生專車路線；一般公共運輸方式另列於「通勤資訊」。,臺南市立永仁高級中學：可由臺鐵永康站、大橋站或臺南站轉乘永康地區市區公車至學校周邊站點，再步行到校。,臺南市立永仁高級中學：目前沒有可公開確認的一般高中職學生固定住宿申請方案；特定隊伍、特殊班別或特殊身分住宿不視為一般學生住宿。,https://www.google.com/maps/search/?api=1&query=%E8%87%BA%E5%8D%97%E5%B8%82%E7%AB%8B%E6%B0%B8%E4%BB%81%E9%AB%98%E7%B4%9A%E4%B8%AD%E5%AD%B8%20710%20%E8%87%BA%E5%8D%97%E5%B8%82%E6%B0%B8%E5%BA%B7%E5%8D%80%E5%BF%A0%E5%AD%9D%E8%B7%AF74%E8%99%9F,https://www.yrhs.tn.edu.tw/modules/school/index.php?content_id=110&department_id=2&from_op=all_news&page_id=13&type=news&zone_id=0 | https://courset.k12ea.gov.tw/courseinformation/indexStu01.asp,https://www.yrhs.tn.edu.tw/modules/school/index.php?content_id=110&department_id=2&from_op=all_news&page_id=13&type=news&zone_id=0 | https://courset.k12ea.gov.tw/courseinformation/indexStu01.asp,https://www.yrhs.tn.edu.tw/,https://www.google.com/maps/search/?api=1&query=%E8%87%BA%E5%8D%97%E5%B8%82%E7%AB%8B%E6%B0%B8%E4%BB%81%E9%AB%98%E7%B4%9A%E4%B8%AD%E5%AD%B8%20710%20%E8%87%BA%E5%8D%97%E5%B8%82%E6%B0%B8%E5%BA%B7%E5%8D%80%E5%BF%A0%E5%AD%9D%E8%B7%AF74%E8%99%9F,https://www.yrhs.tn.edu.tw/,https://www.yrhs.tn.edu.tw/,https://www.yrhs.tn.edu.tw/,2026-09-08
,114344,臺南市立沙崙國際高級中等學校,公立,臺南區免試入學日間部,高中,男女校,臺南市,歸仁區,711 臺南市歸仁區武東里歸仁六路2號,https://www.slsh.tn.edu.tw/,06-3032062,普通科:86(不限),86,86,K-12國際實驗教育取向，強調AI、科技、永續、國際教育與跨域實作。,臺南市立沙崙國際高級中等學校：K-12國際教育取向，高中課程強調AI、科技、永續、國際教育與跨域實作，並以專題與自主學習延伸學習。,臺南市立沙崙國際高級中等學校：以AI、機器人、科技、永續與跨域專題為主要實作方向，學生透過專案、作品與成果發表累積學習歷程。,臺南市立沙崙國際高級中等學校：目前沒有可公開確認的一般高中部固定校車／學生專車路線；一般公共運輸方式另列於「通勤資訊」。,臺南市立沙崙國際高級中等學校：可由臺鐵沙崙線／高鐵臺南站前往歸仁沙崙地區，再轉乘市區公車至學校周邊站點。,臺南市立沙崙國際高級中等學校：目前沒有可公開確認的一般高中職學生固定住宿申請方案；特定隊伍、特殊班別或特殊身分住宿不視為一般學生住宿。,https://www.google.com/maps/search/?api=1&query=%E8%87%BA%E5%8D%97%E5%B8%82%E7%AB%8B%E6%B2%99%E5%B4%99%E5%9C%8B%E9%9A%9B%E9%AB%98%E7%B4%9A%E4%B8%AD%E7%AD%89%E5%AD%B8%E6%A0%A1%20711%20%E8%87%BA%E5%8D%97%E5%B8%82%E6%AD%B8%E4%BB%81%E5%8D%80%E6%AD%A6%E6%9D%B1%E9%87%8C%E6%AD%B8%E4%BB%81%E5%85%AD%E8%B7%AF2%E8%99%9F,https://www.slsh.tn.edu.tw/ | https://courset.k12ea.gov.tw/courseinformation/indexStu01.asp,https://www.slsh.tn.edu.tw/ | https://courset.k12ea.gov.tw/courseinformation/indexStu01.asp,https://www.slsh.tn.edu.tw/,https://www.google.com/maps/search/?api=1&query=%E8%87%BA%E5%8D%97%E5%B8%82%E7%AB%8B%E6%B2%99%E5%B4%99%E5%9C%8B%E9%9A%9B%E9%AB%98%E7%B4%9A%E4%B8%AD%E7%AD%89%E5%AD%B8%E6%A0%A1%20711%20%E8%87%BA%E5%8D%97%E5%B8%82%E6%AD%B8%E4%BB%81%E5%8D%80%E6%AD%A6%E6%9D%B1%E9%87%8C%E6%AD%B8%E4%BB%81%E5%85%AD%E8%B7%AF2%E8%99%9F,https://www.slsh.tn.edu.tw/,https://www.slsh.tn.edu.tw/,https://www.slsh.tn.edu.tw/,2026-09-08
,120304,國立岡山高級中學,公立,臺南區免試入學日間部,高中,男女校,高雄市,岡山區,高雄市岡山區公園路52號,https://www.kssh.khc.edu.tw/,(07)6212033,普通科:10(不限),10,10,請以各校當年度公告為準,國立岡山高中以部定必修、校訂課程、多元選修與彈性學習為主，115學年度課程包含自然科學探究與實作、社會領域探究等學習內容；另設有體育班等班別，相關課程依班別深化。,國立岡山高中以自然科學探究與實作、社會領域探究、自主學習及成果發表作為高中階段的實作／專題型學習。,有學生專車。校方交通資料提供岡山高中學生專車路線與時刻，供學生上下學使用。,可先至臺鐵岡山站或捷運岡山／南岡山一帶，再轉乘紅69等岡山地區公車至岡山高中周邊。,國立岡山高中的一般高中職學生住宿目前沒有固定公開申請資訊。,https://www.google.com/maps/search/?api=1&query=%E5%9C%8B%E7%AB%8B%E5%B2%A1%E5%B1%B1%E9%AB%98%E7%B4%9A%E4%B8%AD%E5%AD%B8%20%E9%AB%98%E9%9B%84%E5%B8%82%E5%B2%A1%E5%B1%B1%E5%8D%80%E5%85%AC%E5%9C%92%E8%B7%AF52%E8%99%9F,https://www.kssh.khc.edu.tw/p/412-1001-613.php,https://www.kssh.khc.edu.tw/p/412-1001-613.php,https://www.kssh.khc.edu.tw/var/file/1/1001/attach/8/pta_91256_451786_41870.pdf,https://www.kssh.khc.edu.tw/var/file/1/1001/attach/8/pta_91256_451786_41870.pdf,https://www.kssh.khc.edu.tw/,https://www.kssh.khc.edu.tw/,https://www.kssh.khc.edu.tw/,2026-09-08
,120311,國立旗美高級中學,公立,臺南區免試入學日間部,綜高,男女校,高雄市,旗山區,高雄市旗山區東平里樹人路21號,https://www.cmsh.khc.edu.tw/,(07)6612502,普通科:10(不限)；家政群不分科:4(不限)；多媒體設計科:2(不限),16,16,請以各校當年度公告為準,國立旗美高中兼具普通高中學術課程與體育班、多媒體設計科、家政科、幼兒保育科等專業方向，課程包含語文數理、探究學習、多元選修及技術專業課程，提供學術與職涯兩種延伸路徑。,國立旗美高中的體育班、多媒體設計科、家政科、幼兒保育科依115學年度課程安排專業實作、實習科目與專題製作，學生透過作品、操作練習及成果發表整合所學。,有學生專車。115學年度新生資料提供專車路線及發車時刻，包含甲仙、圓潭、美濃、南化等方向。,可先到旗山轉運站，再轉乘旗山、內門、美濃等方向公車至東平里樹人路周邊站點，步行到國立旗美高中。,學校設有學生宿舍。115學年度新生資料提供住宿申請及宿舍生活規範，學生依申請程序入住。,https://www.google.com/maps/search/?api=1&query=%E5%9C%8B%E7%AB%8B%E6%97%97%E7%BE%8E%E9%AB%98%E7%B4%9A%E4%B8%AD%E5%AD%B8%20%E9%AB%98%E9%9B%84%E5%B8%82%E6%97%97%E5%B1%B1%E5%8D%80%E6%9D%B1%E5%B9%B3%E9%87%8C%E6%A8%B9%E4%BA%BA%E8%B7%AF21%E8%99%9F,https://www.cmsh.khc.edu.tw/ | https://courset.k12ea.gov.tw/courseinformation/indexStu01.asp,https://www.cmsh.khc.edu.tw/ | https://courset.k12ea.gov.tw/courseinformation/indexStu01.asp,https://www.cmsh.khc.edu.tw/home?cid=517,https://www.google.com/maps/search/?api=1&query=%E5%9C%8B%E7%AB%8B%E6%97%97%E7%BE%8E%E9%AB%98%E4%B8%AD%20%E9%AB%98%E9%9B%84%E5%B8%82%E6%97%97%E5%B1%B1%E5%8D%80%E6%9D%B1%E5%B9%B3%E9%87%8C%E6%A8%B9%E4%BA%BA%E8%B7%AF21%E8%99%9F | https://ibus.tbkc.gov.tw/,https://www.cmsh.khc.edu.tw/home?cid=517,https://www.cmsh.khc.edu.tw/,https://www.cmsh.khc.edu.tw/,2026-09-08
,120401,國立旗山高級農工職業學校,公立,臺南區免試入學日間部,高職,男女校,高雄市,旗山區,高雄市旗山區旗甲路一段195號,https://www.csvs.khc.edu.tw/home,(07)6612501,農場經營科:2(不限)；園藝科:2(不限)；畜產保健科:2(不限)；機械科:2(不限)；汽車科:2(不限)；電機科:2(不限)；生物產業機電科:2(不限)；家政科:2(不限),16,16,請以各校當年度公告為準,國立旗山農工以農場經營科、園藝科、食品加工科、畜產保健科、機械科、汽車科為主要專業方向；115學年度課程依各科安排專業核心、實作課程、校訂選修與跨域應用，讓學生逐步銜接升學與技術能力。,國立旗山農工的農場經營科、園藝科、食品加工科、畜產保健科、機械科依115學年度課程安排專業實作、實習科目與專題製作，學生透過作品、操作練習及成果發表整合所學。,有學生專車。115學年度路線涵蓋林園、左營、五甲、鳳山、岡山、楠梓、梓官、茄萣、屏東、六龜、美濃、甲仙、內門等方向。,可先到旗山轉運站，再轉乘旗山、內門、美濃等方向公車至旗甲路一段周邊站點，步行到國立旗山農工。,學校設有學生宿舍。115學年度新生專區提供住宿申請資料，住宿生依校方宿舍制度辦理入住。,https://www.google.com/maps/search/?api=1&query=%E5%9C%8B%E7%AB%8B%E6%97%97%E5%B1%B1%E9%AB%98%E7%B4%9A%E8%BE%B2%E5%B7%A5%E8%81%B7%E6%A5%AD%E5%AD%B8%E6%A0%A1%20%E9%AB%98%E9%9B%84%E5%B8%82%E6%97%97%E5%B1%B1%E5%8D%80%E6%97%97%E7%94%B2%E8%B7%AF%E4%B8%80%E6%AE%B5195%E8%99%9F,https://www.csvs.khc.edu.tw/home | https://courset.k12ea.gov.tw/courseinformation/indexStu01.asp,https://www.csvs.khc.edu.tw/home | https://courset.k12ea.gov.tw/courseinformation/indexStu01.asp,https://www.csvs.khc.edu.tw/ischool/publish_page/10/?cid=2217,https://www.google.com/maps/search/?api=1&query=%E5%9C%8B%E7%AB%8B%E6%97%97%E5%B1%B1%E8%BE%B2%E5%B7%A5%20%E9%AB%98%E9%9B%84%E5%B8%82%E6%97%97%E5%B1%B1%E5%8D%80%E6%97%97%E7%94%B2%E8%B7%AF%E4%B8%80%E6%AE%B5195%E8%99%9F | https://ibus.tbkc.gov.tw/,https://www.csvs.khc.edu.tw/home?cid=2185,https://www.csvs.khc.edu.tw/home,https://www.csvs.khc.edu.tw/home,2026-09-08
,120402,國立岡山高級農工職業學校,公立,臺南區免試入學日間部,高職,男女校,高雄市,岡山區,高雄市岡山區壽天里岡山路533號,https://www.ksvs.khc.edu.tw/index.php,(07)6217129,園藝科:1(不限)；食品加工科:1(不限)；機械科:1(不限)；汽車科:2(不限)；資訊科:1(不限)；電子科:1(不限)；電機科:1(不限)；建築科:1(不限)；化工科:1(不限)；室內空間設計科:1(不限),11,11,請以各校當年度公告為準,國立岡山農工以園藝科、食品加工科、機械科、汽車科、資訊科、電子科為主要專業方向；115學年度課程依各科安排專業核心、實作課程、校訂選修與跨域應用，讓學生逐步銜接升學與技術能力。,國立岡山農工的園藝科、食品加工科、機械科、汽車科、資訊科依115學年度課程安排專業實作、實習科目與專題製作，學生透過作品、操作練習及成果發表整合所學。,國立岡山農工目前沒有固定公開的校車／學生專車路線資訊；一般公共運輸方式另列於「通勤資訊」。,可先至臺鐵岡山站或捷運岡山／南岡山一帶，再轉乘岡山地區公車至壽天里岡山路周邊站點，步行到國立岡山農工。,國立岡山農工的一般高中職學生住宿目前沒有固定公開申請資訊。,https://www.google.com/maps/search/?api=1&query=%E5%9C%8B%E7%AB%8B%E5%B2%A1%E5%B1%B1%E9%AB%98%E7%B4%9A%E8%BE%B2%E5%B7%A5%E8%81%B7%E6%A5%AD%E5%AD%B8%E6%A0%A1%20%E9%AB%98%E9%9B%84%E5%B8%82%E5%B2%A1%E5%B1%B1%E5%8D%80%E5%A3%BD%E5%A4%A9%E9%87%8C%E5%B2%A1%E5%B1%B1%E8%B7%AF533%E8%99%9F,https://www.ksvs.khc.edu.tw/index.php | https://courset.k12ea.gov.tw/courseinformation/indexStu01.asp,https://www.ksvs.khc.edu.tw/index.php | https://courset.k12ea.gov.tw/courseinformation/indexStu01.asp,https://www.ksvs.khc.edu.tw/index.php,https://www.google.com/maps/search/?api=1&query=%E5%9C%8B%E7%AB%8B%E5%B2%A1%E5%B1%B1%E8%BE%B2%E5%B7%A5%20%E9%AB%98%E9%9B%84%E5%B8%82%E5%B2%A1%E5%B1%B1%E5%8D%80%E5%A3%BD%E5%A4%A9%E9%87%8C%E5%B2%A1%E5%B1%B1%E8%B7%AF533%E8%99%9F | https://ibus.tbkc.gov.tw/,https://www.ksvs.khc.edu.tw/index.php,https://www.ksvs.khc.edu.tw/index.php,https://www.ksvs.khc.edu.tw/index.php,2026-09-08
,121415,華德學校財團法人高雄市華德高級工業家事職業學校,私立,臺南區免試入學日間部,高職,男女校,高雄市,茄萣區,高雄市茄萣區濱海路四段66號,https://www.hdvs.kh.edu.tw/,(07)6921212,資訊科:23(不限)；飛機修護科:24(不限)；餐飲管理科:24(不限)；時尚造型科:23(不限)；烘焙科:24(不限),118,118,請以各校當年度公告為準,私立華德工家以汽車科、資訊科、飛機修護科、餐飲管理科、烘焙科、餐飲技術科為主要專業方向；115學年度課程依各科安排專業核心、實作課程、校訂選修與跨域應用，讓學生逐步銜接升學與技術能力。,私立華德工家的汽車科、資訊科、飛機修護科、餐飲管理科、烘焙科依115學年度課程安排專業實作、實習科目與專題製作，學生透過作品、操作練習及成果發表整合所學。,有交通車。校方招生資訊列明交通車行駛台南市及高雄市，供學生通學使用。,可由臺鐵岡山站轉乘往茄萣方向的紅71等公車至學校周邊；校方交通資訊亦列出台南、高雄方向通學方式。,私立華德工家的一般高中職學生住宿目前沒有固定公開申請資訊。,https://www.google.com/maps/search/?api=1&query=%E8%8F%AF%E5%BE%B7%E5%AD%B8%E6%A0%A1%E8%B2%A1%E5%9C%98%E6%B3%95%E4%BA%BA%E9%AB%98%E9%9B%84%E5%B8%82%E8%8F%AF%E5%BE%B7%E9%AB%98%E7%B4%9A%E5%B7%A5%E6%A5%AD%E5%AE%B6%E4%BA%8B%E8%81%B7%E6%A5%AD%E5%AD%B8%E6%A0%A1%20%E9%AB%98%E9%9B%84%E5%B8%82%E8%8C%84%E8%90%A3%E5%8D%80%E6%BF%B1%E6%B5%B7%E8%B7%AF%E5%9B%9B%E6%AE%B566%E8%99%9F,https://www.hdvs.kh.edu.tw/ | https://courset.k12ea.gov.tw/courseinformation/indexStu01.asp,https://www.hdvs.kh.edu.tw/ | https://courset.k12ea.gov.tw/courseinformation/indexStu01.asp,https://www.hdvs.kh.edu.tw/?.p=HrpY,https://www.hdvs.kh.edu.tw/?.p=HrpY,https://www.hdvs.kh.edu.tw/,https://www.hdvs.kh.edu.tw/,https://www.hdvs.kh.edu.tw/,2026-09-08
,124322,高雄市立路竹高級中學,公立,臺南區免試入學日間部,高中,男女校,高雄市,路竹區,高雄市路竹區中華路292號,https://www.lchs.kh.edu.tw/,(07)6963008,普通科:20(不限),20,20,請以各校當年度公告為準,高雄市立路竹高中以普通型高中核心課程，並透過校訂課程、多元選修及自主學習延伸個人興趣為主，115學年度課程包含自然科學探究與實作、社會領域探究等學習內容；另設有體育班等班別，相關課程依班別深化。,高雄市立路竹高中以自然科學探究與實作、社會領域探究、自主學習及成果發表作為高中階段的實作／專題型學習。,有學生專車。115學年度校方公布學生專車路線與搭乘資訊，供學生上下學使用。,臺鐵路竹站距校約1.5公里，可再轉乘公車；紅67B可到路竹高中中華路側，紅71B2可到國昌路側。,高雄市立路竹高中的一般高中職學生住宿目前沒有固定公開申請資訊。,https://www.google.com/maps/search/?api=1&query=%E9%AB%98%E9%9B%84%E5%B8%82%E7%AB%8B%E8%B7%AF%E7%AB%B9%E9%AB%98%E7%B4%9A%E4%B8%AD%E5%AD%B8%20%E9%AB%98%E9%9B%84%E5%B8%82%E8%B7%AF%E7%AB%B9%E5%8D%80%E4%B8%AD%E8%8F%AF%E8%B7%AF292%E8%99%9F,https://www.lchs.kh.edu.tw/view/index.php?MainMenuId=87899&MainType=0&SubMenuId=87901&SubType=101&WebID=312,https://www.lchs.kh.edu.tw/view/index.php?MainMenuId=87899&MainType=0&SubMenuId=87901&SubType=101&WebID=312,https://www.lchs.kh.edu.tw/view/index.php?MainMenuId=55780&MainType=101&SubMenuId=0&SubType=0&WebID=312,https://www.lchs.kh.edu.tw/view/index.php?MainMenuId=45045&MainType=0&SubMenuId=45048&SubType=103&WebID=312,https://www.lchs.kh.edu.tw/,https://www.lchs.kh.edu.tw/,https://www.lchs.kh.edu.tw/,2026-09-08
,200302,國立嘉義女子高級中學,公立,臺南區免試入學日間部,高中,女校,嘉義市,西區,嘉義市西區垂楊路243號,https://www.cygsh.cy.edu.tw/,(05)2254603,普通科:2(女生),2,2,115學年度設人文社會科學資優班、數理資優班、AI電資實驗班、醫藥科技實驗班。,國立嘉義女子高級中學：115學年度普通科另有人文社會科學資優、數理資優、AI電資實驗與醫藥科技實驗等學習方向。,國立嘉義女子高級中學：以自然科學探究與實作、社會領域探究、自主學習及成果發表作為主要實作／專題型學習。,國立嘉義女子高級中學：目前沒有可公開確認的一般高中部固定校車／學生專車路線；一般公共運輸方式另列於「通勤資訊」。,國立嘉義女子高級中學：可由臺鐵嘉義站轉乘嘉義市區公車至學校所在道路周邊站點，下車後步行到校。,國立嘉義女子高級中學：目前沒有可公開確認的一般高中職學生固定住宿申請方案；特定隊伍、特殊班別或特殊身分住宿不視為一般學生住宿。,https://www.google.com/maps/search/?api=1&query=%E5%9C%8B%E7%AB%8B%E5%98%89%E7%BE%A9%E5%A5%B3%E5%AD%90%E9%AB%98%E7%B4%9A%E4%B8%AD%E5%AD%B8%20%E5%98%89%E7%BE%A9%E5%B8%82%E8%A5%BF%E5%8D%80%E5%9E%82%E6%A5%8A%E8%B7%AF243%E8%99%9F,https://www.cygsh.cy.edu.tw/ | https://courset.k12ea.gov.tw/courseinformation/indexStu01.asp,https://www.cygsh.cy.edu.tw/ | https://courset.k12ea.gov.tw/courseinformation/indexStu01.asp,https://www.cygsh.cy.edu.tw/,https://www.google.com/maps/search/?api=1&query=%E5%9C%8B%E7%AB%8B%E5%98%89%E7%BE%A9%E5%A5%B3%E5%AD%90%E9%AB%98%E7%B4%9A%E4%B8%AD%E5%AD%B8%20%E5%98%89%E7%BE%A9%E5%B8%82%E8%A5%BF%E5%8D%80%E5%9E%82%E6%A5%8A%E8%B7%AF243%E8%99%9F,https://www.cygsh.cy.edu.tw/,https://www.cygsh.cy.edu.tw/,https://www.cygsh.cy.edu.tw/,2026-09-08
,200303,國立嘉義高級中學,公立,臺南區免試入學日間部,高中,男校,嘉義市,東區,600044 嘉義市東區大雅路二段738號,https://www.cysh.cy.edu.tw/,(05)2762804,普通科:5(男生),5,5,普通型高中；115學年度設科學班、數理／語文資優、雙語實驗、半導體實驗及藝才等特色課程。,國立嘉義高級中學：115學年度普通科另設科學班、數理／語文資優、雙語實驗、半導體實驗及藝才等特色學習路徑。,國立嘉義高級中學：以自然科學探究與實作、社會領域探究、自主學習及成果發表作為主要實作／專題型學習。,國立嘉義高級中學：目前沒有可公開確認的一般高中部固定校車／學生專車路線；一般公共運輸方式另列於「通勤資訊」。,國立嘉義高級中學：可由臺鐵嘉義站轉乘嘉義市區公車往大雅路方向，在嘉義高中周邊站點下車後步行到校。,學校設有學生住宿。115學年度高一新生專區公布住宿相關資訊，住宿依校方程序辦理。,https://www.google.com/maps/search/?api=1&query=%E5%9C%8B%E7%AB%8B%E5%98%89%E7%BE%A9%E9%AB%98%E7%B4%9A%E4%B8%AD%E5%AD%B8%20600044%20%E5%98%89%E7%BE%A9%E5%B8%82%E6%9D%B1%E5%8D%80%E5%A4%A7%E9%9B%85%E8%B7%AF%E4%BA%8C%E6%AE%B5738%E8%99%9F,https://www.cysh.cy.edu.tw/p/412-1008-1056.php | https://courset.k12ea.gov.tw/courseinformation/indexStu01.asp,https://www.cysh.cy.edu.tw/p/412-1008-1056.php | https://courset.k12ea.gov.tw/courseinformation/indexStu01.asp,https://www.cysh.cy.edu.tw/,https://www.google.com/maps/search/?api=1&query=%E5%9C%8B%E7%AB%8B%E5%98%89%E7%BE%A9%E9%AB%98%E7%B4%9A%E4%B8%AD%E5%AD%B8%20600044%20%E5%98%89%E7%BE%A9%E5%B8%82%E6%9D%B1%E5%8D%80%E5%A4%A7%E9%9B%85%E8%B7%AF%E4%BA%8C%E6%AE%B5738%E8%99%9F,https://www.cysh.cy.edu.tw/p/403-1008-168-1.php,https://www.cysh.cy.edu.tw/,https://www.cysh.cy.edu.tw/,2026-09-08
,200405,國立嘉義高級工業職業學校,公立,臺南區免試入學日間部,綜高,男女校,嘉義市,東區,嘉義市東區彌陀路174號,https://www.cyivs.cy.edu.tw/,(05)2763060,綜合高中:1(不限)；機械科:1(不限)；汽車科:1(不限)；電子科:1(不限)；電機科:1(不限)；建築科:1(不限)；化工科:1(不限)；電機空調科:1(不限)；製圖科:1(不限)；室內空間設計科:1(不限),10,10,綜合高中、普通科與機械、製圖、汽車、電子、電機、空調、化工、建築等工業群科並行。,國立嘉義高級工業職業學校：115學年度兼具一般學術課程與機械科、汽車科、電子科、電機科、建築科、化工科、電機空調科等專業方向，搭配校訂課程、多元選修、探究實作與生涯分流。,國立嘉義高級工業職業學校：各專業科別依115學年度課程安排實習、實作與專題製作，學生透過操作、作品或成果發表整合所學。,有學生專車。115學年度校方公布高一新生訓練專車及上學期學生專車路線表。,國立嘉義高級工業職業學校：可由臺鐵嘉義站轉乘嘉義市區公車至彌陀路／嘉工周邊站點，再步行到校。,學校設有學生宿舍。115-1高一新生與高二、高三均有住宿申請、住宿須知及核准名單。,https://www.google.com/maps/search/?api=1&query=%E5%9C%8B%E7%AB%8B%E5%98%89%E7%BE%A9%E9%AB%98%E7%B4%9A%E5%B7%A5%E6%A5%AD%E8%81%B7%E6%A5%AD%E5%AD%B8%E6%A0%A1%20%E5%98%89%E7%BE%A9%E5%B8%82%E6%9D%B1%E5%8D%80%E5%BD%8C%E9%99%80%E8%B7%AF174%E8%99%9F,https://www.cyivs.cy.edu.tw/ | https://courset.k12ea.gov.tw/courseinformation/indexStu01.asp,https://www.cyivs.cy.edu.tw/ | https://courset.k12ea.gov.tw/courseinformation/indexStu01.asp,https://www.cyivs.cy.edu.tw/home/administration/student-affairs/,https://www.google.com/maps/search/?api=1&query=%E5%9C%8B%E7%AB%8B%E5%98%89%E7%BE%A9%E9%AB%98%E7%B4%9A%E5%B7%A5%E6%A5%AD%E8%81%B7%E6%A5%AD%E5%AD%B8%E6%A0%A1%20%E5%98%89%E7%BE%A9%E5%B8%82%E6%9D%B1%E5%8D%80%E5%BD%8C%E9%99%80%E8%B7%AF174%E8%99%9F,https://www.cyivs.cy.edu.tw/student-affairs/22819/115%E5%AD%B8%E5%B9%B4%E5%BA%A6%E7%AC%AC1%E5%AD%B8%E6%9C%9F%E5%AD%B8%E7%94%9F%E5%AE%BF%E8%88%8D%E3%80%90%E4%BD%8F%E5%AE%BF%E7%94%B3%E8%AB%8B%E6%9B%B8%E6%9A%A8%E5%AE%B6%E9%95%B7%E8%81%AF%E7%B9%AB/,https://www.cyivs.cy.edu.tw/,https://www.cyivs.cy.edu.tw/,2026-09-08
,200C05,國立嘉義高級工業職業學校進修部,公立,臺南區免試入學進修部,進修部,男女校,嘉義市,東區,嘉義市東區彌陀路174號,https://www.cyivs.cy.edu.tw/,(05)2763060,電子科(夜間班):3(不限)；電機科(夜間班):3(不限)；機電科(夜間班):3(不限)；室內空間設計科(夜間班):3(不限)；電腦機械製圖科(夜間班):3(不限),15,15,進修部主要招生方向為電子科、電機科、機電科、室內空間設計科、電腦機械製圖科；實際課程與特色依115學年度進修部公告。,國立嘉義高級工業職業學校進修部：115學年度以電子科(夜間班)、電機科(夜間班)、機電科(夜間班)、室內空間設計科(夜間班)、電腦機械製圖科(夜間班)為主要學習方向，課程配置一般科目、專業科目及實作／實習內容，依進修部課程計畫分年修習。,國立嘉義高級工業職業學校進修部：依115學年度進修部課程安排專業實作、實習科目與成果任務，將夜間課程所學應用於操作與專題成果。,國立嘉義高級工業職業學校進修部：目前沒有可公開確認的一般高中部固定校車／學生專車路線；一般公共運輸方式另列於「通勤資訊」。,國立嘉義高級工業職業學校進修部：可由臺鐵嘉義站轉乘嘉義市區公車至學校所在道路周邊站點，下車後步行到校。,國立嘉義高級工業職業學校進修部：目前沒有可公開確認的一般高中職學生固定住宿申請方案；特定隊伍、特殊班別或特殊身分住宿不視為一般學生住宿。,https://www.google.com/maps/search/?api=1&query=%E5%9C%8B%E7%AB%8B%E5%98%89%E7%BE%A9%E9%AB%98%E7%B4%9A%E5%B7%A5%E6%A5%AD%E8%81%B7%E6%A5%AD%E5%AD%B8%E6%A0%A1%E9%80%B2%E4%BF%AE%E9%83%A8%20%E5%98%89%E7%BE%A9%E5%B8%82%E6%9D%B1%E5%8D%80%E5%BD%8C%E9%99%80%E8%B7%AF174%E8%99%9F,https://www.cyivs.cy.edu.tw/ | https://courset.k12ea.gov.tw/courseinformation/indexStu01.asp,https://www.cyivs.cy.edu.tw/ | https://courset.k12ea.gov.tw/courseinformation/indexStu01.asp,https://www.cyivs.cy.edu.tw/,https://www.google.com/maps/search/?api=1&query=%E5%9C%8B%E7%AB%8B%E5%98%89%E7%BE%A9%E9%AB%98%E7%B4%9A%E5%B7%A5%E6%A5%AD%E8%81%B7%E6%A5%AD%E5%AD%B8%E6%A0%A1%E9%80%B2%E4%BF%AE%E9%83%A8%20%E5%98%89%E7%BE%A9%E5%B8%82%E6%9D%B1%E5%8D%80%E5%BD%8C%E9%99%80%E8%B7%AF174%E8%99%9F,https://www.cyivs.cy.edu.tw/,https://www.cyivs.cy.edu.tw/,https://www.cyivs.cy.edu.tw/,2026-09-08
,201304,嘉義市私立興華高級中學,私立,臺南區免試入學日間部,綜高,男女校,嘉義市,東區,嘉義市東區林森東路239號,https://www.hhsh.cy.edu.tw/,(05)2764317,普通科:2(不限)；餐旅群不分科:4(不限),6,6,普通高中與資料處理等技術型課程並行；官網設普通高中課程與群科課程規劃。,嘉義市私立興華高級中學：115學年度兼具一般學術課程與餐旅群不分科等專業方向，搭配校訂課程、多元選修、探究實作與生涯分流。,嘉義市私立興華高級中學：各專業科別依115學年度課程安排實習、實作與專題製作，學生透過操作、作品或成果發表整合所學。,嘉義市私立興華高級中學：目前沒有可公開確認的一般高中部固定校車／學生專車路線；一般公共運輸方式另列於「通勤資訊」。,嘉義市私立興華高級中學：可由臺鐵嘉義站轉乘嘉義市區公車至學校所在道路周邊站點，下車後步行到校。,嘉義市私立興華高級中學：目前沒有可公開確認的一般高中職學生固定住宿申請方案；特定隊伍、特殊班別或特殊身分住宿不視為一般學生住宿。,https://www.google.com/maps/search/?api=1&query=%E5%98%89%E7%BE%A9%E5%B8%82%E7%A7%81%E7%AB%8B%E8%88%88%E8%8F%AF%E9%AB%98%E7%B4%9A%E4%B8%AD%E5%AD%B8%20%E5%98%89%E7%BE%A9%E5%B8%82%E6%9D%B1%E5%8D%80%E6%9E%97%E6%A3%AE%E6%9D%B1%E8%B7%AF239%E8%99%9F,https://www.hhsh.cy.edu.tw/ | https://courset.k12ea.gov.tw/courseinformation/indexStu01.asp,https://www.hhsh.cy.edu.tw/ | https://courset.k12ea.gov.tw/courseinformation/indexStu01.asp,https://www.hhsh.cy.edu.tw/,https://www.google.com/maps/search/?api=1&query=%E5%98%89%E7%BE%A9%E5%B8%82%E7%A7%81%E7%AB%8B%E8%88%88%E8%8F%AF%E9%AB%98%E7%B4%9A%E4%B8%AD%E5%AD%B8%20%E5%98%89%E7%BE%A9%E5%B8%82%E6%9D%B1%E5%8D%80%E6%9E%97%E6%A3%AE%E6%9D%B1%E8%B7%AF239%E8%99%9F,https://www.hhsh.cy.edu.tw/,https://www.hhsh.cy.edu.tw/,https://www.hhsh.cy.edu.tw/,2026-09-08
,201312,嘉義市私立輔仁高級中學,私立,臺南區免試入學日間部,高中,男女校,嘉義市,東區,600 嘉義市東區吳鳳南路270號,https://rpage.fjsh.cy.edu.tw/,(05)2281001,普通科:10(不限),10,10,普通型高中；115學年度持續辦理高中課業、選課與自主學習相關課程。,嘉義市私立輔仁高級中學：115學年度以普通高中部定課程為基礎，搭配校訂必修、多元選修、自然與社會探究實作、自主學習及生涯探索。,嘉義市私立輔仁高級中學：以自然科學探究與實作、社會領域探究、自主學習及成果發表作為主要實作／專題型學習。,嘉義市私立輔仁高級中學：目前沒有可公開確認的一般高中部固定校車／學生專車路線；一般公共運輸方式另列於「通勤資訊」。,嘉義市私立輔仁高級中學：可由臺鐵嘉義站轉乘嘉義市區公車至學校所在道路周邊站點，下車後步行到校。,嘉義市私立輔仁高級中學：目前沒有可公開確認的一般高中職學生固定住宿申請方案；特定隊伍、特殊班別或特殊身分住宿不視為一般學生住宿。,https://www.google.com/maps/search/?api=1&query=%E5%98%89%E7%BE%A9%E5%B8%82%E7%A7%81%E7%AB%8B%E8%BC%94%E4%BB%81%E9%AB%98%E7%B4%9A%E4%B8%AD%E5%AD%B8%20600%20%E5%98%89%E7%BE%A9%E5%B8%82%E6%9D%B1%E5%8D%80%E5%90%B3%E9%B3%B3%E5%8D%97%E8%B7%AF270%E8%99%9F,https://rpage.fjsh.cy.edu.tw/ | https://courset.k12ea.gov.tw/courseinformation/indexStu01.asp,https://rpage.fjsh.cy.edu.tw/ | https://courset.k12ea.gov.tw/courseinformation/indexStu01.asp,https://rpage.fjsh.cy.edu.tw/,https://www.google.com/maps/search/?api=1&query=%E5%98%89%E7%BE%A9%E5%B8%82%E7%A7%81%E7%AB%8B%E8%BC%94%E4%BB%81%E9%AB%98%E7%B4%9A%E4%B8%AD%E5%AD%B8%20600%20%E5%98%89%E7%BE%A9%E5%B8%82%E6%9D%B1%E5%8D%80%E5%90%B3%E9%B3%B3%E5%8D%97%E8%B7%AF270%E8%99%9F,https://rpage.fjsh.cy.edu.tw/,https://rpage.fjsh.cy.edu.tw/,https://rpage.fjsh.cy.edu.tw/,2026-09-08
,201314,嘉義市私立立仁高級中學,私立,臺南區免試入學日間部,綜高,男女校,嘉義市,東區,600 嘉義市東區立仁路235號,https://www.ligvs.cy.edu.tw/,(05)2226420,綜合高中:5(不限),5,5,綜合高中，課程規劃包含學術自然、學術社會、應用日語、資訊應用、商業服務、幼兒保育等學程。,嘉義市私立立仁高級中學：115學年度以綜合高中學術與專門學程為主，透過校訂課程、多元選修、探究實作與生涯探索進行分流。,嘉義市私立立仁高級中學：以自然科學探究與實作、社會領域探究、自主學習及成果發表作為主要實作／專題型學習。,嘉義市私立立仁高級中學：目前沒有可公開確認的一般高中部固定校車／學生專車路線；一般公共運輸方式另列於「通勤資訊」。,嘉義市私立立仁高級中學：可由臺鐵嘉義站轉乘嘉義市區公車至學校所在道路周邊站點，下車後步行到校。,嘉義市私立立仁高級中學：目前沒有可公開確認的一般高中職學生固定住宿申請方案；特定隊伍、特殊班別或特殊身分住宿不視為一般學生住宿。,https://www.google.com/maps/search/?api=1&query=%E5%98%89%E7%BE%A9%E5%B8%82%E7%A7%81%E7%AB%8B%E7%AB%8B%E4%BB%81%E9%AB%98%E7%B4%9A%E4%B8%AD%E5%AD%B8%20600%20%E5%98%89%E7%BE%A9%E5%B8%82%E6%9D%B1%E5%8D%80%E7%AB%8B%E4%BB%81%E8%B7%AF235%E8%99%9F,https://www.ligvs.cy.edu.tw/ | https://courset.k12ea.gov.tw/courseinformation/indexStu01.asp,https://www.ligvs.cy.edu.tw/ | https://courset.k12ea.gov.tw/courseinformation/indexStu01.asp,https://www.ligvs.cy.edu.tw/,https://www.google.com/maps/search/?api=1&query=%E5%98%89%E7%BE%A9%E5%B8%82%E7%A7%81%E7%AB%8B%E7%AB%8B%E4%BB%81%E9%AB%98%E7%B4%9A%E4%B8%AD%E5%AD%B8%20600%20%E5%98%89%E7%BE%A9%E5%B8%82%E6%9D%B1%E5%8D%80%E7%AB%8B%E4%BB%81%E8%B7%AF235%E8%99%9F,https://www.ligvs.cy.edu.tw/,https://www.ligvs.cy.edu.tw/,https://www.ligvs.cy.edu.tw/,2026-09-08
,201408,嘉義市私立東吳高級工業家事職業學校,私立,臺南區免試入學日間部,高職,男女校,嘉義市,東區,600 嘉義市東區宣信街252號,https://www.dwvs.cy.edu.tw/,(05)2246161,資訊科:2(不限)；資料處理科:2(不限)；餐飲管理科:4(不限)；幼兒保育科:2(不限)；時尚造型科:2(不限)；表演藝術科:2(不限),14,14,餐飲、汽車、表演藝術、幼保、資訊、美容、資料處理、多媒體、觀光、時尚、烘焙、水電等技職課程，另有實用技能與建教班。,嘉義市私立東吳高級工業家事職業學校：115學年度以資訊科、資料處理科、餐飲管理科、幼兒保育科、時尚造型科、表演藝術科等專業科別為主，各科配置專業核心、校訂選修、實習實作及跨域應用課程。,嘉義市私立東吳高級工業家事職業學校：各專業科別依115學年度課程安排實習、實作與專題製作，學生透過操作、作品或成果發表整合所學。,嘉義市私立東吳高級工業家事職業學校：目前沒有可公開確認的一般高中部固定校車／學生專車路線；一般公共運輸方式另列於「通勤資訊」。,嘉義市私立東吳高級工業家事職業學校：可由臺鐵嘉義站轉乘嘉義市區公車至學校所在道路周邊站點，下車後步行到校。,嘉義市私立東吳高級工業家事職業學校：目前沒有可公開確認的一般高中職學生固定住宿申請方案；特定隊伍、特殊班別或特殊身分住宿不視為一般學生住宿。,https://www.google.com/maps/search/?api=1&query=%E5%98%89%E7%BE%A9%E5%B8%82%E7%A7%81%E7%AB%8B%E6%9D%B1%E5%90%B3%E9%AB%98%E7%B4%9A%E5%B7%A5%E6%A5%AD%E5%AE%B6%E4%BA%8B%E8%81%B7%E6%A5%AD%E5%AD%B8%E6%A0%A1%20600%20%E5%98%89%E7%BE%A9%E5%B8%82%E6%9D%B1%E5%8D%80%E5%AE%A3%E4%BF%A1%E8%A1%97252%E8%99%9F,https://www.dwvs.cy.edu.tw/ | https://courset.k12ea.gov.tw/courseinformation/indexStu01.asp,https://www.dwvs.cy.edu.tw/ | https://courset.k12ea.gov.tw/courseinformation/indexStu01.asp,https://www.dwvs.cy.edu.tw/,https://www.google.com/maps/search/?api=1&query=%E5%98%89%E7%BE%A9%E5%B8%82%E7%A7%81%E7%AB%8B%E6%9D%B1%E5%90%B3%E9%AB%98%E7%B4%9A%E5%B7%A5%E6%A5%AD%E5%AE%B6%E4%BA%8B%E8%81%B7%E6%A5%AD%E5%AD%B8%E6%A0%A1%20600%20%E5%98%89%E7%BE%A9%E5%B8%82%E6%9D%B1%E5%8D%80%E5%AE%A3%E4%BF%A1%E8%A1%97252%E8%99%9F,https://www.dwvs.cy.edu.tw/,https://www.dwvs.cy.edu.tw/,https://www.dwvs.cy.edu.tw/,2026-09-08
,201C08,嘉義市私立東吳高級工業家事職業學校進修部,私立,臺南區免試入學進修部,進修部,男女校,嘉義市,東區,600 嘉義市東區宣信街252號,https://www.dwvs.cy.edu.tw/,(05)2246161,餐飲管理科(夜間班):1(不限),1,1,進修部主要招生方向為餐飲管理科；實際課程與特色依115學年度進修部公告。,嘉義市私立東吳高級工業家事職業學校進修部：115學年度以餐飲管理科(夜間班)為主要學習方向，課程配置一般科目、專業科目及實作／實習內容，依進修部課程計畫分年修習。,嘉義市私立東吳高級工業家事職業學校進修部：依115學年度進修部課程安排專業實作、實習科目與成果任務，將夜間課程所學應用於操作與專題成果。,嘉義市私立東吳高級工業家事職業學校進修部：目前沒有可公開確認的一般高中部固定校車／學生專車路線；一般公共運輸方式另列於「通勤資訊」。,嘉義市私立東吳高級工業家事職業學校進修部：可由臺鐵嘉義站轉乘嘉義市區公車至學校所在道路周邊站點，下車後步行到校。,嘉義市私立東吳高級工業家事職業學校進修部：目前沒有可公開確認的一般高中職學生固定住宿申請方案；特定隊伍、特殊班別或特殊身分住宿不視為一般學生住宿。,https://www.google.com/maps/search/?api=1&query=%E5%98%89%E7%BE%A9%E5%B8%82%E7%A7%81%E7%AB%8B%E6%9D%B1%E5%90%B3%E9%AB%98%E7%B4%9A%E5%B7%A5%E6%A5%AD%E5%AE%B6%E4%BA%8B%E8%81%B7%E6%A5%AD%E5%AD%B8%E6%A0%A1%E9%80%B2%E4%BF%AE%E9%83%A8%20600%20%E5%98%89%E7%BE%A9%E5%B8%82%E6%9D%B1%E5%8D%80%E5%AE%A3%E4%BF%A1%E8%A1%97252%E8%99%9F,https://www.dwvs.cy.edu.tw/ | https://courset.k12ea.gov.tw/courseinformation/indexStu01.asp,https://www.dwvs.cy.edu.tw/ | https://courset.k12ea.gov.tw/courseinformation/indexStu01.asp,https://www.dwvs.cy.edu.tw/,https://www.google.com/maps/search/?api=1&query=%E5%98%89%E7%BE%A9%E5%B8%82%E7%A7%81%E7%AB%8B%E6%9D%B1%E5%90%B3%E9%AB%98%E7%B4%9A%E5%B7%A5%E6%A5%AD%E5%AE%B6%E4%BA%8B%E8%81%B7%E6%A5%AD%E5%AD%B8%E6%A0%A1%E9%80%B2%E4%BF%AE%E9%83%A8%20600%20%E5%98%89%E7%BE%A9%E5%B8%82%E6%9D%B1%E5%8D%80%E5%AE%A3%E4%BF%A1%E8%A1%97252%E8%99%9F,https://www.dwvs.cy.edu.tw/,https://www.dwvs.cy.edu.tw/,https://www.dwvs.cy.edu.tw/,2026-09-08
,210303,國立臺南第二高級中學,公立,臺南區免試入學日間部,高中,男女校,臺南市,北區,704 臺南市北區北門路二段125號,https://www.tnssh.tn.edu.tw/,06-2514526,普通科:569(不限),569,569,普通型高中；特色班、實驗班與資優／藝才班依115學年度校方公告。,國立臺南第二高級中學：115學年度以普通高中部定課程為基礎，搭配校訂必修、多元選修、自然與社會探究實作、自主學習及生涯探索。,國立臺南第二高級中學：以自然科學探究與實作、社會領域探究、自主學習及成果發表作為主要實作／專題型學習。,國立臺南第二高級中學：目前沒有可公開確認的一般高中部固定校車／學生專車路線；一般公共運輸方式另列於「通勤資訊」。,國立臺南第二高級中學：可由臺鐵臺南站轉乘臺南市區公車往北區，在學校周邊站點下車後步行到校。,國立臺南第二高級中學：目前沒有可公開確認的一般高中職學生固定住宿申請方案；特定隊伍、特殊班別或特殊身分住宿不視為一般學生住宿。,https://www.google.com/maps/search/?api=1&query=%E5%9C%8B%E7%AB%8B%E8%87%BA%E5%8D%97%E7%AC%AC%E4%BA%8C%E9%AB%98%E7%B4%9A%E4%B8%AD%E5%AD%B8%20704%20%E8%87%BA%E5%8D%97%E5%B8%82%E5%8C%97%E5%8D%80%E5%8C%97%E9%96%80%E8%B7%AF%E4%BA%8C%E6%AE%B5125%E8%99%9F,https://www.tnssh.tn.edu.tw/ | https://courset.k12ea.gov.tw/courseinformation/indexStu01.asp,https://www.tnssh.tn.edu.tw/ | https://courset.k12ea.gov.tw/courseinformation/indexStu01.asp,https://www.tnssh.tn.edu.tw/,https://www.google.com/maps/search/?api=1&query=%E5%9C%8B%E7%AB%8B%E8%87%BA%E5%8D%97%E7%AC%AC%E4%BA%8C%E9%AB%98%E7%B4%9A%E4%B8%AD%E5%AD%B8%20704%20%E8%87%BA%E5%8D%97%E5%B8%82%E5%8C%97%E5%8D%80%E5%8C%97%E9%96%80%E8%B7%AF%E4%BA%8C%E6%AE%B5125%E8%99%9F,https://www.tnssh.tn.edu.tw/,https://www.tnssh.tn.edu.tw/,https://www.tnssh.tn.edu.tw/,2026-09-08
,210305,國立臺南第一高級中學,公立,臺南區免試入學日間部,高中,男校,臺南市,東區,701 臺南市東區民族路一段1號,https://www.tnfsh.tn.edu.tw/,06-2371206,普通科:572(男生),572,572,普通型高中；特色班、實驗班與資優／藝才班依115學年度校方公告。,國立臺南第一高級中學：115學年度課程以團隊合作、溝通、創新探究與問題解決為核心，配置校訂必修、多元選修、探究實作與自主學習。,國立臺南第一高級中學：以自然科學探究與實作、跨領域問題解決、自主學習及成果發表為主要專題型學習，強調研究與創新實踐。,國立臺南第一高級中學：目前沒有可公開確認的一般高中部固定校車／學生專車路線；一般公共運輸方式另列於「通勤資訊」。,國立臺南第一高級中學：可由臺鐵臺南站轉乘市區公車往民族路、成功大學方向，或由臺南站步行前往校區。,國立臺南第一高級中學：目前沒有可公開確認的一般高中職學生固定住宿申請方案；特定隊伍、特殊班別或特殊身分住宿不視為一般學生住宿。,https://www.google.com/maps/search/?api=1&query=%E5%9C%8B%E7%AB%8B%E8%87%BA%E5%8D%97%E7%AC%AC%E4%B8%80%E9%AB%98%E7%B4%9A%E4%B8%AD%E5%AD%B8%20701%20%E8%87%BA%E5%8D%97%E5%B8%82%E6%9D%B1%E5%8D%80%E6%B0%91%E6%97%8F%E8%B7%AF%E4%B8%80%E6%AE%B51%E8%99%9F,https://www.tnfsh.tn.edu.tw/latestevent/index.aspx?Parser=22%2C4%2C25%2C%2C%2C%2C%2C%2C%2C%2C0 | https://courset.k12ea.gov.tw/courseinformation/indexStu01.asp,https://www.tnfsh.tn.edu.tw/latestevent/index.aspx?Parser=22%2C4%2C25%2C%2C%2C%2C%2C%2C%2C%2C0 | https://courset.k12ea.gov.tw/courseinformation/indexStu01.asp,https://www.tnfsh.tn.edu.tw/,https://www.google.com/maps/search/?api=1&query=%E5%9C%8B%E7%AB%8B%E8%87%BA%E5%8D%97%E7%AC%AC%E4%B8%80%E9%AB%98%E7%B4%9A%E4%B8%AD%E5%AD%B8%20701%20%E8%87%BA%E5%8D%97%E5%B8%82%E6%9D%B1%E5%8D%80%E6%B0%91%E6%97%8F%E8%B7%AF%E4%B8%80%E6%AE%B51%E8%99%9F,https://www.tnfsh.tn.edu.tw/,https://www.tnfsh.tn.edu.tw/,https://www.tnfsh.tn.edu.tw/,2026-09-08
,210306,國立臺南女子高級中學,公立,臺南區免試入學日間部,高中,女校,臺南市,中西區,700011 臺南市中西區大埔街97號,https://www.tngs.tn.edu.tw/,06-2131928,普通科:570(女生),570,570,普通型高中；特色班、實驗班與資優／藝才班依115學年度校方公告。,國立臺南女子高級中學：115學年度以普通高中部定課程為基礎，搭配校訂必修、多元選修、自然與社會探究實作、自主學習及生涯探索。,國立臺南女子高級中學：以自然科學探究與實作、社會領域探究、自主學習及成果發表作為主要實作／專題型學習。,國立臺南女子高級中學：目前沒有可公開確認的一般高中部固定校車／學生專車路線；一般公共運輸方式另列於「通勤資訊」。,國立臺南女子高級中學：可由臺鐵臺南站轉乘臺南市區公車至中西區學校周邊站點，下車後步行到校。,國立臺南女子高級中學：目前沒有可公開確認的一般高中職學生固定住宿申請方案；特定隊伍、特殊班別或特殊身分住宿不視為一般學生住宿。,https://www.google.com/maps/search/?api=1&query=%E5%9C%8B%E7%AB%8B%E8%87%BA%E5%8D%97%E5%A5%B3%E5%AD%90%E9%AB%98%E7%B4%9A%E4%B8%AD%E5%AD%B8%20700011%20%E8%87%BA%E5%8D%97%E5%B8%82%E4%B8%AD%E8%A5%BF%E5%8D%80%E5%A4%A7%E5%9F%94%E8%A1%9797%E8%99%9F,https://www.tngs.tn.edu.tw/ | https://courset.k12ea.gov.tw/courseinformation/indexStu01.asp,https://www.tngs.tn.edu.tw/ | https://courset.k12ea.gov.tw/courseinformation/indexStu01.asp,https://www.tngs.tn.edu.tw/,https://www.google.com/maps/search/?api=1&query=%E5%9C%8B%E7%AB%8B%E8%87%BA%E5%8D%97%E5%A5%B3%E5%AD%90%E9%AB%98%E7%B4%9A%E4%B8%AD%E5%AD%B8%20700011%20%E8%87%BA%E5%8D%97%E5%B8%82%E4%B8%AD%E8%A5%BF%E5%8D%80%E5%A4%A7%E5%9F%94%E8%A1%9797%E8%99%9F,https://www.tngs.tn.edu.tw/,https://www.tngs.tn.edu.tw/,https://www.tngs.tn.edu.tw/,2026-09-08
,210309,國立臺南家齊高級中等學校,公立,臺南區免試入學日間部,綜高,男女校,臺南市,中西區,70052 臺南市中西區健康路一段342號,https://www.ccsh.tn.edu.tw/,06-2133265,普通科:109(男生)；普通科:207(女生)；餐飲管理科:28(不限)；流行服飾科:29(不限),373,373,普通／綜合高中與專業方向並行，主要招生方向包含普通科、餐飲管理科、流行服飾科；實際分流依115學年度校方公告。,國立臺南家齊高級中等學校：115學年度兼具一般學術課程與餐飲管理科、流行服飾科等專業方向，搭配校訂課程、多元選修、探究實作與生涯分流。,國立臺南家齊高級中等學校：各專業科別依115學年度課程安排實習、實作與專題製作，學生透過操作、作品或成果發表整合所學。,有學生專車。115學年度新生專區提供專車搭乘須知、里程價目與公車資訊。,國立臺南家齊高級中等學校：可由臺鐵臺南站轉乘臺南市區公車至中西區學校周邊站點，下車後步行到校。,國立臺南家齊高級中等學校：目前沒有可公開確認的一般高中職學生固定住宿申請方案；特定隊伍、特殊班別或特殊身分住宿不視為一般學生住宿。,https://www.google.com/maps/search/?api=1&query=%E5%9C%8B%E7%AB%8B%E8%87%BA%E5%8D%97%E5%AE%B6%E9%BD%8A%E9%AB%98%E7%B4%9A%E4%B8%AD%E7%AD%89%E5%AD%B8%E6%A0%A1%2070052%20%E8%87%BA%E5%8D%97%E5%B8%82%E4%B8%AD%E8%A5%BF%E5%8D%80%E5%81%A5%E5%BA%B7%E8%B7%AF%E4%B8%80%E6%AE%B5342%E8%99%9F,https://www.ccsh.tn.edu.tw/ | https://courset.k12ea.gov.tw/courseinformation/indexStu01.asp,https://www.ccsh.tn.edu.tw/ | https://courset.k12ea.gov.tw/courseinformation/indexStu01.asp,https://www.ccsh.tn.edu.tw/mode02.aspx?boss=20260529081936898,https://www.google.com/maps/search/?api=1&query=%E5%9C%8B%E7%AB%8B%E8%87%BA%E5%8D%97%E5%AE%B6%E9%BD%8A%E9%AB%98%E7%B4%9A%E4%B8%AD%E7%AD%89%E5%AD%B8%E6%A0%A1%2070052%20%E8%87%BA%E5%8D%97%E5%B8%82%E4%B8%AD%E8%A5%BF%E5%8D%80%E5%81%A5%E5%BA%B7%E8%B7%AF%E4%B8%80%E6%AE%B5342%E8%99%9F,https://www.ccsh.tn.edu.tw/,https://www.ccsh.tn.edu.tw/,https://www.ccsh.tn.edu.tw/,2026-09-08
,210408,國立臺南高級商業職業學校,公立,臺南區免試入學日間部,高職,男女校,臺南市,南區,702 臺南市南區健康路一段327號,https://www.tncvs.tn.edu.tw/,06-2617123,商業經營科:91(不限)；國際貿易科:95(不限)；會計事務科:32(不限)；資料處理科:61(不限)；廣告設計科:31(不限)；觀光事業科:28(不限)；應用英語科:32(不限),370,370,以商業經營科、國際貿易科、會計事務科、資料處理科、廣告設計科、觀光事業科、應用英語科等專業群科為主；特色班與實用技能／建教課程依115學年度校方公告。,國立臺南高級商業職業學校：115學年度以商業經營科、國際貿易科、會計事務科、資料處理科、廣告設計科、觀光事業科、應用英語科等專業科別為主，各科配置專業核心、校訂選修、實習實作及跨域應用課程。,國立臺南高級商業職業學校：各專業科別依115學年度課程安排實習、實作與專題製作，學生透過操作、作品或成果發表整合所學。,國立臺南高級商業職業學校：目前沒有可公開確認的一般高中部固定校車／學生專車路線；一般公共運輸方式另列於「通勤資訊」。,國立臺南高級商業職業學校：可由臺鐵臺南站轉乘臺南市區公車往健康路、金華路或南區方向，在學校周邊站點下車後步行到校。,國立臺南高級商業職業學校：目前沒有可公開確認的一般高中職學生固定住宿申請方案；特定隊伍、特殊班別或特殊身分住宿不視為一般學生住宿。,https://www.google.com/maps/search/?api=1&query=%E5%9C%8B%E7%AB%8B%E8%87%BA%E5%8D%97%E9%AB%98%E7%B4%9A%E5%95%86%E6%A5%AD%E8%81%B7%E6%A5%AD%E5%AD%B8%E6%A0%A1%20702%20%E8%87%BA%E5%8D%97%E5%B8%82%E5%8D%97%E5%8D%80%E5%81%A5%E5%BA%B7%E8%B7%AF%E4%B8%80%E6%AE%B5327%E8%99%9F,https://www.tncvs.tn.edu.tw/sub/form/index.asp?Parser=3%2C5%2C682%2C29%2C108%2C%2C%2C%2C%2C%2C3 | https://courset.k12ea.gov.tw/courseinformation/indexStu01.asp,https://www.tncvs.tn.edu.tw/sub/form/index.asp?Parser=3%2C5%2C682%2C29%2C108%2C%2C%2C%2C%2C%2C3 | https://courset.k12ea.gov.tw/courseinformation/indexStu01.asp,https://www.tncvs.tn.edu.tw/,https://www.google.com/maps/search/?api=1&query=%E5%9C%8B%E7%AB%8B%E8%87%BA%E5%8D%97%E9%AB%98%E7%B4%9A%E5%95%86%E6%A5%AD%E8%81%B7%E6%A5%AD%E5%AD%B8%E6%A0%A1%20702%20%E8%87%BA%E5%8D%97%E5%B8%82%E5%8D%97%E5%8D%80%E5%81%A5%E5%BA%B7%E8%B7%AF%E4%B8%80%E6%AE%B5327%E8%99%9F,https://www.tncvs.tn.edu.tw/,https://www.tncvs.tn.edu.tw/,https://www.tncvs.tn.edu.tw/,2026-09-08
,210416,國立臺南高級海事水產職業學校,公立,臺南區免試入學日間部,高職,男女校,臺南市,安平區,708 臺南市安平區世平路1號,https://www.tnvs.tn.edu.tw/,06-3910772,電子科:30(不限)；機電科:32(不限)；商業經營科:32(不限)；電子商務科:17(不限)；輪機科:30(不限)；水產養殖科:16(不限)；水產食品科:30(不限),187,187,以電子科、機電科、商業經營科、電子商務科、輪機科、水產養殖科、水產食品科等專業群科為主；特色班與實用技能／建教課程依115學年度校方公告。,國立臺南高級海事水產職業學校：115學年度以電子科、機電科、商業經營科、電子商務科、輪機科、水產養殖科、水產食品科等專業科別為主，各科配置專業核心、校訂選修、實習實作及跨域應用課程。,國立臺南高級海事水產職業學校：水產、輪機、機電、電子與商業相關科別依115課程安排專業實習與專題製作，並透過設備操作與成果作品整合專業能力。,有學生專車。115學年度設3條路線，包含安南、臺南市區、茄萣、歸仁、仁德等站點，依里程與搭乘人數計費。,國立臺南高級海事水產職業學校：可由臺鐵臺南站轉乘市區公車往安平港區，在安平路／世平路周邊站點下車後步行到校。,學校設有學生宿舍。115-1住宿以通學距離、戶籍與住宿紀錄等條件審查，二、三年級優先保留，其餘床位依規定辦理。,https://www.google.com/maps/search/?api=1&query=%E5%9C%8B%E7%AB%8B%E8%87%BA%E5%8D%97%E9%AB%98%E7%B4%9A%E6%B5%B7%E4%BA%8B%E6%B0%B4%E7%94%A2%E8%81%B7%E6%A5%AD%E5%AD%B8%E6%A0%A1%20708%20%E8%87%BA%E5%8D%97%E5%B8%82%E5%AE%89%E5%B9%B3%E5%8D%80%E4%B8%96%E5%B9%B3%E8%B7%AF1%E8%99%9F,https://www.tnvs.tn.edu.tw/ | https://courset.k12ea.gov.tw/courseinformation/indexStu01.asp,https://www.tnvs.tn.edu.tw/ | https://courset.k12ea.gov.tw/courseinformation/indexStu01.asp,https://www.tnvs.tn.edu.tw/2026/06/115%E5%AD%B8%E5%B9%B4%E5%BA%A6%E5%AD%B8%E7%94%9F%E5%B0%88%E8%BB%8A%E8%B7%AF%E7%B7%9A%E5%8F%8A%E6%90%AD%E4%B9%98%E6%B3%A8%E6%84%8F%E4%BA%8B%E9%A0%85/,https://www.google.com/maps/search/?api=1&query=%E5%9C%8B%E7%AB%8B%E8%87%BA%E5%8D%97%E9%AB%98%E7%B4%9A%E6%B5%B7%E4%BA%8B%E6%B0%B4%E7%94%A2%E8%81%B7%E6%A5%AD%E5%AD%B8%E6%A0%A1%20708%20%E8%87%BA%E5%8D%97%E5%B8%82%E5%AE%89%E5%B9%B3%E5%8D%80%E4%B8%96%E5%B9%B3%E8%B7%AF1%E8%99%9F,https://www.tnvs.tn.edu.tw/2026/07/115-1%E5%AD%B8%E6%9C%9F%E5%AD%B8%E7%94%9F%E5%AE%BF%E8%88%8D%E7%94%B3%E8%AB%8B%E5%85%AC%E5%91%8A/,https://www.tnvs.tn.edu.tw/,https://www.tnvs.tn.edu.tw/,2026-09-08
,210B05,國立臺南第一高級中學進修部,公立,臺南區免試入學進修部,進修部,男女校,臺南市,東區,701 臺南市東區民族路一段1號,https://www.tnfsh.tn.edu.tw/,06-2371206,普通科(夜間班):11(不限),11,11,進修部主要招生方向為普通科；實際課程與特色依115學年度進修部公告。,國立臺南第一高級中學進修部：115學年度以普通科(夜間班)為主要學習方向，課程配置一般科目、專業科目及實作／實習內容，依進修部課程計畫分年修習。,國立臺南第一高級中學進修部：依115學年度進修部課程安排專業實作、實習科目與成果任務，將夜間課程所學應用於操作與專題成果。,國立臺南第一高級中學進修部：目前沒有可公開確認的一般高中部固定校車／學生專車路線；一般公共運輸方式另列於「通勤資訊」。,國立臺南第一高級中學進修部：可由臺鐵臺南站轉乘臺南市區公車至學校所在道路周邊站點，下車後步行到校。,國立臺南第一高級中學進修部：目前沒有可公開確認的一般高中職學生固定住宿申請方案；特定隊伍、特殊班別或特殊身分住宿不視為一般學生住宿。,https://www.google.com/maps/search/?api=1&query=%E5%9C%8B%E7%AB%8B%E8%87%BA%E5%8D%97%E7%AC%AC%E4%B8%80%E9%AB%98%E7%B4%9A%E4%B8%AD%E5%AD%B8%E9%80%B2%E4%BF%AE%E9%83%A8%20701%20%E8%87%BA%E5%8D%97%E5%B8%82%E6%9D%B1%E5%8D%80%E6%B0%91%E6%97%8F%E8%B7%AF%E4%B8%80%E6%AE%B51%E8%99%9F,https://www.tnfsh.tn.edu.tw/df_ufiles/093/115%E5%AD%B8%E5%B9%B4%E5%BA%A6%E9%AB%98%E7%B4%9A%E4%B8%AD%E7%AD%89%E5%AD%B8%E6%A0%A1%E9%80%B2%E4%BF%AE%E9%83%A8%E8%AA%B2%E7%A8%8B%E8%A8%88%E7%95%AB%E3%80%80%5B210305%5D%E5%9C%8B%E7%AB%8B%E8%87%BA%E5%8D%97%E7%AC%AC%E4%B8%80%E9%AB%98%E7%B4%9A%E4%B8%AD%E5%AD%B8.pdf | https://courset.k12ea.gov.tw/courseinformation/indexStu01.asp,https://www.tnfsh.tn.edu.tw/df_ufiles/093/115%E5%AD%B8%E5%B9%B4%E5%BA%A6%E9%AB%98%E7%B4%9A%E4%B8%AD%E7%AD%89%E5%AD%B8%E6%A0%A1%E9%80%B2%E4%BF%AE%E9%83%A8%E8%AA%B2%E7%A8%8B%E8%A8%88%E7%95%AB%E3%80%80%5B210305%5D%E5%9C%8B%E7%AB%8B%E8%87%BA%E5%8D%97%E7%AC%AC%E4%B8%80%E9%AB%98%E7%B4%9A%E4%B8%AD%E5%AD%B8.pdf | https://courset.k12ea.gov.tw/courseinformation/indexStu01.asp,https://www.tnfsh.tn.edu.tw/,https://www.google.com/maps/search/?api=1&query=%E5%9C%8B%E7%AB%8B%E8%87%BA%E5%8D%97%E7%AC%AC%E4%B8%80%E9%AB%98%E7%B4%9A%E4%B8%AD%E5%AD%B8%E9%80%B2%E4%BF%AE%E9%83%A8%20701%20%E8%87%BA%E5%8D%97%E5%B8%82%E6%9D%B1%E5%8D%80%E6%B0%91%E6%97%8F%E8%B7%AF%E4%B8%80%E6%AE%B51%E8%99%9F,https://www.tnfsh.tn.edu.tw/,https://www.tnfsh.tn.edu.tw/,https://www.tnfsh.tn.edu.tw/,2026-09-08
,210C08,國立臺南高級商業職業學校進修部,公立,臺南區免試入學進修部,進修部,男女校,臺南市,南區,702 臺南市南區健康路一段327號,https://www.tncvs.tn.edu.tw/,06-2617123,商業經營科(夜間班):28(不限)；資料處理科(夜間班):28(不限)；觀光事業科(夜間班):27(不限)；餐飲管理科(夜間班):26(不限),109,109,進修部主要招生方向為商業經營科、資料處理科、觀光事業科、餐飲管理科；實際課程與特色依115學年度進修部公告。,國立臺南高級商業職業學校進修部：115學年度以商業經營科(夜間班)、資料處理科(夜間班)、觀光事業科(夜間班)、餐飲管理科(夜間班)為主要學習方向，課程配置一般科目、專業科目及實作／實習內容，依進修部課程計畫分年修習。,國立臺南高級商業職業學校進修部：依115學年度進修部課程安排專業實作、實習科目與成果任務，將夜間課程所學應用於操作與專題成果。,國立臺南高級商業職業學校進修部：目前沒有可公開確認的一般高中部固定校車／學生專車路線；一般公共運輸方式另列於「通勤資訊」。,國立臺南高級商業職業學校進修部：可由臺鐵臺南站轉乘臺南市區公車往健康路、金華路或南區方向，在學校周邊站點下車後步行到校。,國立臺南高級商業職業學校進修部：目前沒有可公開確認的一般高中職學生固定住宿申請方案；特定隊伍、特殊班別或特殊身分住宿不視為一般學生住宿。,https://www.google.com/maps/search/?api=1&query=%E5%9C%8B%E7%AB%8B%E8%87%BA%E5%8D%97%E9%AB%98%E7%B4%9A%E5%95%86%E6%A5%AD%E8%81%B7%E6%A5%AD%E5%AD%B8%E6%A0%A1%E9%80%B2%E4%BF%AE%E9%83%A8%20702%20%E8%87%BA%E5%8D%97%E5%B8%82%E5%8D%97%E5%8D%80%E5%81%A5%E5%BA%B7%E8%B7%AF%E4%B8%80%E6%AE%B5327%E8%99%9F,https://www.tncvs.tn.edu.tw/sub/form/index-1.asp?Parser=2%2C5%2C975%2C38%2C353%2C354%2C5604 | https://courset.k12ea.gov.tw/courseinformation/indexStu01.asp,https://www.tncvs.tn.edu.tw/sub/form/index-1.asp?Parser=2%2C5%2C975%2C38%2C353%2C354%2C5604 | https://courset.k12ea.gov.tw/courseinformation/indexStu01.asp,https://www.tncvs.tn.edu.tw/,https://www.google.com/maps/search/?api=1&query=%E5%9C%8B%E7%AB%8B%E8%87%BA%E5%8D%97%E9%AB%98%E7%B4%9A%E5%95%86%E6%A5%AD%E8%81%B7%E6%A5%AD%E5%AD%B8%E6%A0%A1%E9%80%B2%E4%BF%AE%E9%83%A8%20702%20%E8%87%BA%E5%8D%97%E5%B8%82%E5%8D%97%E5%8D%80%E5%81%A5%E5%BA%B7%E8%B7%AF%E4%B8%80%E6%AE%B5327%E8%99%9F,https://www.tncvs.tn.edu.tw/,https://www.tncvs.tn.edu.tw/,https://www.tncvs.tn.edu.tw/,2026-09-08
,211301,臺南市私立長榮高級中學,私立,臺南區免試入學日間部,綜高,男女校,臺南市,東區,70142 臺南市東區林森路二段79號,https://www.cjshs.tn.edu.tw/,06-2381711,普通科:255(不限)；電機科:81(不限)；廣告設計科:69(不限)；觀光事業科:81(不限)；多媒體設計科:38(不限),524,524,普通／綜合高中與專業方向並行，主要招生方向包含普通科、電機科、廣告設計科、觀光事業科、多媒體設計科；實際分流依115學年度校方公告。,臺南市私立長榮高級中學：115學年度兼具一般學術課程與電機科、廣告設計科、觀光事業科、多媒體設計科等專業方向，搭配校訂課程、多元選修、探究實作與生涯分流。,臺南市私立長榮高級中學：各專業科別依115學年度課程安排實習、實作與專題製作，學生透過操作、作品或成果發表整合所學。,有校車。校方網站招生與服務架構設有校車路線專區，學生依公告路線上下學。,臺南市私立長榮高級中學：可由臺鐵臺南站轉乘臺南市區公車至學校所在道路周邊站點，下車後步行到校。,臺南市私立長榮高級中學：目前沒有可公開確認的一般高中職學生固定住宿申請方案；特定隊伍、特殊班別或特殊身分住宿不視為一般學生住宿。,https://www.google.com/maps/search/?api=1&query=%E8%87%BA%E5%8D%97%E5%B8%82%E7%A7%81%E7%AB%8B%E9%95%B7%E6%A6%AE%E9%AB%98%E7%B4%9A%E4%B8%AD%E5%AD%B8%2070142%20%E8%87%BA%E5%8D%97%E5%B8%82%E6%9D%B1%E5%8D%80%E6%9E%97%E6%A3%AE%E8%B7%AF%E4%BA%8C%E6%AE%B579%E8%99%9F,https://www.cjshs.tn.edu.tw/ | https://courset.k12ea.gov.tw/courseinformation/indexStu01.asp,https://www.cjshs.tn.edu.tw/ | https://courset.k12ea.gov.tw/courseinformation/indexStu01.asp,https://www.cjshs.tn.edu.tw/p/17-1000.php?Lang=zh-tw,https://www.google.com/maps/search/?api=1&query=%E8%87%BA%E5%8D%97%E5%B8%82%E7%A7%81%E7%AB%8B%E9%95%B7%E6%A6%AE%E9%AB%98%E7%B4%9A%E4%B8%AD%E5%AD%B8%2070142%20%E8%87%BA%E5%8D%97%E5%B8%82%E6%9D%B1%E5%8D%80%E6%9E%97%E6%A3%AE%E8%B7%AF%E4%BA%8C%E6%AE%B579%E8%99%9F,https://www.cjshs.tn.edu.tw/,https://www.cjshs.tn.edu.tw/,https://www.cjshs.tn.edu.tw/,2026-09-08
,211302,臺南市私立長榮女子高級中學,私立,臺南區免試入學日間部,高職,男女校,臺南市,東區,70143 臺南市東區長榮路二段135號,https://www.ckgsh.tn.edu.tw/,06-2740381,餐飲管理科:33(不限)；美容科:30(不限)；時尚造型科:39(不限),102,102,技術型高中，115學年度招生科別為美容、時尚造型、餐飲管理；校方自104學年度起已男女兼收。,臺南市私立長榮女子高級中學：115學年度以美容、時尚造型、餐飲管理三科為主，各科安排專業核心、實作、技能與升學就業銜接課程。,臺南市私立長榮女子高級中學：美容、時尚造型與餐飲管理各科安排術科實作、技能訓練與專題成果，銜接證照、升學及職場能力。,有校車。115學年度招生資訊列有關廟／歸仁／仁德、永康／大灣、安南與佳里／西港等多條路線。,臺南市私立長榮女子高級中學：校門口設有「長榮女中站」及YouBike站，可由臺鐵臺南站轉乘市區公車至長榮路二段後到校。,臺南市私立長榮女子高級中學：目前沒有可公開確認的一般高中職學生固定住宿申請方案；特定隊伍、特殊班別或特殊身分住宿不視為一般學生住宿。,https://www.google.com/maps/search/?api=1&query=%E8%87%BA%E5%8D%97%E5%B8%82%E7%A7%81%E7%AB%8B%E9%95%B7%E6%A6%AE%E5%A5%B3%E5%AD%90%E9%AB%98%E7%B4%9A%E4%B8%AD%E5%AD%B8%2070143%20%E8%87%BA%E5%8D%97%E5%B8%82%E6%9D%B1%E5%8D%80%E9%95%B7%E6%A6%AE%E8%B7%AF%E4%BA%8C%E6%AE%B5135%E8%99%9F,https://www.ckgsh.tn.edu.tw/ | https://courset.k12ea.gov.tw/courseinformation/indexStu01.asp,https://www.ckgsh.tn.edu.tw/ | https://courset.k12ea.gov.tw/courseinformation/indexStu01.asp,https://www.ckgsh.tn.edu.tw/p/404-1000-625.php?Lang=zh-tw,https://www.google.com/maps/search/?api=1&query=%E8%87%BA%E5%8D%97%E5%B8%82%E7%A7%81%E7%AB%8B%E9%95%B7%E6%A6%AE%E5%A5%B3%E5%AD%90%E9%AB%98%E7%B4%9A%E4%B8%AD%E5%AD%B8%2070143%20%E8%87%BA%E5%8D%97%E5%B8%82%E6%9D%B1%E5%8D%80%E9%95%B7%E6%A6%AE%E8%B7%AF%E4%BA%8C%E6%AE%B5135%E8%99%9F,https://www.ckgsh.tn.edu.tw/,https://www.ckgsh.tn.edu.tw/,https://www.ckgsh.tn.edu.tw/,2026-09-08
,211304,天主教聖功學校財團法人臺南市天主教聖功女子高級中學,私立,臺南區免試入學日間部,高中,女校,臺南市,北區,704 臺南市北區北園街87巷64號,https://www.skgsh.tn.edu.tw/,06-2740126,普通科:163(女生),163,163,女子普通型高中；115學年度持續辦理多元選修、自主學習與校本特色課程。,天主教聖功學校財團法人臺南市天主教聖功女子高級中學：女子普通型高中課程包含校訂必修、多元選修、自主學習與探究實作，並透過校本課程與特色活動延伸人文及科學素養。,天主教聖功學校財團法人臺南市天主教聖功女子高級中學：以自然科學探究與實作、社會領域探究、自主學習及成果發表作為主要實作／專題型學習。,有校車。校方新生資訊明列校車搭乘安排，放學由總務處引導學生前往校車搭車處。,天主教聖功學校財團法人臺南市天主教聖功女子高級中學：可由臺鐵臺南站轉乘臺南市區公車往北區，在學校周邊站點下車後步行到校。,學校設有學生宿舍。115學年度暑假輔導暨第一學期開放住宿申請，住宿生依宿舍管理與生活規範入住。,https://www.google.com/maps/search/?api=1&query=%E5%A4%A9%E4%B8%BB%E6%95%99%E8%81%96%E5%8A%9F%E5%AD%B8%E6%A0%A1%E8%B2%A1%E5%9C%98%E6%B3%95%E4%BA%BA%E8%87%BA%E5%8D%97%E5%B8%82%E5%A4%A9%E4%B8%BB%E6%95%99%E8%81%96%E5%8A%9F%E5%A5%B3%E5%AD%90%E9%AB%98%E7%B4%9A%E4%B8%AD%E5%AD%B8%20704%20%E8%87%BA%E5%8D%97%E5%B8%82%E5%8C%97%E5%8D%80%E5%8C%97%E5%9C%92%E8%A1%9787%E5%B7%B764%E8%99%9F,https://www.skgsh.tn.edu.tw/ | https://courset.k12ea.gov.tw/courseinformation/indexStu01.asp,https://www.skgsh.tn.edu.tw/ | https://courset.k12ea.gov.tw/courseinformation/indexStu01.asp,https://www.skgsh.tn.edu.tw/Platform/NewsContent?Id=9785,https://www.google.com/maps/search/?api=1&query=%E5%A4%A9%E4%B8%BB%E6%95%99%E8%81%96%E5%8A%9F%E5%AD%B8%E6%A0%A1%E8%B2%A1%E5%9C%98%E6%B3%95%E4%BA%BA%E8%87%BA%E5%8D%97%E5%B8%82%E5%A4%A9%E4%B8%BB%E6%95%99%E8%81%96%E5%8A%9F%E5%A5%B3%E5%AD%90%E9%AB%98%E7%B4%9A%E4%B8%AD%E5%AD%B8%20704%20%E8%87%BA%E5%8D%97%E5%B8%82%E5%8C%97%E5%8D%80%E5%8C%97%E5%9C%92%E8%A1%9787%E5%B7%B764%E8%99%9F,https://www.skgsh.tn.edu.tw/Platform/List?ID=10&Modules=Administration,https://www.skgsh.tn.edu.tw/,https://www.skgsh.tn.edu.tw/,2026-09-08
,211310,臺南光華學校財團法人臺南市光華高級中學,私立,臺南區免試入學日間部,綜高,男女校,臺南市,東區,701006 臺南市東區勝利路41號,https://www.khgs.tn.edu.tw/,06-2386501,普通科:85(不限)；綜合高中:115(不限)；商業經營科:35(不限)；餐飲管理科:43(不限)；多媒體設計科:41(不限)；幼兒保育科:22(不限)；流行服飾科:25(不限),366,366,普通／綜合高中與商業、餐飲、多媒體、幼保、流行服飾等專業方向並行；115學年度另有多媒體設計、餐飲、幼保、流服特色招生。,臺南光華學校財團法人臺南市光華高級中學：115學年度兼具一般學術課程與商業經營科、餐飲管理科、多媒體設計科、幼兒保育科、流行服飾科等專業方向，搭配校訂課程、多元選修、探究實作與生涯分流。,臺南光華學校財團法人臺南市光華高級中學：各專業科別依115學年度課程安排實習、實作與專題製作，學生透過操作、作品或成果發表整合所學。,臺南光華學校財團法人臺南市光華高級中學：目前沒有可公開確認的一般高中部固定校車／學生專車路線；一般公共運輸方式另列於「通勤資訊」。,臺南光華學校財團法人臺南市光華高級中學：可由臺鐵臺南站轉乘臺南市區公車至學校所在道路周邊站點，下車後步行到校。,臺南光華學校財團法人臺南市光華高級中學：目前沒有可公開確認的一般高中職學生固定住宿申請方案；特定隊伍、特殊班別或特殊身分住宿不視為一般學生住宿。,https://www.google.com/maps/search/?api=1&query=%E8%87%BA%E5%8D%97%E5%85%89%E8%8F%AF%E5%AD%B8%E6%A0%A1%E8%B2%A1%E5%9C%98%E6%B3%95%E4%BA%BA%E8%87%BA%E5%8D%97%E5%B8%82%E5%85%89%E8%8F%AF%E9%AB%98%E7%B4%9A%E4%B8%AD%E5%AD%B8%20701006%20%E8%87%BA%E5%8D%97%E5%B8%82%E6%9D%B1%E5%8D%80%E5%8B%9D%E5%88%A9%E8%B7%AF41%E8%99%9F,https://www.khgs.tn.edu.tw/ | https://courset.k12ea.gov.tw/courseinformation/indexStu01.asp,https://www.khgs.tn.edu.tw/ | https://courset.k12ea.gov.tw/courseinformation/indexStu01.asp,https://www.khgs.tn.edu.tw/,https://www.google.com/maps/search/?api=1&query=%E8%87%BA%E5%8D%97%E5%85%89%E8%8F%AF%E5%AD%B8%E6%A0%A1%E8%B2%A1%E5%9C%98%E6%B3%95%E4%BA%BA%E8%87%BA%E5%8D%97%E5%B8%82%E5%85%89%E8%8F%AF%E9%AB%98%E7%B4%9A%E4%B8%AD%E5%AD%B8%20701006%20%E8%87%BA%E5%8D%97%E5%B8%82%E6%9D%B1%E5%8D%80%E5%8B%9D%E5%88%A9%E8%B7%AF41%E8%99%9F,https://www.khgs.tn.edu.tw/,https://www.khgs.tn.edu.tw/,https://www.khgs.tn.edu.tw/,2026-09-08
,211315,臺南市私立瀛海高級中學,私立,臺南區免試入學日間部,高中,男女校,臺南市,安南區,709 臺南市安南區長溪路一段76號,https://www.yhsh.tn.edu.tw/,06-2568582,普通科:172(不限),172,172,普通型高中；特色班、實驗班與資優／藝才班依115學年度校方公告。,臺南市私立瀛海高級中學：115學年度以普通高中部定課程為基礎，搭配校訂必修、多元選修、自然與社會探究實作、自主學習及生涯探索。,臺南市私立瀛海高級中學：以自然科學探究與實作、社會領域探究、自主學習及成果發表作為主要實作／專題型學習。,有學生專車。115-1校方公布學校專車時刻表，供學生依站點上下學。,臺南市私立瀛海高級中學：可由臺鐵臺南站轉乘往安南區的大台南公車，在學校周邊站點下車後步行到校。,臺南市私立瀛海高級中學：目前沒有可公開確認的一般高中職學生固定住宿申請方案；特定隊伍、特殊班別或特殊身分住宿不視為一般學生住宿。,https://www.google.com/maps/search/?api=1&query=%E8%87%BA%E5%8D%97%E5%B8%82%E7%A7%81%E7%AB%8B%E7%80%9B%E6%B5%B7%E9%AB%98%E7%B4%9A%E4%B8%AD%E5%AD%B8%20709%20%E8%87%BA%E5%8D%97%E5%B8%82%E5%AE%89%E5%8D%97%E5%8D%80%E9%95%B7%E6%BA%AA%E8%B7%AF%E4%B8%80%E6%AE%B576%E8%99%9F,https://www.yhsh.tn.edu.tw/ | https://courset.k12ea.gov.tw/courseinformation/indexStu01.asp,https://www.yhsh.tn.edu.tw/ | https://courset.k12ea.gov.tw/courseinformation/indexStu01.asp,https://www.yhsh.tn.edu.tw/?f=1,https://www.google.com/maps/search/?api=1&query=%E8%87%BA%E5%8D%97%E5%B8%82%E7%A7%81%E7%AB%8B%E7%80%9B%E6%B5%B7%E9%AB%98%E7%B4%9A%E4%B8%AD%E5%AD%B8%20709%20%E8%87%BA%E5%8D%97%E5%B8%82%E5%AE%89%E5%8D%97%E5%8D%80%E9%95%B7%E6%BA%AA%E8%B7%AF%E4%B8%80%E6%AE%B576%E8%99%9F,https://www.yhsh.tn.edu.tw/,https://www.yhsh.tn.edu.tw/,https://www.yhsh.tn.edu.tw/,2026-09-08
,211317,崑山國際學校財團法人臺南市崑山高級中等學校,私立,臺南區免試入學日間部,高中,男女校,臺南市,北區,704032 臺南市北區開元路444號,https://www.ksis.tn.edu.tw/,06-2364408,普通科:40(不限),40,40,普通型高中；特色班、實驗班與資優／藝才班依115學年度校方公告。,崑山國際學校財團法人臺南市崑山高級中等學校：115學年度以普通高中部定課程為基礎，搭配校訂必修、多元選修、自然與社會探究實作、自主學習及生涯探索。,崑山國際學校財團法人臺南市崑山高級中等學校：以自然科學探究與實作、社會領域探究、自主學習及成果發表作為主要實作／專題型學習。,崑山國際學校財團法人臺南市崑山高級中等學校：目前沒有可公開確認的一般高中部固定校車／學生專車路線；一般公共運輸方式另列於「通勤資訊」。,崑山國際學校財團法人臺南市崑山高級中等學校：可由臺鐵臺南站轉乘臺南市區公車往北區，在學校周邊站點下車後步行到校。,崑山國際學校財團法人臺南市崑山高級中等學校：目前沒有可公開確認的一般高中職學生固定住宿申請方案；特定隊伍、特殊班別或特殊身分住宿不視為一般學生住宿。,https://www.google.com/maps/search/?api=1&query=%E5%B4%91%E5%B1%B1%E5%9C%8B%E9%9A%9B%E5%AD%B8%E6%A0%A1%E8%B2%A1%E5%9C%98%E6%B3%95%E4%BA%BA%E8%87%BA%E5%8D%97%E5%B8%82%E5%B4%91%E5%B1%B1%E9%AB%98%E7%B4%9A%E4%B8%AD%E7%AD%89%E5%AD%B8%E6%A0%A1%20704032%20%E8%87%BA%E5%8D%97%E5%B8%82%E5%8C%97%E5%8D%80%E9%96%8B%E5%85%83%E8%B7%AF444%E8%99%9F,https://www.ksis.tn.edu.tw/ | https://courset.k12ea.gov.tw/courseinformation/indexStu01.asp,https://www.ksis.tn.edu.tw/ | https://courset.k12ea.gov.tw/courseinformation/indexStu01.asp,https://www.ksis.tn.edu.tw/,https://www.google.com/maps/search/?api=1&query=%E5%B4%91%E5%B1%B1%E5%9C%8B%E9%9A%9B%E5%AD%B8%E6%A0%A1%E8%B2%A1%E5%9C%98%E6%B3%95%E4%BA%BA%E8%87%BA%E5%8D%97%E5%B8%82%E5%B4%91%E5%B1%B1%E9%AB%98%E7%B4%9A%E4%B8%AD%E7%AD%89%E5%AD%B8%E6%A0%A1%20704032%20%E8%87%BA%E5%8D%97%E5%B8%82%E5%8C%97%E5%8D%80%E9%96%8B%E5%85%83%E8%B7%AF444%E8%99%9F,https://www.ksis.tn.edu.tw/,https://www.ksis.tn.edu.tw/,https://www.ksis.tn.edu.tw/,2026-09-08
,211318,臺南市德光高級中學,私立,臺南區免試入學日間部,高中,男女校,臺南市,東區,701 臺南市東區德光街106號,https://www.tkgsh.tn.edu.tw/,06-2894560,普通科:176(不限),176,176,普通型高中；特色班、實驗班與資優／藝才班依115學年度校方公告。,臺南市德光高級中學：115學年度以普通高中部定課程為基礎，搭配校訂必修、多元選修、自然與社會探究實作、自主學習及生涯探索。,臺南市德光高級中學：以自然科學探究與實作、社會領域探究、自主學習及成果發表作為主要實作／專題型學習。,臺南市德光高級中學：目前沒有可公開確認的一般高中部固定校車／學生專車路線；一般公共運輸方式另列於「通勤資訊」。,臺南市德光高級中學：可由臺鐵臺南站轉乘臺南市區公車至學校所在道路周邊站點，下車後步行到校。,臺南市德光高級中學：目前沒有可公開確認的一般高中職學生固定住宿申請方案；特定隊伍、特殊班別或特殊身分住宿不視為一般學生住宿。,https://www.google.com/maps/search/?api=1&query=%E8%87%BA%E5%8D%97%E5%B8%82%E5%BE%B7%E5%85%89%E9%AB%98%E7%B4%9A%E4%B8%AD%E5%AD%B8%20701%20%E8%87%BA%E5%8D%97%E5%B8%82%E6%9D%B1%E5%8D%80%E5%BE%B7%E5%85%89%E8%A1%97106%E8%99%9F,https://www.tkgsh.tn.edu.tw/ | https://courset.k12ea.gov.tw/courseinformation/indexStu01.asp,https://www.tkgsh.tn.edu.tw/ | https://courset.k12ea.gov.tw/courseinformation/indexStu01.asp,https://www.tkgsh.tn.edu.tw/,https://www.google.com/maps/search/?api=1&query=%E8%87%BA%E5%8D%97%E5%B8%82%E5%BE%B7%E5%85%89%E9%AB%98%E7%B4%9A%E4%B8%AD%E5%AD%B8%20701%20%E8%87%BA%E5%8D%97%E5%B8%82%E6%9D%B1%E5%8D%80%E5%BE%B7%E5%85%89%E8%A1%97106%E8%99%9F,https://www.tkgsh.tn.edu.tw/,https://www.tkgsh.tn.edu.tw/,https://www.tkgsh.tn.edu.tw/,2026-09-08
,211320,慈濟學校財團法人臺南市私立慈濟高級中學,私立,臺南區免試入學日間部,高中,男女校,臺南市,安平區,708 臺南市安平區建平五街111號,https://www.tcsh.tn.edu.tw/,06-2932323,普通科:118(不限),118,118,普通型高中；特色班、實驗班與資優／藝才班依115學年度校方公告。,慈濟學校財團法人臺南市私立慈濟高級中學：普通科課程結合校訂必修、多元選修、探究實作與自主學習，並以慈濟人文與服務學習延伸全人教育。,慈濟學校財團法人臺南市私立慈濟高級中學：以自然科學探究與實作、社會領域探究、自主學習及成果發表作為主要實作／專題型學習。,有校車專車。115-1校方公布平日上、放學行駛路線表，供學生通學。,慈濟學校財團法人臺南市私立慈濟高級中學：可由臺鐵臺南站轉乘往安平區的大台南公車，在學校周邊站點下車後步行到校。,慈濟學校財團法人臺南市私立慈濟高級中學：目前沒有可公開確認的一般高中職學生固定住宿申請方案；特定隊伍、特殊班別或特殊身分住宿不視為一般學生住宿。,https://www.google.com/maps/search/?api=1&query=%E6%85%88%E6%BF%9F%E5%AD%B8%E6%A0%A1%E8%B2%A1%E5%9C%98%E6%B3%95%E4%BA%BA%E8%87%BA%E5%8D%97%E5%B8%82%E7%A7%81%E7%AB%8B%E6%85%88%E6%BF%9F%E9%AB%98%E7%B4%9A%E4%B8%AD%E5%AD%B8%20708%20%E8%87%BA%E5%8D%97%E5%B8%82%E5%AE%89%E5%B9%B3%E5%8D%80%E5%BB%BA%E5%B9%B3%E4%BA%94%E8%A1%97111%E8%99%9F,https://www.tcsh.tn.edu.tw/ | https://courset.k12ea.gov.tw/courseinformation/indexStu01.asp,https://www.tcsh.tn.edu.tw/ | https://courset.k12ea.gov.tw/courseinformation/indexStu01.asp,https://tcsh.tn.edu.tw/default.aspx,https://www.google.com/maps/search/?api=1&query=%E6%85%88%E6%BF%9F%E5%AD%B8%E6%A0%A1%E8%B2%A1%E5%9C%98%E6%B3%95%E4%BA%BA%E8%87%BA%E5%8D%97%E5%B8%82%E7%A7%81%E7%AB%8B%E6%85%88%E6%BF%9F%E9%AB%98%E7%B4%9A%E4%B8%AD%E5%AD%B8%20708%20%E8%87%BA%E5%8D%97%E5%B8%82%E5%AE%89%E5%B9%B3%E5%8D%80%E5%BB%BA%E5%B9%B3%E4%BA%94%E8%A1%97111%E8%99%9F,https://www.tcsh.tn.edu.tw/,https://www.tcsh.tn.edu.tw/,https://www.tcsh.tn.edu.tw/,2026-09-08
,211407,臺南市私立南英高級商工職業學校,私立,臺南區免試入學日間部,高職,男女校,臺南市,中西區,700190 臺南市中西區永福路一段149號,https://www.nyvs.tn.edu.tw/,06-2132222,汽車科:19(不限)；電機空調科:35(不限)；餐飲管理科:53(不限)；應用日語科:16(不限)；電影電視科:21(不限)；多媒體動畫科:16(不限),160,160,以汽車科、電機空調科、餐飲管理科、應用日語科、電影電視科、多媒體動畫科等專業群科為主；特色班與實用技能／建教課程依115學年度校方公告。,臺南市私立南英高級商工職業學校：115學年度以汽車科、電機空調科、餐飲管理科、應用日語科、電影電視科、多媒體動畫科等專業科別為主，各科配置專業核心、校訂選修、實習實作及跨域應用課程。,臺南市私立南英高級商工職業學校：各專業科別依115學年度課程安排實習、實作與專題製作，學生透過操作、作品或成果發表整合所學。,臺南市私立南英高級商工職業學校：目前沒有可公開確認的一般高中部固定校車／學生專車路線；一般公共運輸方式另列於「通勤資訊」。,臺南市私立南英高級商工職業學校：可由臺鐵臺南站轉乘臺南市區公車至中西區學校周邊站點，下車後步行到校。,臺南市私立南英高級商工職業學校：目前沒有可公開確認的一般高中職學生固定住宿申請方案；特定隊伍、特殊班別或特殊身分住宿不視為一般學生住宿。,https://www.google.com/maps/search/?api=1&query=%E8%87%BA%E5%8D%97%E5%B8%82%E7%A7%81%E7%AB%8B%E5%8D%97%E8%8B%B1%E9%AB%98%E7%B4%9A%E5%95%86%E5%B7%A5%E8%81%B7%E6%A5%AD%E5%AD%B8%E6%A0%A1%20700190%20%E8%87%BA%E5%8D%97%E5%B8%82%E4%B8%AD%E8%A5%BF%E5%8D%80%E6%B0%B8%E7%A6%8F%E8%B7%AF%E4%B8%80%E6%AE%B5149%E8%99%9F,https://www.nyvs.tn.edu.tw/ | https://courset.k12ea.gov.tw/courseinformation/indexStu01.asp,https://www.nyvs.tn.edu.tw/ | https://courset.k12ea.gov.tw/courseinformation/indexStu01.asp,https://www.nyvs.tn.edu.tw/,https://www.google.com/maps/search/?api=1&query=%E8%87%BA%E5%8D%97%E5%B8%82%E7%A7%81%E7%AB%8B%E5%8D%97%E8%8B%B1%E9%AB%98%E7%B4%9A%E5%95%86%E5%B7%A5%E8%81%B7%E6%A5%AD%E5%AD%B8%E6%A0%A1%20700190%20%E8%87%BA%E5%8D%97%E5%B8%82%E4%B8%AD%E8%A5%BF%E5%8D%80%E6%B0%B8%E7%A6%8F%E8%B7%AF%E4%B8%80%E6%AE%B5149%E8%99%9F,https://www.nyvs.tn.edu.tw/,https://www.nyvs.tn.edu.tw/,https://www.nyvs.tn.edu.tw/,2026-09-08
,211412,臺南市亞洲高級餐旅職業學校,私立,臺南區免試入學日間部,高職,男女校,臺南市,南區,702 臺南市南區大成路一段5號,https://www.asvs.tn.edu.tw/,06-2640175,餐飲管理科:75(不限),75,75,以餐飲管理科等專業群科為主；特色班與實用技能／建教課程依115學年度校方公告。,臺南市亞洲高級餐旅職業學校：115學年度以餐飲管理科等專業科別為主，各科配置專業核心、校訂選修、實習實作及跨域應用課程。,臺南市亞洲高級餐旅職業學校：各專業科別依115學年度課程安排實習、實作與專題製作，學生透過操作、作品或成果發表整合所學。,臺南市亞洲高級餐旅職業學校：目前沒有可公開確認的一般高中部固定校車／學生專車路線；一般公共運輸方式另列於「通勤資訊」。,臺南市亞洲高級餐旅職業學校：可由臺鐵臺南站轉乘臺南市區公車往健康路、金華路或南區方向，在學校周邊站點下車後步行到校。,臺南市亞洲高級餐旅職業學校：目前沒有可公開確認的一般高中職學生固定住宿申請方案；特定隊伍、特殊班別或特殊身分住宿不視為一般學生住宿。,https://www.google.com/maps/search/?api=1&query=%E8%87%BA%E5%8D%97%E5%B8%82%E4%BA%9E%E6%B4%B2%E9%AB%98%E7%B4%9A%E9%A4%90%E6%97%85%E8%81%B7%E6%A5%AD%E5%AD%B8%E6%A0%A1%20702%20%E8%87%BA%E5%8D%97%E5%B8%82%E5%8D%97%E5%8D%80%E5%A4%A7%E6%88%90%E8%B7%AF%E4%B8%80%E6%AE%B55%E8%99%9F,https://www.asvs.tn.edu.tw/ | https://courset.k12ea.gov.tw/courseinformation/indexStu01.asp,https://www.asvs.tn.edu.tw/ | https://courset.k12ea.gov.tw/courseinformation/indexStu01.asp,https://www.asvs.tn.edu.tw/,https://www.google.com/maps/search/?api=1&query=%E8%87%BA%E5%8D%97%E5%B8%82%E4%BA%9E%E6%B4%B2%E9%AB%98%E7%B4%9A%E9%A4%90%E6%97%85%E8%81%B7%E6%A5%AD%E5%AD%B8%E6%A0%A1%20702%20%E8%87%BA%E5%8D%97%E5%B8%82%E5%8D%97%E5%8D%80%E5%A4%A7%E6%88%90%E8%B7%AF%E4%B8%80%E6%AE%B55%E8%99%9F,https://www.asvs.tn.edu.tw/,https://www.asvs.tn.edu.tw/,https://www.asvs.tn.edu.tw/,2026-09-08
,211419,臺南市私立慈幼高級工商職業學校,私立,臺南區免試入學日間部,高職,男女校,臺南市,東區,701 臺南市東區裕農路801號,https://www.ssvs.tn.edu.tw/,06-2362106,電機與電子群不分科:75(不限)；汽車科:30(不限)；烘焙科:36(不限),141,141,以電機與電子群不分科、汽車科、烘焙科等專業群科為主；特色班與實用技能／建教課程依115學年度校方公告。,臺南市私立慈幼高級工商職業學校：115學年度以電機與電子群不分科、汽車科、烘焙科等專業科別為主，各科配置專業核心、校訂選修、實習實作及跨域應用課程。,臺南市私立慈幼高級工商職業學校：各專業科別依115學年度課程安排實習、實作與專題製作，學生透過操作、作品或成果發表整合所學。,臺南市私立慈幼高級工商職業學校：目前沒有可公開確認的一般高中部固定校車／學生專車路線；一般公共運輸方式另列於「通勤資訊」。,臺南市私立慈幼高級工商職業學校：可由臺鐵臺南站轉乘臺南市區公車至學校所在道路周邊站點，下車後步行到校。,臺南市私立慈幼高級工商職業學校：目前沒有可公開確認的一般高中職學生固定住宿申請方案；特定隊伍、特殊班別或特殊身分住宿不視為一般學生住宿。,https://www.google.com/maps/search/?api=1&query=%E8%87%BA%E5%8D%97%E5%B8%82%E7%A7%81%E7%AB%8B%E6%85%88%E5%B9%BC%E9%AB%98%E7%B4%9A%E5%B7%A5%E5%95%86%E8%81%B7%E6%A5%AD%E5%AD%B8%E6%A0%A1%20701%20%E8%87%BA%E5%8D%97%E5%B8%82%E6%9D%B1%E5%8D%80%E8%A3%95%E8%BE%B2%E8%B7%AF801%E8%99%9F,https://www.ssvs.tn.edu.tw/ | https://courset.k12ea.gov.tw/courseinformation/indexStu01.asp,https://www.ssvs.tn.edu.tw/ | https://courset.k12ea.gov.tw/courseinformation/indexStu01.asp,https://www.ssvs.tn.edu.tw/,https://www.google.com/maps/search/?api=1&query=%E8%87%BA%E5%8D%97%E5%B8%82%E7%A7%81%E7%AB%8B%E6%85%88%E5%B9%BC%E9%AB%98%E7%B4%9A%E5%B7%A5%E5%95%86%E8%81%B7%E6%A5%AD%E5%AD%B8%E6%A0%A1%20701%20%E8%87%BA%E5%8D%97%E5%B8%82%E6%9D%B1%E5%8D%80%E8%A3%95%E8%BE%B2%E8%B7%AF801%E8%99%9F,https://www.ssvs.tn.edu.tw/,https://www.ssvs.tn.edu.tw/,https://www.ssvs.tn.edu.tw/,2026-09-08
,211B14,臺南市六信高級中學進修部,私立,臺南區免試入學進修部,進修部,男女校,臺南市,南區,702 臺南市南區新都路20號,https://www.lhvs.tn.edu.tw/,06-2619885,資料處理科(夜間班):5(不限)；餐飲管理科(夜間班):5(不限)；照顧服務科(夜間班):5(不限),15,15,進修部主要招生方向為資料處理科、餐飲管理科、照顧服務科；實際課程與特色依115學年度進修部公告。,臺南市六信高級中學進修部：115學年度以資料處理科(夜間班)、餐飲管理科(夜間班)、照顧服務科(夜間班)為主要學習方向，課程配置一般科目、專業科目及實作／實習內容，依進修部課程計畫分年修習。,臺南市六信高級中學進修部：依115學年度進修部課程安排專業實作、實習科目與成果任務，將夜間課程所學應用於操作與專題成果。,臺南市六信高級中學進修部：目前沒有可公開確認的一般高中部固定校車／學生專車路線；一般公共運輸方式另列於「通勤資訊」。,臺南市六信高級中學進修部：可由臺鐵臺南站轉乘臺南市區公車往健康路、金華路或南區方向，在學校周邊站點下車後步行到校。,臺南市六信高級中學進修部：目前沒有可公開確認的一般高中職學生固定住宿申請方案；特定隊伍、特殊班別或特殊身分住宿不視為一般學生住宿。,https://www.google.com/maps/search/?api=1&query=%E8%87%BA%E5%8D%97%E5%B8%82%E5%85%AD%E4%BF%A1%E9%AB%98%E7%B4%9A%E4%B8%AD%E5%AD%B8%E9%80%B2%E4%BF%AE%E9%83%A8%20702%20%E8%87%BA%E5%8D%97%E5%B8%82%E5%8D%97%E5%8D%80%E6%96%B0%E9%83%BD%E8%B7%AF20%E8%99%9F,https://www.lhvs.tn.edu.tw/ | https://courset.k12ea.gov.tw/courseinformation/indexStu01.asp,https://www.lhvs.tn.edu.tw/ | https://courset.k12ea.gov.tw/courseinformation/indexStu01.asp,https://www.lhvs.tn.edu.tw/,https://www.google.com/maps/search/?api=1&query=%E8%87%BA%E5%8D%97%E5%B8%82%E5%85%AD%E4%BF%A1%E9%AB%98%E7%B4%9A%E4%B8%AD%E5%AD%B8%E9%80%B2%E4%BF%AE%E9%83%A8%20702%20%E8%87%BA%E5%8D%97%E5%B8%82%E5%8D%97%E5%8D%80%E6%96%B0%E9%83%BD%E8%B7%AF20%E8%99%9F,https://www.lhvs.tn.edu.tw/,https://www.lhvs.tn.edu.tw/,https://www.lhvs.tn.edu.tw/,2026-09-08
,211C07,臺南市私立南英高級商工職業學校進修部,私立,臺南區免試入學進修部,進修部,男女校,臺南市,中西區,700190 臺南市中西區永福路一段149號,https://www.nyvs.tn.edu.tw/,06-2132222,汽車科(夜間班):15(不限)；餐飲管理科(夜間班):15(不限),30,30,進修部主要招生方向為汽車科、餐飲管理科；實際課程與特色依115學年度進修部公告。,臺南市私立南英高級商工職業學校進修部：115學年度以汽車科(夜間班)、餐飲管理科(夜間班)為主要學習方向，課程配置一般科目、專業科目及實作／實習內容，依進修部課程計畫分年修習。,臺南市私立南英高級商工職業學校進修部：依115學年度進修部課程安排專業實作、實習科目與成果任務，將夜間課程所學應用於操作與專題成果。,臺南市私立南英高級商工職業學校進修部：目前沒有可公開確認的一般高中部固定校車／學生專車路線；一般公共運輸方式另列於「通勤資訊」。,臺南市私立南英高級商工職業學校進修部：可由臺鐵臺南站轉乘臺南市區公車至中西區學校周邊站點，下車後步行到校。,臺南市私立南英高級商工職業學校進修部：目前沒有可公開確認的一般高中職學生固定住宿申請方案；特定隊伍、特殊班別或特殊身分住宿不視為一般學生住宿。,https://www.google.com/maps/search/?api=1&query=%E8%87%BA%E5%8D%97%E5%B8%82%E7%A7%81%E7%AB%8B%E5%8D%97%E8%8B%B1%E9%AB%98%E7%B4%9A%E5%95%86%E5%B7%A5%E8%81%B7%E6%A5%AD%E5%AD%B8%E6%A0%A1%E9%80%B2%E4%BF%AE%E9%83%A8%20700190%20%E8%87%BA%E5%8D%97%E5%B8%82%E4%B8%AD%E8%A5%BF%E5%8D%80%E6%B0%B8%E7%A6%8F%E8%B7%AF%E4%B8%80%E6%AE%B5149%E8%99%9F,https://www.nyvs.tn.edu.tw/ | https://courset.k12ea.gov.tw/courseinformation/indexStu01.asp,https://www.nyvs.tn.edu.tw/ | https://courset.k12ea.gov.tw/courseinformation/indexStu01.asp,https://www.nyvs.tn.edu.tw/,https://www.google.com/maps/search/?api=1&query=%E8%87%BA%E5%8D%97%E5%B8%82%E7%A7%81%E7%AB%8B%E5%8D%97%E8%8B%B1%E9%AB%98%E7%B4%9A%E5%95%86%E5%B7%A5%E8%81%B7%E6%A5%AD%E5%AD%B8%E6%A0%A1%E9%80%B2%E4%BF%AE%E9%83%A8%20700190%20%E8%87%BA%E5%8D%97%E5%B8%82%E4%B8%AD%E8%A5%BF%E5%8D%80%E6%B0%B8%E7%A6%8F%E8%B7%AF%E4%B8%80%E6%AE%B5149%E8%99%9F,https://www.nyvs.tn.edu.tw/,https://www.nyvs.tn.edu.tw/,https://www.nyvs.tn.edu.tw/,2026-09-08
,211C12,臺南市亞洲高級餐旅職業學校進修部,私立,臺南區免試入學進修部,進修部,男女校,臺南市,南區,702 臺南市南區大成路一段5號,https://www.asvs.tn.edu.tw/,06-2640175,烘焙科(夜間班):33(不限),33,33,進修部主要招生方向為烘焙科；實際課程與特色依115學年度進修部公告。,臺南市亞洲高級餐旅職業學校進修部：115學年度以烘焙科(夜間班)為主要學習方向，課程配置一般科目、專業科目及實作／實習內容，依進修部課程計畫分年修習。,臺南市亞洲高級餐旅職業學校進修部：依115學年度進修部課程安排專業實作、實習科目與成果任務，將夜間課程所學應用於操作與專題成果。,臺南市亞洲高級餐旅職業學校進修部：目前沒有可公開確認的一般高中部固定校車／學生專車路線；一般公共運輸方式另列於「通勤資訊」。,臺南市亞洲高級餐旅職業學校進修部：可由臺鐵臺南站轉乘臺南市區公車往健康路、金華路或南區方向，在學校周邊站點下車後步行到校。,臺南市亞洲高級餐旅職業學校進修部：目前沒有可公開確認的一般高中職學生固定住宿申請方案；特定隊伍、特殊班別或特殊身分住宿不視為一般學生住宿。,https://www.google.com/maps/search/?api=1&query=%E8%87%BA%E5%8D%97%E5%B8%82%E4%BA%9E%E6%B4%B2%E9%AB%98%E7%B4%9A%E9%A4%90%E6%97%85%E8%81%B7%E6%A5%AD%E5%AD%B8%E6%A0%A1%E9%80%B2%E4%BF%AE%E9%83%A8%20702%20%E8%87%BA%E5%8D%97%E5%B8%82%E5%8D%97%E5%8D%80%E5%A4%A7%E6%88%90%E8%B7%AF%E4%B8%80%E6%AE%B55%E8%99%9F,https://www.asvs.tn.edu.tw/ | https://courset.k12ea.gov.tw/courseinformation/indexStu01.asp,https://www.asvs.tn.edu.tw/ | https://courset.k12ea.gov.tw/courseinformation/indexStu01.asp,https://www.asvs.tn.edu.tw/,https://www.google.com/maps/search/?api=1&query=%E8%87%BA%E5%8D%97%E5%B8%82%E4%BA%9E%E6%B4%B2%E9%AB%98%E7%B4%9A%E9%A4%90%E6%97%85%E8%81%B7%E6%A5%AD%E5%AD%B8%E6%A0%A1%E9%80%B2%E4%BF%AE%E9%83%A8%20702%20%E8%87%BA%E5%8D%97%E5%B8%82%E5%8D%97%E5%8D%80%E5%A4%A7%E6%88%90%E8%B7%AF%E4%B8%80%E6%AE%B55%E8%99%9F,https://www.asvs.tn.edu.tw/,https://www.asvs.tn.edu.tw/,https://www.asvs.tn.edu.tw/,2026-09-08
,211C19,臺南市私立慈幼高級工商職業學校進修部,私立,臺南區免試入學進修部,進修部,男女校,臺南市,東區,701 臺南市東區裕農路801號,https://www.ssvs.tn.edu.tw/,06-2362106,汽車科(夜間班):19(不限)；資訊科(夜間班):19(不限),38,38,進修部主要招生方向為汽車科、資訊科；實際課程與特色依115學年度進修部公告。,臺南市私立慈幼高級工商職業學校進修部：115學年度以汽車科(夜間班)、資訊科(夜間班)為主要學習方向，課程配置一般科目、專業科目及實作／實習內容，依進修部課程計畫分年修習。,臺南市私立慈幼高級工商職業學校進修部：依115學年度進修部課程安排專業實作、實習科目與成果任務，將夜間課程所學應用於操作與專題成果。,臺南市私立慈幼高級工商職業學校進修部：目前沒有可公開確認的一般高中部固定校車／學生專車路線；一般公共運輸方式另列於「通勤資訊」。,臺南市私立慈幼高級工商職業學校進修部：可由臺鐵臺南站轉乘臺南市區公車至學校所在道路周邊站點，下車後步行到校。,臺南市私立慈幼高級工商職業學校進修部：目前沒有可公開確認的一般高中職學生固定住宿申請方案；特定隊伍、特殊班別或特殊身分住宿不視為一般學生住宿。,https://www.google.com/maps/search/?api=1&query=%E8%87%BA%E5%8D%97%E5%B8%82%E7%A7%81%E7%AB%8B%E6%85%88%E5%B9%BC%E9%AB%98%E7%B4%9A%E5%B7%A5%E5%95%86%E8%81%B7%E6%A5%AD%E5%AD%B8%E6%A0%A1%E9%80%B2%E4%BF%AE%E9%83%A8%20701%20%E8%87%BA%E5%8D%97%E5%B8%82%E6%9D%B1%E5%8D%80%E8%A3%95%E8%BE%B2%E8%B7%AF801%E8%99%9F,https://www.ssvs.tn.edu.tw/ | https://courset.k12ea.gov.tw/courseinformation/indexStu01.asp,https://www.ssvs.tn.edu.tw/ | https://courset.k12ea.gov.tw/courseinformation/indexStu01.asp,https://www.ssvs.tn.edu.tw/,https://www.google.com/maps/search/?api=1&query=%E8%87%BA%E5%8D%97%E5%B8%82%E7%A7%81%E7%AB%8B%E6%85%88%E5%B9%BC%E9%AB%98%E7%B4%9A%E5%B7%A5%E5%95%86%E8%81%B7%E6%A5%AD%E5%AD%B8%E6%A0%A1%E9%80%B2%E4%BF%AE%E9%83%A8%20701%20%E8%87%BA%E5%8D%97%E5%B8%82%E6%9D%B1%E5%8D%80%E8%A3%95%E8%BE%B2%E8%B7%AF801%E8%99%9F,https://www.ssvs.tn.edu.tw/,https://www.ssvs.tn.edu.tw/,https://www.ssvs.tn.edu.tw/,2026-09-08
,213303,臺南市立南寧高級中學,公立,臺南區免試入學日間部,高中,男女校,臺南市,南區,702 臺南市南區萬年路167號,https://www.nnjh.tn.edu.tw/,06-2622458,普通科:77(不限),77,77,普通型高中；特色班、實驗班與資優／藝才班依115學年度校方公告。,臺南市立南寧高級中學：115學年度普通科以部定必修、校訂課程、多元選修、探究實作、自主學習與生涯探索為主要架構。,臺南市立南寧高級中學：以自然科學探究與實作、社會領域探究、自主學習及成果發表作為主要實作／專題型學習。,臺南市立南寧高級中學：目前沒有可公開確認的一般高中部固定校車／學生專車路線；一般公共運輸方式另列於「通勤資訊」。,臺南市立南寧高級中學：可由臺鐵臺南站轉乘臺南市區公車往健康路、金華路或南區方向，在學校周邊站點下車後步行到校。,臺南市立南寧高級中學：目前沒有可公開確認的一般高中職學生固定住宿申請方案；特定隊伍、特殊班別或特殊身分住宿不視為一般學生住宿。,https://www.google.com/maps/search/?api=1&query=%E8%87%BA%E5%8D%97%E5%B8%82%E7%AB%8B%E5%8D%97%E5%AF%A7%E9%AB%98%E7%B4%9A%E4%B8%AD%E5%AD%B8%20702%20%E8%87%BA%E5%8D%97%E5%B8%82%E5%8D%97%E5%8D%80%E8%90%AC%E5%B9%B4%E8%B7%AF167%E8%99%9F,https://www.nnjh.tn.edu.tw/ | https://courset.k12ea.gov.tw/courseinformation/indexStu01.asp,https://www.nnjh.tn.edu.tw/ | https://courset.k12ea.gov.tw/courseinformation/indexStu01.asp,https://www.nnjh.tn.edu.tw/,https://www.google.com/maps/search/?api=1&query=%E8%87%BA%E5%8D%97%E5%B8%82%E7%AB%8B%E5%8D%97%E5%AF%A7%E9%AB%98%E7%B4%9A%E4%B8%AD%E5%AD%B8%20702%20%E8%87%BA%E5%8D%97%E5%B8%82%E5%8D%97%E5%8D%80%E8%90%AC%E5%B9%B4%E8%B7%AF167%E8%99%9F,https://www.nnjh.tn.edu.tw/,https://www.nnjh.tn.edu.tw/,https://www.nnjh.tn.edu.tw/,2026-09-08
,213316,臺南市立土城高級中學,公立,臺南區免試入學日間部,高中,男女校,臺南市,安南區,709 臺南市安南區安中路五段265號,https://www.tcjh.tn.edu.tw/,06-2577014,普通科:60(不限),60,60,普通型高中；特色班、實驗班與資優／藝才班依115學年度校方公告。,臺南市立土城高級中學：115學年度以普通高中部定課程為基礎，搭配校訂必修、多元選修、自然與社會探究實作、自主學習及生涯探索。,臺南市立土城高級中學：以自然科學探究與實作、社會領域探究、自主學習及成果發表作為主要實作／專題型學習。,臺南市立土城高級中學：目前沒有可公開確認的一般高中部固定校車／學生專車路線；一般公共運輸方式另列於「通勤資訊」。,臺南市立土城高級中學：可由臺鐵臺南站轉乘往安南區的大台南公車，在學校周邊站點下車後步行到校。,臺南市立土城高級中學：目前沒有可公開確認的一般高中職學生固定住宿申請方案；特定隊伍、特殊班別或特殊身分住宿不視為一般學生住宿。,https://www.google.com/maps/search/?api=1&query=%E8%87%BA%E5%8D%97%E5%B8%82%E7%AB%8B%E5%9C%9F%E5%9F%8E%E9%AB%98%E7%B4%9A%E4%B8%AD%E5%AD%B8%20709%20%E8%87%BA%E5%8D%97%E5%B8%82%E5%AE%89%E5%8D%97%E5%8D%80%E5%AE%89%E4%B8%AD%E8%B7%AF%E4%BA%94%E6%AE%B5265%E8%99%9F,https://www.tcjh.tn.edu.tw/ | https://courset.k12ea.gov.tw/courseinformation/indexStu01.asp,https://www.tcjh.tn.edu.tw/ | https://courset.k12ea.gov.tw/courseinformation/indexStu01.asp,https://www.tcjh.tn.edu.tw/,https://www.google.com/maps/search/?api=1&query=%E8%87%BA%E5%8D%97%E5%B8%82%E7%AB%8B%E5%9C%9F%E5%9F%8E%E9%AB%98%E7%B4%9A%E4%B8%AD%E5%AD%B8%20709%20%E8%87%BA%E5%8D%97%E5%B8%82%E5%AE%89%E5%8D%97%E5%8D%80%E5%AE%89%E4%B8%AD%E8%B7%AF%E4%BA%94%E6%AE%B5265%E8%99%9F,https://www.tcjh.tn.edu.tw/,https://www.tcjh.tn.edu.tw/,https://www.tcjh.tn.edu.tw/,2026-09-08
