排名,學校代碼,學校名稱,公私立,招生區,學制分類,男女校,縣市,區,地址,官網,電話,科系與名額,簡章招生名額,招生名額,資優班/特色班,課程方向,實習／專題,校車／專車資訊,通勤資訊,住宿資訊,Google地圖,課程資料來源,實習專題資料來源,校車／專車資料來源,通勤資料來源,住宿資料來源,地址資料來源,生活資料來源,資料更新日期
,050314,國立卓蘭高級中等學校,公立,中投區免試入學日間部,綜高,不限,苗栗縣,卓蘭鎮,369002 苗栗縣卓蘭鎮老庄里161號,https://www.jlsh.mlc.edu.tw,04-25892007#204,普通科:93(不限);商業經營科:25(不限);國際貿易科:25(不限);資料處理科:25(不限);電子商務科:25(不限);應用英語科:25(不限);幼兒保育科:51(不限),269,269,"普通科特色班曾規劃科學創思班、卓越人文班、文創閱讀班;各職業類科另依科本位課程發展,實際開班依當年度公告。",國立卓蘭高級中等學校同時提供普通／綜合高中學習與商業經營科、國際貿易科、資料處理科、電子商務科、應用英語科等專業方向；一般課程搭配校訂必修、多元選修與探究實作，專業類科則發展資電與工程、商管與數位應用、家政與照護、外語應用實務能力。,國立卓蘭高級中等學校普通／綜合高中端以自然科與社會領域探究、自主學習成果為主；專業類科另安排資電與工程、商管與數位應用、家政與照護、外語應用實習與專題實作，形成研究與技能並行的實作學習。,國立卓蘭高級中等學校的固定校車／學生專車服務目前沒有足以確認適用對象與路線的校方制度資訊。,可由臺鐵豐原站前轉乘 208 路公車往卓蘭方向，抵達卓蘭市區後再銜接老庄校址周邊站點到校。,學校設有學生宿舍，住宿依校方宿舍管理與申請制度辦理。,https://www.google.com/maps/search/?api=1&query=%E5%9C%8B%E7%AB%8B%E5%8D%93%E8%98%AD%E9%AB%98%E7%B4%9A%E4%B8%AD%E7%AD%89%E5%AD%B8%E6%A0%A1%20369002%20%E8%8B%97%E6%A0%97%E7%B8%A3%E5%8D%93%E8%98%AD%E9%8E%AE%E8%80%81%E5%BA%84%E9%87%8C161%E8%99%9F,https://www.jlsh.mlc.edu.tw,https://www.jlsh.mlc.edu.tw,https://www.jlsh.mlc.edu.tw,https://www.google.com/maps/search/?api=1&query=%E5%9C%8B%E7%AB%8B%E5%8D%93%E8%98%AD%E9%AB%98%E7%B4%9A%E4%B8%AD%E7%AD%89%E5%AD%B8%E6%A0%A1%20369002%20%E8%8B%97%E6%A0%97%E7%B8%A3%E5%8D%93%E8%98%AD%E9%8E%AE%E8%80%81%E5%BA%84%E9%87%8C161%E8%99%9F,https://www.jlsh.mlc.edu.tw/p/403-1012-827-1.php,https://www.jlsh.mlc.edu.tw,https://www.jlsh.mlc.edu.tw,2026-09-07
,050315,國立苑裡高級中學,公立,中投區免試入學日間部,高中,不限,苗栗縣,苑裡鎮,苗栗縣苑裡鎮育才街100號,https://www.ylsh.mlc.edu.tw,037-868680#202,普通科:190(不限),190,190,"美術班;課程計畫另列普通班與實驗班課程地圖,實際甄選與編班依當年度公告。",國立苑裡高級中學普通高中課程以語文、數理、社會、自然與科技領域為基礎，搭配校訂必修、多元選修、探究與實作及自主學習，讓學生依升學與興趣規劃加深加廣學習。,國立苑裡高級中學的實作學習以自然科探究與實作、社會議題探究、校訂課程及自主學習成果為主，學生可透過實驗、研究報告、作品或成果發表完成學習成果。,國立苑裡高級中學的固定校車／學生專車服務目前沒有足以確認適用對象與路線的校方制度資訊。,可搭臺鐵至苑裡站，出站後步行約 900 公尺至學校；公車 97、616、662、839 可於「國立苑裡高中」站下車。,學校設有學生宿舍，住宿採申請方式辦理，校方並提供住宿規定與生活管理資訊。,https://www.google.com/maps/search/?api=1&query=%E5%9C%8B%E7%AB%8B%E8%8B%91%E8%A3%A1%E9%AB%98%E7%B4%9A%E4%B8%AD%E5%AD%B8%20%E8%8B%97%E6%A0%97%E7%B8%A3%E8%8B%91%E8%A3%A1%E9%8E%AE%E8%82%B2%E6%89%8D%E8%A1%97100%E8%99%9F,https://www.ylsh.mlc.edu.tw/office/div_200/108course/%E8%AA%B2%E7%A8%8B%E8%A8%88%E7%95%AB%E6%9B%B8/,https://www.ylsh.mlc.edu.tw/office/div_200/108course/%E8%AA%B2%E7%A8%8B%E8%A8%88%E7%95%AB%E6%9B%B8/,https://www.ylsh.mlc.edu.tw,https://www.ylsh.mlc.edu.tw/about/%E4%BA%A4%E9%80%9A%E8%B7%AF%E7%B7%9A/,https://www.ylsh.mlc.edu.tw/freshman/%E4%BD%8F%E5%AE%BF%E8%A6%8F%E5%AE%9A/,https://www.ylsh.mlc.edu.tw,https://www.ylsh.mlc.edu.tw,2026-09-07
,050401,國立大湖高級農工職業學校,公立,中投區免試入學日間部,高職,不限,苗栗縣,大湖鄉,苗栗縣大湖鄉大寮村竹高屋68號,https://www.thvs.mlc.edu.tw,037-992216#403,園藝科(產特):4(不限);食品加工科:4(不限);機械科:4(不限);電機科:4(不限);室內空間設計科:4(不限),20,20,"園藝科為產業特殊需求類科;另設實用技能學程與綜合職能科,實際招生科班依年度簡章。",國立大湖高級農工職業學校依園藝科、食品加工科、機械科、電機科、室內空間設計科規劃專業課程，學習涵蓋農業與食品、機械與製造、資電與工程、建築與空間，並配置專業科目、實習科目、技能應用與專題實作。,國立大湖高級農工職業學校各專業科別安排實習操作與專題實作，內容對應農業與食品、機械與製造、資電與工程、建築與空間，並結合設備操作、技能訓練、作品製作或成果發表。,有交通車。115學年度第1學期校方公布學生交通車搭乘名單、路線與時間表，包含竹南造橋線等路線，學生依分配車次與站別搭乘。,可由苗栗車站轉乘往大湖方向客運至大湖市區，再銜接大寮方向公車至竹高屋校址周邊後步行到校。,學校設有學生宿舍。115學年度第1學期已公布住宿寢室名單與入住須知。,https://www.google.com/maps/search/?api=1&query=%E5%9C%8B%E7%AB%8B%E5%A4%A7%E6%B9%96%E9%AB%98%E7%B4%9A%E8%BE%B2%E5%B7%A5%E8%81%B7%E6%A5%AD%E5%AD%B8%E6%A0%A1%20%E8%8B%97%E6%A0%97%E7%B8%A3%E5%A4%A7%E6%B9%96%E9%84%89%E5%A4%A7%E5%AF%AE%E6%9D%91%E7%AB%B9%E9%AB%98%E5%B1%8B68%E8%99%9F,https://www.thvs.mlc.edu.tw/%E8%A1%8C%E6%94%BF%E5%96%AE%E4%BD%8D/%E6%95%99%E5%8B%99%E8%99%95/%E6%95%99%E5%8B%99%E8%99%95-%E7%B8%BD%E9%AB%94%E8%AA%B2%E7%A8%8B%E8%A8%88%E7%95%AB%E6%9B%B8%E5%8F%8A%E5%AD%B8%E7%94%9F%E9%81%B8%E8%AA%B2%E6%89%8B%E5%86%8A/,https://www.thvs.mlc.edu.tw/%E8%A1%8C%E6%94%BF%E5%96%AE%E4%BD%8D/%E5%AF%A6%E7%BF%92%E8%99%95/,https://www.thvs.mlc.edu.tw/2026/08/24/%E3%80%90%E5%85%AC%E5%91%8A%E3%80%91115%E5%AD%B8%E5%B9%B4%E5%BA%A6%E7%AC%AC1%E5%AD%B8%E6%9C%9F%E4%BA%A4%E9%80%9A%E8%BB%8A%E8%B7%AF%E7%B7%9A%E5%8F%8A%E6%99%82%E5%88%BB%E8%A1%A8/,https://www.google.com/maps/search/?api=1&query=%E5%9C%8B%E7%AB%8B%E5%A4%A7%E6%B9%96%E9%AB%98%E7%B4%9A%E8%BE%B2%E5%B7%A5%E8%81%B7%E6%A5%AD%E5%AD%B8%E6%A0%A1%20%E8%8B%97%E6%A0%97%E7%B8%A3%E5%A4%A7%E6%B9%96%E9%84%89%E5%A4%A7%E5%AF%AE%E6%9D%91%E7%AB%B9%E9%AB%98%E5%B1%8B68%E8%99%9F,https://www.thvs.mlc.edu.tw/2026/08/24/%E3%80%90%E5%85%AC%E5%91%8A%E3%80%91115%E5%AD%B8%E5%B9%B4%E5%BA%A6%E7%AC%AC1%E5%AD%B8%E6%9C%9F-%E5%AE%BF%E8%88%8D%E5%AF%A2%E5%AE%A4%E5%90%8D%E5%96%AE%E5%8F%8A%E5%85%A5%E4%BD%8F%E9%A0%88%E7%9F%A5/,https://www.thvs.mlc.edu.tw,https://www.thvs.mlc.edu.tw,2026-09-07
,050B14,國立卓蘭高級中等學校進修部,公立,中投區免試入學進修部,進修部,不限,苗栗縣,卓蘭鎮,369002 苗栗縣卓蘭鎮老庄里161號,https://www.jlsh.mlc.edu.tw,04-25895645,資料處理科(夜間班):20(不限),20,20,"普通科特色班曾規劃科學創思班、卓越人文班、文創閱讀班;各職業類科另依科本位課程發展,實際開班依當年度公告。",國立卓蘭高級中等學校進修部以資料處理科為主要學習科別，課程兼顧一般科目與商管與數位應用專業核心，並依進修學制安排實務與技能應用課程。,國立卓蘭高級中等學校進修部的實作學習依資料處理科配置專業實習與專題實作，重點放在商管與數位應用技能操作、作品製作與成果呈現。,國立卓蘭高級中等學校進修部的固定校車／學生專車服務目前沒有足以確認適用對象與路線的校方制度資訊。,可由臺鐵豐原站前轉乘 208 路公車往卓蘭方向，抵達卓蘭市區後再銜接老庄校址周邊站點到校。,國立卓蘭高級中等學校進修部的一般招生學生住宿制度目前沒有足以確認適用對象與申請方式的校方制度資訊。,https://www.google.com/maps/search/?api=1&query=%E5%9C%8B%E7%AB%8B%E5%8D%93%E8%98%AD%E9%AB%98%E7%B4%9A%E4%B8%AD%E7%AD%89%E5%AD%B8%E6%A0%A1%E9%80%B2%E4%BF%AE%E9%83%A8%20369002%20%E8%8B%97%E6%A0%97%E7%B8%A3%E5%8D%93%E8%98%AD%E9%8E%AE%E8%80%81%E5%BA%84%E9%87%8C161%E8%99%9F,https://www.jlsh.mlc.edu.tw/p/406-1012-186131%2Cr474.php,https://www.jlsh.mlc.edu.tw/p/406-1012-186131%2Cr474.php,https://www.jlsh.mlc.edu.tw,https://www.google.com/maps/search/?api=1&query=%E5%9C%8B%E7%AB%8B%E5%8D%93%E8%98%AD%E9%AB%98%E7%B4%9A%E4%B8%AD%E7%AD%89%E5%AD%B8%E6%A0%A1%E9%80%B2%E4%BF%AE%E9%83%A8%20369002%20%E8%8B%97%E6%A0%97%E7%B8%A3%E5%8D%93%E8%98%AD%E9%8E%AE%E8%80%81%E5%BA%84%E9%87%8C161%E8%99%9F,https://www.jlsh.mlc.edu.tw,https://www.jlsh.mlc.edu.tw,https://www.jlsh.mlc.edu.tw,2026-09-07
,051307,全人學校財團法人苗栗縣全人實驗高級中等學校,私立,中投區免試入學日間部,高中,不限,苗栗縣,卓蘭鎮,苗栗縣卓蘭鎮內灣里內灣141-3號,https://holistic.org.tw,04-25896909、25896910,普通科:5(不限),5,5,"實驗教育學校,不以傳統資優班分流;以民主教育、專題式學習、追夢計畫與畢業專題為主要特色。",課程採實驗教育取向，以民主教育、專題式學習、追夢計畫與跨領域自主探索為核心，學生透過共同課程與個人學習計畫發展興趣與能力。,以專題式學習為核心，學生可進行追夢計畫、跨領域專題與畢業專題，並以作品、報告或公開成果展現學習歷程。,全人學校財團法人苗栗縣全人實驗高級中等學校的固定校車／學生專車服務目前沒有足以確認適用對象與路線的校方制度資訊。,可由臺鐵豐原站轉乘往東勢、卓蘭方向公車抵達卓蘭，再銜接內灣方向在地交通前往內灣校址。,全人學校財團法人苗栗縣全人實驗高級中等學校的一般招生學生住宿制度目前沒有足以確認適用對象與申請方式的校方制度資訊。,https://www.google.com/maps/search/?api=1&query=%E5%85%A8%E4%BA%BA%E5%AD%B8%E6%A0%A1%E8%B2%A1%E5%9C%98%E6%B3%95%E4%BA%BA%E8%8B%97%E6%A0%97%E7%B8%A3%E5%85%A8%E4%BA%BA%E5%AF%A6%E9%A9%97%E9%AB%98%E7%B4%9A%E4%B8%AD%E7%AD%89%E5%AD%B8%E6%A0%A1%20%E8%8B%97%E6%A0%97%E7%B8%A3%E5%8D%93%E8%98%AD%E9%8E%AE%E5%85%A7%E7%81%A3%E9%87%8C%E5%85%A7%E7%81%A3141-3%E8%99%9F,https://holistic.org.tw,https://holistic.org.tw,https://holistic.org.tw,https://www.google.com/maps/search/?api=1&query=%E5%85%A8%E4%BA%BA%E5%AD%B8%E6%A0%A1%E8%B2%A1%E5%9C%98%E6%B3%95%E4%BA%BA%E8%8B%97%E6%A0%97%E7%B8%A3%E5%85%A8%E4%BA%BA%E5%AF%A6%E9%A9%97%E9%AB%98%E7%B4%9A%E4%B8%AD%E7%AD%89%E5%AD%B8%E6%A0%A1%20%E8%8B%97%E6%A0%97%E7%B8%A3%E5%8D%93%E8%98%AD%E9%8E%AE%E5%85%A7%E7%81%A3%E9%87%8C%E5%85%A7%E7%81%A3141-3%E8%99%9F,https://holistic.org.tw,https://holistic.org.tw,https://holistic.org.tw,2026-09-07
,051413,苗栗縣私立龍德家事商業職業學校,私立,中投區免試入學日間部,高職,不限,苗栗縣,苑裡鎮,苗栗縣苑裡鎮房裡里南房75之1號,http://www.ldvs.mlc.edu.tw,037-851277#121、122,家具木工科(產特):15(不限),15,15,家具木工科為產業特殊需求類科;校方官網未標示另設資優班。,苗栗縣私立龍德家事商業職業學校依家具木工科規劃專業課程，學習涵蓋建築與空間，並配置專業科目、實習科目、技能應用與專題實作。,苗栗縣私立龍德家事商業職業學校各專業科別安排實習操作與專題實作，內容對應建築與空間，並結合設備操作、技能訓練、作品製作或成果發表。,苗栗縣私立龍德家事商業職業學校的固定校車／學生專車服務目前沒有足以確認適用對象與路線的校方制度資訊。,可搭 97、181 或 616 路公車，在「龍德家商」站下車後步行進入校園。,苗栗縣私立龍德家事商業職業學校的一般招生學生住宿制度目前沒有足以確認適用對象與申請方式的校方制度資訊。,https://www.google.com/maps/search/?api=1&query=%E8%8B%97%E6%A0%97%E7%B8%A3%E7%A7%81%E7%AB%8B%E9%BE%8D%E5%BE%B7%E5%AE%B6%E4%BA%8B%E5%95%86%E6%A5%AD%E8%81%B7%E6%A5%AD%E5%AD%B8%E6%A0%A1%20%E8%8B%97%E6%A0%97%E7%B8%A3%E8%8B%91%E8%A3%A1%E9%8E%AE%E6%88%BF%E8%A3%A1%E9%87%8C%E5%8D%97%E6%88%BF75%E4%B9%8B1%E8%99%9F,http://www.ldvs.mlc.edu.tw,http://www.ldvs.mlc.edu.tw,http://www.ldvs.mlc.edu.tw,https://citybus-free.taichung.gov.tw/driving-map?route=181,http://www.ldvs.mlc.edu.tw,http://www.ldvs.mlc.edu.tw,http://www.ldvs.mlc.edu.tw,2026-09-07
,054308,苗栗縣立三義高級中學,公立,中投區免試入學日間部,綜高,不限,苗栗縣,三義鄉,苗栗縣三義鄉廣盛村11鄰122號,https://sjh.mlc.edu.tw,037-872015#201,普通科:5(不限);餐飲管理科:5(不限);多媒體設計科:9(不限),19,19,"普通科、餐飲管理科、多媒體設計科並設;校方另有高中課程計畫,固定特色班依當年度公告。",苗栗縣立三義高級中學同時提供普通／綜合高中學習與餐飲管理科、多媒體設計科等專業方向；一般課程搭配校訂必修、多元選修與探究實作，專業類科則發展餐旅與服務、設計與藝術實務能力。,苗栗縣立三義高級中學普通／綜合高中端以自然科與社會領域探究、自主學習成果為主；專業類科另安排餐旅與服務、設計與藝術實習與專題實作，形成研究與技能並行的實作學習。,苗栗縣立三義高級中學的固定校車／學生專車服務目前沒有足以確認適用對象與路線的校方制度資訊。,可搭臺鐵至三義站，再轉乘往三義市區方向客運，在廣盛村校址周邊站點下車後步行到校。,苗栗縣立三義高級中學的一般招生學生住宿制度目前沒有足以確認適用對象與申請方式的校方制度資訊。,https://www.google.com/maps/search/?api=1&query=%E8%8B%97%E6%A0%97%E7%B8%A3%E7%AB%8B%E4%B8%89%E7%BE%A9%E9%AB%98%E7%B4%9A%E4%B8%AD%E5%AD%B8%20%E8%8B%97%E6%A0%97%E7%B8%A3%E4%B8%89%E7%BE%A9%E9%84%89%E5%BB%A3%E7%9B%9B%E6%9D%9111%E9%84%B0122%E8%99%9F,https://sjh.mlc.edu.tw,https://sjh.mlc.edu.tw,https://sjh.mlc.edu.tw,https://www.google.com/maps/search/?api=1&query=%E8%8B%97%E6%A0%97%E7%B8%A3%E7%AB%8B%E4%B8%89%E7%BE%A9%E9%AB%98%E7%B4%9A%E4%B8%AD%E5%AD%B8%20%E8%8B%97%E6%A0%97%E7%B8%A3%E4%B8%89%E7%BE%A9%E9%84%89%E5%BB%A3%E7%9B%9B%E6%9D%9111%E9%84%B0122%E8%99%9F,https://sjh.mlc.edu.tw,https://sjh.mlc.edu.tw,https://sjh.mlc.edu.tw,2026-09-07
,054309,苗栗縣立苑裡高級中學,公立,中投區免試入學日間部,綜高,不限,苗栗縣,苑裡鎮,35862 苗栗縣苑裡鎮客庄里新興路19號,https://yljh.mlc.edu.tw,037-857042#213,普通科:57(不限);商業經營科:13(不限);廣告設計科:13(不限),83,83,"高中部設體育班,並推動數理實驗課程班;普通科、商業經營科、廣告設計科多軌發展。",苗栗縣立苑裡高級中學同時提供普通／綜合高中學習與商業經營科、廣告設計科等專業方向；一般課程搭配校訂必修、多元選修與探究實作，專業類科則發展商管與數位應用、設計與藝術實務能力。,苗栗縣立苑裡高級中學普通／綜合高中端以自然科與社會領域探究、自主學習成果為主；專業類科另安排商管與數位應用、設計與藝術實習與專題實作，形成研究與技能並行的實作學習。,苗栗縣立苑裡高級中學的固定校車／學生專車服務目前沒有足以確認適用對象與路線的校方制度資訊。,可搭臺鐵至苑裡站，再由車站步行或短程接駁至新興路高中校區；苑裡市區公車可在車站周邊轉乘。,苗栗縣立苑裡高級中學的一般招生學生住宿制度目前沒有足以確認適用對象與申請方式的校方制度資訊。,https://www.google.com/maps/search/?api=1&query=%E8%8B%97%E6%A0%97%E7%B8%A3%E7%AB%8B%E8%8B%91%E8%A3%A1%E9%AB%98%E7%B4%9A%E4%B8%AD%E5%AD%B8%2035862%20%E8%8B%97%E6%A0%97%E7%B8%A3%E8%8B%91%E8%A3%A1%E9%8E%AE%E5%AE%A2%E5%BA%84%E9%87%8C%E6%96%B0%E8%88%88%E8%B7%AF19%E8%99%9F,https://yljh.mlc.edu.tw/WebLink/Page.php?ID=42,https://yljh.mlc.edu.tw/WebLink/Page.php?ID=42,https://yljh.mlc.edu.tw,https://www.google.com/maps/search/?api=1&query=%E8%8B%97%E6%A0%97%E7%B8%A3%E7%AB%8B%E8%8B%91%E8%A3%A1%E9%AB%98%E7%B4%9A%E4%B8%AD%E5%AD%B8%2035862%20%E8%8B%97%E6%A0%97%E7%B8%A3%E8%8B%91%E8%A3%A1%E9%8E%AE%E5%AE%A2%E5%BA%84%E9%87%8C%E6%96%B0%E8%88%88%E8%B7%AF19%E8%99%9F,https://yljh.mlc.edu.tw,https://yljh.mlc.edu.tw,https://yljh.mlc.edu.tw,2026-09-07
,060322,國立中興大學附屬高級中學,公立,中投區免試入學日間部,高中,不限,臺中市,大里區,臺中市大里區東榮路369號,https://www.dali.tc.edu.tw,04-24875199#321,普通科:454(不限),454,454,數理資優班、創意科學實驗班;新生特色班級依校方當年度遴選公告辦理。,普通型課程兼顧語文、人文社會、數理自然與科技領域，並發展數理資優、創意科學實驗、校訂必修、專題研究與多元選修。,自然科探究與實作、校訂必修及特色課程可延伸為科學研究與專題發表，學生可透過實驗、研究報告與成果展示累積研究經驗。,國立中興大學附屬高級中學的固定校車／學生專車服務目前沒有足以確認適用對象與路線的校方制度資訊。,可由臺中車站轉乘往大里方向市區公車，在東榮路、國光路一帶下車後步行至學校；由大慶站亦可轉乘大里方向公車。,國立中興大學附屬高級中學的一般招生學生住宿制度目前沒有足以確認適用對象與申請方式的校方制度資訊。,https://www.google.com/maps/search/?api=1&query=%E5%9C%8B%E7%AB%8B%E4%B8%AD%E8%88%88%E5%A4%A7%E5%AD%B8%E9%99%84%E5%B1%AC%E9%AB%98%E7%B4%9A%E4%B8%AD%E5%AD%B8%20%E8%87%BA%E4%B8%AD%E5%B8%82%E5%A4%A7%E9%87%8C%E5%8D%80%E6%9D%B1%E6%A6%AE%E8%B7%AF369%E8%99%9F,https://www.dali.tc.edu.tw/resource/openfid.php?id=2938,https://www.dali.tc.edu.tw/resource/openfid.php?id=2938,https://www.dali.tc.edu.tw,https://www.google.com/maps/search/?api=1&query=%E5%9C%8B%E7%AB%8B%E4%B8%AD%E8%88%88%E5%A4%A7%E5%AD%B8%E9%99%84%E5%B1%AC%E9%AB%98%E7%B4%9A%E4%B8%AD%E5%AD%B8%20%E8%87%BA%E4%B8%AD%E5%B8%82%E5%A4%A7%E9%87%8C%E5%8D%80%E6%9D%B1%E6%A6%AE%E8%B7%AF369%E8%99%9F,https://www.dali.tc.edu.tw,https://www.dali.tc.edu.tw,https://www.dali.tc.edu.tw,2026-09-07
,060323,國立中科實驗高級中學,公立,中投區免試入學日間部,高中,不限,臺中市,大雅區,臺中市大雅區平和路227號,https://www.nehs.tc.edu.tw,04-25686850#1220,普通科:76(不限),76,76,高中部設數理實驗班;課程以專題研究、小論文、科展與PBL成果發表為特色。,高中課程強調數理與科學探究，設數理實驗班，並透過專題研究、小論文、科展、PBL與多元選修培養研究與問題解決能力。,實作重點包含專題研究、小論文、科展與PBL，學生需進行問題設定、資料蒐集、實驗或設計，並完成成果發表。,國立中科實驗高級中學的固定校車／學生專車服務目前沒有足以確認適用對象與路線的校方制度資訊。,可搭 45延或 45延1 路公車，在「中科實驗高中（平和路）」站下車後步行到校。,國立中科實驗高級中學的一般招生學生住宿制度目前沒有足以確認適用對象與申請方式的校方制度資訊。,https://www.google.com/maps/search/?api=1&query=%E5%9C%8B%E7%AB%8B%E4%B8%AD%E7%A7%91%E5%AF%A6%E9%A9%97%E9%AB%98%E7%B4%9A%E4%B8%AD%E5%AD%B8%20%E8%87%BA%E4%B8%AD%E5%B8%82%E5%A4%A7%E9%9B%85%E5%8D%80%E5%B9%B3%E5%92%8C%E8%B7%AF227%E8%99%9F,https://www.nehs.tc.edu.tw,https://www.nehs.tc.edu.tw,https://www.nehs.tc.edu.tw,https://citybus-free.taichung.gov.tw/driving-map?route=451,https://www.nehs.tc.edu.tw,https://www.nehs.tc.edu.tw,https://www.nehs.tc.edu.tw,2026-09-07
,061301,常春藤學校財團法人臺中市常春藤高級中學,私立,中投區免試入學日間部,高中,不限,臺中市,潭子區,臺中市潭子區潭興路一段165巷320號,https://www.ivyjhs.tc.edu.tw,04-25395066#114,普通科:191(不限),191,191,"官網可見哈克尼斯國際實驗教育移地教學等活動;未標示固定資優班招生,班別以當年度公告為準。",常春藤學校財團法人臺中市常春藤高級中學普通高中課程以語文、數理、社會、自然與科技領域為基礎，搭配校訂必修、多元選修、探究與實作及自主學習，讓學生依升學與興趣規劃加深加廣學習。,常春藤學校財團法人臺中市常春藤高級中學的實作學習以自然科探究與實作、社會議題探究、校訂課程及自主學習成果為主，學生可透過實驗、研究報告、作品或成果發表完成學習成果。,常春藤學校財團法人臺中市常春藤高級中學的固定校車／學生專車服務目前沒有足以確認適用對象與路線的校方制度資訊。,可搭臺鐵至潭子站，再轉乘往潭興路方向市區公車，於潭興路一段校址周邊下車後步行到校。,常春藤學校財團法人臺中市常春藤高級中學的一般招生學生住宿制度目前沒有足以確認適用對象與申請方式的校方制度資訊。,https://www.google.com/maps/search/?api=1&query=%E5%B8%B8%E6%98%A5%E8%97%A4%E5%AD%B8%E6%A0%A1%E8%B2%A1%E5%9C%98%E6%B3%95%E4%BA%BA%E8%87%BA%E4%B8%AD%E5%B8%82%E5%B8%B8%E6%98%A5%E8%97%A4%E9%AB%98%E7%B4%9A%E4%B8%AD%E5%AD%B8%20%E8%87%BA%E4%B8%AD%E5%B8%82%E6%BD%AD%E5%AD%90%E5%8D%80%E6%BD%AD%E8%88%88%E8%B7%AF%E4%B8%80%E6%AE%B5165%E5%B7%B7320%E8%99%9F,https://www.ivyjhs.tc.edu.tw,https://www.ivyjhs.tc.edu.tw,https://www.ivyjhs.tc.edu.tw,https://www.google.com/maps/search/?api=1&query=%E5%B8%B8%E6%98%A5%E8%97%A4%E5%AD%B8%E6%A0%A1%E8%B2%A1%E5%9C%98%E6%B3%95%E4%BA%BA%E8%87%BA%E4%B8%AD%E5%B8%82%E5%B8%B8%E6%98%A5%E8%97%A4%E9%AB%98%E7%B4%9A%E4%B8%AD%E5%AD%B8%20%E8%87%BA%E4%B8%AD%E5%B8%82%E6%BD%AD%E5%AD%90%E5%8D%80%E6%BD%AD%E8%88%88%E8%B7%AF%E4%B8%80%E6%AE%B5165%E5%B7%B7320%E8%99%9F,https://www.ivyjhs.tc.edu.tw,https://www.ivyjhs.tc.edu.tw,https://www.ivyjhs.tc.edu.tw,2026-09-07
,061306,臺中市明台高級中學,私立,中投區免試入學日間部,高職,不限,臺中市,霧峰區,413 臺中市霧峰區萊園路91號,https://www.mths.tc.edu.tw,04-23393071#210、211,資料處理科:87(不限);觀光事業科:83(不限);餐飲管理科:82(不限);幼兒保育科:43(不限);美容科:42(不限);室內設計科:86(不限),423,423,"以餐旅、設計、美容、幼保、資料處理等專業科別為特色;另有實用技能科別,無固定資優班公告。",臺中市明台高級中學依資料處理科、觀光事業科、餐飲管理科、幼兒保育科、美容科、室內設計科規劃專業課程，學習涵蓋建築與空間、商管與數位應用、餐旅與服務、家政與照護，並配置專業科目、實習科目、技能應用與專題實作。,臺中市明台高級中學各專業科別安排實習操作與專題實作，內容對應建築與空間、商管與數位應用、餐旅與服務、家政與照護，並結合設備操作、技能訓練、作品製作或成果發表。,有校車。115學年度新生可登記搭乘校車，校方提供站名代碼與校車申請系統。,可搭 291 路公車，在「明台高中」站下車後步行進入校園。,臺中市明台高級中學的一般招生學生住宿制度目前沒有足以確認適用對象與申請方式的校方制度資訊。,https://www.google.com/maps/search/?api=1&query=%E8%87%BA%E4%B8%AD%E5%B8%82%E6%98%8E%E5%8F%B0%E9%AB%98%E7%B4%9A%E4%B8%AD%E5%AD%B8%20413%20%E8%87%BA%E4%B8%AD%E5%B8%82%E9%9C%A7%E5%B3%B0%E5%8D%80%E8%90%8A%E5%9C%92%E8%B7%AF91%E8%99%9F,https://www.mths.tc.edu.tw/index,https://www.mths.tc.edu.tw/InternshipOffice,https://www.mths.tc.edu.tw/announcement/9149bbe0-7679-11f1-b357-cbe6b899b5a1?page=1,https://citybus-free.taichung.gov.tw/driving-map?route=291,https://www.mths.tc.edu.tw,https://www.mths.tc.edu.tw,https://www.mths.tc.edu.tw,2026-09-07
,061309,臺中市私立致用高級中學,私立,中投區免試入學日間部,綜高,不限,臺中市,大甲區,43742 臺中市大甲區中山里甲東路512號,https://www.cycivs.tc.edu.tw,04-26872354#311、312,普通科:40(不限);機械科:65(不限);汽車科:64(不限);資訊科:80(不限);資料處理科:40(不限);餐飲管理科:39(不限);美容科:63(不限);照顧服務科(產特):25(不限),416,416,照顧服務科為產業特殊需求類科;另有國立大學/國立科大升學輔導班、建教合作班與實用技能學程。,臺中市私立致用高級中學同時提供普通／綜合高中學習與機械科、汽車科、資訊科、資料處理科、餐飲管理科等專業方向；一般課程搭配校訂必修、多元選修與探究實作，專業類科則發展機械與製造、資電與工程、商管與數位應用、餐旅與服務實務能力。,臺中市私立致用高級中學普通／綜合高中端以自然科與社會領域探究、自主學習成果為主；專業類科另安排機械與製造、資電與工程、商管與數位應用、餐旅與服務實習與專題實作，形成研究與技能並行的實作學習。,臺中市私立致用高級中學的固定校車／學生專車服務目前沒有足以確認適用對象與路線的校方制度資訊。,可搭臺鐵至大甲站，再轉乘 661 路公車至「致用高中」站下車到校。,臺中市私立致用高級中學的一般招生學生住宿制度目前沒有足以確認適用對象與申請方式的校方制度資訊。,https://www.google.com/maps/search/?api=1&query=%E8%87%BA%E4%B8%AD%E5%B8%82%E7%A7%81%E7%AB%8B%E8%87%B4%E7%94%A8%E9%AB%98%E7%B4%9A%E4%B8%AD%E5%AD%B8%2043742%20%E8%87%BA%E4%B8%AD%E5%B8%82%E5%A4%A7%E7%94%B2%E5%8D%80%E4%B8%AD%E5%B1%B1%E9%87%8C%E7%94%B2%E6%9D%B1%E8%B7%AF512%E8%99%9F,https://www.cycivs.tc.edu.tw/ischool/rfile/b5023e3bf5b92de451ab3684c57a5390,https://www.cycivs.tc.edu.tw/ischool/rfile/b5023e3bf5b92de451ab3684c57a5390,https://www.cycivs.tc.edu.tw,https://citybus-free.taichung.gov.tw/driving-map?route=661,https://www.cycivs.tc.edu.tw,https://www.cycivs.tc.edu.tw,https://www.cycivs.tc.edu.tw,2026-09-07
,061310,永誠學校財團法人臺中市大明高級中等學校,私立,中投區免試入學日間部,綜高,不限,臺中市,潭子區,427003 臺中市潭子區潭興路一段168號,https://www.tmsh.tc.edu.tw,04-25391800#202,普通科:90(不限);美工科:65(不限);廣告設計科:65(不限);多媒體動畫科:65(不限),285,285,"美工、廣告設計、多媒體動畫等藝術設計特色科,並辦理藝術類特色招生;普通科班別依年度公告。",永誠學校財團法人臺中市大明高級中等學校同時提供普通／綜合高中學習與美工科、廣告設計科、多媒體動畫科等專業方向；一般課程搭配校訂必修、多元選修與探究實作，專業類科則發展設計與藝術實務能力。,永誠學校財團法人臺中市大明高級中等學校普通／綜合高中端以自然科與社會領域探究、自主學習成果為主；專業類科另安排設計與藝術實習與專題實作，形成研究與技能並行的實作學習。,永誠學校財團法人臺中市大明高級中等學校的固定校車／學生專車服務目前沒有足以確認適用對象與路線的校方制度資訊。,可搭臺鐵至潭子站，再轉乘往潭興路方向市區公車，於潭興路一段校址周邊下車後步行到校。,永誠學校財團法人臺中市大明高級中等學校的一般招生學生住宿制度目前沒有足以確認適用對象與申請方式的校方制度資訊。,https://www.google.com/maps/search/?api=1&query=%E6%B0%B8%E8%AA%A0%E5%AD%B8%E6%A0%A1%E8%B2%A1%E5%9C%98%E6%B3%95%E4%BA%BA%E8%87%BA%E4%B8%AD%E5%B8%82%E5%A4%A7%E6%98%8E%E9%AB%98%E7%B4%9A%E4%B8%AD%E7%AD%89%E5%AD%B8%E6%A0%A1%20427003%20%E8%87%BA%E4%B8%AD%E5%B8%82%E6%BD%AD%E5%AD%90%E5%8D%80%E6%BD%AD%E8%88%88%E8%B7%AF%E4%B8%80%E6%AE%B5168%E8%99%9F,https://www.tmsh.tc.edu.tw,https://www.tmsh.tc.edu.tw,https://www.tmsh.tc.edu.tw,https://www.google.com/maps/search/?api=1&query=%E6%B0%B8%E8%AA%A0%E5%AD%B8%E6%A0%A1%E8%B2%A1%E5%9C%98%E6%B3%95%E4%BA%BA%E8%87%BA%E4%B8%AD%E5%B8%82%E5%A4%A7%E6%98%8E%E9%AB%98%E7%B4%9A%E4%B8%AD%E7%AD%89%E5%AD%B8%E6%A0%A1%20427003%20%E8%87%BA%E4%B8%AD%E5%B8%82%E6%BD%AD%E5%AD%90%E5%8D%80%E6%BD%AD%E8%88%88%E8%B7%AF%E4%B8%80%E6%AE%B5168%E8%99%9F,https://www.tmsh.tc.edu.tw,https://www.tmsh.tc.edu.tw,https://www.tmsh.tc.edu.tw,2026-09-07
,061313,臺中市私立明道高級中學,私立,中投區免試入學日間部,綜高,不限,臺中市,烏日區,臺中市烏日區中山路一段497號,https://www.mingdao.edu.tw,04-23341115,普通科:111(不限);資訊科:69(不限);電子科:69(不限);美工科:44(不限);商業經營科:128(不限);廣告設計科:86(不限);觀光事業科:27(不限);餐飲管理科:86(不限);應用英語科:49(不限),669,669,"普通高中、技高與國際教育多軌;設數理實驗等學習方案,並有完整校內外課程、社團與升學支持。",臺中市私立明道高級中學同時提供普通／綜合高中學習與資訊科、電子科、美工科、商業經營科、廣告設計科等專業方向；一般課程搭配校訂必修、多元選修與探究實作，專業類科則發展資電與工程、商管與數位應用、餐旅與服務、設計與藝術實務能力。,臺中市私立明道高級中學普通／綜合高中端以自然科與社會領域探究、自主學習成果為主；專業類科另安排資電與工程、商管與數位應用、餐旅與服務、設計與藝術實習與專題實作，形成研究與技能並行的實作學習。,臺中市私立明道高級中學的固定校車／學生專車服務目前沒有足以確認適用對象與路線的校方制度資訊。,可搭 100 或 133 路公車，在「明道中學」站下車後步行進入校園；亦可由臺鐵烏日站轉乘市區公車。,臺中市私立明道高級中學的一般招生學生住宿制度目前沒有足以確認適用對象與申請方式的校方制度資訊。,https://www.google.com/maps/search/?api=1&query=%E8%87%BA%E4%B8%AD%E5%B8%82%E7%A7%81%E7%AB%8B%E6%98%8E%E9%81%93%E9%AB%98%E7%B4%9A%E4%B8%AD%E5%AD%B8%20%E8%87%BA%E4%B8%AD%E5%B8%82%E7%83%8F%E6%97%A5%E5%8D%80%E4%B8%AD%E5%B1%B1%E8%B7%AF%E4%B8%80%E6%AE%B5497%E8%99%9F,https://www.mingdao.edu.tw,https://www.mingdao.edu.tw,https://www.mingdao.edu.tw,https://citybus-free.taichung.gov.tw/driving-map?route=133,https://www.mingdao.edu.tw,https://www.mingdao.edu.tw,https://www.mingdao.edu.tw,2026-09-07
,061314,臺中市私立僑泰高級中學,私立,中投區免試入學日間部,綜高,不限,臺中市,大里區,臺中市大里區樹王路342號,https://www.ctas.tc.edu.tw,04-24063936#117,普通科:302(不限);機械科:71(不限);汽車科:64(不限);資訊科:32(不限);電子科:75(不限);商業經營科:75(不限);廣告設計科:32(不限);觀光事業科:32(不限);餐飲管理科:98(不限);多媒體設計科:70(不限);應用英語科:32(不限);應用日語科:32(不限);幼兒保育科:31(不限);美容科:72(不限);室內設計科:60(不限),1078,1078,高中部官網列醫科班、台清交成班、國立大學班、雙語國際班;技高另有多科專業與實用技能班。,臺中市私立僑泰高級中學同時提供普通／綜合高中學習與機械科、汽車科、資訊科、電子科、商業經營科等專業方向；一般課程搭配校訂必修、多元選修與探究實作，專業類科則發展機械與製造、資電與工程、建築與空間、商管與數位應用實務能力。,臺中市私立僑泰高級中學普通／綜合高中端以自然科與社會領域探究、自主學習成果為主；專業類科另安排機械與製造、資電與工程、建築與空間、商管與數位應用實習與專題實作，形成研究與技能並行的實作學習。,有校車。115學年度校方持續公布來校與放學校車路線表及停放位置，供高中職學生上下學使用。,可由臺中車站或捷運大慶站轉乘往大里、樹王路方向市區公車，於樹王路校址周邊下車後步行到校。,學校設有學生宿舍。115學年度第1學期校方已公布宿舍床位分配資料。,https://www.google.com/maps/search/?api=1&query=%E8%87%BA%E4%B8%AD%E5%B8%82%E7%A7%81%E7%AB%8B%E5%83%91%E6%B3%B0%E9%AB%98%E7%B4%9A%E4%B8%AD%E5%AD%B8%20%E8%87%BA%E4%B8%AD%E5%B8%82%E5%A4%A7%E9%87%8C%E5%8D%80%E6%A8%B9%E7%8E%8B%E8%B7%AF342%E8%99%9F,https://www.ctas.tc.edu.tw,https://www.ctas.tc.edu.tw/main,https://www.ctas.tc.edu.tw/main.php,https://www.google.com/maps/search/?api=1&query=%E8%87%BA%E4%B8%AD%E5%B8%82%E7%A7%81%E7%AB%8B%E5%83%91%E6%B3%B0%E9%AB%98%E7%B4%9A%E4%B8%AD%E5%AD%B8%20%E8%87%BA%E4%B8%AD%E5%B8%82%E5%A4%A7%E9%87%8C%E5%8D%80%E6%A8%B9%E7%8E%8B%E8%B7%AF342%E8%99%9F,https://www.ctas.tc.edu.tw/main.php,https://www.ctas.tc.edu.tw,https://www.ctas.tc.edu.tw,2026-09-07
,061315,臺中市華盛頓高級中學,私立,中投區免試入學日間部,高中,不限,臺中市,太平區,臺中市太平區廍仔坑路26號,https://www.whs.tc.edu.tw,04-23934712#113、116,普通科:237(不限),237,237,寰宇雙語實驗班、國際雙聯課程、IBDP/AP等國際課程;班別與收費依當年度招生公告。,普通高中課程結合雙語與國際教育，包含寰宇雙語實驗、國際雙聯與國際課程資源，同時保有校訂必修、多元選修與自主學習。,臺中市華盛頓高級中學的實作學習以自然科探究與實作、社會議題探究、校訂課程及自主學習成果為主，學生可透過實驗、研究報告、作品或成果發表完成學習成果。,臺中市華盛頓高級中學的固定校車／學生專車服務目前沒有足以確認適用對象與路線的校方制度資訊。,可由臺中車站或臺鐵太原站轉乘往太平方向市區公車，抵達廍仔坑路校區周邊後步行進入校園。,臺中市華盛頓高級中學的一般招生學生住宿制度目前沒有足以確認適用對象與申請方式的校方制度資訊。,https://www.google.com/maps/search/?api=1&query=%E8%87%BA%E4%B8%AD%E5%B8%82%E8%8F%AF%E7%9B%9B%E9%A0%93%E9%AB%98%E7%B4%9A%E4%B8%AD%E5%AD%B8%20%E8%87%BA%E4%B8%AD%E5%B8%82%E5%A4%AA%E5%B9%B3%E5%8D%80%E5%BB%8D%E4%BB%94%E5%9D%91%E8%B7%AF26%E8%99%9F,https://www.whs.tc.edu.tw,https://www.whs.tc.edu.tw,https://www.whs.tc.edu.tw,https://www.google.com/maps/search/?api=1&query=%E8%87%BA%E4%B8%AD%E5%B8%82%E8%8F%AF%E7%9B%9B%E9%A0%93%E9%AB%98%E7%B4%9A%E4%B8%AD%E5%AD%B8%20%E8%87%BA%E4%B8%AD%E5%B8%82%E5%A4%AA%E5%B9%B3%E5%8D%80%E5%BB%8D%E4%BB%94%E5%9D%91%E8%B7%AF26%E8%99%9F,https://www.whs.tc.edu.tw,https://www.whs.tc.edu.tw,https://www.whs.tc.edu.tw,2026-09-07
,061316,臺中市青年高級中學,私立,中投區免試入學日間部,綜高,不限,臺中市,大里區,臺中市大里區中湖路100號,https://www.youth.tc.edu.tw,04-24963333#212,綜合高中:134(不限);汽車科:44(不限);資訊科:45(不限);餐飲管理科:44(不限);美容科:88(不限);音樂科:45(不限);表演藝術科:131(不限);多媒體動畫科:132(不限),663,663,"音樂科、表演藝術科、多媒體動畫科(含電競專長),綜高另有藥護、體育專長等學程。",臺中市青年高級中學同時提供普通／綜合高中學習與汽車科、資訊科、餐飲管理科、美容科、音樂科等專業方向；一般課程搭配校訂必修、多元選修與探究實作，專業類科則發展機械與製造、資電與工程、餐旅與服務、設計與藝術實務能力。,臺中市青年高級中學普通／綜合高中端以自然科與社會領域探究、自主學習成果為主；專業類科另安排機械與製造、資電與工程、餐旅與服務、設計與藝術實習與專題實作，形成研究與技能並行的實作學習。,有校車。115學年度新生訓練提供校車接送，並由校方新生系統提供校車路線與搭乘資訊。,可由臺中車站轉乘往大里、塗城方向市區公車，在中湖路校址周邊下車後步行到校。,學校設有學生宿舍。115學年度新生可申請住宿，校方公布住宿名單、入住時段與住宿申請文件。,https://www.google.com/maps/search/?api=1&query=%E8%87%BA%E4%B8%AD%E5%B8%82%E9%9D%92%E5%B9%B4%E9%AB%98%E7%B4%9A%E4%B8%AD%E5%AD%B8%20%E8%87%BA%E4%B8%AD%E5%B8%82%E5%A4%A7%E9%87%8C%E5%8D%80%E4%B8%AD%E6%B9%96%E8%B7%AF100%E8%99%9F,https://www.youth.tc.edu.tw,https://www.youth.tc.edu.tw,https://newstu.gm.youth.tc.edu.tw/apply/newact,https://www.google.com/maps/search/?api=1&query=%E8%87%BA%E4%B8%AD%E5%B8%82%E9%9D%92%E5%B9%B4%E9%AB%98%E7%B4%9A%E4%B8%AD%E5%AD%B8%20%E8%87%BA%E4%B8%AD%E5%B8%82%E5%A4%A7%E9%87%8C%E5%8D%80%E4%B8%AD%E6%B9%96%E8%B7%AF100%E8%99%9F,https://newstu.gm.youth.tc.edu.tw/apply/list,https://www.youth.tc.edu.tw,https://www.youth.tc.edu.tw,2026-09-07
,061317,臺中市私立弘文高級中學,私立,中投區免試入學日間部,高中,不限,臺中市,潭子區,427009 臺中市潭子區弘文街100號,https://www.hwhs.tc.edu.tw,04-25340011#118,普通科:392(不限),392,392,普通科以多元選修、自主學習、議題研究與ESL/國際課程資源為特色;未標示固定資優班招生公告。,臺中市私立弘文高級中學普通高中課程以語文、數理、社會、自然與科技領域為基礎，搭配校訂必修、多元選修、探究與實作及自主學習，讓學生依升學與興趣規劃加深加廣學習。,臺中市私立弘文高級中學的實作學習以自然科探究與實作、社會議題探究、校訂課程及自主學習成果為主，學生可透過實驗、研究報告、作品或成果發表完成學習成果。,臺中市私立弘文高級中學的固定校車／學生專車服務目前沒有足以確認適用對象與路線的校方制度資訊。,可搭臺鐵至潭子站，再轉乘潭子市區公車至弘文街、水源路一帶後步行到校。,臺中市私立弘文高級中學的一般招生學生住宿制度目前沒有足以確認適用對象與申請方式的校方制度資訊。,https://www.google.com/maps/search/?api=1&query=%E8%87%BA%E4%B8%AD%E5%B8%82%E7%A7%81%E7%AB%8B%E5%BC%98%E6%96%87%E9%AB%98%E7%B4%9A%E4%B8%AD%E5%AD%B8%20427009%20%E8%87%BA%E4%B8%AD%E5%B8%82%E6%BD%AD%E5%AD%90%E5%8D%80%E5%BC%98%E6%96%87%E8%A1%97100%E8%99%9F,https://www.hwhs.tc.edu.tw,https://www.hwhs.tc.edu.tw,https://www.hwhs.tc.edu.tw,https://www.google.com/maps/search/?api=1&query=%E8%87%BA%E4%B8%AD%E5%B8%82%E7%A7%81%E7%AB%8B%E5%BC%98%E6%96%87%E9%AB%98%E7%B4%9A%E4%B8%AD%E5%AD%B8%20427009%20%E8%87%BA%E4%B8%AD%E5%B8%82%E6%BD%AD%E5%AD%90%E5%8D%80%E5%BC%98%E6%96%87%E8%A1%97100%E8%99%9F,https://www.hwhs.tc.edu.tw,https://www.hwhs.tc.edu.tw,https://www.hwhs.tc.edu.tw,2026-09-07
,061318,臺中市私立立人高級中學,私立,中投區免試入學日間部,高中,不限,臺中市,大里區,臺中市大里區中興路二段380號,https://www.lzsh.tc.edu.tw,04-24834138#511~514,普通科:660(不限),660,660,"設菁英班,依新生測驗與校方編班規定辦理;實際名額與測驗方式依當年度公告。",臺中市私立立人高級中學普通高中課程以語文、數理、社會、自然與科技領域為基礎，搭配校訂必修、多元選修、探究與實作及自主學習，讓學生依升學與興趣規劃加深加廣學習。,臺中市私立立人高級中學的實作學習以自然科探究與實作、社會議題探究、校訂課程及自主學習成果為主，學生可透過實驗、研究報告、作品或成果發表完成學習成果。,有學生專車。115學年度第1學期校方公布各站路線、站名、時間與收費資料，供學生上下學搭乘。,可搭 291 路公車，在「立人高中」站下車後步行進入校園。,臺中市私立立人高級中學的一般招生學生住宿制度目前沒有足以確認適用對象與申請方式的校方制度資訊。,https://www.google.com/maps/search/?api=1&query=%E8%87%BA%E4%B8%AD%E5%B8%82%E7%A7%81%E7%AB%8B%E7%AB%8B%E4%BA%BA%E9%AB%98%E7%B4%9A%E4%B8%AD%E5%AD%B8%20%E8%87%BA%E4%B8%AD%E5%B8%82%E5%A4%A7%E9%87%8C%E5%8D%80%E4%B8%AD%E8%88%88%E8%B7%AF%E4%BA%8C%E6%AE%B5380%E8%99%9F,https://www.lzsh.tc.edu.tw,https://www.lzsh.tc.edu.tw,https://www.lzsh.tc.edu.tw/p/405-1000-3497%2Cc176.php?Lang=zh-tw,https://citybus-free.taichung.gov.tw/driving-map?route=291,https://www.lzsh.tc.edu.tw,https://www.lzsh.tc.edu.tw,https://www.lzsh.tc.edu.tw,2026-09-07
,061319,臺中市私立玉山高級中學,私立,中投區免試入學日間部,高職,不限,臺中市,東勢區,423009 臺中市東勢區東崎路四段399號,https://www.yssh.tc.edu.tw,04-25771313#103,觀光事業科:42(不限);餐飲管理科:42(不限);照顧服務科(產特):42(不限),126,126,照顧服務科為產業特殊需求類科;另以餐飲、觀光專業實作及證照輔導為特色。,臺中市私立玉山高級中學依觀光事業科、餐飲管理科、照顧服務科規劃專業課程，學習涵蓋餐旅與服務、家政與照護，並配置專業科目、實習科目、技能應用與專題實作。,臺中市私立玉山高級中學各專業科別安排實習操作與專題實作，內容對應餐旅與服務、家政與照護，並結合設備操作、技能訓練、作品製作或成果發表。,有校車。校方設有校車行駛路線專區，供學生查詢上下學路線。,可由臺鐵豐原站搭 90、206、207、208 或 209 路往東勢，抵東勢市區後銜接東崎路方向公車至學校周邊。,臺中市私立玉山高級中學的一般招生學生住宿制度目前沒有足以確認適用對象與申請方式的校方制度資訊。,https://www.google.com/maps/search/?api=1&query=%E8%87%BA%E4%B8%AD%E5%B8%82%E7%A7%81%E7%AB%8B%E7%8E%89%E5%B1%B1%E9%AB%98%E7%B4%9A%E4%B8%AD%E5%AD%B8%20423009%20%E8%87%BA%E4%B8%AD%E5%B8%82%E6%9D%B1%E5%8B%A2%E5%8D%80%E6%9D%B1%E5%B4%8E%E8%B7%AF%E5%9B%9B%E6%AE%B5399%E8%99%9F,https://www.yssh.tc.edu.tw,https://www.yssh.tc.edu.tw,https://www.yssh.tc.edu.tw/,https://www.google.com/maps/search/?api=1&query=%E8%87%BA%E4%B8%AD%E5%B8%82%E7%A7%81%E7%AB%8B%E7%8E%89%E5%B1%B1%E9%AB%98%E7%B4%9A%E4%B8%AD%E5%AD%B8%20423009%20%E8%87%BA%E4%B8%AD%E5%B8%82%E6%9D%B1%E5%8B%A2%E5%8D%80%E6%9D%B1%E5%B4%8E%E8%B7%AF%E5%9B%9B%E6%AE%B5399%E8%99%9F,https://www.yssh.tc.edu.tw,https://www.yssh.tc.edu.tw,https://www.yssh.tc.edu.tw,2026-09-07
,061321,慈明學校財團法人臺中市慈明高級中等學校,私立,中投區免試入學日間部,高職,不限,臺中市,太平區,411 臺中市太平區光德路388號,https://www.tmhs.tc.edu.tw,04-22713911#102,資訊科:43(不限);餐飲管理科:41(不限);電子商務科:43(不限);照顧服務科(產特):43(不限),170,170,照顧服務科為產特;另發展電子商務電競、資電AI、長照產學等特色課程。,慈明學校財團法人臺中市慈明高級中等學校依資訊科、餐飲管理科、電子商務科、照顧服務科規劃專業課程，學習涵蓋資電與工程、商管與數位應用、餐旅與服務、家政與照護，並配置專業科目、實習科目、技能應用與專題實作。,慈明學校財團法人臺中市慈明高級中等學校各專業科別安排實習操作與專題實作，內容對應資電與工程、商管與數位應用、餐旅與服務、家政與照護，並結合設備操作、技能訓練、作品製作或成果發表。,有校車。校方設有校車／公車路線資訊專區，整理校車路線及可到校的市區公車。,可搭 3、7、41、249、280、284、286 或 291 路公車，在光隆、七星或慈明高中周邊站點下車後步行到校。,慈明學校財團法人臺中市慈明高級中等學校的一般招生學生住宿制度目前沒有足以確認適用對象與申請方式的校方制度資訊。,https://www.google.com/maps/search/?api=1&query=%E6%85%88%E6%98%8E%E5%AD%B8%E6%A0%A1%E8%B2%A1%E5%9C%98%E6%B3%95%E4%BA%BA%E8%87%BA%E4%B8%AD%E5%B8%82%E6%85%88%E6%98%8E%E9%AB%98%E7%B4%9A%E4%B8%AD%E7%AD%89%E5%AD%B8%E6%A0%A1%20411%20%E8%87%BA%E4%B8%AD%E5%B8%82%E5%A4%AA%E5%B9%B3%E5%8D%80%E5%85%89%E5%BE%B7%E8%B7%AF388%E8%99%9F,https://www.tmhs.tc.edu.tw,https://www.tmhs.tc.edu.tw,https://www.gapp.tmhs.tc.edu.tw/%E8%B3%87%E8%A8%8A%E6%9C%8D%E5%8B%99,https://www.gapp.tmhs.tc.edu.tw/%E8%B3%87%E8%A8%8A%E6%9C%8D%E5%8B%99/%E6%A0%A1%E8%BB%8A%E5%85%AC%E8%BB%8A%E8%B7%AF%E7%B7%9A%E8%B3%87%E8%A8%8A,https://www.tmhs.tc.edu.tw,https://www.tmhs.tc.edu.tw,https://www.tmhs.tc.edu.tw,2026-09-07
,061B11,嘉陽學校財團法人臺中市嘉陽高級中學進修部,私立,中投區免試入學進修部,進修部,不限,臺中市,清水區,43654 臺中市清水區中航路三段1號,https://www.cysh.tc.edu.tw,04-26152166# 2221,餐飲管理科(夜間班):120(不限),120,120,"進修部依當年度核定科別開班;官網未標示另設固定資優班,實際班別以進修部公告為準。",嘉陽學校財團法人臺中市嘉陽高級中學進修部以餐飲管理科為主要學習科別，課程兼顧一般科目與餐旅與服務專業核心，並依進修學制安排實務與技能應用課程。,嘉陽學校財團法人臺中市嘉陽高級中學進修部的實作學習依餐飲管理科配置專業實習與專題實作，重點放在餐旅與服務技能操作、作品製作與成果呈現。,嘉陽學校財團法人臺中市嘉陽高級中學進修部的固定校車／學生專車服務目前沒有足以確認適用對象與路線的校方制度資訊。,可由臺鐵清水站轉乘往臺中國際機場方向公車，在中航路三段校址周邊下車後步行到校。,嘉陽學校財團法人臺中市嘉陽高級中學進修部的一般招生學生住宿制度目前沒有足以確認適用對象與申請方式的校方制度資訊。,https://www.google.com/maps/search/?api=1&query=%E5%98%89%E9%99%BD%E5%AD%B8%E6%A0%A1%E8%B2%A1%E5%9C%98%E6%B3%95%E4%BA%BA%E8%87%BA%E4%B8%AD%E5%B8%82%E5%98%89%E9%99%BD%E9%AB%98%E7%B4%9A%E4%B8%AD%E5%AD%B8%E9%80%B2%E4%BF%AE%E9%83%A8%2043654%20%E8%87%BA%E4%B8%AD%E5%B8%82%E6%B8%85%E6%B0%B4%E5%8D%80%E4%B8%AD%E8%88%AA%E8%B7%AF%E4%B8%89%E6%AE%B51%E8%99%9F,https://www.cysh.tc.edu.tw/files/11-1000-441.php,https://www.cysh.tc.edu.tw/files/11-1000-441.php,https://www.cysh.tc.edu.tw,https://www.google.com/maps/search/?api=1&query=%E5%98%89%E9%99%BD%E5%AD%B8%E6%A0%A1%E8%B2%A1%E5%9C%98%E6%B3%95%E4%BA%BA%E8%87%BA%E4%B8%AD%E5%B8%82%E5%98%89%E9%99%BD%E9%AB%98%E7%B4%9A%E4%B8%AD%E5%AD%B8%E9%80%B2%E4%BF%AE%E9%83%A8%2043654%20%E8%87%BA%E4%B8%AD%E5%B8%82%E6%B8%85%E6%B0%B4%E5%8D%80%E4%B8%AD%E8%88%AA%E8%B7%AF%E4%B8%89%E6%AE%B51%E8%99%9F,https://www.cysh.tc.edu.tw,https://www.cysh.tc.edu.tw,https://www.cysh.tc.edu.tw,2026-09-07
,061B14,臺中市私立僑泰高級中學進修部,私立,中投區免試入學進修部,進修部,不限,臺中市,大里區,臺中市大里區樹王路342號,https://www.ctas.tc.edu.tw,04-24063936#152,汽車科(夜間班):40(不限);觀光事業科(夜間班):40(不限);餐飲管理科(夜間班):80(不限);美容科(夜間班):80(不限);流行服飾科(夜間班):40(不限),280,280,"進修部依當年度核定科別開班;官網未標示另設固定資優班,實際班別以進修部公告為準。",臺中市私立僑泰高級中學進修部以汽車科、觀光事業科、餐飲管理科、美容科、流行服飾科為主要學習科別，課程兼顧一般科目與機械與製造、餐旅與服務、家政與照護專業核心，並依進修學制安排實務與技能應用課程。,臺中市私立僑泰高級中學進修部的實作學習依汽車科、觀光事業科、餐飲管理科、美容科、流行服飾科配置專業實習與專題實作，重點放在機械與製造、餐旅與服務、家政與照護技能操作、作品製作與成果呈現。,臺中市私立僑泰高級中學進修部的固定校車／學生專車服務目前沒有足以確認適用對象與路線的校方制度資訊。,可由臺中車站或捷運大慶站轉乘往大里、樹王路方向市區公車，於樹王路校址周邊下車後步行到校。,臺中市私立僑泰高級中學進修部的一般招生學生住宿制度目前沒有足以確認適用對象與申請方式的校方制度資訊。,https://www.google.com/maps/search/?api=1&query=%E8%87%BA%E4%B8%AD%E5%B8%82%E7%A7%81%E7%AB%8B%E5%83%91%E6%B3%B0%E9%AB%98%E7%B4%9A%E4%B8%AD%E5%AD%B8%E9%80%B2%E4%BF%AE%E9%83%A8%20%E8%87%BA%E4%B8%AD%E5%B8%82%E5%A4%A7%E9%87%8C%E5%8D%80%E6%A8%B9%E7%8E%8B%E8%B7%AF342%E8%99%9F,https://www.ctas.tc.edu.tw,https://www.ctas.tc.edu.tw/main,https://www.ctas.tc.edu.tw,https://www.google.com/maps/search/?api=1&query=%E8%87%BA%E4%B8%AD%E5%B8%82%E7%A7%81%E7%AB%8B%E5%83%91%E6%B3%B0%E9%AB%98%E7%B4%9A%E4%B8%AD%E5%AD%B8%E9%80%B2%E4%BF%AE%E9%83%A8%20%E8%87%BA%E4%B8%AD%E5%B8%82%E5%A4%A7%E9%87%8C%E5%8D%80%E6%A8%B9%E7%8E%8B%E8%B7%AF342%E8%99%9F,https://www.ctas.tc.edu.tw,https://www.ctas.tc.edu.tw,https://www.ctas.tc.edu.tw,2026-09-07
,061B16,臺中市私立青年高級中學進修部,私立,中投區免試入學進修部,進修部,不限,臺中市,大里區,臺中市大里區中湖路100號,https://www.youth.tc.edu.tw,04-24963333#212,餐飲管理科(日間班):40(不限);餐飲管理科(夜間班):40(不限);美容科(日間班):40(不限);照顧服務科(產特)(夜間班):40(不限),160,160,"進修部設照顧服務科(夜間班)產業特殊需求類科;其餘依核定夜間/日間班辦理,未另設資優班。",臺中市私立青年高級中學進修部以餐飲管理科、美容科、照顧服務科為主要學習科別，課程兼顧一般科目與餐旅與服務、家政與照護專業核心，並依進修學制安排實務與技能應用課程。,臺中市私立青年高級中學進修部的實作學習依餐飲管理科、美容科、照顧服務科配置專業實習與專題實作，重點放在餐旅與服務、家政與照護技能操作、作品製作與成果呈現。,有校車。115學年度日間部暨進修部新生須知包含校車登記，學生可依校方停靠站與路線資訊辦理搭乘。,可由臺中車站轉乘往大里、塗城方向市區公車，在中湖路校址周邊下車後步行到校。,學校設有學生宿舍。115學年度日間部暨進修部新生須知包含住宿申請，住宿相關資料由校方新生系統辦理。,https://www.google.com/maps/search/?api=1&query=%E8%87%BA%E4%B8%AD%E5%B8%82%E7%A7%81%E7%AB%8B%E9%9D%92%E5%B9%B4%E9%AB%98%E7%B4%9A%E4%B8%AD%E5%AD%B8%E9%80%B2%E4%BF%AE%E9%83%A8%20%E8%87%BA%E4%B8%AD%E5%B8%82%E5%A4%A7%E9%87%8C%E5%8D%80%E4%B8%AD%E6%B9%96%E8%B7%AF100%E8%99%9F,https://www.youth.tc.edu.tw,https://www.youth.tc.edu.tw,https://newstu.gm.youth.tc.edu.tw/apply/notice,https://www.google.com/maps/search/?api=1&query=%E8%87%BA%E4%B8%AD%E5%B8%82%E7%A7%81%E7%AB%8B%E9%9D%92%E5%B9%B4%E9%AB%98%E7%B4%9A%E4%B8%AD%E5%AD%B8%E9%80%B2%E4%BF%AE%E9%83%A8%20%E8%87%BA%E4%B8%AD%E5%B8%82%E5%A4%A7%E9%87%8C%E5%8D%80%E4%B8%AD%E6%B9%96%E8%B7%AF100%E8%99%9F,https://newstu.gm.youth.tc.edu.tw/apply/notice,https://www.youth.tc.edu.tw,https://www.youth.tc.edu.tw,2026-09-07
,061B19,臺中市私立玉山高級中學進修部,私立,中投區免試入學進修部,進修部,不限,臺中市,東勢區,423009 臺中市東勢區東崎路四段399號,https://www.yssh.tc.edu.tw,04-25771313#103,資料處理科(夜間班):10(不限);餐飲管理科(夜間班):20(不限);美容科(夜間班):10(不限);照顧服務科(產特)(夜間班):20(不限),60,60,"進修部設照顧服務科(夜間班)產業特殊需求類科;其餘依核定夜間/日間班辦理,未另設資優班。",臺中市私立玉山高級中學進修部以資料處理科、餐飲管理科、美容科、照顧服務科為主要學習科別，課程兼顧一般科目與商管與數位應用、餐旅與服務、家政與照護專業核心，並依進修學制安排實務與技能應用課程。,臺中市私立玉山高級中學進修部的實作學習依資料處理科、餐飲管理科、美容科、照顧服務科配置專業實習與專題實作，重點放在商管與數位應用、餐旅與服務、家政與照護技能操作、作品製作與成果呈現。,臺中市私立玉山高級中學進修部的固定校車／學生專車服務目前沒有足以確認適用對象與路線的校方制度資訊。,可由臺鐵豐原站搭 90、206、207、208 或 209 路往東勢，抵東勢市區後銜接東崎路方向公車至學校周邊。,臺中市私立玉山高級中學進修部的一般招生學生住宿制度目前沒有足以確認適用對象與申請方式的校方制度資訊。,https://www.google.com/maps/search/?api=1&query=%E8%87%BA%E4%B8%AD%E5%B8%82%E7%A7%81%E7%AB%8B%E7%8E%89%E5%B1%B1%E9%AB%98%E7%B4%9A%E4%B8%AD%E5%AD%B8%E9%80%B2%E4%BF%AE%E9%83%A8%20423009%20%E8%87%BA%E4%B8%AD%E5%B8%82%E6%9D%B1%E5%8B%A2%E5%8D%80%E6%9D%B1%E5%B4%8E%E8%B7%AF%E5%9B%9B%E6%AE%B5399%E8%99%9F,https://www.yssh.tc.edu.tw,https://www.yssh.tc.edu.tw,https://www.yssh.tc.edu.tw,https://www.google.com/maps/search/?api=1&query=%E8%87%BA%E4%B8%AD%E5%B8%82%E7%A7%81%E7%AB%8B%E7%8E%89%E5%B1%B1%E9%AB%98%E7%B4%9A%E4%B8%AD%E5%AD%B8%E9%80%B2%E4%BF%AE%E9%83%A8%20423009%20%E8%87%BA%E4%B8%AD%E5%B8%82%E6%9D%B1%E5%8B%A2%E5%8D%80%E6%9D%B1%E5%B4%8E%E8%B7%AF%E5%9B%9B%E6%AE%B5399%E8%99%9F,https://www.yssh.tc.edu.tw,https://www.yssh.tc.edu.tw,https://www.yssh.tc.edu.tw,2026-09-07
,061B21,臺中市私立慈明高級中學進修部,私立,中投區免試入學進修部,進修部,不限,臺中市,太平區,臺中市太平區光德路388號,https://www.gapp.tmhs.tc.edu.tw,04-22713911#501~503,餐飲管理科(夜間班):80(不限),80,80,"進修部依當年度核定科別開班;官網未標示另設固定資優班,實際班別以進修部公告為準。",臺中市私立慈明高級中學進修部以餐飲管理科為主要學習科別，課程兼顧一般科目與餐旅與服務專業核心，並依進修學制安排實務與技能應用課程。,臺中市私立慈明高級中學進修部的實作學習依餐飲管理科配置專業實習與專題實作，重點放在餐旅與服務技能操作、作品製作與成果呈現。,臺中市私立慈明高級中學進修部的固定校車／學生專車服務目前沒有足以確認適用對象與路線的校方制度資訊。,可搭 3、7、41、249、280、284、286 或 291 路公車，在光隆、七星或慈明高中周邊站點下車後步行到校。,臺中市私立慈明高級中學進修部的一般招生學生住宿制度目前沒有足以確認適用對象與申請方式的校方制度資訊。,https://www.google.com/maps/search/?api=1&query=%E8%87%BA%E4%B8%AD%E5%B8%82%E7%A7%81%E7%AB%8B%E6%85%88%E6%98%8E%E9%AB%98%E7%B4%9A%E4%B8%AD%E5%AD%B8%E9%80%B2%E4%BF%AE%E9%83%A8%20%E8%87%BA%E4%B8%AD%E5%B8%82%E5%A4%AA%E5%B9%B3%E5%8D%80%E5%85%89%E5%BE%B7%E8%B7%AF388%E8%99%9F,https://www.gapp.tmhs.tc.edu.tw,https://www.gapp.tmhs.tc.edu.tw,https://www.gapp.tmhs.tc.edu.tw,https://www.gapp.tmhs.tc.edu.tw/%E8%B3%87%E8%A8%8A%E6%9C%8D%E5%8B%99/%E6%A0%A1%E8%BB%8A%E5%85%AC%E8%BB%8A%E8%B7%AF%E7%B7%9A%E8%B3%87%E8%A8%8A,https://www.gapp.tmhs.tc.edu.tw,https://www.gapp.tmhs.tc.edu.tw,https://www.gapp.tmhs.tc.edu.tw,2026-09-07
,063303,臺中市立大甲高級中等學校,公立,中投區免試入學日間部,綜高,不限,臺中市,大甲區,437001 臺中市大甲區中山路一段720號,https://djsh.tc.edu.tw,04-26877165#333,綜合高中:410(不限);美工科:33(不限),443,443,設實驗班、體育班及美工科;實驗班甄選與體育班特色招生依當年度校方公告。,臺中市立大甲高級中等學校同時提供普通／綜合高中學習與美工科等專業方向；一般課程搭配校訂必修、多元選修與探究實作，專業類科則發展設計與藝術實務能力。,臺中市立大甲高級中等學校普通／綜合高中端以自然科與社會領域探究、自主學習成果為主；專業類科另安排設計與藝術實習與專題實作，形成研究與技能並行的實作學習。,臺中市立大甲高級中等學校的固定校車／學生專車服務目前沒有足以確認適用對象與路線的校方制度資訊。,可搭臺鐵至大甲站，再轉乘 181 或 661 路公車，在大甲高中周邊站點下車後步行到校。,臺中市立大甲高級中等學校的一般招生學生住宿制度目前沒有足以確認適用對象與申請方式的校方制度資訊。,https://www.google.com/maps/search/?api=1&query=%E8%87%BA%E4%B8%AD%E5%B8%82%E7%AB%8B%E5%A4%A7%E7%94%B2%E9%AB%98%E7%B4%9A%E4%B8%AD%E7%AD%89%E5%AD%B8%E6%A0%A1%20437001%20%E8%87%BA%E4%B8%AD%E5%B8%82%E5%A4%A7%E7%94%B2%E5%8D%80%E4%B8%AD%E5%B1%B1%E8%B7%AF%E4%B8%80%E6%AE%B5720%E8%99%9F,https://djsh.tc.edu.tw/p/406-1073-619261%2Cr70.php,https://djsh.tc.edu.tw/p/406-1073-619261%2Cr70.php,https://djsh.tc.edu.tw,https://citybus-free.taichung.gov.tw/driving-map?route=181,https://djsh.tc.edu.tw,https://djsh.tc.edu.tw,https://djsh.tc.edu.tw,2026-09-07
,063305,臺中市立清水高級中等學校,公立,中投區免試入學日間部,高中,不限,臺中市,清水區,436-53 臺中市清水區中山路90號,https://cshs.tc.edu.tw,04-26222116 # 231,普通科:452(不限),452,452,校方官網未標示固定資優班/特色班招生;實際班別與校本特色課程依當年度公告。,臺中市立清水高級中等學校普通高中課程以語文、數理、社會、自然與科技領域為基礎，搭配校訂必修、多元選修、探究與實作及自主學習，讓學生依升學與興趣規劃加深加廣學習。,臺中市立清水高級中等學校的實作學習以自然科探究與實作、社會議題探究、校訂課程及自主學習成果為主，學生可透過實驗、研究報告、作品或成果發表完成學習成果。,臺中市立清水高級中等學校的固定校車／學生專車服務目前沒有足以確認適用對象與路線的校方制度資訊。,可搭臺鐵至清水站，出站後沿中山路步行至學校；亦可轉乘行經中山路的市區公車至清水高中周邊。,臺中市立清水高級中等學校的一般招生學生住宿制度目前沒有足以確認適用對象與申請方式的校方制度資訊。,https://www.google.com/maps/search/?api=1&query=%E8%87%BA%E4%B8%AD%E5%B8%82%E7%AB%8B%E6%B8%85%E6%B0%B4%E9%AB%98%E7%B4%9A%E4%B8%AD%E7%AD%89%E5%AD%B8%E6%A0%A1%20436-53%20%E8%87%BA%E4%B8%AD%E5%B8%82%E6%B8%85%E6%B0%B4%E5%8D%80%E4%B8%AD%E5%B1%B1%E8%B7%AF90%E8%99%9F,https://cshs.tc.edu.tw,https://cshs.tc.edu.tw,https://cshs.tc.edu.tw,https://www.google.com/maps/search/?api=1&query=%E8%87%BA%E4%B8%AD%E5%B8%82%E7%AB%8B%E6%B8%85%E6%B0%B4%E9%AB%98%E7%B4%9A%E4%B8%AD%E7%AD%89%E5%AD%B8%E6%A0%A1%20436-53%20%E8%87%BA%E4%B8%AD%E5%B8%82%E6%B8%85%E6%B0%B4%E5%8D%80%E4%B8%AD%E5%B1%B1%E8%B7%AF90%E8%99%9F,https://cshs.tc.edu.tw,https://cshs.tc.edu.tw,https://cshs.tc.edu.tw,2026-09-07
,063312,臺中市立豐原高級中等學校,公立,中投區免試入學日間部,高中,不限,臺中市,豐原區,420302 臺中市豐原區水源路150號,https://fysh.tc.edu.tw,04-25290381#1121,普通科:470(不限),470,470,校方官網未標示固定資優班/特色班招生;實際班別與校本特色課程依當年度公告。,臺中市立豐原高級中等學校普通高中課程以語文、數理、社會、自然與科技領域為基礎，搭配校訂必修、多元選修、探究與實作及自主學習，讓學生依升學與興趣規劃加深加廣學習。,臺中市立豐原高級中等學校的實作學習以自然科探究與實作、社會議題探究、校訂課程及自主學習成果為主，學生可透過實驗、研究報告、作品或成果發表完成學習成果。,臺中市立豐原高級中等學校的固定校車／學生專車服務目前沒有足以確認適用對象與路線的校方制度資訊。,可由臺鐵豐原站轉乘往東勢、新社方向市區公車，在水源路、豐原高中周邊站點下車後步行到校。,臺中市立豐原高級中等學校的一般招生學生住宿制度目前沒有足以確認適用對象與申請方式的校方制度資訊。,https://www.google.com/maps/search/?api=1&query=%E8%87%BA%E4%B8%AD%E5%B8%82%E7%AB%8B%E8%B1%90%E5%8E%9F%E9%AB%98%E7%B4%9A%E4%B8%AD%E7%AD%89%E5%AD%B8%E6%A0%A1%20420302%20%E8%87%BA%E4%B8%AD%E5%B8%82%E8%B1%90%E5%8E%9F%E5%8D%80%E6%B0%B4%E6%BA%90%E8%B7%AF150%E8%99%9F,https://fysh.tc.edu.tw,https://fysh.tc.edu.tw,https://fysh.tc.edu.tw,https://www.google.com/maps/search/?api=1&query=%E8%87%BA%E4%B8%AD%E5%B8%82%E7%AB%8B%E8%B1%90%E5%8E%9F%E9%AB%98%E7%B4%9A%E4%B8%AD%E7%AD%89%E5%AD%B8%E6%A0%A1%20420302%20%E8%87%BA%E4%B8%AD%E5%B8%82%E8%B1%90%E5%8E%9F%E5%8D%80%E6%B0%B4%E6%BA%90%E8%B7%AF150%E8%99%9F,https://fysh.tc.edu.tw,https://fysh.tc.edu.tw,https://fysh.tc.edu.tw,2026-09-07
,063401,臺中市立豐原商業高級中等學校,公立,中投區免試入學日間部,高職,不限,臺中市,豐原區,420305 臺中市豐原區圓環南路50號,https://fyvs.tc.edu.tw,04-25283556#212、296,商業經營科:133(不限);國際貿易科:135(不限);資料處理科:102(不限);應用英語科:69(不限),439,439,以商業經營科、國際貿易科、資料處理科、應用英語科多元科別為特色;未標示固定資優班公告。,臺中市立豐原商業高級中等學校依商業經營科、國際貿易科、資料處理科、應用英語科規劃專業課程，學習涵蓋商管與數位應用、外語應用，並配置專業科目、實習科目、技能應用與專題實作。,臺中市立豐原商業高級中等學校各專業科別安排實習操作與專題實作，內容對應商管與數位應用、外語應用，並結合設備操作、技能訓練、作品製作或成果發表。,臺中市立豐原商業高級中等學校的固定校車／學生專車服務目前沒有足以確認適用對象與路線的校方制度資訊。,可由臺鐵豐原站轉乘 202、203、900、235 等路線至圓環南路校區周邊，再依校方交通指引步行到校。,學校設有學生宿舍。115學年度高一新生可申請住宿，校方另公布床位分配與入住注意事項。,https://www.google.com/maps/search/?api=1&query=%E8%87%BA%E4%B8%AD%E5%B8%82%E7%AB%8B%E8%B1%90%E5%8E%9F%E5%95%86%E6%A5%AD%E9%AB%98%E7%B4%9A%E4%B8%AD%E7%AD%89%E5%AD%B8%E6%A0%A1%20420305%20%E8%87%BA%E4%B8%AD%E5%B8%82%E8%B1%90%E5%8E%9F%E5%8D%80%E5%9C%93%E7%92%B0%E5%8D%97%E8%B7%AF50%E8%99%9F,https://fyvs.tc.edu.tw/p/412-1085-5010.php,https://fyvs.tc.edu.tw/p/412-1085-5010.php,https://fyvs.tc.edu.tw,https://fyvs.tc.edu.tw/p/412-1085-4982.php,https://fyvs.tc.edu.tw/p/412-1085-5009.php?Lang=zh-tw,https://fyvs.tc.edu.tw,https://fyvs.tc.edu.tw,2026-09-07
,063402,臺中市立大甲工業高級中等學校,公立,中投區免試入學日間部,高職,不限,臺中市,大甲區,437024 臺中市大甲區頂店里開元路71號,https://tcvs.tc.edu.tw,04-26874132#113、120,機械科:67(不限);資訊科:33(不限);電子科:64(不限);電機科:66(不限);建築科:64(不限);製圖科:31(不限),325,325,以機械科、資訊科、電子科、電機科、建築科等多元科別為特色;未標示固定資優班公告。,臺中市立大甲工業高級中等學校依機械科、資訊科、電子科、電機科、建築科、製圖科規劃專業課程，學習涵蓋機械與製造、資電與工程、建築與空間，並配置專業科目、實習科目、技能應用與專題實作。,臺中市立大甲工業高級中等學校各專業科別安排實習操作與專題實作，內容對應機械與製造、資電與工程、建築與空間，並結合設備操作、技能訓練、作品製作或成果發表。,臺中市立大甲工業高級中等學校的固定校車／學生專車服務目前沒有足以確認適用對象與路線的校方制度資訊。,可搭臺鐵至大甲站，再轉乘 181 路往頂店方向，在頂店一帶下車後沿開元路步行至學校。,臺中市立大甲工業高級中等學校的一般招生學生住宿制度目前沒有足以確認適用對象與申請方式的校方制度資訊。,https://www.google.com/maps/search/?api=1&query=%E8%87%BA%E4%B8%AD%E5%B8%82%E7%AB%8B%E5%A4%A7%E7%94%B2%E5%B7%A5%E6%A5%AD%E9%AB%98%E7%B4%9A%E4%B8%AD%E7%AD%89%E5%AD%B8%E6%A0%A1%20437024%20%E8%87%BA%E4%B8%AD%E5%B8%82%E5%A4%A7%E7%94%B2%E5%8D%80%E9%A0%82%E5%BA%97%E9%87%8C%E9%96%8B%E5%85%83%E8%B7%AF71%E8%99%9F,https://tcvs.tc.edu.tw/p/404-1084-46207.php,https://tcvs.tc.edu.tw/p/404-1084-46207.php,https://tcvs.tc.edu.tw,https://www.google.com/maps/search/?api=1&query=%E8%87%BA%E4%B8%AD%E5%B8%82%E7%AB%8B%E5%A4%A7%E7%94%B2%E5%B7%A5%E6%A5%AD%E9%AB%98%E7%B4%9A%E4%B8%AD%E7%AD%89%E5%AD%B8%E6%A0%A1%20437024%20%E8%87%BA%E4%B8%AD%E5%B8%82%E5%A4%A7%E7%94%B2%E5%8D%80%E9%A0%82%E5%BA%97%E9%87%8C%E9%96%8B%E5%85%83%E8%B7%AF71%E8%99%9F,https://tcvs.tc.edu.tw,https://tcvs.tc.edu.tw,https://tcvs.tc.edu.tw,2026-09-07
,063404,臺中市立東勢工業高級中等學校,公立,中投區免試入學日間部,高職,不限,臺中市,東勢區,423311 臺中市東勢區東關路六段1328號,https://tsvs.tc.edu.tw,04-25872136#103,機械科:66(不限);汽車科:68(不限);資訊科:34(不限);電子科:34(不限);電機科:67(不限);建築科:34(不限);化工科:69(不限);製圖科:34(不限);室內空間設計科:34(不限);家具設計科:34(不限),474,474,以機械科、汽車科、資訊科、電子科、電機科等多元科別為特色;未標示固定資優班公告。,臺中市立東勢工業高級中等學校依機械科、汽車科、資訊科、電子科、電機科、建築科規劃專業課程，學習涵蓋機械與製造、資電與工程、建築與空間、工業技術，並配置專業科目、實習科目、技能應用與專題實作。,臺中市立東勢工業高級中等學校各專業科別安排實習操作與專題實作，內容對應機械與製造、資電與工程、建築與空間、工業技術，並結合設備操作、技能訓練、作品製作或成果發表。,臺中市立東勢工業高級中等學校的固定校車／學生專車服務目前沒有足以確認適用對象與路線的校方制度資訊。,可由臺鐵豐原站搭 90、206、207、208 或 209 路往東勢，在東勢高工周邊站點下車後步行到校。,臺中市立東勢工業高級中等學校的一般招生學生住宿制度目前沒有足以確認適用對象與申請方式的校方制度資訊。,https://www.google.com/maps/search/?api=1&query=%E8%87%BA%E4%B8%AD%E5%B8%82%E7%AB%8B%E6%9D%B1%E5%8B%A2%E5%B7%A5%E6%A5%AD%E9%AB%98%E7%B4%9A%E4%B8%AD%E7%AD%89%E5%AD%B8%E6%A0%A1%20423311%20%E8%87%BA%E4%B8%AD%E5%B8%82%E6%9D%B1%E5%8B%A2%E5%8D%80%E6%9D%B1%E9%97%9C%E8%B7%AF%E5%85%AD%E6%AE%B51328%E8%99%9F,https://tsvs.tc.edu.tw,https://tsvs.tc.edu.tw,https://tsvs.tc.edu.tw,https://www.google.com/maps/search/?api=1&query=%E8%87%BA%E4%B8%AD%E5%B8%82%E7%AB%8B%E6%9D%B1%E5%8B%A2%E5%B7%A5%E6%A5%AD%E9%AB%98%E7%B4%9A%E4%B8%AD%E7%AD%89%E5%AD%B8%E6%A0%A1%20423311%20%E8%87%BA%E4%B8%AD%E5%B8%82%E6%9D%B1%E5%8B%A2%E5%8D%80%E6%9D%B1%E9%97%9C%E8%B7%AF%E5%85%AD%E6%AE%B51328%E8%99%9F,https://tsvs.tc.edu.tw,https://tsvs.tc.edu.tw,https://tsvs.tc.edu.tw,2026-09-07
,063407,臺中市立沙鹿工業高級中等學校,公立,中投區免試入學日間部,高職,不限,臺中市,沙鹿區,433029 臺中市沙鹿區臺灣大道七段823號,https://slvs.tc.edu.tw,04-26621795#203、207,機械科:34(不限);汽車科:68(不限);資訊科:33(不限);電子科:33(不限);化工科:70(不限);紡織科(產特):70(不限);染整科(產特):35(不限);製圖科:33(不限);資料處理科:35(不限),411,411,紡織科、染整科為產業特殊需求類科;其餘各科以專業實習、證照與升學就業銜接為特色。,臺中市立沙鹿工業高級中等學校依機械科、汽車科、資訊科、電子科、化工科、紡織科規劃專業課程，學習涵蓋機械與製造、資電與工程、商管與數位應用、工業技術，並配置專業科目、實習科目、技能應用與專題實作。,臺中市立沙鹿工業高級中等學校各專業科別安排實習操作與專題實作，內容對應機械與製造、資電與工程、商管與數位應用、工業技術，並結合設備操作、技能訓練、作品製作或成果發表。,有學生專車。115學年度新生始業輔導由校方安排專車說明，學生可依校方專車制度辦理搭乘。,可搭臺鐵至沙鹿站，再轉乘臺灣大道幹線公車往靜宜大學方向，在沙鹿高工周邊站點下車後步行到校。,臺中市立沙鹿工業高級中等學校的一般招生學生住宿制度目前沒有足以確認適用對象與申請方式的校方制度資訊。,https://www.google.com/maps/search/?api=1&query=%E8%87%BA%E4%B8%AD%E5%B8%82%E7%AB%8B%E6%B2%99%E9%B9%BF%E5%B7%A5%E6%A5%AD%E9%AB%98%E7%B4%9A%E4%B8%AD%E7%AD%89%E5%AD%B8%E6%A0%A1%20433029%20%E8%87%BA%E4%B8%AD%E5%B8%82%E6%B2%99%E9%B9%BF%E5%8D%80%E8%87%BA%E7%81%A3%E5%A4%A7%E9%81%93%E4%B8%83%E6%AE%B5823%E8%99%9F,https://slvs.tc.edu.tw/p/412-1082-11187.php?Lang=zh-tw,https://slvs.tc.edu.tw/p/406-1082-624904%2Cr1671.php?Lang=zh-tw,https://slvs.tc.edu.tw/p/406-1082-622283%2Cr1671.php?Lang=zh-tw,https://www.google.com/maps/search/?api=1&query=%E8%87%BA%E4%B8%AD%E5%B8%82%E7%AB%8B%E6%B2%99%E9%B9%BF%E5%B7%A5%E6%A5%AD%E9%AB%98%E7%B4%9A%E4%B8%AD%E7%AD%89%E5%AD%B8%E6%A0%A1%20433029%20%E8%87%BA%E4%B8%AD%E5%B8%82%E6%B2%99%E9%B9%BF%E5%8D%80%E8%87%BA%E7%81%A3%E5%A4%A7%E9%81%93%E4%B8%83%E6%AE%B5823%E8%99%9F,https://slvs.tc.edu.tw,https://slvs.tc.edu.tw,https://slvs.tc.edu.tw,2026-09-07
,063408,臺中市立霧峰農業工業高級中等學校,公立,中投區免試入學日間部,高職,不限,臺中市,霧峰區,413010 臺中市霧峰區中正路1222號,https://wufai.tc.edu.tw,04-23303118#203,園藝科(產特):35(不限);食品加工科:34(不限);機械科:67(不限);汽車科:34(不限);電子科:69(不限);電機科:68(不限);餐飲管理科:34(不限),341,341,園藝科為產業特殊需求類科;其餘各科以專業實習、證照與升學就業銜接為特色。,臺中市立霧峰農業工業高級中等學校依園藝科、食品加工科、機械科、汽車科、電子科、電機科規劃專業課程，學習涵蓋農業與食品、機械與製造、資電與工程、餐旅與服務，並配置專業科目、實習科目、技能應用與專題實作。,臺中市立霧峰農業工業高級中等學校各專業科別安排實習操作與專題實作，內容對應農業與食品、機械與製造、資電與工程、餐旅與服務，並結合設備操作、技能訓練、作品製作或成果發表。,臺中市立霧峰農業工業高級中等學校的固定校車／學生專車服務目前沒有足以確認適用對象與路線的校方制度資訊。,可由臺中車站或大里轉乘 291 路公車，在「霧峰農工」站下車後步行到校。,臺中市立霧峰農業工業高級中等學校的一般招生學生住宿制度目前沒有足以確認適用對象與申請方式的校方制度資訊。,https://www.google.com/maps/search/?api=1&query=%E8%87%BA%E4%B8%AD%E5%B8%82%E7%AB%8B%E9%9C%A7%E5%B3%B0%E8%BE%B2%E6%A5%AD%E5%B7%A5%E6%A5%AD%E9%AB%98%E7%B4%9A%E4%B8%AD%E7%AD%89%E5%AD%B8%E6%A0%A1%20413010%20%E8%87%BA%E4%B8%AD%E5%B8%82%E9%9C%A7%E5%B3%B0%E5%8D%80%E4%B8%AD%E6%AD%A3%E8%B7%AF1222%E8%99%9F,https://wufai.tc.edu.tw,https://wufai.tc.edu.tw,https://wufai.tc.edu.tw,https://citybus-free.taichung.gov.tw/driving-map?route=291,https://wufai.tc.edu.tw,https://wufai.tc.edu.tw,https://wufai.tc.edu.tw,2026-09-07
,063C01,臺中市立豐原商業高級中等學校進修部,公立,中投區免試入學進修部,進修部,不限,臺中市,豐原區,420305 臺中市豐原區圓環南路50號,https://fyvs.tc.edu.tw,04-25283556#262,商業經營科(夜間班):19(不限);資料處理科(夜間班):12(不限),31,31,"進修部依當年度核定科別開班;官網未標示另設固定資優班,實際班別以進修部公告為準。",臺中市立豐原商業高級中等學校進修部以商業經營科、資料處理科為主要學習科別，課程兼顧一般科目與商管與數位應用專業核心，並依進修學制安排實務與技能應用課程。,臺中市立豐原商業高級中等學校進修部的實作學習依商業經營科、資料處理科配置專業實習與專題實作，重點放在商管與數位應用技能操作、作品製作與成果呈現。,臺中市立豐原商業高級中等學校進修部的固定校車／學生專車服務目前沒有足以確認適用對象與路線的校方制度資訊。,可由臺鐵豐原站轉乘 202、203、900、235 等路線至圓環南路校區周邊，再依校方交通指引步行到校。,臺中市立豐原商業高級中等學校進修部的一般招生學生住宿制度目前沒有足以確認適用對象與申請方式的校方制度資訊。,https://www.google.com/maps/search/?api=1&query=%E8%87%BA%E4%B8%AD%E5%B8%82%E7%AB%8B%E8%B1%90%E5%8E%9F%E5%95%86%E6%A5%AD%E9%AB%98%E7%B4%9A%E4%B8%AD%E7%AD%89%E5%AD%B8%E6%A0%A1%E9%80%B2%E4%BF%AE%E9%83%A8%20420305%20%E8%87%BA%E4%B8%AD%E5%B8%82%E8%B1%90%E5%8E%9F%E5%8D%80%E5%9C%93%E7%92%B0%E5%8D%97%E8%B7%AF50%E8%99%9F,https://fyvs.tc.edu.tw/p/412-1085-5010.php,https://fyvs.tc.edu.tw/p/412-1085-5010.php,https://fyvs.tc.edu.tw,https://fyvs.tc.edu.tw/p/412-1085-4982.php,https://fyvs.tc.edu.tw,https://fyvs.tc.edu.tw,https://fyvs.tc.edu.tw,2026-09-07
,063C02,臺中市立大甲工業高級中等學校進修部,公立,中投區免試入學進修部,進修部,不限,臺中市,大甲區,437024 臺中市大甲區頂店里開元路71號,https://tcvs.tc.edu.tw,04-26874132#502,建築科(夜間班):39(不限),39,39,"進修部依當年度核定科別開班;官網未標示另設固定資優班,實際班別以進修部公告為準。",臺中市立大甲工業高級中等學校進修部以建築科為主要學習科別，課程兼顧一般科目與建築與空間專業核心，並依進修學制安排實務與技能應用課程。,臺中市立大甲工業高級中等學校進修部的實作學習依建築科配置專業實習與專題實作，重點放在建築與空間技能操作、作品製作與成果呈現。,臺中市立大甲工業高級中等學校進修部的固定校車／學生專車服務目前沒有足以確認適用對象與路線的校方制度資訊。,可搭臺鐵至大甲站，再轉乘 181 路往頂店方向，在頂店一帶下車後沿開元路步行至學校。,臺中市立大甲工業高級中等學校進修部的一般招生學生住宿制度目前沒有足以確認適用對象與申請方式的校方制度資訊。,https://www.google.com/maps/search/?api=1&query=%E8%87%BA%E4%B8%AD%E5%B8%82%E7%AB%8B%E5%A4%A7%E7%94%B2%E5%B7%A5%E6%A5%AD%E9%AB%98%E7%B4%9A%E4%B8%AD%E7%AD%89%E5%AD%B8%E6%A0%A1%E9%80%B2%E4%BF%AE%E9%83%A8%20437024%20%E8%87%BA%E4%B8%AD%E5%B8%82%E5%A4%A7%E7%94%B2%E5%8D%80%E9%A0%82%E5%BA%97%E9%87%8C%E9%96%8B%E5%85%83%E8%B7%AF71%E8%99%9F,https://tcvs.tc.edu.tw/p/404-1084-46207.php,https://tcvs.tc.edu.tw/p/404-1084-46207.php,https://tcvs.tc.edu.tw,https://www.google.com/maps/search/?api=1&query=%E8%87%BA%E4%B8%AD%E5%B8%82%E7%AB%8B%E5%A4%A7%E7%94%B2%E5%B7%A5%E6%A5%AD%E9%AB%98%E7%B4%9A%E4%B8%AD%E7%AD%89%E5%AD%B8%E6%A0%A1%E9%80%B2%E4%BF%AE%E9%83%A8%20437024%20%E8%87%BA%E4%B8%AD%E5%B8%82%E5%A4%A7%E7%94%B2%E5%8D%80%E9%A0%82%E5%BA%97%E9%87%8C%E9%96%8B%E5%85%83%E8%B7%AF71%E8%99%9F,https://tcvs.tc.edu.tw,https://tcvs.tc.edu.tw,https://tcvs.tc.edu.tw,2026-09-07
,063C04,臺中市立東勢工業高級中等學校進修部,公立,中投區免試入學進修部,進修部,不限,臺中市,東勢區,423311 臺中市東勢區東關路六段1328號,https://tsvs.tc.edu.tw,04-25872136#607,機械科(夜間班):39(不限),39,39,"進修部依當年度核定科別開班;官網未標示另設固定資優班,實際班別以進修部公告為準。",臺中市立東勢工業高級中等學校進修部以機械科為主要學習科別，課程兼顧一般科目與機械與製造專業核心，並依進修學制安排實務與技能應用課程。,臺中市立東勢工業高級中等學校進修部的實作學習依機械科配置專業實習與專題實作，重點放在機械與製造技能操作、作品製作與成果呈現。,臺中市立東勢工業高級中等學校進修部的固定校車／學生專車服務目前沒有足以確認適用對象與路線的校方制度資訊。,可由臺鐵豐原站搭 90、206、207、208 或 209 路往東勢，在東勢高工周邊站點下車後步行到校。,臺中市立東勢工業高級中等學校進修部的一般招生學生住宿制度目前沒有足以確認適用對象與申請方式的校方制度資訊。,https://www.google.com/maps/search/?api=1&query=%E8%87%BA%E4%B8%AD%E5%B8%82%E7%AB%8B%E6%9D%B1%E5%8B%A2%E5%B7%A5%E6%A5%AD%E9%AB%98%E7%B4%9A%E4%B8%AD%E7%AD%89%E5%AD%B8%E6%A0%A1%E9%80%B2%E4%BF%AE%E9%83%A8%20423311%20%E8%87%BA%E4%B8%AD%E5%B8%82%E6%9D%B1%E5%8B%A2%E5%8D%80%E6%9D%B1%E9%97%9C%E8%B7%AF%E5%85%AD%E6%AE%B51328%E8%99%9F,https://tsvs.tc.edu.tw,https://tsvs.tc.edu.tw,https://tsvs.tc.edu.tw,https://www.google.com/maps/search/?api=1&query=%E8%87%BA%E4%B8%AD%E5%B8%82%E7%AB%8B%E6%9D%B1%E5%8B%A2%E5%B7%A5%E6%A5%AD%E9%AB%98%E7%B4%9A%E4%B8%AD%E7%AD%89%E5%AD%B8%E6%A0%A1%E9%80%B2%E4%BF%AE%E9%83%A8%20423311%20%E8%87%BA%E4%B8%AD%E5%B8%82%E6%9D%B1%E5%8B%A2%E5%8D%80%E6%9D%B1%E9%97%9C%E8%B7%AF%E5%85%AD%E6%AE%B51328%E8%99%9F,https://tsvs.tc.edu.tw,https://tsvs.tc.edu.tw,https://tsvs.tc.edu.tw,2026-09-07
,063C07,臺中市立沙鹿工業高級中等學校進修部,公立,中投區免試入學進修部,進修部,不限,臺中市,沙鹿區,433029 臺中市沙鹿區臺灣大道七段823號,https://slvs.tc.edu.tw,04-26621795#262,機械科(夜間班):36(不限);汽車科(夜間班):36(不限);電子科(夜間班):36(不限);紡織科(產特)(夜間班):36(不限),144,144,"進修部設紡織科(夜間班)產業特殊需求類科;其餘依核定夜間/日間班辦理,未另設資優班。",臺中市立沙鹿工業高級中等學校進修部以機械科、汽車科、電子科、紡織科為主要學習科別，課程兼顧一般科目與機械與製造、資電與工程、工業技術專業核心，並依進修學制安排實務與技能應用課程。,臺中市立沙鹿工業高級中等學校進修部的實作學習依機械科、汽車科、電子科、紡織科配置專業實習與專題實作，重點放在機械與製造、資電與工程、工業技術技能操作、作品製作與成果呈現。,臺中市立沙鹿工業高級中等學校進修部的固定校車／學生專車服務目前沒有足以確認適用對象與路線的校方制度資訊。,可搭臺鐵至沙鹿站，再轉乘臺灣大道幹線公車往靜宜大學方向，在沙鹿高工周邊站點下車後步行到校。,臺中市立沙鹿工業高級中等學校進修部的一般招生學生住宿制度目前沒有足以確認適用對象與申請方式的校方制度資訊。,https://www.google.com/maps/search/?api=1&query=%E8%87%BA%E4%B8%AD%E5%B8%82%E7%AB%8B%E6%B2%99%E9%B9%BF%E5%B7%A5%E6%A5%AD%E9%AB%98%E7%B4%9A%E4%B8%AD%E7%AD%89%E5%AD%B8%E6%A0%A1%E9%80%B2%E4%BF%AE%E9%83%A8%20433029%20%E8%87%BA%E4%B8%AD%E5%B8%82%E6%B2%99%E9%B9%BF%E5%8D%80%E8%87%BA%E7%81%A3%E5%A4%A7%E9%81%93%E4%B8%83%E6%AE%B5823%E8%99%9F,https://slvs.tc.edu.tw/p/412-1082-11187.php?Lang=zh-tw,https://slvs.tc.edu.tw/p/406-1082-624904%2Cr1671.php?Lang=zh-tw,https://slvs.tc.edu.tw,https://www.google.com/maps/search/?api=1&query=%E8%87%BA%E4%B8%AD%E5%B8%82%E7%AB%8B%E6%B2%99%E9%B9%BF%E5%B7%A5%E6%A5%AD%E9%AB%98%E7%B4%9A%E4%B8%AD%E7%AD%89%E5%AD%B8%E6%A0%A1%E9%80%B2%E4%BF%AE%E9%83%A8%20433029%20%E8%87%BA%E4%B8%AD%E5%B8%82%E6%B2%99%E9%B9%BF%E5%8D%80%E8%87%BA%E7%81%A3%E5%A4%A7%E9%81%93%E4%B8%83%E6%AE%B5823%E8%99%9F,https://slvs.tc.edu.tw,https://slvs.tc.edu.tw,https://slvs.tc.edu.tw,2026-09-07
,063C08,臺中市立霧峰農業工業高級中等學校進修部,公立,中投區免試入學進修部,進修部,不限,臺中市,霧峰區,413010 臺中市霧峰區中正路1222號,https://wufai.tc.edu.tw,04-23303118#802,食品加工科(夜間班):22(不限);汽車科(夜間班):22(不限),44,44,"進修部依當年度核定科別開班;官網未標示另設固定資優班,實際班別以進修部公告為準。",臺中市立霧峰農業工業高級中等學校進修部以食品加工科、汽車科為主要學習科別，課程兼顧一般科目與農業與食品、機械與製造專業核心，並依進修學制安排實務與技能應用課程。,臺中市立霧峰農業工業高級中等學校進修部的實作學習依食品加工科、汽車科配置專業實習與專題實作，重點放在農業與食品、機械與製造技能操作、作品製作與成果呈現。,臺中市立霧峰農業工業高級中等學校進修部的固定校車／學生專車服務目前沒有足以確認適用對象與路線的校方制度資訊。,可由臺中車站或大里轉乘 291 路公車，在「霧峰農工」站下車後步行到校。,臺中市立霧峰農業工業高級中等學校進修部的一般招生學生住宿制度目前沒有足以確認適用對象與申請方式的校方制度資訊。,https://www.google.com/maps/search/?api=1&query=%E8%87%BA%E4%B8%AD%E5%B8%82%E7%AB%8B%E9%9C%A7%E5%B3%B0%E8%BE%B2%E6%A5%AD%E5%B7%A5%E6%A5%AD%E9%AB%98%E7%B4%9A%E4%B8%AD%E7%AD%89%E5%AD%B8%E6%A0%A1%E9%80%B2%E4%BF%AE%E9%83%A8%20413010%20%E8%87%BA%E4%B8%AD%E5%B8%82%E9%9C%A7%E5%B3%B0%E5%8D%80%E4%B8%AD%E6%AD%A3%E8%B7%AF1222%E8%99%9F,https://wufai.tc.edu.tw,https://wufai.tc.edu.tw,https://wufai.tc.edu.tw,https://citybus-free.taichung.gov.tw/driving-map?route=291,https://wufai.tc.edu.tw,https://wufai.tc.edu.tw,https://wufai.tc.edu.tw,2026-09-07
,064308,臺中市立后綜高級中學,公立,中投區免試入學日間部,高中,不限,臺中市,后里區,421303 臺中市后里區三豐路三段968號,https://hzsh.tc.edu.tw,04-25562012#1107,普通科:264(不限),264,264,校方官網未標示固定資優班/特色班招生;實際班別與校本特色課程依當年度公告。,臺中市立后綜高級中學普通高中課程以語文、數理、社會、自然與科技領域為基礎，搭配校訂必修、多元選修、探究與實作及自主學習，讓學生依升學與興趣規劃加深加廣學習。,高中部自然組設有物理、化學、生物專題選修，並搭配多元選修、探究實作與自主學習成果。,有學生專車。115學年度開學專車規劃 8 台車，校方公布路線、時間、停靠站照片與搭乘登記方式。,可搭臺鐵至后里站，再轉乘后里市區公車至三豐路、后綜高中周邊；也可由后里站以自行車銜接校區。,臺中市立后綜高級中學的一般招生學生住宿制度目前沒有足以確認適用對象與申請方式的校方制度資訊。,https://www.google.com/maps/search/?api=1&query=%E8%87%BA%E4%B8%AD%E5%B8%82%E7%AB%8B%E5%90%8E%E7%B6%9C%E9%AB%98%E7%B4%9A%E4%B8%AD%E5%AD%B8%20421303%20%E8%87%BA%E4%B8%AD%E5%B8%82%E5%90%8E%E9%87%8C%E5%8D%80%E4%B8%89%E8%B1%90%E8%B7%AF%E4%B8%89%E6%AE%B5968%E8%99%9F,https://hzsh.tc.edu.tw/p/406-1071-618575%2Cr783.php,https://hzsh.tc.edu.tw/p/406-1071-618575%2Cr783.php,https://hzsh.tc.edu.tw/p/406-1071-621757%2Cr906.php,https://www.google.com/maps/search/?api=1&query=%E8%87%BA%E4%B8%AD%E5%B8%82%E7%AB%8B%E5%90%8E%E7%B6%9C%E9%AB%98%E7%B4%9A%E4%B8%AD%E5%AD%B8%20421303%20%E8%87%BA%E4%B8%AD%E5%B8%82%E5%90%8E%E9%87%8C%E5%8D%80%E4%B8%89%E8%B1%90%E8%B7%AF%E4%B8%89%E6%AE%B5968%E8%99%9F,https://hzsh.tc.edu.tw,https://hzsh.tc.edu.tw,https://hzsh.tc.edu.tw,2026-09-07
,064324,臺中市立大里高級中學,公立,中投區免試入學日間部,高中,不限,臺中市,大里區,臺中市大里區國中路365號,https://dlsh.tc.edu.tw,04-24067870#215,普通科:188(不限),188,188,校方官網未標示固定資優班/特色班招生;實際班別與校本特色課程依當年度公告。,臺中市立大里高級中學普通高中課程以語文、數理、社會、自然與科技領域為基礎，搭配校訂必修、多元選修、探究與實作及自主學習，讓學生依升學與興趣規劃加深加廣學習。,臺中市立大里高級中學的實作學習以自然科探究與實作、社會議題探究、校訂課程及自主學習成果為主，學生可透過實驗、研究報告、作品或成果發表完成學習成果。,臺中市立大里高級中學的固定校車／學生專車服務目前沒有足以確認適用對象與路線的校方制度資訊。,可由臺中車站轉乘往大里、仁化方向市區公車，在國中路、大里高中周邊站點下車後步行到校。,臺中市立大里高級中學的一般招生學生住宿制度目前沒有足以確認適用對象與申請方式的校方制度資訊。,https://www.google.com/maps/search/?api=1&query=%E8%87%BA%E4%B8%AD%E5%B8%82%E7%AB%8B%E5%A4%A7%E9%87%8C%E9%AB%98%E7%B4%9A%E4%B8%AD%E5%AD%B8%20%E8%87%BA%E4%B8%AD%E5%B8%82%E5%A4%A7%E9%87%8C%E5%8D%80%E5%9C%8B%E4%B8%AD%E8%B7%AF365%E8%99%9F,https://dlsh.tc.edu.tw,https://dlsh.tc.edu.tw,https://dlsh.tc.edu.tw,https://www.google.com/maps/search/?api=1&query=%E8%87%BA%E4%B8%AD%E5%B8%82%E7%AB%8B%E5%A4%A7%E9%87%8C%E9%AB%98%E7%B4%9A%E4%B8%AD%E5%AD%B8%20%E8%87%BA%E4%B8%AD%E5%B8%82%E5%A4%A7%E9%87%8C%E5%8D%80%E5%9C%8B%E4%B8%AD%E8%B7%AF365%E8%99%9F,https://dlsh.tc.edu.tw,https://dlsh.tc.edu.tw,https://dlsh.tc.edu.tw,2026-09-07
,064328,臺中市立新社高級中學,公立,中投區免試入學日間部,綜高,不限,臺中市,新社區,臺中市新社區中和街三段國中巷10號,https://sshs.tc.edu.tw,04-25812116#213,普通科:130(不限);農場經營科(產特):30(不限);園藝科(產特):29(不限);商業經營科:33(不限);資料處理科:30(不限),252,252,"體育班(自行車、射擊等專長);農場經營、園藝為產業特殊需求類科,並發展在地農業特色。",臺中市立新社高級中學同時提供普通／綜合高中學習與農場經營科、園藝科、商業經營科、資料處理科等專業方向；一般課程搭配校訂必修、多元選修與探究實作，專業類科則發展農業與食品、商管與數位應用實務能力。,臺中市立新社高級中學普通／綜合高中端以自然科與社會領域探究、自主學習成果為主；專業類科另安排農業與食品、商管與數位應用實習與專題實作，形成研究與技能並行的實作學習。,臺中市立新社高級中學的固定校車／學生專車服務目前沒有足以確認適用對象與路線的校方制度資訊。,可由臺鐵豐原站搭 91 路往新社，抵新社市區後於中和街三段、學校周邊站點下車。,臺中市立新社高級中學的一般招生學生住宿制度目前沒有足以確認適用對象與申請方式的校方制度資訊。,https://www.google.com/maps/search/?api=1&query=%E8%87%BA%E4%B8%AD%E5%B8%82%E7%AB%8B%E6%96%B0%E7%A4%BE%E9%AB%98%E7%B4%9A%E4%B8%AD%E5%AD%B8%20%E8%87%BA%E4%B8%AD%E5%B8%82%E6%96%B0%E7%A4%BE%E5%8D%80%E4%B8%AD%E5%92%8C%E8%A1%97%E4%B8%89%E6%AE%B5%E5%9C%8B%E4%B8%AD%E5%B7%B710%E8%99%9F,https://sshs.tc.edu.tw,https://sshs.tc.edu.tw,https://sshs.tc.edu.tw,https://www.google.com/maps/search/?api=1&query=%E8%87%BA%E4%B8%AD%E5%B8%82%E7%AB%8B%E6%96%B0%E7%A4%BE%E9%AB%98%E7%B4%9A%E4%B8%AD%E5%AD%B8%20%E8%87%BA%E4%B8%AD%E5%B8%82%E6%96%B0%E7%A4%BE%E5%8D%80%E4%B8%AD%E5%92%8C%E8%A1%97%E4%B8%89%E6%AE%B5%E5%9C%8B%E4%B8%AD%E5%B7%B710%E8%99%9F,https://sshs.tc.edu.tw,https://sshs.tc.edu.tw,https://sshs.tc.edu.tw,2026-09-07
,064336,臺中市立長億高級中學,公立,中投區免試入學日間部,高中,不限,臺中市,太平區,臺中市太平區長億里長億六街1號,https://cyhs.tc.edu.tw,04-22704022#112,普通科:195(不限),195,195,"發展國際雙語教育、雙語實驗課程、美術班與體育班,實際招生與編班依年度公告。",普通高中課程以核心學科為基礎，另發展國際雙語、美術與體育特色，搭配多元選修、校訂課程及自主學習。,臺中市立長億高級中學的實作學習以自然科探究與實作、社會議題探究、校訂課程及自主學習成果為主，學生可透過實驗、研究報告、作品或成果發表完成學習成果。,臺中市立長億高級中學的固定校車／學生專車服務目前沒有足以確認適用對象與路線的校方制度資訊。,可由臺中車站或臺鐵太原站轉乘往太平方向市區公車，在長億六街、長億高中周邊站點下車後步行到校。,臺中市立長億高級中學的一般招生學生住宿制度目前沒有足以確認適用對象與申請方式的校方制度資訊。,https://www.google.com/maps/search/?api=1&query=%E8%87%BA%E4%B8%AD%E5%B8%82%E7%AB%8B%E9%95%B7%E5%84%84%E9%AB%98%E7%B4%9A%E4%B8%AD%E5%AD%B8%20%E8%87%BA%E4%B8%AD%E5%B8%82%E5%A4%AA%E5%B9%B3%E5%8D%80%E9%95%B7%E5%84%84%E9%87%8C%E9%95%B7%E5%84%84%E5%85%AD%E8%A1%971%E8%99%9F,https://cyhs.tc.edu.tw,https://cyhs.tc.edu.tw,https://cyhs.tc.edu.tw,https://www.google.com/maps/search/?api=1&query=%E8%87%BA%E4%B8%AD%E5%B8%82%E7%AB%8B%E9%95%B7%E5%84%84%E9%AB%98%E7%B4%9A%E4%B8%AD%E5%AD%B8%20%E8%87%BA%E4%B8%AD%E5%B8%82%E5%A4%AA%E5%B9%B3%E5%8D%80%E9%95%B7%E5%84%84%E9%87%8C%E9%95%B7%E5%84%84%E5%85%AD%E8%A1%971%E8%99%9F,https://cyhs.tc.edu.tw,https://cyhs.tc.edu.tw,https://cyhs.tc.edu.tw,2026-09-07
,064342,臺中市立中港高級中學,公立,中投區免試入學日間部,高中,不限,臺中市,梧棲區,臺中市梧棲區文昌路400號,https://cgsh.tc.edu.tw,04-26578270#9202,普通科:198(不限),198,198,校方官網未標示固定資優班/特色班招生;實際班別與校本特色課程依當年度公告。,臺中市立中港高級中學普通高中課程以語文、數理、社會、自然與科技領域為基礎，搭配校訂必修、多元選修、探究與實作及自主學習，讓學生依升學與興趣規劃加深加廣學習。,臺中市立中港高級中學的實作學習以自然科探究與實作、社會議題探究、校訂課程及自主學習成果為主，學生可透過實驗、研究報告、作品或成果發表完成學習成果。,臺中市立中港高級中學的固定校車／學生專車服務目前沒有足以確認適用對象與路線的校方制度資訊。,可由臺鐵清水或沙鹿站轉乘往梧棲方向市區公車，在文昌路、中港高中周邊站點下車後步行到校。,臺中市立中港高級中學的一般招生學生住宿制度目前沒有足以確認適用對象與申請方式的校方制度資訊。,https://www.google.com/maps/search/?api=1&query=%E8%87%BA%E4%B8%AD%E5%B8%82%E7%AB%8B%E4%B8%AD%E6%B8%AF%E9%AB%98%E7%B4%9A%E4%B8%AD%E5%AD%B8%20%E8%87%BA%E4%B8%AD%E5%B8%82%E6%A2%A7%E6%A3%B2%E5%8D%80%E6%96%87%E6%98%8C%E8%B7%AF400%E8%99%9F,https://cgsh.tc.edu.tw/p/412-1070-11268.php?Lang=zh-tw,https://cgsh.tc.edu.tw/p/412-1070-11268.php?Lang=zh-tw,https://cgsh.tc.edu.tw,https://www.google.com/maps/search/?api=1&query=%E8%87%BA%E4%B8%AD%E5%B8%82%E7%AB%8B%E4%B8%AD%E6%B8%AF%E9%AB%98%E7%B4%9A%E4%B8%AD%E5%AD%B8%20%E8%87%BA%E4%B8%AD%E5%B8%82%E6%A2%A7%E6%A3%B2%E5%8D%80%E6%96%87%E6%98%8C%E8%B7%AF400%E8%99%9F,https://cgsh.tc.edu.tw,https://cgsh.tc.edu.tw,https://cgsh.tc.edu.tw,2026-09-07
,064350,臺中市立龍津高級中等學校,公立,中投區免試入學日間部,高中,不限,臺中市,龍井區,臺中市龍井區三港路130號,https://ljjhs.tc.edu.tw,04-26304536#714、710,普通科:118(不限),118,118,高中部設美術班、體育班;普通班另發展海洋教育、跨域與國際教育課程。,普通高中課程結合美術、體育、海洋教育、跨域與國際教育，透過校訂課程與多元選修延伸在地與跨域學習。,臺中市立龍津高級中等學校的實作學習以自然科探究與實作、社會議題探究、校訂課程及自主學習成果為主，學生可透過實驗、研究報告、作品或成果發表完成學習成果。,臺中市立龍津高級中等學校的固定校車／學生專車服務目前沒有足以確認適用對象與路線的校方制度資訊。,可由臺鐵龍井站或沙鹿站轉乘往龍井、麗水方向市區公車，在三港路、龍津高中周邊站點下車後步行到校。,臺中市立龍津高級中等學校的一般招生學生住宿制度目前沒有足以確認適用對象與申請方式的校方制度資訊。,https://www.google.com/maps/search/?api=1&query=%E8%87%BA%E4%B8%AD%E5%B8%82%E7%AB%8B%E9%BE%8D%E6%B4%A5%E9%AB%98%E7%B4%9A%E4%B8%AD%E7%AD%89%E5%AD%B8%E6%A0%A1%20%E8%87%BA%E4%B8%AD%E5%B8%82%E9%BE%8D%E4%BA%95%E5%8D%80%E4%B8%89%E6%B8%AF%E8%B7%AF130%E8%99%9F,https://ljjhs.tc.edu.tw,https://ljjhs.tc.edu.tw,https://ljjhs.tc.edu.tw,https://www.google.com/maps/search/?api=1&query=%E8%87%BA%E4%B8%AD%E5%B8%82%E7%AB%8B%E9%BE%8D%E6%B4%A5%E9%AB%98%E7%B4%9A%E4%B8%AD%E7%AD%89%E5%AD%B8%E6%A0%A1%20%E8%87%BA%E4%B8%AD%E5%B8%82%E9%BE%8D%E4%BA%95%E5%8D%80%E4%B8%89%E6%B8%AF%E8%B7%AF130%E8%99%9F,https://ljjhs.tc.edu.tw,https://ljjhs.tc.edu.tw,https://ljjhs.tc.edu.tw,2026-09-07
,064406,臺中市立神岡工業高級中等學校,公立,中投區免試入學日間部,高職,不限,臺中市,神岡區,臺中市神岡區中山路627號,https://sgihs.tc.edu.tw,04-25623421#612,機械科:59(不限),59,59,校方官網未標示固定資優班/特色班招生;實際班別與校本特色課程依當年度公告。,臺中市立神岡工業高級中等學校依機械科規劃專業課程，學習涵蓋機械與製造，並配置專業科目、實習科目、技能應用與專題實作。,臺中市立神岡工業高級中等學校各專業科別安排實習操作與專題實作，內容對應機械與製造，並結合設備操作、技能訓練、作品製作或成果發表。,臺中市立神岡工業高級中等學校的固定校車／學生專車服務目前沒有足以確認適用對象與路線的校方制度資訊。,可由臺鐵豐原站轉乘往神岡、大雅方向市區公車，在中山路、神岡工業高中周邊站點下車後步行到校。,臺中市立神岡工業高級中等學校的一般招生學生住宿制度目前沒有足以確認適用對象與申請方式的校方制度資訊。,https://www.google.com/maps/search/?api=1&query=%E8%87%BA%E4%B8%AD%E5%B8%82%E7%AB%8B%E7%A5%9E%E5%B2%A1%E5%B7%A5%E6%A5%AD%E9%AB%98%E7%B4%9A%E4%B8%AD%E7%AD%89%E5%AD%B8%E6%A0%A1%20%E8%87%BA%E4%B8%AD%E5%B8%82%E7%A5%9E%E5%B2%A1%E5%8D%80%E4%B8%AD%E5%B1%B1%E8%B7%AF627%E8%99%9F,https://sgihs.tc.edu.tw,https://sgihs.tc.edu.tw,https://sgihs.tc.edu.tw,https://www.google.com/maps/search/?api=1&query=%E8%87%BA%E4%B8%AD%E5%B8%82%E7%AB%8B%E7%A5%9E%E5%B2%A1%E5%B7%A5%E6%A5%AD%E9%AB%98%E7%B4%9A%E4%B8%AD%E7%AD%89%E5%AD%B8%E6%A0%A1%20%E8%87%BA%E4%B8%AD%E5%B8%82%E7%A5%9E%E5%B2%A1%E5%8D%80%E4%B8%AD%E5%B1%B1%E8%B7%AF627%E8%99%9F,https://sgihs.tc.edu.tw,https://sgihs.tc.edu.tw,https://sgihs.tc.edu.tw,2026-09-07
,064B08,臺中市立后綜高級中學進修部,公立,中投區免試入學進修部,進修部,不限,臺中市,后里區,421303 臺中市后里區三豐路三段968號,https://hzsh.tc.edu.tw,04-25562012#3151、3152,普通科(夜間班):25(不限),25,25,"進修部依當年度核定科別開班;官網未標示另設固定資優班,實際班別以進修部公告為準。",臺中市立后綜高級中學進修部以普通科為主要學習科別，課程兼顧一般科目與專業技能與實務應用專業核心，並依進修學制安排實務與技能應用課程。,臺中市立后綜高級中學進修部的實作學習依普通科配置專業實習與專題實作，重點放在專業技能與實務應用技能操作、作品製作與成果呈現。,臺中市立后綜高級中學進修部的固定校車／學生專車服務目前沒有足以確認適用對象與路線的校方制度資訊。,可搭臺鐵至后里站，再轉乘后里市區公車至三豐路、后綜高中周邊；也可由后里站以自行車銜接校區。,臺中市立后綜高級中學進修部的一般招生學生住宿制度目前沒有足以確認適用對象與申請方式的校方制度資訊。,https://www.google.com/maps/search/?api=1&query=%E8%87%BA%E4%B8%AD%E5%B8%82%E7%AB%8B%E5%90%8E%E7%B6%9C%E9%AB%98%E7%B4%9A%E4%B8%AD%E5%AD%B8%E9%80%B2%E4%BF%AE%E9%83%A8%20421303%20%E8%87%BA%E4%B8%AD%E5%B8%82%E5%90%8E%E9%87%8C%E5%8D%80%E4%B8%89%E8%B1%90%E8%B7%AF%E4%B8%89%E6%AE%B5968%E8%99%9F,https://hzsh.tc.edu.tw/p/404-1071-559923.php,https://hzsh.tc.edu.tw/p/406-1071-618575%2Cr783.php,https://hzsh.tc.edu.tw,https://www.google.com/maps/search/?api=1&query=%E8%87%BA%E4%B8%AD%E5%B8%82%E7%AB%8B%E5%90%8E%E7%B6%9C%E9%AB%98%E7%B4%9A%E4%B8%AD%E5%AD%B8%E9%80%B2%E4%BF%AE%E9%83%A8%20421303%20%E8%87%BA%E4%B8%AD%E5%B8%82%E5%90%8E%E9%87%8C%E5%8D%80%E4%B8%89%E8%B1%90%E8%B7%AF%E4%B8%89%E6%AE%B5968%E8%99%9F,https://hzsh.tc.edu.tw,https://hzsh.tc.edu.tw,https://hzsh.tc.edu.tw,2026-09-07
,071414,彰化縣私立達德高級商工職業學校,私立,中投區免試入學日間部,高職,不限,彰化縣,田中鎮,520 彰化縣田中鎮中南路二段277號,https://www.tdvs.chc.edu.tw,04-8753929#108,汽車科:2(不限);電機科:1(不限);資料處理科:1(不限);餐飲管理科:2(不限);幼兒保育科:2(不限);美容科:1(不限),9,9,以汽車科、電機科、資料處理科、餐飲管理科、幼兒保育科等多元科別為特色;未標示固定資優班公告。,彰化縣私立達德高級商工職業學校依汽車科、電機科、資料處理科、餐飲管理科、幼兒保育科、美容科規劃專業課程，學習涵蓋機械與製造、資電與工程、商管與數位應用、餐旅與服務，並配置專業科目、實習科目、技能應用與專題實作。,彰化縣私立達德高級商工職業學校各專業科別安排實習操作與專題實作，內容對應機械與製造、資電與工程、商管與數位應用、餐旅與服務，並結合設備操作、技能訓練、作品製作或成果發表。,有校車。115學年度第1學期校方公布新生訓練、開學校車路線與停放位置，並提供智慧交通車查詢。,可搭臺鐵至田中站，再轉乘彰化客運往田中、二水方向，在中南路校址周邊下車後步行到校。,彰化縣私立達德高級商工職業學校的一般招生學生住宿制度目前沒有足以確認適用對象與申請方式的校方制度資訊。,https://www.google.com/maps/search/?api=1&query=%E5%BD%B0%E5%8C%96%E7%B8%A3%E7%A7%81%E7%AB%8B%E9%81%94%E5%BE%B7%E9%AB%98%E7%B4%9A%E5%95%86%E5%B7%A5%E8%81%B7%E6%A5%AD%E5%AD%B8%E6%A0%A1%20520%20%E5%BD%B0%E5%8C%96%E7%B8%A3%E7%94%B0%E4%B8%AD%E9%8E%AE%E4%B8%AD%E5%8D%97%E8%B7%AF%E4%BA%8C%E6%AE%B5277%E8%99%9F,https://www.tdvs.chc.edu.tw,https://www.tdvs.chc.edu.tw,https://www.tdvs.chc.edu.tw/www/dwc021/,https://www.google.com/maps/search/?api=1&query=%E5%BD%B0%E5%8C%96%E7%B8%A3%E7%A7%81%E7%AB%8B%E9%81%94%E5%BE%B7%E9%AB%98%E7%B4%9A%E5%95%86%E5%B7%A5%E8%81%B7%E6%A5%AD%E5%AD%B8%E6%A0%A1%20520%20%E5%BD%B0%E5%8C%96%E7%B8%A3%E7%94%B0%E4%B8%AD%E9%8E%AE%E4%B8%AD%E5%8D%97%E8%B7%AF%E4%BA%8C%E6%AE%B5277%E8%99%9F,https://www.tdvs.chc.edu.tw,https://www.tdvs.chc.edu.tw,https://www.tdvs.chc.edu.tw,2026-09-07
,080302,國立南投高級中學,公立,中投區免試入學日間部,綜高,不限,南投縣,南投市,540 南投縣南投市建國路137號,https://www.ntsh.ntct.edu.tw,049-2231175#307、308,普通科:198(不限);電子科:31(不限);電機科:32(不限);建築科:32(不限);美工科:31(不限);電腦機械製圖科:31(不限);電子商務科:32(不限);應用英語科:33(不限),420,420,設雙語實驗班、音樂班等特色學習;普通科與電子、電機、建築、設計、商管外語類科並行。,國立南投高級中學同時提供普通／綜合高中學習與電子科、電機科、建築科、美工科、電腦機械製圖科等專業方向；一般課程搭配校訂必修、多元選修與探究實作，專業類科則發展機械與製造、資電與工程、建築與空間、商管與數位應用實務能力。,國立南投高級中學普通／綜合高中端以自然科與社會領域探究、自主學習成果為主；專業類科另安排機械與製造、資電與工程、建築與空間、商管與數位應用實習與專題實作，形成研究與技能並行的實作學習。,國立南投高級中學的固定校車／學生專車服務目前沒有足以確認適用對象與路線的校方制度資訊。,可搭臺中往南投的客運至南投市區或南投轉運站，再轉乘市區公車至建國路、南投高中周邊下車。,國立南投高級中學的一般招生學生住宿制度目前沒有足以確認適用對象與申請方式的校方制度資訊。,https://www.google.com/maps/search/?api=1&query=%E5%9C%8B%E7%AB%8B%E5%8D%97%E6%8A%95%E9%AB%98%E7%B4%9A%E4%B8%AD%E5%AD%B8%20540%20%E5%8D%97%E6%8A%95%E7%B8%A3%E5%8D%97%E6%8A%95%E5%B8%82%E5%BB%BA%E5%9C%8B%E8%B7%AF137%E8%99%9F,https://www.ntsh.ntct.edu.tw,https://www.ntsh.ntct.edu.tw,https://www.ntsh.ntct.edu.tw,https://www.google.com/maps/search/?api=1&query=%E5%9C%8B%E7%AB%8B%E5%8D%97%E6%8A%95%E9%AB%98%E7%B4%9A%E4%B8%AD%E5%AD%B8%20540%20%E5%8D%97%E6%8A%95%E7%B8%A3%E5%8D%97%E6%8A%95%E5%B8%82%E5%BB%BA%E5%9C%8B%E8%B7%AF137%E8%99%9F,https://www.ntsh.ntct.edu.tw,https://www.ntsh.ntct.edu.tw,https://www.ntsh.ntct.edu.tw,2026-09-07
,080305,國立中興高級中學,公立,中投區免試入學日間部,高中,不限,南投縣,南投市,54044 南投縣南投市中興新村中學路2號,https://www.chsh.ntct.edu.tw,049-2332110#1203、1207,普通科:350(不限),350,350,校方設有資優班鑑定暨特色班招生專區;實際班別、名額與鑑定方式依當年度公告。,國立中興高級中學普通高中課程以語文、數理、社會、自然與科技領域為基礎，搭配校訂必修、多元選修、探究與實作及自主學習，讓學生依升學與興趣規劃加深加廣學習。,國立中興高級中學的實作學習以自然科探究與實作、社會議題探究、校訂課程及自主學習成果為主，學生可透過實驗、研究報告、作品或成果發表完成學習成果。,國立中興高級中學的固定校車／學生專車服務目前沒有足以確認適用對象與路線的校方制度資訊。,可由臺中或高鐵臺中站搭往南投／中興新村方向客運，在中興新村下車後步行至中學路校區。,國立中興高級中學的一般招生學生住宿制度目前沒有足以確認適用對象與申請方式的校方制度資訊。,https://www.google.com/maps/search/?api=1&query=%E5%9C%8B%E7%AB%8B%E4%B8%AD%E8%88%88%E9%AB%98%E7%B4%9A%E4%B8%AD%E5%AD%B8%2054044%20%E5%8D%97%E6%8A%95%E7%B8%A3%E5%8D%97%E6%8A%95%E5%B8%82%E4%B8%AD%E8%88%88%E6%96%B0%E6%9D%91%E4%B8%AD%E5%AD%B8%E8%B7%AF2%E8%99%9F,https://www.chsh.ntct.edu.tw,https://www.chsh.ntct.edu.tw,https://www.chsh.ntct.edu.tw,https://www.google.com/maps/search/?api=1&query=%E5%9C%8B%E7%AB%8B%E4%B8%AD%E8%88%88%E9%AB%98%E7%B4%9A%E4%B8%AD%E5%AD%B8%2054044%20%E5%8D%97%E6%8A%95%E7%B8%A3%E5%8D%97%E6%8A%95%E5%B8%82%E4%B8%AD%E8%88%88%E6%96%B0%E6%9D%91%E4%B8%AD%E5%AD%B8%E8%B7%AF2%E8%99%9F,https://www.chsh.ntct.edu.tw,https://www.chsh.ntct.edu.tw,https://www.chsh.ntct.edu.tw,2026-09-07
,080307,國立竹山高級中學,公立,中投區免試入學日間部,綜高,不限,南投縣,竹山鎮,557002 南投縣竹山鎮枋坪巷1-3號,https://www.cshs.ntct.edu.tw,049-2643344#113、114,綜合高中:148(不限);商業經營科:10(不限);國際貿易科:18(不限);資料處理科:26(不限);廣告設計科:14(不限);多媒體設計科:13(不限),229,229,官網列實驗班、自然科、社會科、美術班、體育班及商業/設計群等特色學習路徑。,國立竹山高級中學同時提供普通／綜合高中學習與商業經營科、國際貿易科、資料處理科、廣告設計科、多媒體設計科等專業方向；一般課程搭配校訂必修、多元選修與探究實作，專業類科則發展商管與數位應用、設計與藝術實務能力。,國立竹山高級中學普通／綜合高中端以自然科與社會領域探究、自主學習成果為主；專業類科另安排商管與數位應用、設計與藝術實習與專題實作，形成研究與技能並行的實作學習。,國立竹山高級中學的固定校車／學生專車服務目前沒有足以確認適用對象與路線的校方制度資訊。,可由臺中或斗六搭往竹山方向客運至竹山站，再轉乘竹山市區交通至枋坪巷校址周邊。,國立竹山高級中學的一般招生學生住宿制度目前沒有足以確認適用對象與申請方式的校方制度資訊。,https://www.google.com/maps/search/?api=1&query=%E5%9C%8B%E7%AB%8B%E7%AB%B9%E5%B1%B1%E9%AB%98%E7%B4%9A%E4%B8%AD%E5%AD%B8%20557002%20%E5%8D%97%E6%8A%95%E7%B8%A3%E7%AB%B9%E5%B1%B1%E9%8E%AE%E6%9E%8B%E5%9D%AA%E5%B7%B71-3%E8%99%9F,https://www.cshs.ntct.edu.tw,https://www.cshs.ntct.edu.tw,https://www.cshs.ntct.edu.tw,https://www.google.com/maps/search/?api=1&query=%E5%9C%8B%E7%AB%8B%E7%AB%B9%E5%B1%B1%E9%AB%98%E7%B4%9A%E4%B8%AD%E5%AD%B8%20557002%20%E5%8D%97%E6%8A%95%E7%B8%A3%E7%AB%B9%E5%B1%B1%E9%8E%AE%E6%9E%8B%E5%9D%AA%E5%B7%B71-3%E8%99%9F,https://www.cshs.ntct.edu.tw,https://www.cshs.ntct.edu.tw,https://www.cshs.ntct.edu.tw,2026-09-07
,080308,國立暨南國際大學附屬高級中學,公立,中投區免試入學日間部,綜高,不限,南投縣,埔里鎮,南投縣埔里鎮鐵山路1-6號,https://www.pshs.ntct.edu.tw,049-2913483#202,綜合高中:198(不限);商業經營科:24(不限);國際貿易科:26(不限);資料處理科:27(不限);電子商務科:23(不限),298,298,"數理實驗班、語文實驗班;另有綜合高中與商管群專業科別,提供多軌適性選擇。",國立暨南國際大學附屬高級中學同時提供普通／綜合高中學習與商業經營科、國際貿易科、資料處理科、電子商務科等專業方向；一般課程搭配校訂必修、多元選修與探究實作，專業類科則發展資電與工程、商管與數位應用實務能力。,國立暨南國際大學附屬高級中學普通／綜合高中端以自然科與社會領域探究、自主學習成果為主；專業類科另安排資電與工程、商管與數位應用實習與專題實作，形成研究與技能並行的實作學習。,國立暨南國際大學附屬高級中學的固定校車／學生專車服務目前沒有足以確認適用對象與路線的校方制度資訊。,可先到埔里轉運站，再轉乘往暨南大學、水里方向的南投客運，在鐵山路校址周邊下車後步行到校。,國立暨南國際大學附屬高級中學的一般招生學生住宿制度目前沒有足以確認適用對象與申請方式的校方制度資訊。,https://www.google.com/maps/search/?api=1&query=%E5%9C%8B%E7%AB%8B%E6%9A%A8%E5%8D%97%E5%9C%8B%E9%9A%9B%E5%A4%A7%E5%AD%B8%E9%99%84%E5%B1%AC%E9%AB%98%E7%B4%9A%E4%B8%AD%E5%AD%B8%20%E5%8D%97%E6%8A%95%E7%B8%A3%E5%9F%94%E9%87%8C%E9%8E%AE%E9%90%B5%E5%B1%B1%E8%B7%AF1-6%E8%99%9F,https://www.pshs.ntct.edu.tw,https://www.pshs.ntct.edu.tw,https://www.pshs.ntct.edu.tw,https://www.google.com/maps/search/?api=1&query=%E5%9C%8B%E7%AB%8B%E6%9A%A8%E5%8D%97%E5%9C%8B%E9%9A%9B%E5%A4%A7%E5%AD%B8%E9%99%84%E5%B1%AC%E9%AB%98%E7%B4%9A%E4%B8%AD%E5%AD%B8%20%E5%8D%97%E6%8A%95%E7%B8%A3%E5%9F%94%E9%87%8C%E9%8E%AE%E9%90%B5%E5%B1%B1%E8%B7%AF1-6%E8%99%9F,https://www.pshs.ntct.edu.tw,https://www.pshs.ntct.edu.tw,https://www.pshs.ntct.edu.tw,2026-09-07
,080401,國立仁愛高級農業職業學校,公立,中投區免試入學日間部,高職,不限,南投縣,仁愛鄉,南投縣仁愛鄉大同村山農巷27號,https://www.ravs.ntct.edu.tw,049-2802619#203,農場經營科(產特):18(不限);園藝科(產特):20(不限);森林科(產特):19(不限);空間測繪科(產特):21(不限);觀光事業科:20(不限);家政科:16(不限),114,114,"農場經營、園藝、森林、空間測繪為產業特殊需求類科,另有觀光與家政專業。",國立仁愛高級農業職業學校依農場經營科、園藝科、森林科、空間測繪科、觀光事業科、家政科規劃專業課程，學習涵蓋農業與食品、建築與空間、餐旅與服務、家政與照護，並配置專業科目、實習科目、技能應用與專題實作。,國立仁愛高級農業職業學校各專業科別安排實習操作與專題實作，內容對應農業與食品、建築與空間、餐旅與服務、家政與照護，並結合設備操作、技能訓練、作品製作或成果發表。,國立仁愛高級農業職業學校的固定校車／學生專車服務目前沒有足以確認適用對象與路線的校方制度資訊。,可先到埔里轉運站，再搭往仁愛、霧社或清境方向的南投客運至霧社／大同村，再銜接山農巷校區。,國立仁愛高級農業職業學校的一般招生學生住宿制度目前沒有足以確認適用對象與申請方式的校方制度資訊。,https://www.google.com/maps/search/?api=1&query=%E5%9C%8B%E7%AB%8B%E4%BB%81%E6%84%9B%E9%AB%98%E7%B4%9A%E8%BE%B2%E6%A5%AD%E8%81%B7%E6%A5%AD%E5%AD%B8%E6%A0%A1%20%E5%8D%97%E6%8A%95%E7%B8%A3%E4%BB%81%E6%84%9B%E9%84%89%E5%A4%A7%E5%90%8C%E6%9D%91%E5%B1%B1%E8%BE%B2%E5%B7%B727%E8%99%9F,https://www.ravs.ntct.edu.tw,https://www.ravs.ntct.edu.tw,https://www.ravs.ntct.edu.tw,https://www.google.com/maps/search/?api=1&query=%E5%9C%8B%E7%AB%8B%E4%BB%81%E6%84%9B%E9%AB%98%E7%B4%9A%E8%BE%B2%E6%A5%AD%E8%81%B7%E6%A5%AD%E5%AD%B8%E6%A0%A1%20%E5%8D%97%E6%8A%95%E7%B8%A3%E4%BB%81%E6%84%9B%E9%84%89%E5%A4%A7%E5%90%8C%E6%9D%91%E5%B1%B1%E8%BE%B2%E5%B7%B727%E8%99%9F,https://www.ravs.ntct.edu.tw,https://www.ravs.ntct.edu.tw,https://www.ravs.ntct.edu.tw,2026-09-07
,080403,國立埔里高級工業職業學校,公立,中投區免試入學日間部,高職,不限,南投縣,埔里鎮,南投縣埔里鎮中山路一段435號,https://www.plvs.ntct.edu.tw,049-2982225#206,機械科:62(不限);資訊科:22(不限);電機科:33(不限);建築科:50(不限);化工科:29(不限),196,196,以機械科、資訊科、電機科、建築科、化工科多元科別為特色;未標示固定資優班公告。,國立埔里高級工業職業學校依機械科、資訊科、電機科、建築科、化工科規劃專業課程，學習涵蓋機械與製造、資電與工程、建築與空間、工業技術，並配置專業科目、實習科目、技能應用與專題實作。,國立埔里高級工業職業學校各專業科別安排實習操作與專題實作，內容對應機械與製造、資電與工程、建築與空間、工業技術，並結合設備操作、技能訓練、作品製作或成果發表。,有學生專車。115學年度新生入學資料設有專車服務窗口，供學生辦理通學專車相關事項。,抵達埔里轉運站後，轉乘行經中山路一段的市區或南投客運，在埔里高工周邊站點下車後步行到校。,學校設有住宿服務。115學年度新生入學資料提供住宿承辦窗口，供新生辦理住宿事項。,https://www.google.com/maps/search/?api=1&query=%E5%9C%8B%E7%AB%8B%E5%9F%94%E9%87%8C%E9%AB%98%E7%B4%9A%E5%B7%A5%E6%A5%AD%E8%81%B7%E6%A5%AD%E5%AD%B8%E6%A0%A1%20%E5%8D%97%E6%8A%95%E7%B8%A3%E5%9F%94%E9%87%8C%E9%8E%AE%E4%B8%AD%E5%B1%B1%E8%B7%AF%E4%B8%80%E6%AE%B5435%E8%99%9F,https://www.plvs.ntct.edu.tw,https://www.plvs.ntct.edu.tw,https://www.plvs.ntct.edu.tw/ischool/publish_page/227/?cid=7474,https://www.google.com/maps/search/?api=1&query=%E5%9C%8B%E7%AB%8B%E5%9F%94%E9%87%8C%E9%AB%98%E7%B4%9A%E5%B7%A5%E6%A5%AD%E8%81%B7%E6%A5%AD%E5%AD%B8%E6%A0%A1%20%E5%8D%97%E6%8A%95%E7%B8%A3%E5%9F%94%E9%87%8C%E9%8E%AE%E4%B8%AD%E5%B1%B1%E8%B7%AF%E4%B8%80%E6%AE%B5435%E8%99%9F,https://www.plvs.ntct.edu.tw/ischool/publish_page/227/?cid=7474,https://www.plvs.ntct.edu.tw,https://www.plvs.ntct.edu.tw,2026-09-07
,080404,國立南投高級商業職業學校,公立,中投區免試入學日間部,高職,不限,南投縣,南投市,540 南投縣南投市三興里彰南路一段993號,https://www.pntcv.ntct.edu.tw,049-2222269#2207~2209,商業經營科:47(不限);會計事務科:29(不限);資料處理科:23(不限);廣告設計科:31(不限);觀光事業科:12(不限);餐飲管理科:30(不限);電子商務科:29(不限);應用英語科:26(不限),227,227,以商業經營科、會計事務科、資料處理科、廣告設計科、觀光事業科等多元科別為特色;未標示固定資優班公告。,國立南投高級商業職業學校依商業經營科、會計事務科、資料處理科、廣告設計科、觀光事業科、餐飲管理科規劃專業課程，學習涵蓋資電與工程、商管與數位應用、餐旅與服務、設計與藝術，並配置專業科目、實習科目、技能應用與專題實作。,國立南投高級商業職業學校各專業科別安排實習操作與專題實作，內容對應資電與工程、商管與數位應用、餐旅與服務、設計與藝術，並結合設備操作、技能訓練、作品製作或成果發表。,有學生專車。115學年度新生專區提供學生專車路線與通車資訊。,可搭往南投市區的客運至南投轉運站，再轉乘行經彰南路的市區公車，在南投高商周邊下車後步行到校。,學校設有學生住宿。115學年度新生專區提供住宿資訊與申請表。,https://www.google.com/maps/search/?api=1&query=%E5%9C%8B%E7%AB%8B%E5%8D%97%E6%8A%95%E9%AB%98%E7%B4%9A%E5%95%86%E6%A5%AD%E8%81%B7%E6%A5%AD%E5%AD%B8%E6%A0%A1%20540%20%E5%8D%97%E6%8A%95%E7%B8%A3%E5%8D%97%E6%8A%95%E5%B8%82%E4%B8%89%E8%88%88%E9%87%8C%E5%BD%B0%E5%8D%97%E8%B7%AF%E4%B8%80%E6%AE%B5993%E8%99%9F,https://www.pntcv.ntct.edu.tw/ischool/rfile/156cad7997748ca7d6d374aa143a8d07,https://www.pntcv.ntct.edu.tw/ischool/rfile/156cad7997748ca7d6d374aa143a8d07,https://www.pntcv.ntct.edu.tw/ischool/publish_page/5/?cid=7213,https://www.google.com/maps/search/?api=1&query=%E5%9C%8B%E7%AB%8B%E5%8D%97%E6%8A%95%E9%AB%98%E7%B4%9A%E5%95%86%E6%A5%AD%E8%81%B7%E6%A5%AD%E5%AD%B8%E6%A0%A1%20540%20%E5%8D%97%E6%8A%95%E7%B8%A3%E5%8D%97%E6%8A%95%E5%B8%82%E4%B8%89%E8%88%88%E9%87%8C%E5%BD%B0%E5%8D%97%E8%B7%AF%E4%B8%80%E6%AE%B5993%E8%99%9F,https://www.pntcv.ntct.edu.tw/ischool/publish_page/5/?cid=7213,https://www.pntcv.ntct.edu.tw,https://www.pntcv.ntct.edu.tw,2026-09-07
,080406,國立草屯高級商工職業學校,公立,中投區免試入學日間部,高職,不限,南投縣,草屯鎮,542015 南投縣草屯鎮新庄里20鄰芬草路二段736號,https://www.ttvs.ntct.edu.tw,049-2362082#1208、1210,機械科:60(不限);配管科(產特):29(不限);商業經營科:128(不限);會計事務科:65(不限);資料處理科:64(不限);應用英語科:31(不限),377,377,配管科為產業特殊需求類科;其餘商管、外語、機械科以技能、證照及專題實作為主。,國立草屯高級商工職業學校依機械科、配管科、商業經營科、會計事務科、資料處理科、應用英語科規劃專業課程，學習涵蓋機械與製造、商管與數位應用、外語應用、工業技術，並配置專業科目、實習科目、技能應用與專題實作。,國立草屯高級商工職業學校各專業科別安排實習操作與專題實作，內容對應機械與製造、商管與數位應用、外語應用、工業技術，並結合設備操作、技能訓練、作品製作或成果發表。,有學生專車。115學年度新生入學資料設有專車服務窗口，供學生辦理通學專車相關事項。,可搭臺中往草屯的客運至草屯轉運站，再轉乘行經芬草路的公車，在草屯商工周邊下車後步行到校。,學校設有住宿服務。115學年度新生入學資料將專車與住宿列為學務處生輔組辦理事項。,https://www.google.com/maps/search/?api=1&query=%E5%9C%8B%E7%AB%8B%E8%8D%89%E5%B1%AF%E9%AB%98%E7%B4%9A%E5%95%86%E5%B7%A5%E8%81%B7%E6%A5%AD%E5%AD%B8%E6%A0%A1%20542015%20%E5%8D%97%E6%8A%95%E7%B8%A3%E8%8D%89%E5%B1%AF%E9%8E%AE%E6%96%B0%E5%BA%84%E9%87%8C20%E9%84%B0%E8%8A%AC%E8%8D%89%E8%B7%AF%E4%BA%8C%E6%AE%B5736%E8%99%9F,https://www.ttvs.ntct.edu.tw,https://www.ttvs.ntct.edu.tw,https://www.ttvs.ntct.edu.tw/ischool/publish_page/15/?cid=61,https://www.google.com/maps/search/?api=1&query=%E5%9C%8B%E7%AB%8B%E8%8D%89%E5%B1%AF%E9%AB%98%E7%B4%9A%E5%95%86%E5%B7%A5%E8%81%B7%E6%A5%AD%E5%AD%B8%E6%A0%A1%20542015%20%E5%8D%97%E6%8A%95%E7%B8%A3%E8%8D%89%E5%B1%AF%E9%8E%AE%E6%96%B0%E5%BA%84%E9%87%8C20%E9%84%B0%E8%8A%AC%E8%8D%89%E8%B7%AF%E4%BA%8C%E6%AE%B5736%E8%99%9F,https://www.ttvs.ntct.edu.tw/ischool/publish_page/15/?cid=61,https://www.ttvs.ntct.edu.tw,https://www.ttvs.ntct.edu.tw,2026-09-07
,080410,國立水里高級商工職業學校,公立,中投區免試入學日間部,綜高,不限,南投縣,水里鄉,南投縣水里鄉南湖路2號,https://www.slvs.ntct.edu.tw,049-2870666#253、254,普通科:26(不限);資訊科:30(不限);電機科:24(不限);商業經營科:29(不限);觀光事業科:28(不限);餐飲管理科:16(不限);應用日語科:27(不限),180,180,普通科、體育班與多元技職科並設;特色包含山野教育、水上運動與山水美學校本課程。,國立水里高級商工職業學校同時提供普通／綜合高中學習與資訊科、電機科、商業經營科、觀光事業科、餐飲管理科等專業方向；一般課程搭配校訂必修、多元選修與探究實作，專業類科則發展資電與工程、商管與數位應用、餐旅與服務、外語應用實務能力。,國立水里高級商工職業學校普通／綜合高中端以自然科與社會領域探究、自主學習成果為主；專業類科另安排資電與工程、商管與數位應用、餐旅與服務、外語應用實習與專題實作，形成研究與技能並行的實作學習。,有學生專車與住宿生返鄉車。新生可登記通學專車；住宿生另有星期五、星期日返鄉／返校專車。,可搭臺鐵集集線至水里站，再轉乘水里市區公車或短程交通至南湖路校區。,學校設有學生宿舍。115學年度新生住宿有入住注意事項，住宿生另有假日返鄉／返校專車。,https://www.google.com/maps/search/?api=1&query=%E5%9C%8B%E7%AB%8B%E6%B0%B4%E9%87%8C%E9%AB%98%E7%B4%9A%E5%95%86%E5%B7%A5%E8%81%B7%E6%A5%AD%E5%AD%B8%E6%A0%A1%20%E5%8D%97%E6%8A%95%E7%B8%A3%E6%B0%B4%E9%87%8C%E9%84%89%E5%8D%97%E6%B9%96%E8%B7%AF2%E8%99%9F,https://www.slvs.ntct.edu.tw/home?cid=19846,https://www.slvs.ntct.edu.tw/home?cid=19846,https://www.slvs.ntct.edu.tw/home?cid=21145,https://www.google.com/maps/search/?api=1&query=%E5%9C%8B%E7%AB%8B%E6%B0%B4%E9%87%8C%E9%AB%98%E7%B4%9A%E5%95%86%E5%B7%A5%E8%81%B7%E6%A5%AD%E5%AD%B8%E6%A0%A1%20%E5%8D%97%E6%8A%95%E7%B8%A3%E6%B0%B4%E9%87%8C%E9%84%89%E5%8D%97%E6%B9%96%E8%B7%AF2%E8%99%9F,https://www.slvs.ntct.edu.tw/ischool/publish_page/4/?cid=23386,https://www.slvs.ntct.edu.tw,https://www.slvs.ntct.edu.tw,2026-09-07
,080B05,國立中興高級中學進修部,公立,中投區免試入學進修部,進修部,不限,南投縣,南投市,54044 南投縣南投市中興新村中學路2號,https://www.chsh.ntct.edu.tw,049-2332110#1702,商業經營科(夜間班):38(不限);資料處理科(夜間班):38(不限),76,76,"進修部依當年度核定科別開班;官網未標示另設固定資優班,實際班別以進修部公告為準。",國立中興高級中學進修部以商業經營科、資料處理科為主要學習科別，課程兼顧一般科目與商管與數位應用專業核心，並依進修學制安排實務與技能應用課程。,國立中興高級中學進修部的實作學習依商業經營科、資料處理科配置專業實習與專題實作，重點放在商管與數位應用技能操作、作品製作與成果呈現。,國立中興高級中學進修部的固定校車／學生專車服務目前沒有足以確認適用對象與路線的校方制度資訊。,可由臺中或高鐵臺中站搭往南投／中興新村方向客運，在中興新村下車後步行至中學路校區。,國立中興高級中學進修部的一般招生學生住宿制度目前沒有足以確認適用對象與申請方式的校方制度資訊。,https://www.google.com/maps/search/?api=1&query=%E5%9C%8B%E7%AB%8B%E4%B8%AD%E8%88%88%E9%AB%98%E7%B4%9A%E4%B8%AD%E5%AD%B8%E9%80%B2%E4%BF%AE%E9%83%A8%2054044%20%E5%8D%97%E6%8A%95%E7%B8%A3%E5%8D%97%E6%8A%95%E5%B8%82%E4%B8%AD%E8%88%88%E6%96%B0%E6%9D%91%E4%B8%AD%E5%AD%B8%E8%B7%AF2%E8%99%9F,https://www.chsh.ntct.edu.tw,https://www.chsh.ntct.edu.tw,https://www.chsh.ntct.edu.tw,https://www.google.com/maps/search/?api=1&query=%E5%9C%8B%E7%AB%8B%E4%B8%AD%E8%88%88%E9%AB%98%E7%B4%9A%E4%B8%AD%E5%AD%B8%E9%80%B2%E4%BF%AE%E9%83%A8%2054044%20%E5%8D%97%E6%8A%95%E7%B8%A3%E5%8D%97%E6%8A%95%E5%B8%82%E4%B8%AD%E8%88%88%E6%96%B0%E6%9D%91%E4%B8%AD%E5%AD%B8%E8%B7%AF2%E8%99%9F,https://www.chsh.ntct.edu.tw,https://www.chsh.ntct.edu.tw,https://www.chsh.ntct.edu.tw,2026-09-07
,080B07,國立竹山高級中學進修部,公立,中投區免試入學進修部,進修部,不限,南投縣,竹山鎮,557002 南投縣竹山鎮枋坪巷1-3號,https://www.cshs.ntct.edu.tw,049-2643344#141,資料處理科(夜間班):14(不限),14,14,"進修部依當年度核定科別開班;官網未標示另設固定資優班,實際班別以進修部公告為準。",國立竹山高級中學進修部以資料處理科為主要學習科別，課程兼顧一般科目與商管與數位應用專業核心，並依進修學制安排實務與技能應用課程。,國立竹山高級中學進修部的實作學習依資料處理科配置專業實習與專題實作，重點放在商管與數位應用技能操作、作品製作與成果呈現。,國立竹山高級中學進修部的固定校車／學生專車服務目前沒有足以確認適用對象與路線的校方制度資訊。,可由臺中或斗六搭往竹山方向客運至竹山站，再轉乘竹山市區交通至枋坪巷校址周邊。,國立竹山高級中學進修部的一般招生學生住宿制度目前沒有足以確認適用對象與申請方式的校方制度資訊。,https://www.google.com/maps/search/?api=1&query=%E5%9C%8B%E7%AB%8B%E7%AB%B9%E5%B1%B1%E9%AB%98%E7%B4%9A%E4%B8%AD%E5%AD%B8%E9%80%B2%E4%BF%AE%E9%83%A8%20557002%20%E5%8D%97%E6%8A%95%E7%B8%A3%E7%AB%B9%E5%B1%B1%E9%8E%AE%E6%9E%8B%E5%9D%AA%E5%B7%B71-3%E8%99%9F,https://www.cshs.ntct.edu.tw,https://www.cshs.ntct.edu.tw,https://www.cshs.ntct.edu.tw,https://www.google.com/maps/search/?api=1&query=%E5%9C%8B%E7%AB%8B%E7%AB%B9%E5%B1%B1%E9%AB%98%E7%B4%9A%E4%B8%AD%E5%AD%B8%E9%80%B2%E4%BF%AE%E9%83%A8%20557002%20%E5%8D%97%E6%8A%95%E7%B8%A3%E7%AB%B9%E5%B1%B1%E9%8E%AE%E6%9E%8B%E5%9D%AA%E5%B7%B71-3%E8%99%9F,https://www.cshs.ntct.edu.tw,https://www.cshs.ntct.edu.tw,https://www.cshs.ntct.edu.tw,2026-09-07
,080B08,國立暨南國際大學附屬高級中學進修部,公立,中投區免試入學進修部,進修部,不限,南投縣,埔里鎮,南投縣埔里鎮鐵山路1-6號,https://www.pshs.ntct.edu.tw,049-2913483#711,商業經營科(夜間班):18(不限);資料處理科(夜間班):18(不限),36,36,"進修部依當年度核定科別開班;官網未標示另設固定資優班,實際班別以進修部公告為準。",國立暨南國際大學附屬高級中學進修部以商業經營科、資料處理科為主要學習科別，課程兼顧一般科目與商管與數位應用專業核心，並依進修學制安排實務與技能應用課程。,國立暨南國際大學附屬高級中學進修部的實作學習依商業經營科、資料處理科配置專業實習與專題實作，重點放在商管與數位應用技能操作、作品製作與成果呈現。,國立暨南國際大學附屬高級中學進修部的固定校車／學生專車服務目前沒有足以確認適用對象與路線的校方制度資訊。,可先到埔里轉運站，再轉乘往暨南大學、水里方向的南投客運，在鐵山路校址周邊下車後步行到校。,國立暨南國際大學附屬高級中學進修部的一般招生學生住宿制度目前沒有足以確認適用對象與申請方式的校方制度資訊。,https://www.google.com/maps/search/?api=1&query=%E5%9C%8B%E7%AB%8B%E6%9A%A8%E5%8D%97%E5%9C%8B%E9%9A%9B%E5%A4%A7%E5%AD%B8%E9%99%84%E5%B1%AC%E9%AB%98%E7%B4%9A%E4%B8%AD%E5%AD%B8%E9%80%B2%E4%BF%AE%E9%83%A8%20%E5%8D%97%E6%8A%95%E7%B8%A3%E5%9F%94%E9%87%8C%E9%8E%AE%E9%90%B5%E5%B1%B1%E8%B7%AF1-6%E8%99%9F,https://www.pshs.ntct.edu.tw,https://www.pshs.ntct.edu.tw,https://www.pshs.ntct.edu.tw,https://www.google.com/maps/search/?api=1&query=%E5%9C%8B%E7%AB%8B%E6%9A%A8%E5%8D%97%E5%9C%8B%E9%9A%9B%E5%A4%A7%E5%AD%B8%E9%99%84%E5%B1%AC%E9%AB%98%E7%B4%9A%E4%B8%AD%E5%AD%B8%E9%80%B2%E4%BF%AE%E9%83%A8%20%E5%8D%97%E6%8A%95%E7%B8%A3%E5%9F%94%E9%87%8C%E9%8E%AE%E9%90%B5%E5%B1%B1%E8%B7%AF1-6%E8%99%9F,https://www.pshs.ntct.edu.tw,https://www.pshs.ntct.edu.tw,https://www.pshs.ntct.edu.tw,2026-09-07
,080C04,國立南投高級商業職業學校進修部,公立,中投區免試入學進修部,進修部,不限,南投縣,南投市,540 南投縣南投市三興里彰南路一段993號,https://www.pntcv.ntct.edu.tw,049-2222269#2312~2316,商業經營科(夜間班):28(不限);資料處理科(夜間班):28(不限),56,56,"進修部依當年度核定科別開班;官網未標示另設固定資優班,實際班別以進修部公告為準。",國立南投高級商業職業學校進修部以商業經營科、資料處理科為主要學習科別，課程兼顧一般科目與商管與數位應用專業核心，並依進修學制安排實務與技能應用課程。,國立南投高級商業職業學校進修部的實作學習依商業經營科、資料處理科配置專業實習與專題實作，重點放在商管與數位應用技能操作、作品製作與成果呈現。,國立南投高級商業職業學校進修部的固定校車／學生專車服務目前沒有足以確認適用對象與路線的校方制度資訊。,可搭往南投市區的客運至南投轉運站，再轉乘行經彰南路的市區公車，在南投高商周邊下車後步行到校。,國立南投高級商業職業學校進修部的一般招生學生住宿制度目前沒有足以確認適用對象與申請方式的校方制度資訊。,https://www.google.com/maps/search/?api=1&query=%E5%9C%8B%E7%AB%8B%E5%8D%97%E6%8A%95%E9%AB%98%E7%B4%9A%E5%95%86%E6%A5%AD%E8%81%B7%E6%A5%AD%E5%AD%B8%E6%A0%A1%E9%80%B2%E4%BF%AE%E9%83%A8%20540%20%E5%8D%97%E6%8A%95%E7%B8%A3%E5%8D%97%E6%8A%95%E5%B8%82%E4%B8%89%E8%88%88%E9%87%8C%E5%BD%B0%E5%8D%97%E8%B7%AF%E4%B8%80%E6%AE%B5993%E8%99%9F,https://www.pntcv.ntct.edu.tw/ischool/rfile/156cad7997748ca7d6d374aa143a8d07,https://www.pntcv.ntct.edu.tw/ischool/rfile/156cad7997748ca7d6d374aa143a8d07,https://www.pntcv.ntct.edu.tw,https://www.google.com/maps/search/?api=1&query=%E5%9C%8B%E7%AB%8B%E5%8D%97%E6%8A%95%E9%AB%98%E7%B4%9A%E5%95%86%E6%A5%AD%E8%81%B7%E6%A5%AD%E5%AD%B8%E6%A0%A1%E9%80%B2%E4%BF%AE%E9%83%A8%20540%20%E5%8D%97%E6%8A%95%E7%B8%A3%E5%8D%97%E6%8A%95%E5%B8%82%E4%B8%89%E8%88%88%E9%87%8C%E5%BD%B0%E5%8D%97%E8%B7%AF%E4%B8%80%E6%AE%B5993%E8%99%9F,https://www.pntcv.ntct.edu.tw,https://www.pntcv.ntct.edu.tw,https://www.pntcv.ntct.edu.tw,2026-09-07
,080C06,國立草屯高級商工職業學校進修部,公立,中投區免試入學進修部,進修部,不限,南投縣,草屯鎮,542015 南投縣草屯鎮新庄里20鄰芬草路二段736號,https://www.ttvs.ntct.edu.tw,049-2362082#3138、3140,機械科(夜間班):17(不限);商業經營科(夜間班):17(不限);資料處理科(夜間班):17(不限),51,51,"進修部依當年度核定科別開班;官網未標示另設固定資優班,實際班別以進修部公告為準。",國立草屯高級商工職業學校進修部以機械科、商業經營科、資料處理科為主要學習科別，課程兼顧一般科目與機械與製造、商管與數位應用專業核心，並依進修學制安排實務與技能應用課程。,國立草屯高級商工職業學校進修部的實作學習依機械科、商業經營科、資料處理科配置專業實習與專題實作，重點放在機械與製造、商管與數位應用技能操作、作品製作與成果呈現。,國立草屯高級商工職業學校進修部的固定校車／學生專車服務目前沒有足以確認適用對象與路線的校方制度資訊。,可搭臺中往草屯的客運至草屯轉運站，再轉乘行經芬草路的公車，在草屯商工周邊下車後步行到校。,國立草屯高級商工職業學校進修部的一般招生學生住宿制度目前沒有足以確認適用對象與申請方式的校方制度資訊。,https://www.google.com/maps/search/?api=1&query=%E5%9C%8B%E7%AB%8B%E8%8D%89%E5%B1%AF%E9%AB%98%E7%B4%9A%E5%95%86%E5%B7%A5%E8%81%B7%E6%A5%AD%E5%AD%B8%E6%A0%A1%E9%80%B2%E4%BF%AE%E9%83%A8%20542015%20%E5%8D%97%E6%8A%95%E7%B8%A3%E8%8D%89%E5%B1%AF%E9%8E%AE%E6%96%B0%E5%BA%84%E9%87%8C20%E9%84%B0%E8%8A%AC%E8%8D%89%E8%B7%AF%E4%BA%8C%E6%AE%B5736%E8%99%9F,https://www.ttvs.ntct.edu.tw,https://www.ttvs.ntct.edu.tw,https://www.ttvs.ntct.edu.tw,https://www.google.com/maps/search/?api=1&query=%E5%9C%8B%E7%AB%8B%E8%8D%89%E5%B1%AF%E9%AB%98%E7%B4%9A%E5%95%86%E5%B7%A5%E8%81%B7%E6%A5%AD%E5%AD%B8%E6%A0%A1%E9%80%B2%E4%BF%AE%E9%83%A8%20542015%20%E5%8D%97%E6%8A%95%E7%B8%A3%E8%8D%89%E5%B1%AF%E9%8E%AE%E6%96%B0%E5%BA%84%E9%87%8C20%E9%84%B0%E8%8A%AC%E8%8D%89%E8%B7%AF%E4%BA%8C%E6%AE%B5736%E8%99%9F,https://www.ttvs.ntct.edu.tw,https://www.ttvs.ntct.edu.tw,https://www.ttvs.ntct.edu.tw,2026-09-07
,080C10,國立水里高級商工職業學校進修部,公立,中投區免試入學進修部,進修部,不限,南投縣,水里鄉,南投縣水里鄉南湖路2號,https://www.slvs.ntct.edu.tw,049-2870666#350,餐飲管理科(夜間班):20(不限),20,20,普通科、體育班與多元技職科並設;特色包含山野教育、水上運動與山水美學校本課程。,國立水里高級商工職業學校進修部以餐飲管理科為主要學習科別，課程兼顧一般科目與餐旅與服務專業核心，並依進修學制安排實務與技能應用課程。,國立水里高級商工職業學校進修部的實作學習依餐飲管理科配置專業實習與專題實作，重點放在餐旅與服務技能操作、作品製作與成果呈現。,國立水里高級商工職業學校進修部的固定校車／學生專車服務目前沒有足以確認適用對象與路線的校方制度資訊。,可搭臺鐵集集線至水里站，再轉乘水里市區公車或短程交通至南湖路校區。,國立水里高級商工職業學校進修部的一般招生學生住宿制度目前沒有足以確認適用對象與申請方式的校方制度資訊。,https://www.google.com/maps/search/?api=1&query=%E5%9C%8B%E7%AB%8B%E6%B0%B4%E9%87%8C%E9%AB%98%E7%B4%9A%E5%95%86%E5%B7%A5%E8%81%B7%E6%A5%AD%E5%AD%B8%E6%A0%A1%E9%80%B2%E4%BF%AE%E9%83%A8%20%E5%8D%97%E6%8A%95%E7%B8%A3%E6%B0%B4%E9%87%8C%E9%84%89%E5%8D%97%E6%B9%96%E8%B7%AF2%E8%99%9F,https://www.slvs.ntct.edu.tw/ischool/rfile/dcbd0521fa041a152417776060a8d409,https://www.slvs.ntct.edu.tw/ischool/rfile/dcbd0521fa041a152417776060a8d409,https://www.slvs.ntct.edu.tw,https://www.google.com/maps/search/?api=1&query=%E5%9C%8B%E7%AB%8B%E6%B0%B4%E9%87%8C%E9%AB%98%E7%B4%9A%E5%95%86%E5%B7%A5%E8%81%B7%E6%A5%AD%E5%AD%B8%E6%A0%A1%E9%80%B2%E4%BF%AE%E9%83%A8%20%E5%8D%97%E6%8A%95%E7%B8%A3%E6%B0%B4%E9%87%8C%E9%84%89%E5%8D%97%E6%B9%96%E8%B7%AF2%E8%99%9F,https://www.slvs.ntct.edu.tw,https://www.slvs.ntct.edu.tw,https://www.slvs.ntct.edu.tw,2026-09-07
,081311,南投縣私立五育高級中學,私立,中投區免試入學日間部,高職,不限,南投縣,南投市,540 南投縣南投市樂利路200號,https://www.wu-yu.ntct.edu.tw,049-2246346#204,美容科:34(不限);照顧服務科(產特):31(不限);多媒體動畫科:34(不限),99,99,"照顧服務科為產特,另有就業導向/建教合作及醫護人才培育等課程方案。",南投縣私立五育高級中學依美容科、照顧服務科、多媒體動畫科規劃專業課程，學習涵蓋設計與藝術、家政與照護，並配置專業科目、實習科目、技能應用與專題實作。,南投縣私立五育高級中學各專業科別安排實習操作與專題實作，內容對應設計與藝術、家政與照護，並結合設備操作、技能訓練、作品製作或成果發表。,南投縣私立五育高級中學的固定校車／學生專車服務目前沒有足以確認適用對象與路線的校方制度資訊。,可搭往南投市區的客運至南投轉運站，再轉乘市區公車至樂利路、五育高中周邊後步行到校。,南投縣私立五育高級中學的一般招生學生住宿制度目前沒有足以確認適用對象與申請方式的校方制度資訊。,https://www.google.com/maps/search/?api=1&query=%E5%8D%97%E6%8A%95%E7%B8%A3%E7%A7%81%E7%AB%8B%E4%BA%94%E8%82%B2%E9%AB%98%E7%B4%9A%E4%B8%AD%E5%AD%B8%20540%20%E5%8D%97%E6%8A%95%E7%B8%A3%E5%8D%97%E6%8A%95%E5%B8%82%E6%A8%82%E5%88%A9%E8%B7%AF200%E8%99%9F,https://www.wu-yu.ntct.edu.tw,https://www.wu-yu.ntct.edu.tw,https://www.wu-yu.ntct.edu.tw,https://www.google.com/maps/search/?api=1&query=%E5%8D%97%E6%8A%95%E7%B8%A3%E7%A7%81%E7%AB%8B%E4%BA%94%E8%82%B2%E9%AB%98%E7%B4%9A%E4%B8%AD%E5%AD%B8%20540%20%E5%8D%97%E6%8A%95%E7%B8%A3%E5%8D%97%E6%8A%95%E5%B8%82%E6%A8%82%E5%88%A9%E8%B7%AF200%E8%99%9F,https://www.wu-yu.ntct.edu.tw,https://www.wu-yu.ntct.edu.tw,https://www.wu-yu.ntct.edu.tw,2026-09-07
,081312,南投縣私立三育高級中學,私立,中投區免試入學日間部,綜高,不限,南投縣,魚池鄉,555 南投縣魚池鄉魚池村瓊文巷39號,https://www.taa.ntct.edu.tw,049-2897212#112、114,普通科:35(不限);照顧服務科(產特):41(不限),76,76,美語學程、音樂學程;照顧服務科為產業特殊需求類科。,南投縣私立三育高級中學同時提供普通／綜合高中學習與照顧服務科等專業方向；一般課程搭配校訂必修、多元選修與探究實作，專業類科則發展家政與照護實務能力。,南投縣私立三育高級中學普通／綜合高中端以自然科與社會領域探究、自主學習成果為主；專業類科另安排家政與照護實習與專題實作，形成研究與技能並行的實作學習。,南投縣私立三育高級中學的固定校車／學生專車服務目前沒有足以確認適用對象與路線的校方制度資訊。,可先到埔里轉運站，再搭往日月潭、魚池方向的南投客運於魚池下車，之後銜接瓊文巷校址。,南投縣私立三育高級中學的一般招生學生住宿制度目前沒有足以確認適用對象與申請方式的校方制度資訊。,https://www.google.com/maps/search/?api=1&query=%E5%8D%97%E6%8A%95%E7%B8%A3%E7%A7%81%E7%AB%8B%E4%B8%89%E8%82%B2%E9%AB%98%E7%B4%9A%E4%B8%AD%E5%AD%B8%20555%20%E5%8D%97%E6%8A%95%E7%B8%A3%E9%AD%9A%E6%B1%A0%E9%84%89%E9%AD%9A%E6%B1%A0%E6%9D%91%E7%93%8A%E6%96%87%E5%B7%B739%E8%99%9F,https://www.taa.ntct.edu.tw/,https://www.taa.ntct.edu.tw/,https://www.taa.ntct.edu.tw,https://www.google.com/maps/search/?api=1&query=%E5%8D%97%E6%8A%95%E7%B8%A3%E7%A7%81%E7%AB%8B%E4%B8%89%E8%82%B2%E9%AB%98%E7%B4%9A%E4%B8%AD%E5%AD%B8%20555%20%E5%8D%97%E6%8A%95%E7%B8%A3%E9%AD%9A%E6%B1%A0%E9%84%89%E9%AD%9A%E6%B1%A0%E6%9D%91%E7%93%8A%E6%96%87%E5%B7%B739%E8%99%9F,https://www.taa.ntct.edu.tw,https://www.taa.ntct.edu.tw,https://www.taa.ntct.edu.tw,2026-09-07
,081313,南投縣私立弘明實驗高級中等學校,私立,中投區免試入學日間部,高中,不限,南投縣,名間鄉,551 南投縣名間鄉東湖村大老巷102號,http://www.holdmean.org.tw,049-2731799#714,普通科:33(不限),33,33,"實驗教育普通科;校方官網本次無法穩定讀取,未將未核實班名寫入,實際實驗課程依校方最新公告。",南投縣私立弘明實驗高級中等學校普通高中課程以語文、數理、社會、自然與科技領域為基礎，搭配校訂必修、多元選修、探究與實作及自主學習，讓學生依升學與興趣規劃加深加廣學習。,南投縣私立弘明實驗高級中等學校的實作學習以自然科探究與實作、社會議題探究、校訂課程及自主學習成果為主，學生可透過實驗、研究報告、作品或成果發表完成學習成果。,南投縣私立弘明實驗高級中等學校的固定校車／學生專車服務目前沒有足以確認適用對象與路線的校方制度資訊。,可搭臺鐵集集線至濁水站，再轉乘名間地區公車或短程接駁前往東湖村大老巷校址。,南投縣私立弘明實驗高級中等學校的一般招生學生住宿制度目前沒有足以確認適用對象與申請方式的校方制度資訊。,https://www.google.com/maps/search/?api=1&query=%E5%8D%97%E6%8A%95%E7%B8%A3%E7%A7%81%E7%AB%8B%E5%BC%98%E6%98%8E%E5%AF%A6%E9%A9%97%E9%AB%98%E7%B4%9A%E4%B8%AD%E7%AD%89%E5%AD%B8%E6%A0%A1%20551%20%E5%8D%97%E6%8A%95%E7%B8%A3%E5%90%8D%E9%96%93%E9%84%89%E6%9D%B1%E6%B9%96%E6%9D%91%E5%A4%A7%E8%80%81%E5%B7%B7102%E8%99%9F,http://www.holdmean.org.tw,http://www.holdmean.org.tw,http://www.holdmean.org.tw,https://www.google.com/maps/search/?api=1&query=%E5%8D%97%E6%8A%95%E7%B8%A3%E7%A7%81%E7%AB%8B%E5%BC%98%E6%98%8E%E5%AF%A6%E9%A9%97%E9%AB%98%E7%B4%9A%E4%B8%AD%E7%AD%89%E5%AD%B8%E6%A0%A1%20551%20%E5%8D%97%E6%8A%95%E7%B8%A3%E5%90%8D%E9%96%93%E9%84%89%E6%9D%B1%E6%B9%96%E6%9D%91%E5%A4%A7%E8%80%81%E5%B7%B7102%E8%99%9F,http://www.holdmean.org.tw,http://www.holdmean.org.tw,http://www.holdmean.org.tw,2026-09-07
,081314,南投縣私立普台高級中學,私立,中投區免試入學日間部,高中,不限,南投縣,埔里鎮,54544 南投縣埔里鎮中台路5號,https://www.ptsh.ntct.edu.tw,049-2932899#11222 11224,普通科:181(不限),181,181,住宿型學校;以國學、書法、靜心、四語教學、音樂與通識活動為特色。,普通高中課程結合國學、書法、語文、音樂與通識教育，並以住宿生活教育支持完整的學習與生活作息。,南投縣私立普台高級中學的實作學習以自然科探究與實作、社會議題探究、校訂課程及自主學習成果為主，學生可透過實驗、研究報告、作品或成果發表完成學習成果。,有交通車。普台為住宿型學校，學生返家與收假返校日可搭乘校方交通車，停靠點依各地中台禪寺精舍規劃。,可先到埔里轉運站，再轉乘埔里地區公車前往中台路校區周邊，於鄰近站點下車後步行到校。,普台為住宿型學校，設有男、女生宿舍與住宿生活管理，高中部學生在校生活採住宿制度。,https://www.google.com/maps/search/?api=1&query=%E5%8D%97%E6%8A%95%E7%B8%A3%E7%A7%81%E7%AB%8B%E6%99%AE%E5%8F%B0%E9%AB%98%E7%B4%9A%E4%B8%AD%E5%AD%B8%2054544%20%E5%8D%97%E6%8A%95%E7%B8%A3%E5%9F%94%E9%87%8C%E9%8E%AE%E4%B8%AD%E5%8F%B0%E8%B7%AF5%E8%99%9F,https://www.ptsh.ntct.edu.tw/sr_course_plan/plans.html,https://www.ptsh.ntct.edu.tw/sr_course_plan/plans.html,https://www.ptsh.ntct.edu.tw/ptsh/administrative5-2.php,https://www.google.com/maps/search/?api=1&query=%E5%8D%97%E6%8A%95%E7%B8%A3%E7%A7%81%E7%AB%8B%E6%99%AE%E5%8F%B0%E9%AB%98%E7%B4%9A%E4%B8%AD%E5%AD%B8%2054544%20%E5%8D%97%E6%8A%95%E7%B8%A3%E5%9F%94%E9%87%8C%E9%8E%AE%E4%B8%AD%E5%8F%B0%E8%B7%AF5%E8%99%9F,https://www.ptsh.ntct.edu.tw/ptsh/about8.php,https://www.ptsh.ntct.edu.tw,https://www.ptsh.ntct.edu.tw,2026-09-07
,081409,同德學校財團法人南投縣同德高級中等學校,私立,中投區免試入學日間部,綜高,不限,南投縣,草屯鎮,542 南投縣草屯鎮中正路培英巷8號,https://www.tdhs.ntct.edu.tw,049-2553109#1241,普通科:117(不限);餐飲管理科:82(不限);烘焙科:41(不限),240,240,國際文憑課程實驗班(IBDP候選學校資訊以官網最新狀態為準);另有普通科、餐飲與烘焙專業。,同德學校財團法人南投縣同德高級中等學校同時提供普通／綜合高中學習與餐飲管理科、烘焙科等專業方向；一般課程搭配校訂必修、多元選修與探究實作，專業類科則發展餐旅與服務實務能力。,同德學校財團法人南投縣同德高級中等學校普通／綜合高中端以自然科與社會領域探究、自主學習成果為主；專業類科另安排餐旅與服務實習與專題實作，形成研究與技能並行的實作學習。,同德學校財團法人南投縣同德高級中等學校的固定校車／學生專車服務目前沒有足以確認適用對象與路線的校方制度資訊。,可搭臺中往草屯方向客運至草屯轉運站，再轉乘行經中正路的公車，在培英巷校址周邊下車後步行到校。,同德學校財團法人南投縣同德高級中等學校的一般招生學生住宿制度目前沒有足以確認適用對象與申請方式的校方制度資訊。,https://www.google.com/maps/search/?api=1&query=%E5%90%8C%E5%BE%B7%E5%AD%B8%E6%A0%A1%E8%B2%A1%E5%9C%98%E6%B3%95%E4%BA%BA%E5%8D%97%E6%8A%95%E7%B8%A3%E5%90%8C%E5%BE%B7%E9%AB%98%E7%B4%9A%E4%B8%AD%E7%AD%89%E5%AD%B8%E6%A0%A1%20542%20%E5%8D%97%E6%8A%95%E7%B8%A3%E8%8D%89%E5%B1%AF%E9%8E%AE%E4%B8%AD%E6%AD%A3%E8%B7%AF%E5%9F%B9%E8%8B%B1%E5%B7%B78%E8%99%9F,https://www.tdhs.ntct.edu.tw,https://www.tdhs.ntct.edu.tw,https://www.tdhs.ntct.edu.tw,https://www.google.com/maps/search/?api=1&query=%E5%90%8C%E5%BE%B7%E5%AD%B8%E6%A0%A1%E8%B2%A1%E5%9C%98%E6%B3%95%E4%BA%BA%E5%8D%97%E6%8A%95%E7%B8%A3%E5%90%8C%E5%BE%B7%E9%AB%98%E7%B4%9A%E4%B8%AD%E7%AD%89%E5%AD%B8%E6%A0%A1%20542%20%E5%8D%97%E6%8A%95%E7%B8%A3%E8%8D%89%E5%B1%AF%E9%8E%AE%E4%B8%AD%E6%AD%A3%E8%B7%AF%E5%9F%B9%E8%8B%B1%E5%B7%B78%E8%99%9F,https://www.tdhs.ntct.edu.tw,https://www.tdhs.ntct.edu.tw,https://www.tdhs.ntct.edu.tw,2026-09-07
,084309,南投縣立旭光高級中學,公立,中投區免試入學日間部,高中,不限,南投縣,草屯鎮,542 南投縣草屯鎮中正路568-23號,https://skjhs.ntct.edu.tw,049-2563472#211,普通科:152(不限),152,152,設數理語文班與體育班;班別招生依年度簡章。,南投縣立旭光高級中學普通高中課程以語文、數理、社會、自然與科技領域為基礎，搭配校訂必修、多元選修、探究與實作及自主學習，讓學生依升學與興趣規劃加深加廣學習。,南投縣立旭光高級中學的實作學習以自然科探究與實作、社會議題探究、校訂課程及自主學習成果為主，學生可透過實驗、研究報告、作品或成果發表完成學習成果。,南投縣立旭光高級中學的固定校車／學生專車服務目前沒有足以確認適用對象與路線的校方制度資訊。,可搭臺中往草屯方向客運至草屯轉運站，再轉乘行經中正路的公車，在旭光高中周邊站點下車後步行到校。,南投縣立旭光高級中學的一般招生學生住宿制度目前沒有足以確認適用對象與申請方式的校方制度資訊。,https://www.google.com/maps/search/?api=1&query=%E5%8D%97%E6%8A%95%E7%B8%A3%E7%AB%8B%E6%97%AD%E5%85%89%E9%AB%98%E7%B4%9A%E4%B8%AD%E5%AD%B8%20542%20%E5%8D%97%E6%8A%95%E7%B8%A3%E8%8D%89%E5%B1%AF%E9%8E%AE%E4%B8%AD%E6%AD%A3%E8%B7%AF568-23%E8%99%9F,https://skjhs.ntct.edu.tw,https://skjhs.ntct.edu.tw,https://skjhs.ntct.edu.tw,https://www.google.com/maps/search/?api=1&query=%E5%8D%97%E6%8A%95%E7%B8%A3%E7%AB%8B%E6%97%AD%E5%85%89%E9%AB%98%E7%B4%9A%E4%B8%AD%E5%AD%B8%20542%20%E5%8D%97%E6%8A%95%E7%B8%A3%E8%8D%89%E5%B1%AF%E9%8E%AE%E4%B8%AD%E6%AD%A3%E8%B7%AF568-23%E8%99%9F,https://skjhs.ntct.edu.tw,https://skjhs.ntct.edu.tw,https://skjhs.ntct.edu.tw,2026-09-07
,091318,義峰學校財團法人雲林縣義峰高級中學,私立,中投區免試入學日間部,高職,不限,雲林縣,林內鄉,643 雲林縣林內鄉烏麻村長源201號,http://www.yfsh.ylc.edu.tw,05-5800099#521、523,餐飲管理科:3(不限);照顧服務科(產特):3(不限);多媒體動畫科:3(不限),9,9,照顧服務科為產特;另以餐飲、多媒體動畫等專業實作為特色。,義峰學校財團法人雲林縣義峰高級中學依餐飲管理科、照顧服務科、多媒體動畫科規劃專業課程，學習涵蓋餐旅與服務、設計與藝術、家政與照護，並配置專業科目、實習科目、技能應用與專題實作。,義峰學校財團法人雲林縣義峰高級中學各專業科別安排實習操作與專題實作，內容對應餐旅與服務、設計與藝術、家政與照護，並結合設備操作、技能訓練、作品製作或成果發表。,義峰學校財團法人雲林縣義峰高級中學的固定校車／學生專車服務目前沒有足以確認適用對象與路線的校方制度資訊。,可搭臺鐵至林內站，再轉乘林內地區公車或短程接駁前往長源路校址。,義峰學校財團法人雲林縣義峰高級中學的一般招生學生住宿制度目前沒有足以確認適用對象與申請方式的校方制度資訊。,https://www.google.com/maps/search/?api=1&query=%E7%BE%A9%E5%B3%B0%E5%AD%B8%E6%A0%A1%E8%B2%A1%E5%9C%98%E6%B3%95%E4%BA%BA%E9%9B%B2%E6%9E%97%E7%B8%A3%E7%BE%A9%E5%B3%B0%E9%AB%98%E7%B4%9A%E4%B8%AD%E5%AD%B8%20643%20%E9%9B%B2%E6%9E%97%E7%B8%A3%E6%9E%97%E5%85%A7%E9%84%89%E7%83%8F%E9%BA%BB%E6%9D%91%E9%95%B7%E6%BA%90201%E8%99%9F,http://www.yfsh.ylc.edu.tw,http://www.yfsh.ylc.edu.tw,http://www.yfsh.ylc.edu.tw,https://www.google.com/maps/search/?api=1&query=%E7%BE%A9%E5%B3%B0%E5%AD%B8%E6%A0%A1%E8%B2%A1%E5%9C%98%E6%B3%95%E4%BA%BA%E9%9B%B2%E6%9E%97%E7%B8%A3%E7%BE%A9%E5%B3%B0%E9%AB%98%E7%B4%9A%E4%B8%AD%E5%AD%B8%20643%20%E9%9B%B2%E6%9E%97%E7%B8%A3%E6%9E%97%E5%85%A7%E9%84%89%E7%83%8F%E9%BA%BB%E6%9D%91%E9%95%B7%E6%BA%90201%E8%99%9F,http://www.yfsh.ylc.edu.tw,http://www.yfsh.ylc.edu.tw,http://www.yfsh.ylc.edu.tw,2026-09-07
,190406,國立中興大學附屬臺中高級農業職業學校,公立,中投區免試入學日間部,高職,不限,臺中市,東區,臺中市東區台中路283號,https://www.tcavs.tc.edu.tw,04-22810010#202、208、209,農場經營科(產特):63(不限);園藝科(產特):63(不限);森林科(產特):31(不限);食品加工科:62(不限);畜產保健科(產特):31(不限);土木科(產特):31(不限);生物產業機電科:32(不限);觀光事業科:32(不限);餐飲管理科:64(不限);幼兒保育科:32(不限),441,441,農場經營、園藝、森林、畜產保健、土木等為產業特殊需求類科;另設實用技能與體育班。,國立中興大學附屬臺中高級農業職業學校依農場經營科、園藝科、森林科、食品加工科、畜產保健科、土木科規劃專業課程，學習涵蓋農業與食品、機械與製造、建築與空間、餐旅與服務，並配置專業科目、實習科目、技能應用與專題實作。,國立中興大學附屬臺中高級農業職業學校各專業科別安排實習操作與專題實作，內容對應農業與食品、機械與製造、建築與空間、餐旅與服務，並結合設備操作、技能訓練、作品製作或成果發表。,國立中興大學附屬臺中高級農業職業學校的固定校車／學生專車服務目前沒有足以確認適用對象與路線的校方制度資訊。,可搭臺鐵至臺中站，再轉乘行經臺中路、建成路的市區公車，在興大附農周邊站點下車後步行到校。,國立中興大學附屬臺中高級農業職業學校的一般招生學生住宿制度目前沒有足以確認適用對象與申請方式的校方制度資訊。,https://www.google.com/maps/search/?api=1&query=%E5%9C%8B%E7%AB%8B%E4%B8%AD%E8%88%88%E5%A4%A7%E5%AD%B8%E9%99%84%E5%B1%AC%E8%87%BA%E4%B8%AD%E9%AB%98%E7%B4%9A%E8%BE%B2%E6%A5%AD%E8%81%B7%E6%A5%AD%E5%AD%B8%E6%A0%A1%20%E8%87%BA%E4%B8%AD%E5%B8%82%E6%9D%B1%E5%8D%80%E5%8F%B0%E4%B8%AD%E8%B7%AF283%E8%99%9F,https://www.tcavs.tc.edu.tw,https://www.tcavs.tc.edu.tw,https://www.tcavs.tc.edu.tw,https://www.google.com/maps/search/?api=1&query=%E5%9C%8B%E7%AB%8B%E4%B8%AD%E8%88%88%E5%A4%A7%E5%AD%B8%E9%99%84%E5%B1%AC%E8%87%BA%E4%B8%AD%E9%AB%98%E7%B4%9A%E8%BE%B2%E6%A5%AD%E8%81%B7%E6%A5%AD%E5%AD%B8%E6%A0%A1%20%E8%87%BA%E4%B8%AD%E5%B8%82%E6%9D%B1%E5%8D%80%E5%8F%B0%E4%B8%AD%E8%B7%AF283%E8%99%9F,https://www.tcavs.tc.edu.tw,https://www.tcavs.tc.edu.tw,https://www.tcavs.tc.edu.tw,2026-09-07
,190C06,國立中興大學附屬臺中高級農業職業學校進修部,公立,中投區免試入學進修部,進修部,不限,臺中市,東區,臺中市東區台中路283號,https://www.tcavs.tc.edu.tw/night/,04-22810010#702,農場經營科(產特)(夜間班):28(不限);園藝科(產特)(夜間班):28(不限);觀光事業科(夜間班):28(不限);餐飲管理科(夜間班):28(不限),112,112,農場經營、園藝、森林、畜產保健、土木等為產業特殊需求類科;另設實用技能與體育班。,國立中興大學附屬臺中高級農業職業學校進修部以農場經營科、園藝科、觀光事業科、餐飲管理科為主要學習科別，課程兼顧一般科目與農業與食品、餐旅與服務專業核心，並依進修學制安排實務與技能應用課程。,國立中興大學附屬臺中高級農業職業學校進修部的實作學習依農場經營科、園藝科、觀光事業科、餐飲管理科配置專業實習與專題實作，重點放在農業與食品、餐旅與服務技能操作、作品製作與成果呈現。,國立中興大學附屬臺中高級農業職業學校進修部的固定校車／學生專車服務目前沒有足以確認適用對象與路線的校方制度資訊。,可搭臺鐵至臺中站，再轉乘行經臺中路、建成路的市區公車，在興大附農周邊站點下車後步行到校。,國立中興大學附屬臺中高級農業職業學校進修部的一般招生學生住宿制度目前沒有足以確認適用對象與申請方式的校方制度資訊。,https://www.google.com/maps/search/?api=1&query=%E5%9C%8B%E7%AB%8B%E4%B8%AD%E8%88%88%E5%A4%A7%E5%AD%B8%E9%99%84%E5%B1%AC%E8%87%BA%E4%B8%AD%E9%AB%98%E7%B4%9A%E8%BE%B2%E6%A5%AD%E8%81%B7%E6%A5%AD%E5%AD%B8%E6%A0%A1%E9%80%B2%E4%BF%AE%E9%83%A8%20%E8%87%BA%E4%B8%AD%E5%B8%82%E6%9D%B1%E5%8D%80%E5%8F%B0%E4%B8%AD%E8%B7%AF283%E8%99%9F,https://www.tcavs.tc.edu.tw/night/,https://www.tcavs.tc.edu.tw/night/,https://www.tcavs.tc.edu.tw/night/,https://www.google.com/maps/search/?api=1&query=%E5%9C%8B%E7%AB%8B%E4%B8%AD%E8%88%88%E5%A4%A7%E5%AD%B8%E9%99%84%E5%B1%AC%E8%87%BA%E4%B8%AD%E9%AB%98%E7%B4%9A%E8%BE%B2%E6%A5%AD%E8%81%B7%E6%A5%AD%E5%AD%B8%E6%A0%A1%E9%80%B2%E4%BF%AE%E9%83%A8%20%E8%87%BA%E4%B8%AD%E5%B8%82%E6%9D%B1%E5%8D%80%E5%8F%B0%E4%B8%AD%E8%B7%AF283%E8%99%9F,https://www.tcavs.tc.edu.tw/night/,https://www.tcavs.tc.edu.tw/night/,https://www.tcavs.tc.edu.tw/night/,2026-09-07
,191301,財團法人東海大學附屬高級中等學校,私立,中投區免試入學日間部,高中,不限,臺中市,西屯區,臺中市西屯區臺灣大道四段1727號,https://www.hn.thu.edu.tw/index.php,04-23590269#1220,普通科:207(不限),207,207,普通科結合東海大學資源、多元選修與自主學習;官網另設國際教育與AP/SAT、IB測驗資源。,普通高中課程可運用東海大學校園與教學資源，搭配多元選修、自主學習、國際教育與進階學習資源。,財團法人東海大學附屬高級中等學校的實作學習以自然科探究與實作、社會議題探究、校訂課程及自主學習成果為主，學生可透過實驗、研究報告、作品或成果發表完成學習成果。,財團法人東海大學附屬高級中等學校的固定校車／學生專車服務目前沒有足以確認適用對象與路線的校方制度資訊。,可搭臺灣大道幹線公車（300 系列）至東海大學周邊站點，再進入東海大學校園前往附中。,財團法人東海大學附屬高級中等學校的一般招生學生住宿制度目前沒有足以確認適用對象與申請方式的校方制度資訊。,https://www.google.com/maps/search/?api=1&query=%E8%B2%A1%E5%9C%98%E6%B3%95%E4%BA%BA%E6%9D%B1%E6%B5%B7%E5%A4%A7%E5%AD%B8%E9%99%84%E5%B1%AC%E9%AB%98%E7%B4%9A%E4%B8%AD%E7%AD%89%E5%AD%B8%E6%A0%A1%20%E8%87%BA%E4%B8%AD%E5%B8%82%E8%A5%BF%E5%B1%AF%E5%8D%80%E8%87%BA%E7%81%A3%E5%A4%A7%E9%81%93%E5%9B%9B%E6%AE%B51727%E8%99%9F,https://www.hn.thu.edu.tw/index.php,https://www.hn.thu.edu.tw/index.php,https://www.hn.thu.edu.tw/index.php,https://www.google.com/maps/search/?api=1&query=%E8%B2%A1%E5%9C%98%E6%B3%95%E4%BA%BA%E6%9D%B1%E6%B5%B7%E5%A4%A7%E5%AD%B8%E9%99%84%E5%B1%AC%E9%AB%98%E7%B4%9A%E4%B8%AD%E7%AD%89%E5%AD%B8%E6%A0%A1%20%E8%87%BA%E4%B8%AD%E5%B8%82%E8%A5%BF%E5%B1%AF%E5%8D%80%E8%87%BA%E7%81%A3%E5%A4%A7%E9%81%93%E5%9B%9B%E6%AE%B51727%E8%99%9F,https://www.hn.thu.edu.tw/index.php,https://www.hn.thu.edu.tw/index.php,https://www.hn.thu.edu.tw/index.php,2026-09-07
,191302,葳格學校財團法人臺中市葳格高級中學,私立,中投區免試入學日間部,綜高,不限,臺中市,北屯區,臺中市北屯區軍福十八路328號,https://senior.wagor.tc.edu.tw,04-24371728#712,普通科:45(不限);餐飲管理科:44(不限),89,89,"國際教育與雙語學習為校本特色;另設餐飲管理科,班別依年度招生公告。",葳格學校財團法人臺中市葳格高級中學同時提供普通／綜合高中學習與餐飲管理科等專業方向；一般課程搭配校訂必修、多元選修與探究實作，專業類科則發展餐旅與服務實務能力。,葳格學校財團法人臺中市葳格高級中學普通／綜合高中端以自然科與社會領域探究、自主學習成果為主；專業類科另安排餐旅與服務實習與專題實作，形成研究與技能並行的實作學習。,葳格學校財團法人臺中市葳格高級中學的固定校車／學生專車服務目前沒有足以確認適用對象與路線的校方制度資訊。,可由臺中車站、太原站或捷運松竹站轉乘往北屯軍功地區公車，在軍福十八路校址周邊下車後步行到校。,葳格學校財團法人臺中市葳格高級中學的一般招生學生住宿制度目前沒有足以確認適用對象與申請方式的校方制度資訊。,https://www.google.com/maps/search/?api=1&query=%E8%91%B3%E6%A0%BC%E5%AD%B8%E6%A0%A1%E8%B2%A1%E5%9C%98%E6%B3%95%E4%BA%BA%E8%87%BA%E4%B8%AD%E5%B8%82%E8%91%B3%E6%A0%BC%E9%AB%98%E7%B4%9A%E4%B8%AD%E5%AD%B8%20%E8%87%BA%E4%B8%AD%E5%B8%82%E5%8C%97%E5%B1%AF%E5%8D%80%E8%BB%8D%E7%A6%8F%E5%8D%81%E5%85%AB%E8%B7%AF328%E8%99%9F,https://senior.wagor.tc.edu.tw/aa/curriculum.html,https://senior.wagor.tc.edu.tw/aa/curriculum.html,https://senior.wagor.tc.edu.tw,https://www.google.com/maps/search/?api=1&query=%E8%91%B3%E6%A0%BC%E5%AD%B8%E6%A0%A1%E8%B2%A1%E5%9C%98%E6%B3%95%E4%BA%BA%E8%87%BA%E4%B8%AD%E5%B8%82%E8%91%B3%E6%A0%BC%E9%AB%98%E7%B4%9A%E4%B8%AD%E5%AD%B8%20%E8%87%BA%E4%B8%AD%E5%B8%82%E5%8C%97%E5%B1%AF%E5%8D%80%E8%BB%8D%E7%A6%8F%E5%8D%81%E5%85%AB%E8%B7%AF328%E8%99%9F,https://senior.wagor.tc.edu.tw,https://senior.wagor.tc.edu.tw,https://senior.wagor.tc.edu.tw,2026-09-07
,191305,臺中市私立新民高級中學,私立,中投區免試入學日間部,綜高,不限,臺中市,北區,臺中市北區健行路111號,https://www.shinmin.tc.edu.tw,04-22334105#6171~6179,普通科:363(不限);機械科:45(不限);資訊科:94(不限);電子科:45(不限);電機科:90(不限);機電科:45(不限);商業經營科:121(不限);資料處理科:37(不限);廣告設計科:45(不限);觀光事業科:79(不限);多媒體設計科:93(不限);應用英語科:81(不限);應用日語科:74(不限);室內設計科:45(不限);表演藝術科:27(不限),1284,1284,普通科與工業、商管、外語、設計、表演藝術等多科並設;另有音樂、雙語等特色課程資源。,臺中市私立新民高級中學同時提供普通／綜合高中學習與機械科、資訊科、電子科、電機科、機電科等專業方向；一般課程搭配校訂必修、多元選修與探究實作，專業類科則發展機械與製造、資電與工程、建築與空間、商管與數位應用實務能力。,臺中市私立新民高級中學普通／綜合高中端以自然科與社會領域探究、自主學習成果為主；專業類科另安排機械與製造、資電與工程、建築與空間、商管與數位應用實習與專題實作，形成研究與技能並行的實作學習。,有學生專車。115學年度第1學期校方提供日間部學生專車名單、時間表與價格資料。,可由臺中車站轉乘行經三民路、健行路的市區公車，在新民高中周邊站點下車後步行到校。,學校設有學生宿舍。115學年度提供一年級新生住宿調查與二、三年級新申請住宿，並有宿舍管理規定與住宿申請表。,https://www.google.com/maps/search/?api=1&query=%E8%87%BA%E4%B8%AD%E5%B8%82%E7%A7%81%E7%AB%8B%E6%96%B0%E6%B0%91%E9%AB%98%E7%B4%9A%E4%B8%AD%E5%AD%B8%20%E8%87%BA%E4%B8%AD%E5%B8%82%E5%8C%97%E5%8D%80%E5%81%A5%E8%A1%8C%E8%B7%AF111%E8%99%9F,https://www.shinmin.tc.edu.tw,https://www.shinmin.tc.edu.tw,https://rpage.shinmin.tc.edu.tw/p/404-1000-1307.php,https://www.google.com/maps/search/?api=1&query=%E8%87%BA%E4%B8%AD%E5%B8%82%E7%A7%81%E7%AB%8B%E6%96%B0%E6%B0%91%E9%AB%98%E7%B4%9A%E4%B8%AD%E5%AD%B8%20%E8%87%BA%E4%B8%AD%E5%B8%82%E5%8C%97%E5%8D%80%E5%81%A5%E8%A1%8C%E8%B7%AF111%E8%99%9F,https://rpage.shinmin.tc.edu.tw/p/404-1000-1310.php,https://www.shinmin.tc.edu.tw,https://www.shinmin.tc.edu.tw,2026-09-07
,191308,宜寧學校財團法人臺中市宜寧高級中學,私立,中投區免試入學日間部,綜高,不限,臺中市,西屯區,臺中市西屯區東大路一段555號,https://www.inhs.tc.edu.tw,04- 24621800#204,普通科:180(不限);電機科:88(不限);資料處理科:89(不限);觀光事業科:90(不限);電子商務科:45(不限);應用日語科:42(不限),534,534,普通科、電機、資處、電商、觀光、應日等多軌;官網另列電競學程與雙語國中部。,宜寧學校財團法人臺中市宜寧高級中學同時提供普通／綜合高中學習與電機科、資料處理科、觀光事業科、電子商務科、應用日語科等專業方向；一般課程搭配校訂必修、多元選修與探究實作，專業類科則發展資電與工程、商管與數位應用、餐旅與服務、外語應用實務能力。,宜寧學校財團法人臺中市宜寧高級中學普通／綜合高中端以自然科與社會領域探究、自主學習成果為主；專業類科另安排資電與工程、商管與數位應用、餐旅與服務、外語應用實習與專題實作，形成研究與技能並行的實作學習。,宜寧學校財團法人臺中市宜寧高級中學的固定校車／學生專車服務目前沒有足以確認適用對象與路線的校方制度資訊。,可搭 45延或 45延1 路公車，在國安社區、宜寧中學周邊站點下車後步行到校。,宜寧學校財團法人臺中市宜寧高級中學的一般招生學生住宿制度目前沒有足以確認適用對象與申請方式的校方制度資訊。,https://www.google.com/maps/search/?api=1&query=%E5%AE%9C%E5%AF%A7%E5%AD%B8%E6%A0%A1%E8%B2%A1%E5%9C%98%E6%B3%95%E4%BA%BA%E8%87%BA%E4%B8%AD%E5%B8%82%E5%AE%9C%E5%AF%A7%E9%AB%98%E7%B4%9A%E4%B8%AD%E5%AD%B8%20%E8%87%BA%E4%B8%AD%E5%B8%82%E8%A5%BF%E5%B1%AF%E5%8D%80%E6%9D%B1%E5%A4%A7%E8%B7%AF%E4%B8%80%E6%AE%B5555%E8%99%9F,https://www.inhs.tc.edu.tw,https://www.inhs.tc.edu.tw,https://www.inhs.tc.edu.tw,https://www.google.com/maps/search/?api=1&query=%E5%AE%9C%E5%AF%A7%E5%AD%B8%E6%A0%A1%E8%B2%A1%E5%9C%98%E6%B3%95%E4%BA%BA%E8%87%BA%E4%B8%AD%E5%B8%82%E5%AE%9C%E5%AF%A7%E9%AB%98%E7%B4%9A%E4%B8%AD%E5%AD%B8%20%E8%87%BA%E4%B8%AD%E5%B8%82%E8%A5%BF%E5%B1%AF%E5%8D%80%E6%9D%B1%E5%A4%A7%E8%B7%AF%E4%B8%80%E6%AE%B5555%E8%99%9F,https://www.inhs.tc.edu.tw,https://www.inhs.tc.edu.tw,https://www.inhs.tc.edu.tw,2026-09-07
,191309,明德學校財團法人臺中市明德高級中學,私立,中投區免試入學日間部,綜高,不限,臺中市,南區,臺中市南區明德街84號,https://www.mdhs.tc.edu.tw,04-22877676#2,普通科:166(不限);商業經營科:47(不限);餐飲管理科:117(不限);多媒體設計科:45(不限);幼兒保育科:74(不限);美容科:117(不限),566,566,普通科與商管、餐飲、多媒體、幼保、美容等職業類科並設;各科依專業實習發展特色。,明德學校財團法人臺中市明德高級中學同時提供普通／綜合高中學習與商業經營科、餐飲管理科、多媒體設計科、幼兒保育科、美容科等專業方向；一般課程搭配校訂必修、多元選修與探究實作，專業類科則發展商管與數位應用、餐旅與服務、設計與藝術、家政與照護實務能力。,明德學校財團法人臺中市明德高級中學普通／綜合高中端以自然科與社會領域探究、自主學習成果為主；專業類科另安排商管與數位應用、餐旅與服務、設計與藝術、家政與照護實習與專題實作，形成研究與技能並行的實作學習。,明德學校財團法人臺中市明德高級中學的固定校車／學生專車服務目前沒有足以確認適用對象與路線的校方制度資訊。,可搭臺鐵至五權站，再轉乘南區市區公車至明德街、明德高中周邊後步行到校。,明德學校財團法人臺中市明德高級中學的一般招生學生住宿制度目前沒有足以確認適用對象與申請方式的校方制度資訊。,https://www.google.com/maps/search/?api=1&query=%E6%98%8E%E5%BE%B7%E5%AD%B8%E6%A0%A1%E8%B2%A1%E5%9C%98%E6%B3%95%E4%BA%BA%E8%87%BA%E4%B8%AD%E5%B8%82%E6%98%8E%E5%BE%B7%E9%AB%98%E7%B4%9A%E4%B8%AD%E5%AD%B8%20%E8%87%BA%E4%B8%AD%E5%B8%82%E5%8D%97%E5%8D%80%E6%98%8E%E5%BE%B7%E8%A1%9784%E8%99%9F,https://www.mdhs.tc.edu.tw,https://www.mdhs.tc.edu.tw,https://www.mdhs.tc.edu.tw,https://www.google.com/maps/search/?api=1&query=%E6%98%8E%E5%BE%B7%E5%AD%B8%E6%A0%A1%E8%B2%A1%E5%9C%98%E6%B3%95%E4%BA%BA%E8%87%BA%E4%B8%AD%E5%B8%82%E6%98%8E%E5%BE%B7%E9%AB%98%E7%B4%9A%E4%B8%AD%E5%AD%B8%20%E8%87%BA%E4%B8%AD%E5%B8%82%E5%8D%97%E5%8D%80%E6%98%8E%E5%BE%B7%E8%A1%9784%E8%99%9F,https://www.mdhs.tc.edu.tw,https://www.mdhs.tc.edu.tw,https://www.mdhs.tc.edu.tw,2026-09-07
,191311,臺中市私立衛道高級中學,私立,中投區免試入學日間部,高中,不限,臺中市,北屯區,臺中市北屯區四平路161號,https://www.vtsh.tc.edu.tw,04-22911187# 230,普通科:180(不限),180,180,普通科以課程計畫、多元選修與校本活動為主;學校官網未標示固定資優班招生資訊。,臺中市私立衛道高級中學普通高中課程以語文、數理、社會、自然與科技領域為基礎，搭配校訂必修、多元選修、探究與實作及自主學習，讓學生依升學與興趣規劃加深加廣學習。,臺中市私立衛道高級中學的實作學習以自然科探究與實作、社會議題探究、校訂課程及自主學習成果為主，學生可透過實驗、研究報告、作品或成果發表完成學習成果。,有校專車。115學年度第1學期校方公布校專車路線、停靠站、校內停車位置與車資資料。,可搭臺中捷運綠線至文心中清站，再轉乘往四平路方向市區公車，在衛道中學周邊站點下車後步行到校。,學校設有學生宿舍。115學年度高一新生可申請住宿，校方公布男、女生宿舍床位與住宿辦理資訊。,https://www.google.com/maps/search/?api=1&query=%E8%87%BA%E4%B8%AD%E5%B8%82%E7%A7%81%E7%AB%8B%E8%A1%9B%E9%81%93%E9%AB%98%E7%B4%9A%E4%B8%AD%E5%AD%B8%20%E8%87%BA%E4%B8%AD%E5%B8%82%E5%8C%97%E5%B1%AF%E5%8D%80%E5%9B%9B%E5%B9%B3%E8%B7%AF161%E8%99%9F,https://www.vtsh.tc.edu.tw,https://www.vtsh.tc.edu.tw,https://www.vtsh.tc.edu.tw/news/%E3%80%90%E6%A0%A1%E5%B0%88%E8%BB%8A%E3%80%91115-1-%E5%AD%B8%E6%9C%9F-%E6%A0%A1%E5%B0%88%E8%BB%8A%E8%B7%AF%E7%B7%9A%E8%A1%A8/,https://www.google.com/maps/search/?api=1&query=%E8%87%BA%E4%B8%AD%E5%B8%82%E7%A7%81%E7%AB%8B%E8%A1%9B%E9%81%93%E9%AB%98%E7%B4%9A%E4%B8%AD%E5%AD%B8%20%E8%87%BA%E4%B8%AD%E5%B8%82%E5%8C%97%E5%B1%AF%E5%8D%80%E5%9B%9B%E5%B9%B3%E8%B7%AF161%E8%99%9F,https://www.vtsh.tc.edu.tw/category/office/div_300/section_360/,https://www.vtsh.tc.edu.tw,https://www.vtsh.tc.edu.tw,2026-09-07
,191313,臺中市私立曉明女子高級中學,私立,中投區免試入學日間部,高中,女生,臺中市,北區,臺中市北區中清路一段606號,https://www.smgsh.tc.edu.tw,04-22921175#131,普通科:137(女生),137,137,"普通科女校;官網未標示固定資優班招生資訊,實際特色課程與分組依當年度課程計畫。",臺中市私立曉明女子高級中學普通高中課程以語文、數理、社會、自然與科技領域為基礎，搭配校訂必修、多元選修、探究與實作及自主學習，讓學生依升學與興趣規劃加深加廣學習。,臺中市私立曉明女子高級中學的實作學習以自然科探究與實作、社會議題探究、校訂課程及自主學習成果為主，學生可透過實驗、研究報告、作品或成果發表完成學習成果。,有學生專車。校方提供南投、大里、南區、霧峰、彰化、神岡、潭子、南屯、東海、清水、梧棲、豐原、市政等多條路線與停靠站查詢。,可搭臺中捷運綠線至文心中清站，再轉乘行經中清路的市區公車，在曉明女中周邊站點下車後步行到校。,學校設有住宿安排。115學年度新生報到包含住宿調查，校方另提供宿舍事務與住宿費資訊。,https://www.google.com/maps/search/?api=1&query=%E8%87%BA%E4%B8%AD%E5%B8%82%E7%A7%81%E7%AB%8B%E6%9B%89%E6%98%8E%E5%A5%B3%E5%AD%90%E9%AB%98%E7%B4%9A%E4%B8%AD%E5%AD%B8%20%E8%87%BA%E4%B8%AD%E5%B8%82%E5%8C%97%E5%8D%80%E4%B8%AD%E6%B8%85%E8%B7%AF%E4%B8%80%E6%AE%B5606%E8%99%9F,https://www.smgsh.tc.edu.tw,https://www.smgsh.tc.edu.tw,https://www.smgsh.tc.edu.tw/v6/home/CarsList,https://www.google.com/maps/search/?api=1&query=%E8%87%BA%E4%B8%AD%E5%B8%82%E7%A7%81%E7%AB%8B%E6%9B%89%E6%98%8E%E5%A5%B3%E5%AD%90%E9%AB%98%E7%B4%9A%E4%B8%AD%E5%AD%B8%20%E8%87%BA%E4%B8%AD%E5%B8%82%E5%8C%97%E5%8D%80%E4%B8%AD%E6%B8%85%E8%B7%AF%E4%B8%80%E6%AE%B5606%E8%99%9F,https://www.smgsh.tc.edu.tw/v6/Home/News/3346,https://www.smgsh.tc.edu.tw,https://www.smgsh.tc.edu.tw,2026-09-07
,191314,臺中市私立嶺東高級中學,私立,中投區免試入學日間部,綜高,不限,臺中市,南屯區,臺中市南屯區嶺東路2號,https://www.lths.tc.edu.tw,04-23898940#22,普通科:248(不限);汽車科:77(不限);資訊科:35(不限);電子科:32(不限);建築科:35(不限);商業經營科:35(不限);廣告設計科:34(不限);觀光事業科:78(不限);餐飲管理科:34(不限);多媒體設計科:77(不限);應用英語科:35(不限),720,720,普通科與汽車、資電、建築、商管、餐旅、設計及應英等多科;另有實用技能與建教合作課程。,臺中市私立嶺東高級中學同時提供普通／綜合高中學習與汽車科、資訊科、電子科、建築科、商業經營科等專業方向；一般課程搭配校訂必修、多元選修與探究實作，專業類科則發展機械與製造、資電與工程、建築與空間、商管與數位應用實務能力。,臺中市私立嶺東高級中學普通／綜合高中端以自然科與社會領域探究、自主學習成果為主；專業類科另安排機械與製造、資電與工程、建築與空間、商管與數位應用實習與專題實作，形成研究與技能並行的實作學習。,有學生交通車。115學年度第1學期校方公布學生交通車路線表與停放位置，並提供各路線查詢。,可由高鐵臺中站或臺中市區轉乘往嶺東地區公車，在嶺東高中、嶺東科大周邊站點下車後步行到校。,學校設有學生宿舍，宿舍位於校園住宿空間，床位依住宿申請與校方分配安排。,https://www.google.com/maps/search/?api=1&query=%E8%87%BA%E4%B8%AD%E5%B8%82%E7%A7%81%E7%AB%8B%E5%B6%BA%E6%9D%B1%E9%AB%98%E7%B4%9A%E4%B8%AD%E5%AD%B8%20%E8%87%BA%E4%B8%AD%E5%B8%82%E5%8D%97%E5%B1%AF%E5%8D%80%E5%B6%BA%E6%9D%B1%E8%B7%AF2%E8%99%9F,https://www.lths.tc.edu.tw/ischool/publish_page/15/,https://www.lths.tc.edu.tw/ischool/publish_page/15/,https://ischool.lths.tc.edu.tw/ischool/publish_page/7/?cid=3048,https://www.google.com/maps/search/?api=1&query=%E8%87%BA%E4%B8%AD%E5%B8%82%E7%A7%81%E7%AB%8B%E5%B6%BA%E6%9D%B1%E9%AB%98%E7%B4%9A%E4%B8%AD%E5%AD%B8%20%E8%87%BA%E4%B8%AD%E5%B8%82%E5%8D%97%E5%B1%AF%E5%8D%80%E5%B6%BA%E6%9D%B1%E8%B7%AF2%E8%99%9F,https://ischool.lths.tc.edu.tw/ischool/widget/main_menu/show.php?cid=3227,https://www.lths.tc.edu.tw,https://www.lths.tc.edu.tw,2026-09-07
,191412,光華學校財團法人臺中市光華高級工業職業學校,私立,中投區免試入學日間部,高職,不限,臺中市,太平區,臺中市太平區東平路18號,https://www.khvs.tc.edu.tw,04-23949009#1120,機械科:23(不限);電機科:23(不限);消防工程科:23(不限),69,69,"工業技職特色校,發展電機、機械、消防工程及AIoT跨域實作;本次招生資料未列固定資優班。",光華學校財團法人臺中市光華高級工業職業學校依機械科、電機科、消防工程科規劃專業課程，學習涵蓋機械與製造、資電與工程、工業技術，並配置專業科目、實習科目、技能應用與專題實作。,光華學校財團法人臺中市光華高級工業職業學校各專業科別安排實習操作與專題實作，內容對應機械與製造、資電與工程、工業技術，並結合設備操作、技能訓練、作品製作或成果發表。,光華學校財團法人臺中市光華高級工業職業學校的固定校車／學生專車服務目前沒有足以確認適用對象與路線的校方制度資訊。,可由臺中車站轉乘往太平方向市區公車，在東平路、光華高工周邊站點下車後步行到校。,光華學校財團法人臺中市光華高級工業職業學校的一般招生學生住宿制度目前沒有足以確認適用對象與申請方式的校方制度資訊。,https://www.google.com/maps/search/?api=1&query=%E5%85%89%E8%8F%AF%E5%AD%B8%E6%A0%A1%E8%B2%A1%E5%9C%98%E6%B3%95%E4%BA%BA%E8%87%BA%E4%B8%AD%E5%B8%82%E5%85%89%E8%8F%AF%E9%AB%98%E7%B4%9A%E5%B7%A5%E6%A5%AD%E8%81%B7%E6%A5%AD%E5%AD%B8%E6%A0%A1%20%E8%87%BA%E4%B8%AD%E5%B8%82%E5%A4%AA%E5%B9%B3%E5%8D%80%E6%9D%B1%E5%B9%B3%E8%B7%AF18%E8%99%9F,https://www.khvs.tc.edu.tw,https://www.khvs.tc.edu.tw,https://www.khvs.tc.edu.tw,https://www.google.com/maps/search/?api=1&query=%E5%85%89%E8%8F%AF%E5%AD%B8%E6%A0%A1%E8%B2%A1%E5%9C%98%E6%B3%95%E4%BA%BA%E8%87%BA%E4%B8%AD%E5%B8%82%E5%85%89%E8%8F%AF%E9%AB%98%E7%B4%9A%E5%B7%A5%E6%A5%AD%E8%81%B7%E6%A5%AD%E5%AD%B8%E6%A0%A1%20%E8%87%BA%E4%B8%AD%E5%B8%82%E5%A4%AA%E5%B9%B3%E5%8D%80%E6%9D%B1%E5%B9%B3%E8%B7%AF18%E8%99%9F,https://www.khvs.tc.edu.tw,https://www.khvs.tc.edu.tw,https://www.khvs.tc.edu.tw,2026-09-07
,191B05,臺中市私立新民高級中學進修部,私立,中投區免試入學進修部,進修部,不限,臺中市,北區,臺中市北區健行路111號,https://www.shinmin.tc.edu.tw,04-22334105#6167,普通科(日間班):40(不限);機械科(夜間班):40(不限);電機科(夜間班):40(不限);商業經營科(夜間班):40(不限);觀光事業科(夜間班):40(不限);多媒體設計科(夜間班):40(不限);應用英語科(夜間班):40(不限);應用日語科(夜間班):40(不限),320,320,"進修部依當年度核定科別開班;官網未標示另設固定資優班,實際班別以進修部公告為準。",臺中市私立新民高級中學進修部以普通科、機械科、電機科、商業經營科、觀光事業科為主要學習科別，課程兼顧一般科目與機械與製造、資電與工程、商管與數位應用專業核心，並依進修學制安排實務與技能應用課程。,臺中市私立新民高級中學進修部的實作學習依普通科、機械科、電機科、商業經營科、觀光事業科配置專業實習與專題實作，重點放在機械與製造、資電與工程、商管與數位應用技能操作、作品製作與成果呈現。,臺中市私立新民高級中學進修部的固定校車／學生專車服務目前沒有足以確認適用對象與路線的校方制度資訊。,可由臺中車站轉乘行經三民路、健行路的市區公車，在新民高中周邊站點下車後步行到校。,臺中市私立新民高級中學進修部的一般招生學生住宿制度目前沒有足以確認適用對象與申請方式的校方制度資訊。,https://www.google.com/maps/search/?api=1&query=%E8%87%BA%E4%B8%AD%E5%B8%82%E7%A7%81%E7%AB%8B%E6%96%B0%E6%B0%91%E9%AB%98%E7%B4%9A%E4%B8%AD%E5%AD%B8%E9%80%B2%E4%BF%AE%E9%83%A8%20%E8%87%BA%E4%B8%AD%E5%B8%82%E5%8C%97%E5%8D%80%E5%81%A5%E8%A1%8C%E8%B7%AF111%E8%99%9F,https://rpage.shinmin.tc.edu.tw/p/412-1000-221.php,https://rpage.shinmin.tc.edu.tw/p/412-1000-221.php,https://www.shinmin.tc.edu.tw,https://www.google.com/maps/search/?api=1&query=%E8%87%BA%E4%B8%AD%E5%B8%82%E7%A7%81%E7%AB%8B%E6%96%B0%E6%B0%91%E9%AB%98%E7%B4%9A%E4%B8%AD%E5%AD%B8%E9%80%B2%E4%BF%AE%E9%83%A8%20%E8%87%BA%E4%B8%AD%E5%B8%82%E5%8C%97%E5%8D%80%E5%81%A5%E8%A1%8C%E8%B7%AF111%E8%99%9F,https://www.shinmin.tc.edu.tw,https://www.shinmin.tc.edu.tw,https://www.shinmin.tc.edu.tw,2026-09-07
,191B14,臺中市私立嶺東高級中學進修部,私立,中投區免試入學進修部,進修部,不限,臺中市,南屯區,臺中市南屯區嶺東路2號,https://www.lths.tc.edu.tw,04-23898940#52,資訊科(夜間班):40(不限);商業經營科(夜間班):40(不限);資料處理科(夜間班):40(不限);觀光事業科(夜間班):80(不限),200,200,普通科與汽車、資電、建築、商管、餐旅、設計及應英等多科;另有實用技能與建教合作課程。,臺中市私立嶺東高級中學進修部以資訊科、商業經營科、資料處理科、觀光事業科為主要學習科別，課程兼顧一般科目與資電與工程、商管與數位應用、餐旅與服務專業核心，並依進修學制安排實務與技能應用課程。,臺中市私立嶺東高級中學進修部的實作學習依資訊科、商業經營科、資料處理科、觀光事業科配置專業實習與專題實作，重點放在資電與工程、商管與數位應用、餐旅與服務技能操作、作品製作與成果呈現。,臺中市私立嶺東高級中學進修部的固定校車／學生專車服務目前沒有足以確認適用對象與路線的校方制度資訊。,可由高鐵臺中站或臺中市區轉乘往嶺東地區公車，在嶺東高中、嶺東科大周邊站點下車後步行到校。,臺中市私立嶺東高級中學進修部的一般招生學生住宿制度目前沒有足以確認適用對象與申請方式的校方制度資訊。,https://www.google.com/maps/search/?api=1&query=%E8%87%BA%E4%B8%AD%E5%B8%82%E7%A7%81%E7%AB%8B%E5%B6%BA%E6%9D%B1%E9%AB%98%E7%B4%9A%E4%B8%AD%E5%AD%B8%E9%80%B2%E4%BF%AE%E9%83%A8%20%E8%87%BA%E4%B8%AD%E5%B8%82%E5%8D%97%E5%B1%AF%E5%8D%80%E5%B6%BA%E6%9D%B1%E8%B7%AF2%E8%99%9F,https://www.lths.tc.edu.tw/ischool/publish_page/15/,https://www.lths.tc.edu.tw/ischool/publish_page/15/,https://www.lths.tc.edu.tw,https://www.google.com/maps/search/?api=1&query=%E8%87%BA%E4%B8%AD%E5%B8%82%E7%A7%81%E7%AB%8B%E5%B6%BA%E6%9D%B1%E9%AB%98%E7%B4%9A%E4%B8%AD%E5%AD%B8%E9%80%B2%E4%BF%AE%E9%83%A8%20%E8%87%BA%E4%B8%AD%E5%B8%82%E5%8D%97%E5%B1%AF%E5%8D%80%E5%B6%BA%E6%9D%B1%E8%B7%AF2%E8%99%9F,https://www.lths.tc.edu.tw,https://www.lths.tc.edu.tw,https://www.lths.tc.edu.tw,2026-09-07
,193301,臺中市立臺中女子高級中等學校,公立,中投區免試入學日間部,高中,女校,臺中市,西區,臺中市西區自由路一段95號,https://www.tcgs.tc.edu.tw,04-22205108#203,普通科:613(女生),613,613,數理資優班、人文社會資優班、語文資優班、創意科學實驗班;各班依鑑定或校方遴選辦理。,普通高中課程涵蓋語文、數理、人文社會、自然與科技，並設數理、人文社會、語文資優及創意科學等進階學習路徑。,臺中市立臺中女子高級中等學校的實作學習以自然科探究與實作、社會議題探究、校訂課程及自主學習成果為主，學生可透過實驗、研究報告、作品或成果發表完成學習成果。,臺中市立臺中女子高級中等學校的固定校車／學生專車服務目前沒有足以確認適用對象與路線的校方制度資訊。,可由臺中車站轉乘行經自由路、民權路的市區公車，在臺中女中周邊站點下車後步行到校。,臺中市立臺中女子高級中等學校的一般招生學生住宿制度目前沒有足以確認適用對象與申請方式的校方制度資訊。,https://www.google.com/maps/search/?api=1&query=%E8%87%BA%E4%B8%AD%E5%B8%82%E7%AB%8B%E8%87%BA%E4%B8%AD%E5%A5%B3%E5%AD%90%E9%AB%98%E7%B4%9A%E4%B8%AD%E7%AD%89%E5%AD%B8%E6%A0%A1%20%E8%87%BA%E4%B8%AD%E5%B8%82%E8%A5%BF%E5%8D%80%E8%87%AA%E7%94%B1%E8%B7%AF%E4%B8%80%E6%AE%B595%E8%99%9F,https://www.tcgs.tc.edu.tw,https://www.tcgs.tc.edu.tw,https://www.tcgs.tc.edu.tw,https://www.google.com/maps/search/?api=1&query=%E8%87%BA%E4%B8%AD%E5%B8%82%E7%AB%8B%E8%87%BA%E4%B8%AD%E5%A5%B3%E5%AD%90%E9%AB%98%E7%B4%9A%E4%B8%AD%E7%AD%89%E5%AD%B8%E6%A0%A1%20%E8%87%BA%E4%B8%AD%E5%B8%82%E8%A5%BF%E5%8D%80%E8%87%AA%E7%94%B1%E8%B7%AF%E4%B8%80%E6%AE%B595%E8%99%9F,https://www.tcgs.tc.edu.tw,https://www.tcgs.tc.edu.tw,https://www.tcgs.tc.edu.tw,2026-09-07
,193302,臺中市立臺中第一高級中等學校,公立,中投區免試入學日間部,高中,男生,臺中市,北區,臺中市北區育才街2號,https://www.tcfsh.tc.edu.tw,04-22226081#203,普通科:795(男生),795,795,"科學班、數理資優班、語文資優班、美術班;科學班與陽明交通大學合作,班別依各管道甄選。",普通高中課程除核心學科外，另有科學班、數理與語文資優、美術等專門學習路徑，並提供進階研究與跨校課程資源。,臺中市立臺中第一高級中等學校的實作學習以自然科探究與實作、社會議題探究、校訂課程及自主學習成果為主，學生可透過實驗、研究報告、作品或成果發表完成學習成果。,臺中市立臺中第一高級中等學校的固定校車／學生專車服務目前沒有足以確認適用對象與路線的校方制度資訊。,可由臺中車站轉乘市區公車至一中商圈、臺中一中周邊站點；高鐵臺中站可先轉 159 路進入市區再銜接。,臺中市立臺中第一高級中等學校的一般招生學生住宿制度目前沒有足以確認適用對象與申請方式的校方制度資訊。,https://www.google.com/maps/search/?api=1&query=%E8%87%BA%E4%B8%AD%E5%B8%82%E7%AB%8B%E8%87%BA%E4%B8%AD%E7%AC%AC%E4%B8%80%E9%AB%98%E7%B4%9A%E4%B8%AD%E7%AD%89%E5%AD%B8%E6%A0%A1%20%E8%87%BA%E4%B8%AD%E5%B8%82%E5%8C%97%E5%8D%80%E8%82%B2%E6%89%8D%E8%A1%972%E8%99%9F,https://www.tcfsh.tc.edu.tw,https://www.tcfsh.tc.edu.tw,https://www.tcfsh.tc.edu.tw,https://www.google.com/maps/search/?api=1&query=%E8%87%BA%E4%B8%AD%E5%B8%82%E7%AB%8B%E8%87%BA%E4%B8%AD%E7%AC%AC%E4%B8%80%E9%AB%98%E7%B4%9A%E4%B8%AD%E7%AD%89%E5%AD%B8%E6%A0%A1%20%E8%87%BA%E4%B8%AD%E5%B8%82%E5%8C%97%E5%8D%80%E8%82%B2%E6%89%8D%E8%A1%972%E8%99%9F,https://www.tcfsh.tc.edu.tw,https://www.tcfsh.tc.edu.tw,https://www.tcfsh.tc.edu.tw,2026-09-07
,193303,臺中市立忠明高級中學,公立,中投區免試入學日間部,高中,不限,臺中市,西區,403023 臺中市西區博館路166號,https://cmsh.tc.edu.tw,04-23224690#712,普通科:244(不限),244,244,"高中部雙語實驗班;另有多元課程與升學銜接,實際編班依當年度公告。",臺中市立忠明高級中學普通高中課程以語文、數理、社會、自然與科技領域為基礎，搭配校訂必修、多元選修、探究與實作及自主學習，讓學生依升學與興趣規劃加深加廣學習。,臺中市立忠明高級中學的實作學習以自然科探究與實作、社會議題探究、校訂課程及自主學習成果為主，學生可透過實驗、研究報告、作品或成果發表完成學習成果。,臺中市立忠明高級中學的固定校車／學生專車服務目前沒有足以確認適用對象與路線的校方制度資訊。,可搭臺灣大道幹線公車至科博館、忠明路周邊站點，再沿博館路步行到校。,臺中市立忠明高級中學的一般招生學生住宿制度目前沒有足以確認適用對象與申請方式的校方制度資訊。,https://www.google.com/maps/search/?api=1&query=%E8%87%BA%E4%B8%AD%E5%B8%82%E7%AB%8B%E5%BF%A0%E6%98%8E%E9%AB%98%E7%B4%9A%E4%B8%AD%E5%AD%B8%20403023%20%E8%87%BA%E4%B8%AD%E5%B8%82%E8%A5%BF%E5%8D%80%E5%8D%9A%E9%A4%A8%E8%B7%AF166%E8%99%9F,https://cmsh.tc.edu.tw/p/406-1065-598716%2Cr70.php,https://cmsh.tc.edu.tw/p/406-1065-598716%2Cr70.php,https://cmsh.tc.edu.tw,https://www.google.com/maps/search/?api=1&query=%E8%87%BA%E4%B8%AD%E5%B8%82%E7%AB%8B%E5%BF%A0%E6%98%8E%E9%AB%98%E7%B4%9A%E4%B8%AD%E5%AD%B8%20403023%20%E8%87%BA%E4%B8%AD%E5%B8%82%E8%A5%BF%E5%8D%80%E5%8D%9A%E9%A4%A8%E8%B7%AF166%E8%99%9F,https://cmsh.tc.edu.tw,https://cmsh.tc.edu.tw,https://cmsh.tc.edu.tw,2026-09-07
,193313,臺中市立西苑高級中學,公立,中投區免試入學日間部,高中,不限,臺中市,西屯區,臺中市西屯區漢翔路188號,https://sysh.tc.edu.tw,04-27016473#714,普通科:241(不限),241,241,普通科並發展資訊科技、自主學習與體育專長;固定班別與特色招生依校方年度公告。,臺中市立西苑高級中學普通高中課程以語文、數理、社會、自然與科技領域為基礎，搭配校訂必修、多元選修、探究與實作及自主學習，讓學生依升學與興趣規劃加深加廣學習。,臺中市立西苑高級中學的實作學習以自然科探究與實作、社會議題探究、校訂課程及自主學習成果為主，學生可透過實驗、研究報告、作品或成果發表完成學習成果。,臺中市立西苑高級中學的固定校車／學生專車服務目前沒有足以確認適用對象與路線的校方制度資訊。,可搭 45延或 45延1 路公車，在「西苑高中」站下車後步行進入校園。,臺中市立西苑高級中學的一般招生學生住宿制度目前沒有足以確認適用對象與申請方式的校方制度資訊。,https://www.google.com/maps/search/?api=1&query=%E8%87%BA%E4%B8%AD%E5%B8%82%E7%AB%8B%E8%A5%BF%E8%8B%91%E9%AB%98%E7%B4%9A%E4%B8%AD%E5%AD%B8%20%E8%87%BA%E4%B8%AD%E5%B8%82%E8%A5%BF%E5%B1%AF%E5%8D%80%E6%BC%A2%E7%BF%94%E8%B7%AF188%E8%99%9F,https://sysh.tc.edu.tw,https://sysh.tc.edu.tw,https://sysh.tc.edu.tw,https://www.google.com/maps/search/?api=1&query=%E8%87%BA%E4%B8%AD%E5%B8%82%E7%AB%8B%E8%A5%BF%E8%8B%91%E9%AB%98%E7%B4%9A%E4%B8%AD%E5%AD%B8%20%E8%87%BA%E4%B8%AD%E5%B8%82%E8%A5%BF%E5%B1%AF%E5%8D%80%E6%BC%A2%E7%BF%94%E8%B7%AF188%E8%99%9F,https://sysh.tc.edu.tw,https://sysh.tc.edu.tw,https://sysh.tc.edu.tw,2026-09-07
,193315,臺中市立東山高級中學,公立,中投區免試入學日間部,高中,不限,臺中市,北屯區,臺中市北屯區景賢六路200號,https://tsjh.tc.edu.tw,04-24360166#713,普通科:199(不限),199,199,發展程式設計、創客與科學教育特色;固定特色班別依當年度校方公告。,臺中市立東山高級中學普通高中課程以語文、數理、社會、自然與科技領域為基礎，搭配校訂必修、多元選修、探究與實作及自主學習，讓學生依升學與興趣規劃加深加廣學習。,課程發展包含程式設計、創客與科學教育，學生可透過設計實作、資訊專題、探究活動與成果發表完成作品。,臺中市立東山高級中學的固定校車／學生專車服務目前沒有足以確認適用對象與路線的校方制度資訊。,可搭臺鐵至太原站，再轉乘北屯區市區公車至景賢六路、東山高中周邊後步行到校。,臺中市立東山高級中學的一般招生學生住宿制度目前沒有足以確認適用對象與申請方式的校方制度資訊。,https://www.google.com/maps/search/?api=1&query=%E8%87%BA%E4%B8%AD%E5%B8%82%E7%AB%8B%E6%9D%B1%E5%B1%B1%E9%AB%98%E7%B4%9A%E4%B8%AD%E5%AD%B8%20%E8%87%BA%E4%B8%AD%E5%B8%82%E5%8C%97%E5%B1%AF%E5%8D%80%E6%99%AF%E8%B3%A2%E5%85%AD%E8%B7%AF200%E8%99%9F,https://tsjh.tc.edu.tw,https://tsjh.tc.edu.tw,https://tsjh.tc.edu.tw,https://www.google.com/maps/search/?api=1&query=%E8%87%BA%E4%B8%AD%E5%B8%82%E7%AB%8B%E6%9D%B1%E5%B1%B1%E9%AB%98%E7%B4%9A%E4%B8%AD%E5%AD%B8%20%E8%87%BA%E4%B8%AD%E5%B8%82%E5%8C%97%E5%B1%AF%E5%8D%80%E6%99%AF%E8%B3%A2%E5%85%AD%E8%B7%AF200%E8%99%9F,https://tsjh.tc.edu.tw,https://tsjh.tc.edu.tw,https://tsjh.tc.edu.tw,2026-09-07
,193316,臺中市立惠文高級中學,公立,中投區免試入學日間部,高中,不限,臺中市,南屯區,臺中市南屯區公益路二段298號,https://hwsh.tc.edu.tw,04-22503928#721,普通科:294(不限),294,294,國際教育雙語實驗班;另有多元選修、特色活動與國際教育課程。,臺中市立惠文高級中學普通高中課程以語文、數理、社會、自然與科技領域為基礎，搭配校訂必修、多元選修、探究與實作及自主學習，讓學生依升學與興趣規劃加深加廣學習。,臺中市立惠文高級中學的實作學習以自然科探究與實作、社會議題探究、校訂課程及自主學習成果為主，學生可透過實驗、研究報告、作品或成果發表完成學習成果。,臺中市立惠文高級中學的固定校車／學生專車服務目前沒有足以確認適用對象與路線的校方制度資訊。,可搭臺中捷運綠線至水安宮站，再步行或轉乘行經公益路的市區公車至惠文高中周邊。,臺中市立惠文高級中學的一般招生學生住宿制度目前沒有足以確認適用對象與申請方式的校方制度資訊。,https://www.google.com/maps/search/?api=1&query=%E8%87%BA%E4%B8%AD%E5%B8%82%E7%AB%8B%E6%83%A0%E6%96%87%E9%AB%98%E7%B4%9A%E4%B8%AD%E5%AD%B8%20%E8%87%BA%E4%B8%AD%E5%B8%82%E5%8D%97%E5%B1%AF%E5%8D%80%E5%85%AC%E7%9B%8A%E8%B7%AF%E4%BA%8C%E6%AE%B5298%E8%99%9F,https://hwsh.tc.edu.tw,https://hwsh.tc.edu.tw,https://hwsh.tc.edu.tw,https://www.google.com/maps/search/?api=1&query=%E8%87%BA%E4%B8%AD%E5%B8%82%E7%AB%8B%E6%83%A0%E6%96%87%E9%AB%98%E7%B4%9A%E4%B8%AD%E5%AD%B8%20%E8%87%BA%E4%B8%AD%E5%B8%82%E5%8D%97%E5%B1%AF%E5%8D%80%E5%85%AC%E7%9B%8A%E8%B7%AF%E4%BA%8C%E6%AE%B5298%E8%99%9F,https://hwsh.tc.edu.tw,https://hwsh.tc.edu.tw,https://hwsh.tc.edu.tw,2026-09-07
,193404,臺中市立臺中家事商業高級中等學校,公立,中投區免試入學日間部,高職,不限,臺中市,東區,臺中市東區和平街50號,https://www.tchcvs.tc.edu.tw,04-22223307#203,商業經營科:131(不限);國際貿易科:65(不限);會計事務科:65(不限);資料處理科:96(不限);應用英語科:66(不限);幼兒保育科:62(不限);流行服飾科:55(不限),540,540,"流行服飾科辦理特色招生,另有商管、應英、幼保等專業類科;實際招生科班依年度簡章。",臺中市立臺中家事商業高級中等學校依商業經營科、國際貿易科、會計事務科、資料處理科、應用英語科、幼兒保育科規劃專業課程，學習涵蓋商管與數位應用、家政與照護、外語應用，並配置專業科目、實習科目、技能應用與專題實作。,臺中市立臺中家事商業高級中等學校各專業科別安排實習操作與專題實作，內容對應商管與數位應用、家政與照護、外語應用，並結合設備操作、技能訓練、作品製作或成果發表。,臺中市立臺中家事商業高級中等學校的固定校車／學生專車服務目前沒有足以確認適用對象與路線的校方制度資訊。,可搭臺鐵至臺中站，再步行或轉乘行經和平街、臺中路的市區公車至臺中家商。,臺中市立臺中家事商業高級中等學校的一般招生學生住宿制度目前沒有足以確認適用對象與申請方式的校方制度資訊。,https://www.google.com/maps/search/?api=1&query=%E8%87%BA%E4%B8%AD%E5%B8%82%E7%AB%8B%E8%87%BA%E4%B8%AD%E5%AE%B6%E4%BA%8B%E5%95%86%E6%A5%AD%E9%AB%98%E7%B4%9A%E4%B8%AD%E7%AD%89%E5%AD%B8%E6%A0%A1%20%E8%87%BA%E4%B8%AD%E5%B8%82%E6%9D%B1%E5%8D%80%E5%92%8C%E5%B9%B3%E8%A1%9750%E8%99%9F,https://www.tchcvs.tc.edu.tw,https://www.tchcvs.tc.edu.tw,https://www.tchcvs.tc.edu.tw,https://www.google.com/maps/search/?api=1&query=%E8%87%BA%E4%B8%AD%E5%B8%82%E7%AB%8B%E8%87%BA%E4%B8%AD%E5%AE%B6%E4%BA%8B%E5%95%86%E6%A5%AD%E9%AB%98%E7%B4%9A%E4%B8%AD%E7%AD%89%E5%AD%B8%E6%A0%A1%20%E8%87%BA%E4%B8%AD%E5%B8%82%E6%9D%B1%E5%8D%80%E5%92%8C%E5%B9%B3%E8%A1%9750%E8%99%9F,https://www.tchcvs.tc.edu.tw,https://www.tchcvs.tc.edu.tw,https://www.tchcvs.tc.edu.tw,2026-09-07
,193407,臺中市立臺中工業高級中等學校,公立,中投區免試入學日間部,高職,不限,臺中市,南區,臺中市南區高工路191號,https://www.tcivs.tc.edu.tw,04-22613158#2200,機械科:67(不限);汽車科:67(不限);板金科(產特):34(不限);資訊科:70(不限);電子科:65(不限);控制科:66(不限);電機科:66(不限);冷凍空調科:67(不限);建築科:33(不限);化工科:66(不限);土木科(產特):32(不限);圖文傳播科:67(不限);電腦機械製圖科:69(不限),769,769,板金、土木為產業特殊需求類科;另有臺中高工×臺科大專班及多元工業專業科。,臺中市立臺中工業高級中等學校依機械科、汽車科、板金科、資訊科、電子科、控制科規劃專業課程，學習涵蓋機械與製造、資電與工程、建築與空間、設計與藝術，並配置專業科目、實習科目、技能應用與專題實作。,臺中市立臺中工業高級中等學校各專業科別安排實習操作與專題實作，內容對應機械與製造、資電與工程、建築與空間、設計與藝術，並結合設備操作、技能訓練、作品製作或成果發表。,臺中市立臺中工業高級中等學校的固定校車／學生專車服務目前沒有足以確認適用對象與路線的校方制度資訊。,可由臺中車站搭 33、35、58、65、73 路至「臺中高工（高工路）」；也可搭臺鐵或捷運至大慶站再轉公車。,臺中市立臺中工業高級中等學校的一般招生學生住宿制度目前沒有足以確認適用對象與申請方式的校方制度資訊。,https://www.google.com/maps/search/?api=1&query=%E8%87%BA%E4%B8%AD%E5%B8%82%E7%AB%8B%E8%87%BA%E4%B8%AD%E5%B7%A5%E6%A5%AD%E9%AB%98%E7%B4%9A%E4%B8%AD%E7%AD%89%E5%AD%B8%E6%A0%A1%20%E8%87%BA%E4%B8%AD%E5%B8%82%E5%8D%97%E5%8D%80%E9%AB%98%E5%B7%A5%E8%B7%AF191%E8%99%9F,https://www.tcivs.tc.edu.tw,https://tcivs.tc.edu.tw/p/403-1081-4126-1.php,https://www.tcivs.tc.edu.tw,https://tcivs.tc.edu.tw/p/404-1081-30899.php,https://www.tcivs.tc.edu.tw,https://www.tcivs.tc.edu.tw,https://www.tcivs.tc.edu.tw,2026-09-07
,193C04,臺中市立臺中家事商業高級中等學校進修部,公立,中投區免試入學進修部,進修部,不限,臺中市,東區,臺中市東區和平街50號,https://www.tchcvs.tc.edu.tw,04-22223307#703、713,商業經營科(夜間班):34(不限);國際貿易科(夜間班):34(不限);資料處理科(夜間班):34(不限),102,102,"流行服飾科辦理特色招生,另有商管、應英、幼保等專業類科;實際招生科班依年度簡章。",臺中市立臺中家事商業高級中等學校進修部以商業經營科、國際貿易科、資料處理科為主要學習科別，課程兼顧一般科目與商管與數位應用專業核心，並依進修學制安排實務與技能應用課程。,臺中市立臺中家事商業高級中等學校進修部的實作學習依商業經營科、國際貿易科、資料處理科配置專業實習與專題實作，重點放在商管與數位應用技能操作、作品製作與成果呈現。,臺中市立臺中家事商業高級中等學校進修部的固定校車／學生專車服務目前沒有足以確認適用對象與路線的校方制度資訊。,可搭臺鐵至臺中站，再步行或轉乘行經和平街、臺中路的市區公車至臺中家商。,臺中市立臺中家事商業高級中等學校進修部的一般招生學生住宿制度目前沒有足以確認適用對象與申請方式的校方制度資訊。,https://www.google.com/maps/search/?api=1&query=%E8%87%BA%E4%B8%AD%E5%B8%82%E7%AB%8B%E8%87%BA%E4%B8%AD%E5%AE%B6%E4%BA%8B%E5%95%86%E6%A5%AD%E9%AB%98%E7%B4%9A%E4%B8%AD%E7%AD%89%E5%AD%B8%E6%A0%A1%E9%80%B2%E4%BF%AE%E9%83%A8%20%E8%87%BA%E4%B8%AD%E5%B8%82%E6%9D%B1%E5%8D%80%E5%92%8C%E5%B9%B3%E8%A1%9750%E8%99%9F,https://www.tchcvs.tc.edu.tw,https://www.tchcvs.tc.edu.tw,https://www.tchcvs.tc.edu.tw,https://www.google.com/maps/search/?api=1&query=%E8%87%BA%E4%B8%AD%E5%B8%82%E7%AB%8B%E8%87%BA%E4%B8%AD%E5%AE%B6%E4%BA%8B%E5%95%86%E6%A5%AD%E9%AB%98%E7%B4%9A%E4%B8%AD%E7%AD%89%E5%AD%B8%E6%A0%A1%E9%80%B2%E4%BF%AE%E9%83%A8%20%E8%87%BA%E4%B8%AD%E5%B8%82%E6%9D%B1%E5%8D%80%E5%92%8C%E5%B9%B3%E8%A1%9750%E8%99%9F,https://www.tchcvs.tc.edu.tw,https://www.tchcvs.tc.edu.tw,https://www.tchcvs.tc.edu.tw,2026-09-07
,193C07,臺中市立臺中工業高級中等學校進修部,公立,中投區免試入學進修部,進修部,不限,臺中市,南區,臺中市南區高工路191號,https://www.tcivs.tc.edu.tw,04-22613158#6504,機械科(夜間班):22(不限);汽車科(夜間班):22(不限);電機科(夜間班):21(不限);建築科(夜間班):20(不限),85,85,板金、土木為產業特殊需求類科;另有臺中高工×臺科大專班及多元工業專業科。,臺中市立臺中工業高級中等學校進修部以機械科、汽車科、電機科、建築科為主要學習科別，課程兼顧一般科目與機械與製造、資電與工程、建築與空間專業核心，並依進修學制安排實務與技能應用課程。,臺中市立臺中工業高級中等學校進修部的實作學習依機械科、汽車科、電機科、建築科配置專業實習與專題實作，重點放在機械與製造、資電與工程、建築與空間技能操作、作品製作與成果呈現。,臺中市立臺中工業高級中等學校進修部的固定校車／學生專車服務目前沒有足以確認適用對象與路線的校方制度資訊。,可由臺中車站搭 33、35、58、65、73 路至「臺中高工（高工路）」；也可搭臺鐵或捷運至大慶站再轉公車。,臺中市立臺中工業高級中等學校進修部的一般招生學生住宿制度目前沒有足以確認適用對象與申請方式的校方制度資訊。,https://www.google.com/maps/search/?api=1&query=%E8%87%BA%E4%B8%AD%E5%B8%82%E7%AB%8B%E8%87%BA%E4%B8%AD%E5%B7%A5%E6%A5%AD%E9%AB%98%E7%B4%9A%E4%B8%AD%E7%AD%89%E5%AD%B8%E6%A0%A1%E9%80%B2%E4%BF%AE%E9%83%A8%20%E8%87%BA%E4%B8%AD%E5%B8%82%E5%8D%97%E5%8D%80%E9%AB%98%E5%B7%A5%E8%B7%AF191%E8%99%9F,https://www.tcivs.tc.edu.tw,https://tcivs.tc.edu.tw/p/403-1081-4126-1.php,https://www.tcivs.tc.edu.tw,https://tcivs.tc.edu.tw/p/404-1081-30899.php,https://www.tcivs.tc.edu.tw,https://www.tcivs.tc.edu.tw,https://www.tcivs.tc.edu.tw,2026-09-07
,194303,臺中市立臺中第二高級中等學校,公立,中投區免試入學日間部,高中,不限,臺中市,北區,臺中市北區英士路109號,https://tcssh.tc.edu.tw,04-22021521#1205,普通科:740(不限),740,740,語文資優班、音樂班;其他特色學習與招生方式依當年度校方公告。,普通高中課程以核心學科、校訂必修、多元選修與自主學習為主，並設語文資優與音樂等專門學習路徑。,臺中市立臺中第二高級中等學校的實作學習以自然科探究與實作、社會議題探究、校訂課程及自主學習成果為主，學生可透過實驗、研究報告、作品或成果發表完成學習成果。,臺中市立臺中第二高級中等學校的固定校車／學生專車服務目前沒有足以確認適用對象與路線的校方制度資訊。,可搭市區公車至英士路、五權路一帶的臺中二中周邊站點；由臺中車站轉乘市區公車可直接進入北區。,臺中市立臺中第二高級中等學校的一般招生學生住宿制度目前沒有足以確認適用對象與申請方式的校方制度資訊。,https://www.google.com/maps/search/?api=1&query=%E8%87%BA%E4%B8%AD%E5%B8%82%E7%AB%8B%E8%87%BA%E4%B8%AD%E7%AC%AC%E4%BA%8C%E9%AB%98%E7%B4%9A%E4%B8%AD%E7%AD%89%E5%AD%B8%E6%A0%A1%20%E8%87%BA%E4%B8%AD%E5%B8%82%E5%8C%97%E5%8D%80%E8%8B%B1%E5%A3%AB%E8%B7%AF109%E8%99%9F,https://tcssh.tc.edu.tw,https://tcssh.tc.edu.tw,https://tcssh.tc.edu.tw,https://tcssh.tc.edu.tw/p/426-1077-35.php?Lang=zh-tw,https://tcssh.tc.edu.tw,https://tcssh.tc.edu.tw,https://tcssh.tc.edu.tw,2026-09-07
,194315,臺中市立文華高級中等學校,公立,中投區免試入學日間部,高中,不限,臺中市,西屯區,臺中市西屯區寧夏路240號,https://www.whsh.tc.edu.tw,04-23124000#214,普通科:279(男生);普通科:369(女生),648,648,數理資優班、語文資優班、舞蹈班;另推動國際教育與多元特色課程。,普通高中課程涵蓋語文、數理、人文社會、自然與科技領域，並設數理、語文資優及舞蹈等專門課程，搭配國際教育與多元選修。,高中課程設有專題研究相關學習，學生可透過探究、資料整理、研究報告與成果發表發展專題能力。,有學生交通車。115學年度第1學期校方提供新生與二、三年級交通車申請、各站時間、路線照片及座位資訊。,可搭臺中捷運綠線至「文華高中站」，出站後步行至寧夏路校區。,臺中市立文華高級中等學校的一般招生學生住宿制度目前沒有足以確認適用對象與申請方式的校方制度資訊。,https://www.google.com/maps/search/?api=1&query=%E8%87%BA%E4%B8%AD%E5%B8%82%E7%AB%8B%E6%96%87%E8%8F%AF%E9%AB%98%E7%B4%9A%E4%B8%AD%E7%AD%89%E5%AD%B8%E6%A0%A1%20%E8%87%BA%E4%B8%AD%E5%B8%82%E8%A5%BF%E5%B1%AF%E5%8D%80%E5%AF%A7%E5%A4%8F%E8%B7%AF240%E8%99%9F,https://web.whsh.tc.edu.tw/ischool/publish_page/4/?cid=38407,https://web.whsh.tc.edu.tw/ischool/publish_page/9/?cid=39478,https://web.whsh.tc.edu.tw/ischool/publish_page/235/?cid=35909,https://www.google.com/maps/search/?api=1&query=%E8%87%BA%E4%B8%AD%E5%B8%82%E7%AB%8B%E6%96%87%E8%8F%AF%E9%AB%98%E7%B4%9A%E4%B8%AD%E7%AD%89%E5%AD%B8%E6%A0%A1%20%E8%87%BA%E4%B8%AD%E5%B8%82%E8%A5%BF%E5%B1%AF%E5%8D%80%E5%AF%A7%E5%A4%8F%E8%B7%AF240%E8%99%9F,https://www.whsh.tc.edu.tw,https://www.whsh.tc.edu.tw,https://www.whsh.tc.edu.tw,2026-09-07
